step,tokens_seen,cumulative_flops,train_loss,eval_loss
10,983040,8.349416e+13,320.796758,320.363884
20,1966080,1.669883e+14,320.492930,317.533669
30,2949120,2.504825e+14,319.483518,312.042757
40,3932160,3.339767e+14,317.357992,302.463816
50,4915200,4.174708e+14,313.306303,286.306570
60,5898240,5.009650e+14,306.229234,260.425242
70,6881280,5.844591e+14,294.818902,223.648358
80,7864320,6.679533e+14,278.028987,180.553865
90,8847360,7.514475e+14,256.518640,139.644750
100,9830400,8.349416e+14,232.107561,107.308488
110,10813440,9.184358e+14,207.270162,86.766012
120,11796480,1.001930e+15,184.032333,74.156238
130,12779520,1.085424e+15,163.121616,65.782576
140,13762560,1.168918e+15,144.732944,59.489247
150,14745600,1.252412e+15,128.672857,54.629555
160,15728640,1.335907e+15,114.733500,50.639652
170,16711680,1.419401e+15,102.695267,47.402215
180,17694720,1.502895e+15,92.332612,44.907264
190,18677760,1.586389e+15,83.443400,42.996742
200,19660800,1.669883e+15,75.856163,41.395553
210,20643840,1.753377e+15,69.423405,40.128014
220,21626880,1.836872e+15,63.909565,39.028353
230,22609920,1.920366e+15,59.244910,38.081379
240,23592960,2.003860e+15,55.243752,37.257430
250,24576000,2.087354e+15,51.835227,36.524103
260,25559040,2.170848e+15,48.911630,35.874687
270,26542080,2.254342e+15,46.435393,35.305206
280,27525120,2.337837e+15,44.293516,34.777553
290,28508160,2.421331e+15,42.493361,34.300241
300,29491200,2.504825e+15,40.919864,33.869495
310,30474240,2.588319e+15,39.557808,33.457998
320,31457280,2.671813e+15,38.361798,33.040796
330,32440320,2.755307e+15,37.290621,32.617162
340,33423360,2.838802e+15,36.360092,32.220264
350,34406400,2.922296e+15,35.502701,31.842412
360,35389440,3.005790e+15,34.741958,31.491406
370,36372480,3.089284e+15,34.075508,31.153033
380,37355520,3.172778e+15,33.455947,30.808192
390,38338560,3.256272e+15,32.873166,30.481741
400,39321600,3.339767e+15,32.367021,30.144108
410,40304640,3.423261e+15,31.897299,29.776864
420,41287680,3.506755e+15,31.442855,29.421254
430,42270720,3.590249e+15,30.983755,29.080518
440,43253760,3.673743e+15,30.576146,28.749455
450,44236800,3.757237e+15,30.171833,28.435708
460,45219840,3.840732e+15,29.775320,28.148505
470,46202880,3.924226e+15,29.407871,27.859877
480,47185920,4.007720e+15,29.057698,27.555102
490,48168960,4.091214e+15,28.708397,27.244493
500,49152000,4.174708e+15,28.333080,26.913260
510,50135040,4.258202e+15,28.010660,26.575321
520,51118080,4.341697e+15,27.655302,26.248002
530,52101120,4.425191e+15,27.330137,25.949360
540,53084160,4.508685e+15,26.997899,25.646672
550,54067200,4.592179e+15,26.656598,25.324367
560,55050240,4.675673e+15,26.345489,25.003983
570,56033280,4.759167e+15,26.019193,24.706035
580,57016320,4.842662e+15,25.720742,24.403989
590,57999360,4.926156e+15,25.422702,24.108893
600,58982400,5.009650e+15,25.119321,23.794988
610,59965440,5.093144e+15,24.810195,23.443811
620,60948480,5.176638e+15,24.509593,23.127537
630,61931520,5.260132e+15,24.197566,22.820728
640,62914560,5.343627e+15,23.872903,22.508112
650,63897600,5.427121e+15,23.542212,22.223987
660,64880640,5.510615e+15,23.246721,21.931224
670,65863680,5.594109e+15,22.957260,21.661649
680,66846720,5.677603e+15,22.651776,21.410718
690,67829760,5.761097e+15,22.357215,21.158131
700,68812800,5.844591e+15,22.091524,20.932971
710,69795840,5.928086e+15,21.843195,20.726223
720,70778880,6.011580e+15,21.562809,20.448586
730,71761920,6.095074e+15,21.283533,20.122857
740,72744960,6.178568e+15,21.005019,19.797066
750,73728000,6.262062e+15,20.714336,19.499025
760,74711040,6.345556e+15,20.431724,19.217999
770,75694080,6.429051e+15,20.131368,18.963228
780,76677120,6.512545e+15,19.868821,18.756617
790,77660160,6.596039e+15,19.629638,18.515953
800,78643200,6.679533e+15,19.371229,18.295281
810,79626240,6.763027e+15,19.137655,18.131413
820,80609280,6.846521e+15,18.871500,17.861761
830,81592320,6.930016e+15,18.644450,17.649924
840,82575360,7.013510e+15,18.395442,17.436733
850,83558400,7.097004e+15,18.173916,17.205680
860,84541440,7.180498e+15,17.940575,16.961433
870,85524480,7.263992e+15,17.718561,16.727656
880,86507520,7.347486e+15,17.486115,16.517984
890,87490560,7.430981e+15,17.252588,16.319735
900,88473600,7.514475e+15,17.035334,16.091420
910,89456640,7.597969e+15,16.806506,15.860281
920,90439680,7.681463e+15,16.583276,15.679260
930,91422720,7.764957e+15,16.360882,15.460773
940,92405760,7.848451e+15,16.132972,15.288336
950,93388800,7.931946e+15,15.925731,15.059231
960,94371840,8.015440e+15,15.713375,14.861066
970,95354880,8.098934e+15,15.510895,14.690332
980,96337920,8.182428e+15,15.301172,14.523500
990,97320960,8.265922e+15,15.116914,14.366558
1000,98304000,8.349416e+15,14.937518,14.174699
1010,99287040,8.432911e+15,14.746889,14.009002
1020,100270080,8.516405e+15,14.561958,13.799165
1030,101253120,8.599899e+15,14.376094,13.740801
1040,102236160,8.683393e+15,14.203519,13.526104
1050,103219200,8.766887e+15,14.037756,13.361720
1060,104202240,8.850381e+15,13.865265,13.223574
1070,105185280,8.933876e+15,13.705922,13.051863
1080,106168320,9.017370e+15,13.542221,12.889472
1090,107151360,9.100864e+15,13.375023,12.730958
1100,108134400,9.184358e+15,13.212189,12.563066
1110,109117440,9.267852e+15,13.058769,12.425021
1120,110100480,9.351346e+15,12.892339,12.251702
1130,111083520,9.434841e+15,12.725362,12.111782
1140,112066560,9.518335e+15,12.560523,11.950864
1150,113049600,9.601829e+15,12.408350,11.822820
1160,114032640,9.685323e+15,12.259865,11.710862
1170,115015680,9.768817e+15,12.120375,11.597685
1180,115998720,9.852311e+15,11.988715,11.471682
1190,116981760,9.935806e+15,11.860927,11.327040
1200,117964800,1.001930e+16,11.716752,11.221353
1210,118947840,1.010279e+16,11.582129,11.081401
1220,119930880,1.018629e+16,11.444174,10.988955
1230,120913920,1.026978e+16,11.313864,10.884752
1240,121896960,1.035328e+16,11.205492,10.795138
1250,122880000,1.043677e+16,11.090668,10.670693
1260,123863040,1.052026e+16,10.988204,10.679524
1270,124846080,1.060376e+16,10.886442,10.517817
1280,125829120,1.068725e+16,10.791044,10.418133
1290,126812160,1.077075e+16,10.685830,10.369890
1300,127795200,1.085424e+16,10.588265,10.267800
1310,128778240,1.093774e+16,10.495096,10.184619
1320,129761280,1.102123e+16,10.396537,10.077419
1330,130744320,1.110472e+16,10.306312,9.986344
1340,131727360,1.118822e+16,10.217573,9.922564
1350,132710400,1.127171e+16,10.136938,9.811485
1360,133693440,1.135521e+16,10.056110,9.773144
1370,134676480,1.143870e+16,9.971522,9.662761
1380,135659520,1.152219e+16,9.897968,9.590257
1390,136642560,1.160569e+16,9.805924,9.521604
1400,137625600,1.168918e+16,9.720901,9.437602
1410,138608640,1.177268e+16,9.636519,9.365934
1420,139591680,1.185617e+16,9.567231,9.301853
1430,140574720,1.193967e+16,9.495303,9.241651
1440,141557760,1.202316e+16,9.425949,9.153672
1450,142540800,1.210665e+16,9.343960,9.112356
1460,143523840,1.219015e+16,9.280429,9.092961
1470,144506880,1.227364e+16,9.214393,9.051535
1480,145489920,1.235714e+16,9.156346,9.036691
1490,146472960,1.244063e+16,9.095922,8.905212
1500,147456000,1.252412e+16,9.041106,8.870465
1510,148439040,1.260762e+16,8.974653,8.818134
1520,149422080,1.269111e+16,8.917614,8.819530
1530,150405120,1.277461e+16,8.878284,8.743010
1540,151388160,1.285810e+16,8.829594,8.680103
1550,152371200,1.294160e+16,8.783525,8.652306
1560,153354240,1.302509e+16,8.732455,8.633768
1570,154337280,1.310858e+16,8.682902,8.541596
1580,155320320,1.319208e+16,8.635792,8.521664
1590,156303360,1.327557e+16,8.585291,8.456231
1600,157286400,1.335907e+16,8.541205,8.420217
1610,158269440,1.344256e+16,8.491451,8.377320
1620,159252480,1.352605e+16,8.438992,8.345703
1630,160235520,1.360955e+16,8.388038,8.273861
1640,161218560,1.369304e+16,8.345402,8.264760
1650,162201600,1.377654e+16,8.305971,8.206248
1660,163184640,1.386003e+16,8.268565,8.187234
1670,164167680,1.394353e+16,8.233506,8.126370
1680,165150720,1.402702e+16,8.192967,8.116803
1690,166133760,1.411051e+16,8.164485,8.073452
1700,167116800,1.419401e+16,8.123748,8.036973
1710,168099840,1.427750e+16,8.084517,8.007458
1720,169082880,1.436100e+16,8.053863,7.996539
1730,170065920,1.444449e+16,8.029818,8.001548
1740,171048960,1.452798e+16,7.998417,7.911025
1750,172032000,1.461148e+16,7.971460,7.897659
1760,173015040,1.469497e+16,7.932642,7.882696
1770,173998080,1.477847e+16,7.911354,7.865264
1780,174981120,1.486196e+16,7.885352,7.848861
1790,175964160,1.494546e+16,7.865352,7.812286
1800,176947200,1.502895e+16,7.836309,7.844193
1810,177930240,1.511244e+16,7.835705,7.897831
1820,178913280,1.519594e+16,7.826443,7.836922
1830,179896320,1.527943e+16,7.815772,7.792886
1840,180879360,1.536293e+16,7.796117,7.791551
1850,181862400,1.544642e+16,7.793659,7.907118
1860,182845440,1.552991e+16,7.784178,7.744128
1870,183828480,1.561341e+16,7.762362,7.714827
1880,184811520,1.569690e+16,7.743983,7.711806
1890,185794560,1.578040e+16,7.719193,7.694826
1900,186777600,1.586389e+16,7.705144,7.721440
1910,187760640,1.594739e+16,7.693646,7.637650
1920,188743680,1.603088e+16,7.671361,7.601872
1930,189726720,1.611437e+16,7.647762,7.608056
1940,190709760,1.619787e+16,7.616710,7.590395
1950,191692800,1.628136e+16,7.601305,7.567171
1960,192675840,1.636486e+16,7.584820,7.548786
1970,193658880,1.644835e+16,7.572047,7.616659
1980,194641920,1.653184e+16,7.559518,7.533051
1990,195624960,1.661534e+16,7.540537,7.659621
2000,196608000,1.669883e+16,7.532966,7.606256
2010,197591040,1.678233e+16,7.516347,7.496699
2020,198574080,1.686582e+16,7.500709,7.541596
2030,199557120,1.694932e+16,7.491988,7.509278
2040,200540160,1.703281e+16,7.485074,7.459099
2050,201523200,1.711630e+16,7.468479,7.450835
2060,202506240,1.719980e+16,7.462461,7.452985
2070,203489280,1.728329e+16,7.453259,7.466793
2080,204472320,1.736679e+16,7.441373,7.429421
2090,205455360,1.745028e+16,7.427266,7.407566
2100,206438400,1.753377e+16,7.408114,7.386231
2110,207421440,1.761727e+16,7.391651,7.382627
2120,208404480,1.770076e+16,7.375371,7.367548
2130,209387520,1.778426e+16,7.356727,7.388733
2140,210370560,1.786775e+16,7.359010,7.364412
2150,211353600,1.795125e+16,7.352093,7.375889
2160,212336640,1.803474e+16,7.334709,7.319639
2170,213319680,1.811823e+16,7.320270,7.367332
2180,214302720,1.820173e+16,7.308977,7.346417
2190,215285760,1.828522e+16,7.306474,7.325778
2200,216268800,1.836872e+16,7.291755,7.304170
2210,217251840,1.845221e+16,7.278228,7.307172
2220,218234880,1.853570e+16,7.269663,7.268240
2230,219217920,1.861920e+16,7.259171,7.255206
2240,220200960,1.870269e+16,7.248543,7.282995
2250,221184000,1.878619e+16,7.237321,7.262352
2260,222167040,1.886968e+16,7.227437,7.239331
2270,223150080,1.895318e+16,7.225468,7.244317
2280,224133120,1.903667e+16,7.212124,7.223102
2290,225116160,1.912016e+16,7.208559,7.228862
2300,226099200,1.920366e+16,7.202372,7.218474
2310,227082240,1.928715e+16,7.199717,7.234962
2320,228065280,1.937065e+16,7.190364,7.242124
2330,229048320,1.945414e+16,7.191475,7.203016
2340,230031360,1.953763e+16,7.188762,7.197058
2350,231014400,1.962113e+16,7.178141,7.175493
2360,231997440,1.970462e+16,7.170411,7.167135
2370,232980480,1.978812e+16,7.158462,7.171308
2380,233963520,1.987161e+16,7.148449,7.183047
2390,234946560,1.995511e+16,7.140985,7.148786
2400,235929600,2.003860e+16,7.134791,7.148565
2410,236912640,2.012209e+16,7.128324,7.148399
2420,237895680,2.020559e+16,7.116918,7.122247
2430,238878720,2.028908e+16,7.111386,7.134958
2440,239861760,2.037258e+16,7.102355,7.111086
2450,240844800,2.045607e+16,7.092144,7.126718
2460,241827840,2.053956e+16,7.091231,7.109869
2470,242810880,2.062306e+16,7.077985,7.114922
2480,243793920,2.070655e+16,7.077278,7.082256
2490,244776960,2.079005e+16,7.071218,7.087588
2500,245760000,2.087354e+16,7.068204,7.097120
2510,246743040,2.095704e+16,7.068838,7.123527
2520,247726080,2.104053e+16,7.060700,7.177367
2530,248709120,2.112402e+16,7.058479,7.083425
2540,249692160,2.120752e+16,7.049636,7.064098
2550,250675200,2.129101e+16,7.039643,7.059543
2560,251658240,2.137451e+16,7.037807,7.063764
2570,252641280,2.145800e+16,7.033458,7.058160
2580,253624320,2.154149e+16,7.021715,7.065347
2590,254607360,2.162499e+16,7.016043,7.049942
2600,255590400,2.170848e+16,7.015970,7.036501
2610,256573440,2.179198e+16,7.011337,7.049783
2620,257556480,2.187547e+16,7.009073,7.043783
2630,258539520,2.195897e+16,7.000974,7.024313
2640,259522560,2.204246e+16,6.997197,7.036293
2650,260505600,2.212595e+16,6.993784,6.999901
2660,261488640,2.220945e+16,6.987566,7.016431
2670,262471680,2.229294e+16,6.974571,7.035909
2680,263454720,2.237644e+16,6.969035,7.009632
2690,264437760,2.245993e+16,6.967489,7.030111
2700,265420800,2.254342e+16,6.960474,7.003931
2710,266403840,2.262692e+16,6.952826,6.996115
2720,267386880,2.271041e+16,6.948939,6.997370
2730,268369920,2.279391e+16,6.942988,6.987757
2740,269352960,2.287740e+16,6.944620,6.992989
2750,270336000,2.296090e+16,6.940883,6.980012
2760,271319040,2.304439e+16,6.940923,6.966233
2770,272302080,2.312788e+16,6.933425,6.969518
2780,273285120,2.321138e+16,6.929053,6.971117
2790,274268160,2.329487e+16,6.928454,6.982203
2800,275251200,2.337837e+16,6.924503,6.956560
2810,276234240,2.346186e+16,6.920256,6.949110
2820,277217280,2.354535e+16,6.915558,6.956053
2830,278200320,2.362885e+16,6.910988,6.936198
2840,279183360,2.371234e+16,6.906482,6.954005
2850,280166400,2.379584e+16,6.907296,6.937641
2860,281149440,2.387933e+16,6.904138,6.934387
2870,282132480,2.396283e+16,6.904298,6.932176
2880,283115520,2.404632e+16,6.900866,6.931427
2890,284098560,2.412981e+16,6.897204,6.911466
2900,285081600,2.421331e+16,6.893045,6.907654
2910,286064640,2.429680e+16,6.886520,6.922597
2920,287047680,2.438030e+16,6.884819,6.920882
2930,288030720,2.446379e+16,6.882135,6.942852
2940,289013760,2.454728e+16,6.881474,6.912829
2950,289996800,2.463078e+16,6.880872,6.910837
2960,290979840,2.471427e+16,6.877564,6.895857
2970,291962880,2.479777e+16,6.865656,6.905305
2980,292945920,2.488126e+16,6.855239,6.891025
2990,293928960,2.496476e+16,6.847966,6.895818
3000,294912000,2.504825e+16,6.839126,6.901214
3010,295895040,2.513174e+16,6.843007,6.880303
3020,296878080,2.521524e+16,6.838983,6.886807
3030,297861120,2.529873e+16,6.841126,6.879245
3040,298844160,2.538223e+16,6.833360,6.886057
3050,299827200,2.546572e+16,6.836524,6.874499
3060,300810240,2.554921e+16,6.833026,6.870306
3070,301793280,2.563271e+16,6.836915,6.862863
3080,302776320,2.571620e+16,6.835626,6.863665
3090,303759360,2.579970e+16,6.834820,6.855636
3100,304742400,2.588319e+16,6.828839,6.857572
3110,305725440,2.596669e+16,6.816287,6.855100
3120,306708480,2.605018e+16,6.812199,6.838901
3130,307691520,2.613367e+16,6.804777,6.848169
3140,308674560,2.621717e+16,6.798962,6.838016
3150,309657600,2.630066e+16,6.798739,6.834184
3160,310640640,2.638416e+16,6.798169,6.832230
3170,311623680,2.646765e+16,6.792906,6.825215
3180,312606720,2.655114e+16,6.785515,6.822548
3190,313589760,2.663464e+16,6.777543,6.820401
3200,314572800,2.671813e+16,6.777498,6.819229
3210,315555840,2.680163e+16,6.774908,6.818676
3220,316538880,2.688512e+16,6.768551,6.812687
3230,317521920,2.696862e+16,6.769224,6.812543
3240,318504960,2.705211e+16,6.764590,6.823030
3250,319488000,2.713560e+16,6.766128,6.812096
3260,320471040,2.721910e+16,6.762846,6.802760
3270,321454080,2.730259e+16,6.758001,6.800409
3280,322437120,2.738609e+16,6.754309,6.800752
3290,323420160,2.746958e+16,6.754033,6.791216
3300,324403200,2.755307e+16,6.752572,6.785887
3310,325386240,2.763657e+16,6.747764,6.792132
3320,326369280,2.772006e+16,6.747006,6.798311
3330,327352320,2.780356e+16,6.738601,6.786496
3340,328335360,2.788705e+16,6.739357,6.780455
3350,329318400,2.797055e+16,6.736738,6.775550
3360,330301440,2.805404e+16,6.729244,6.773220
3370,331284480,2.813753e+16,6.727723,6.764667
3380,332267520,2.822103e+16,6.730431,6.769521
3390,333250560,2.830452e+16,6.732564,6.765757
3400,334233600,2.838802e+16,6.735906,6.763617
3410,335216640,2.847151e+16,6.728562,6.761532
3420,336199680,2.855500e+16,6.718173,6.754352
3430,337182720,2.863850e+16,6.714142,6.751909
3440,338165760,2.872199e+16,6.716550,6.749942
3450,339148800,2.880549e+16,6.716215,6.754888
3460,340131840,2.888898e+16,6.714364,6.750526
3470,341114880,2.897247e+16,6.712045,6.744631
3480,342097920,2.905597e+16,6.704357,6.741373
3490,343080960,2.913946e+16,6.700062,6.733971
3500,344064000,2.922296e+16,6.698400,6.730220
3510,345047040,2.930645e+16,6.695154,6.732511
3520,346030080,2.938995e+16,6.691670,6.730366
3530,347013120,2.947344e+16,6.695044,6.732125
3540,347996160,2.955693e+16,6.693401,6.735042
3550,348979200,2.964043e+16,6.686695,6.728391
3560,349962240,2.972392e+16,6.686580,6.715194
3570,350945280,2.980742e+16,6.683787,6.714939
3580,351928320,2.989091e+16,6.682726,6.707767
3590,352911360,2.997440e+16,6.679402,6.714688
3600,353894400,3.005790e+16,6.672579,6.707742
3610,354877440,3.014139e+16,6.663528,6.700335
3620,355860480,3.022489e+16,6.664722,6.704203
3630,356843520,3.030838e+16,6.662091,6.709385
3640,357826560,3.039188e+16,6.659914,6.700466
3650,358809600,3.047537e+16,6.664869,6.688942
3660,359792640,3.055886e+16,6.660571,6.694206
3670,360775680,3.064236e+16,6.659128,6.694464
3680,361758720,3.072585e+16,6.653361,6.679685
3690,362741760,3.080935e+16,6.643917,6.677033
3700,363724800,3.089284e+16,6.643091,6.688389
3710,364707840,3.097633e+16,6.641408,6.684848
3720,365690880,3.105983e+16,6.634695,6.682993
3730,366673920,3.114332e+16,6.626716,6.681429
3740,367656960,3.122682e+16,6.624828,6.674938
3750,368640000,3.131031e+16,6.626983,6.671896
3760,369623040,3.139381e+16,6.623336,6.665297
3770,370606080,3.147730e+16,6.624874,6.667791
3780,371589120,3.156079e+16,6.625698,6.659257
3790,372572160,3.164429e+16,6.628623,6.660729
3800,373555200,3.172778e+16,6.625337,6.665563
3810,374538240,3.181128e+16,6.625378,6.664242
3820,375521280,3.189477e+16,6.620386,6.660396
3830,376504320,3.197826e+16,6.618235,6.649533
3840,377487360,3.206176e+16,6.615057,6.646566
3850,378470400,3.214525e+16,6.609844,6.651470
3860,379453440,3.222875e+16,6.613439,6.640823
3870,380436480,3.231224e+16,6.608659,6.639293
3880,381419520,3.239574e+16,6.603829,6.645717
3890,382402560,3.247923e+16,6.603678,6.635555
3900,383385600,3.256272e+16,6.595596,6.632290
3910,384368640,3.264622e+16,6.597466,6.632379
3920,385351680,3.272971e+16,6.596960,6.622380
3930,386334720,3.281321e+16,6.589426,6.616332
3940,387317760,3.289670e+16,6.586124,6.616442
3950,388300800,3.298019e+16,6.582538,6.611729
3960,389283840,3.306369e+16,6.576195,6.615087
3970,390266880,3.314718e+16,6.574498,6.610643
3980,391249920,3.323068e+16,6.567879,6.615010
3990,392232960,3.331417e+16,6.564365,6.610053
4000,393216000,3.339767e+16,6.565891,6.600558
4010,394199040,3.348116e+16,6.560936,6.593933
4020,395182080,3.356465e+16,6.555958,6.599700
4030,396165120,3.364815e+16,6.557365,6.600283
4040,397148160,3.373164e+16,6.553614,6.593189
4050,398131200,3.381514e+16,6.554682,6.587058
4060,399114240,3.389863e+16,6.548834,6.593149
4070,400097280,3.398212e+16,6.543386,6.582071
4080,401080320,3.406562e+16,6.546632,6.583365
4090,402063360,3.414911e+16,6.540051,6.580406
4100,403046400,3.423261e+16,6.544093,6.576855
4110,404029440,3.431610e+16,6.540133,6.574630
4120,405012480,3.439960e+16,6.539767,6.573865
4130,405995520,3.448309e+16,6.537246,6.578815
4140,406978560,3.456658e+16,6.540982,6.580007
4150,407961600,3.465008e+16,6.535024,6.563535
4160,408944640,3.473357e+16,6.530333,6.562199
4170,409927680,3.481707e+16,6.528654,6.560162
4180,410910720,3.490056e+16,6.522527,6.558173
4190,411893760,3.498405e+16,6.516895,6.552805
4200,412876800,3.506755e+16,6.510839,6.550697
4210,413859840,3.515104e+16,6.503473,6.545294
4220,414842880,3.523454e+16,6.493794,6.539324
4230,415825920,3.531803e+16,6.489789,6.538779
4240,416808960,3.540153e+16,6.490888,6.541665
4250,417792000,3.548502e+16,6.490465,6.532677
4260,418775040,3.556851e+16,6.490656,6.538558
4270,419758080,3.565201e+16,6.488655,6.538059
4280,420741120,3.573550e+16,6.487933,6.530849
4290,421724160,3.581900e+16,6.486301,6.528670
4300,422707200,3.590249e+16,6.482080,6.526011
4310,423690240,3.598598e+16,6.476731,6.522171
4320,424673280,3.606948e+16,6.473594,6.516639
4330,425656320,3.615297e+16,6.469873,6.517063
4340,426639360,3.623647e+16,6.465561,6.509756
4350,427622400,3.631996e+16,6.469484,6.507335
4360,428605440,3.640346e+16,6.467098,6.506929
4370,429588480,3.648695e+16,6.466829,6.505701
4380,430571520,3.657044e+16,6.468374,6.503655
4390,431554560,3.665394e+16,6.467109,6.494112
4400,432537600,3.673743e+16,6.467324,6.497464
4410,433520640,3.682093e+16,6.462551,6.500303
4420,434503680,3.690442e+16,6.455335,6.490665
4430,435486720,3.698791e+16,6.458358,6.496358
4440,436469760,3.707141e+16,6.457124,6.485734
4450,437452800,3.715490e+16,6.450172,6.482600
4460,438435840,3.723840e+16,6.443989,6.481170
4470,439418880,3.732189e+16,6.442213,6.486301
4480,440401920,3.740539e+16,6.441697,6.471789
4490,441384960,3.748888e+16,6.440210,6.472556
4500,442368000,3.757237e+16,6.435723,6.468540
4510,443351040,3.765587e+16,6.434297,6.466654
4520,444334080,3.773936e+16,6.434743,6.465200
4530,445317120,3.782286e+16,6.433780,6.471927
4540,446300160,3.790635e+16,6.431385,6.461051
4550,447283200,3.798984e+16,6.425423,6.451372
4560,448266240,3.807334e+16,6.421822,6.445266
4570,449249280,3.815683e+16,6.417074,6.442955
4580,450232320,3.824033e+16,6.409702,6.445228
4590,451215360,3.832382e+16,6.401721,6.442421
4600,452198400,3.840732e+16,6.394455,6.440109
4610,453181440,3.849081e+16,6.395692,6.438278
4620,454164480,3.857430e+16,6.394726,6.433310
4630,455147520,3.865780e+16,6.395852,6.437407
4640,456130560,3.874129e+16,6.392409,6.434399
4650,457113600,3.882479e+16,6.386129,6.431046
4660,458096640,3.890828e+16,6.385249,6.422921
4670,459079680,3.899177e+16,6.383210,6.423418
4680,460062720,3.907527e+16,6.380019,6.415107
4690,461045760,3.915876e+16,6.376194,6.414784
4700,462028800,3.924226e+16,6.373852,6.411921
4710,463011840,3.932575e+16,6.375334,6.414616
4720,463994880,3.940925e+16,6.373757,6.413506
4730,464977920,3.949274e+16,6.369111,6.407894
4740,465960960,3.957623e+16,6.365093,6.404872
4750,466944000,3.965973e+16,6.361260,6.396343
4760,467927040,3.974322e+16,6.363269,6.398599
4770,468910080,3.982672e+16,6.357655,6.393361
4780,469893120,3.991021e+16,6.358002,6.388607
4790,470876160,3.999370e+16,6.351076,6.383160
4800,471859200,4.007720e+16,6.347210,6.383410
4810,472842240,4.016069e+16,6.337435,6.376662
4820,473825280,4.024419e+16,6.335601,6.372473
4830,474808320,4.032768e+16,6.331999,6.369606
4840,475791360,4.041118e+16,6.328874,6.369042
4850,476774400,4.049467e+16,6.325478,6.366448
4860,477757440,4.057816e+16,6.330797,6.368997
4870,478740480,4.066166e+16,6.325515,6.371299
4880,479723520,4.074515e+16,6.324225,6.364466
4890,480706560,4.082865e+16,6.322307,6.357347
4900,481689600,4.091214e+16,6.321121,6.351232
4910,482672640,4.099563e+16,6.317807,6.351621
4920,483655680,4.107913e+16,6.314252,6.351930
4930,484638720,4.116262e+16,6.310686,6.342760
4940,485621760,4.124612e+16,6.309785,6.345826
4950,486604800,4.132961e+16,6.307825,6.346668
4960,487587840,4.141311e+16,6.304492,6.346677
4970,488570880,4.149660e+16,6.303904,6.341589
4980,489553920,4.158009e+16,6.297950,6.333774
4990,490536960,4.166359e+16,6.293384,6.326038
5000,491520000,4.174708e+16,6.292085,6.331951
5010,492503040,4.183058e+16,6.291596,6.334743
5020,493486080,4.191407e+16,6.287849,6.329275
5030,494469120,4.199756e+16,6.292755,6.324300
5040,495452160,4.208106e+16,6.290576,6.319365
5050,496435200,4.216455e+16,6.283599,6.314652
5060,497418240,4.224805e+16,6.277036,6.313484
5070,498401280,4.233154e+16,6.273656,6.311704
5080,499384320,4.241504e+16,6.275187,6.309828
5090,500367360,4.249853e+16,6.275261,6.301170
5100,501350400,4.258202e+16,6.268839,6.297824
5110,502333440,4.266552e+16,6.265761,6.300106
5120,503316480,4.274901e+16,6.261382,6.297539
5130,504299520,4.283251e+16,6.264762,6.296014
5140,505282560,4.291600e+16,6.265787,6.296568
5150,506265600,4.299949e+16,6.259437,6.290266
5160,507248640,4.308299e+16,6.257753,6.289406
5170,508231680,4.316648e+16,6.255946,6.281664
5180,509214720,4.324998e+16,6.251568,6.278279
5190,510197760,4.333347e+16,6.242321,6.279488
5200,511180800,4.341697e+16,6.240483,6.276311
5210,512163840,4.350046e+16,6.235814,6.272843
5220,513146880,4.358395e+16,6.238551,6.280437
5230,514129920,4.366745e+16,6.238437,6.268191
5240,515112960,4.375094e+16,6.235209,6.270954
5250,516096000,4.383444e+16,6.236972,6.275405
5260,517079040,4.391793e+16,6.238656,6.269955
5270,518062080,4.400142e+16,6.234568,6.259631
5280,519045120,4.408492e+16,6.231871,6.259552
5290,520028160,4.416841e+16,6.228415,6.257449
5300,521011200,4.425191e+16,6.224539,6.255539
5310,521994240,4.433540e+16,6.224655,6.248732
5320,522977280,4.441890e+16,6.215076,6.241146
5330,523960320,4.450239e+16,6.210033,6.243062
5340,524943360,4.458588e+16,6.210545,6.240660
5350,525926400,4.466938e+16,6.209465,6.233378
5360,526909440,4.475287e+16,6.206176,6.235620
5370,527892480,4.483637e+16,6.204661,6.235224
5380,528875520,4.491986e+16,6.202382,6.230793
5390,529858560,4.500335e+16,6.200014,6.229394
5400,530841600,4.508685e+16,6.195080,6.228893
5410,531824640,4.517034e+16,6.196006,6.222793
5420,532807680,4.525384e+16,6.194413,6.224628
5430,533790720,4.533733e+16,6.190832,6.222727
5440,534773760,4.542083e+16,6.185525,6.210234
5450,535756800,4.550432e+16,6.182512,6.208743
5460,536739840,4.558781e+16,6.180792,6.201715
5470,537722880,4.567131e+16,6.174536,6.205329
5480,538705920,4.575480e+16,6.173268,6.199747
5490,539688960,4.583830e+16,6.164830,6.199120
5500,540672000,4.592179e+16,6.155918,6.195488
5510,541655040,4.600528e+16,6.154504,6.201436
5520,542638080,4.608878e+16,6.151843,6.197909
5530,543621120,4.617227e+16,6.149001,6.189483
5540,544604160,4.625577e+16,6.148551,6.188926
5550,545587200,4.633926e+16,6.150414,6.190506
5560,546570240,4.642276e+16,6.147365,6.183623
5570,547553280,4.650625e+16,6.143073,6.179694
5580,548536320,4.658974e+16,6.142617,6.173622
5590,549519360,4.667324e+16,6.143454,6.178129
5600,550502400,4.675673e+16,6.136139,6.174273
5610,551485440,4.684023e+16,6.136225,6.170222
5620,552468480,4.692372e+16,6.130343,6.166662
5630,553451520,4.700721e+16,6.121475,6.165731
5640,554434560,4.709071e+16,6.118587,6.160194
5650,555417600,4.717420e+16,6.112484,6.156502
5660,556400640,4.725770e+16,6.115208,6.159781
5670,557383680,4.734119e+16,6.117612,6.155085
5680,558366720,4.742469e+16,6.116982,6.154935
5690,559349760,4.750818e+16,6.114956,6.147031
5700,560332800,4.759167e+16,6.113214,6.147726
5710,561315840,4.767517e+16,6.108635,6.145020
5720,562298880,4.775866e+16,6.106599,6.140583
5730,563281920,4.784216e+16,6.103468,6.137315
5740,564264960,4.792565e+16,6.107221,6.137663
5750,565248000,4.800914e+16,6.107263,6.136410
5760,566231040,4.809264e+16,6.102137,6.134044
5770,567214080,4.817613e+16,6.101087,6.132570
5780,568197120,4.825963e+16,6.098372,6.124385
5790,569180160,4.834312e+16,6.098226,6.123161
5800,570163200,4.842662e+16,6.092403,6.120447
5810,571146240,4.851011e+16,6.090263,6.119716
5820,572129280,4.859360e+16,6.094168,6.120810
5830,573112320,4.867710e+16,6.085315,6.117984
5840,574095360,4.876059e+16,6.080895,6.118807
5850,575078400,4.884409e+16,6.086164,6.119602
5860,576061440,4.892758e+16,6.079917,6.111582
5870,577044480,4.901107e+16,6.073757,6.112141
5880,578027520,4.909457e+16,6.068978,6.111215
5890,579010560,4.917806e+16,6.065561,6.104220
5900,579993600,4.926156e+16,6.066692,6.102820
5910,580976640,4.934505e+16,6.070813,6.098944
5920,581959680,4.942855e+16,6.072240,6.104044
5930,582942720,4.951204e+16,6.063506,6.097264
5940,583925760,4.959553e+16,6.064068,6.095320
5950,584908800,4.967903e+16,6.058056,6.091982
5960,585891840,4.976252e+16,6.053326,6.091212
5970,586874880,4.984602e+16,6.050720,6.082826
5980,587857920,4.992951e+16,6.047481,6.084490
5990,588840960,5.001300e+16,6.048528,6.083092
6000,589824000,5.009650e+16,6.043359,6.079577
6010,590807040,5.017999e+16,6.037494,6.080424
6020,591790080,5.026349e+16,6.034042,6.080604
6030,592773120,5.034698e+16,6.033185,6.074579
6040,593756160,5.043048e+16,6.024482,6.070103
6050,594739200,5.051397e+16,6.023500,6.069379
6060,595722240,5.059746e+16,6.023574,6.065476
6070,596705280,5.068096e+16,6.022440,6.067576
6080,597688320,5.076445e+16,6.018674,6.069062
6090,598671360,5.084795e+16,6.017176,6.061128
6100,599654400,5.093144e+16,6.012691,6.055320
6110,600637440,5.101493e+16,6.015816,6.056729
6120,601620480,5.109843e+16,6.020248,6.050267
6130,602603520,5.118192e+16,6.013142,6.047118
6140,603586560,5.126542e+16,6.018992,6.044940
6150,604569600,5.134891e+16,6.027677,6.045565
6160,605552640,5.143241e+16,6.016567,6.050257
6170,606535680,5.151590e+16,6.014898,6.044916
6180,607518720,5.159939e+16,6.017982,6.040182
6190,608501760,5.168289e+16,6.017915,6.038183
6200,609484800,5.176638e+16,6.010809,6.031454
6210,610467840,5.184988e+16,6.006420,6.029274
6220,611450880,5.193337e+16,6.001683,6.027760
6230,612433920,5.201686e+16,5.999654,6.028289
6240,613416960,5.210036e+16,5.996816,6.028061
6250,614400000,5.218385e+16,5.988891,6.025175
6260,615383040,5.226735e+16,5.985289,6.024202
6270,616366080,5.235084e+16,5.982471,6.016164
6280,617349120,5.243434e+16,5.977222,6.011753
6290,618332160,5.251783e+16,5.975694,6.010158
6300,619315200,5.260132e+16,5.973318,6.012722
6310,620298240,5.268482e+16,5.971978,6.009711
6320,621281280,5.276831e+16,5.967586,6.006336
6330,622264320,5.285181e+16,5.965500,6.005060
6340,623247360,5.293530e+16,5.971919,6.003678
6350,624230400,5.301879e+16,5.968064,5.999612
6360,625213440,5.310229e+16,5.967968,5.998083
6370,626196480,5.318578e+16,5.961801,5.999494
6380,627179520,5.326928e+16,5.958997,5.997626
6390,628162560,5.335277e+16,5.958942,5.988778
6400,629145600,5.343627e+16,5.953256,5.990440
6410,630128640,5.351976e+16,5.948472,5.990356
6420,631111680,5.360325e+16,5.949666,5.988721
6430,632094720,5.368675e+16,5.956925,5.985855
6440,633077760,5.377024e+16,5.955695,5.980729
6450,634060800,5.385374e+16,5.956112,5.974808
6460,635043840,5.393723e+16,5.957347,5.976874
6470,636026880,5.402072e+16,5.953609,5.976347
6480,637009920,5.410422e+16,5.949543,5.978588
6490,637992960,5.418771e+16,5.946214,5.968017
6500,638976000,5.427121e+16,5.944358,5.967148
6510,639959040,5.435470e+16,5.940301,5.960667
6520,640942080,5.443820e+16,5.937407,5.959457
6530,641925120,5.452169e+16,5.933225,5.959706
6540,642908160,5.460518e+16,5.932164,5.957416
6550,643891200,5.468868e+16,5.930468,5.955110
6560,644874240,5.477217e+16,5.928839,5.957502
6570,645857280,5.485567e+16,5.928619,5.950123
6580,646840320,5.493916e+16,5.925106,5.953256
6590,647823360,5.502265e+16,5.928811,5.952795
6600,648806400,5.510615e+16,5.924528,5.944443
6610,649789440,5.518964e+16,5.928348,5.942060
6620,650772480,5.527314e+16,5.920774,5.941093
6630,651755520,5.535663e+16,5.918422,5.938190
6640,652738560,5.544013e+16,5.915609,5.935118
6650,653721600,5.552362e+16,5.906713,5.933795
6660,654704640,5.560711e+16,5.901177,5.933661
6670,655687680,5.569061e+16,5.896687,5.930561
6680,656670720,5.577410e+16,5.894329,5.935906
6690,657653760,5.585760e+16,5.894990,5.930425
6700,658636800,5.594109e+16,5.895527,5.924711
6710,659619840,5.602458e+16,5.899945,5.926189
6720,660602880,5.610808e+16,5.898028,5.921515
6730,661585920,5.619157e+16,5.899205,5.918283
6740,662568960,5.627507e+16,5.896756,5.918121
6750,663552000,5.635856e+16,5.893024,5.912551
6760,664535040,5.644206e+16,5.885810,5.905993
6770,665518080,5.652555e+16,5.885431,5.908028
6780,666501120,5.660904e+16,5.878560,5.909144
6790,667484160,5.669254e+16,5.870735,5.906797
6800,668467200,5.677603e+16,5.874226,5.910673
6810,669450240,5.685953e+16,5.867271,5.906503
6820,670433280,5.694302e+16,5.867046,5.911260
6830,671416320,5.702651e+16,5.865752,5.904640
6840,672399360,5.711001e+16,5.869191,5.903487
6850,673382400,5.719350e+16,5.866457,5.899108
6860,674365440,5.727700e+16,5.862659,5.897405
6870,675348480,5.736049e+16,5.859354,5.890030
6880,676331520,5.744398e+16,5.853157,5.894018
6890,677314560,5.752748e+16,5.850624,5.889951
6900,678297600,5.761097e+16,5.854766,5.882348
6910,679280640,5.769447e+16,5.856264,5.884797
6920,680263680,5.777796e+16,5.854089,5.878326
6930,681246720,5.786146e+16,5.851949,5.884881
6940,682229760,5.794495e+16,5.851857,5.876522
6950,683212800,5.802844e+16,5.850478,5.872055
6960,684195840,5.811194e+16,5.843060,5.869082
6970,685178880,5.819543e+16,5.839702,5.867529
6980,686161920,5.827893e+16,5.839084,5.866647
6990,687144960,5.836242e+16,5.840034,5.865431
7000,688128000,5.844591e+16,5.832791,5.865873
7010,689111040,5.852941e+16,5.833710,5.862742
7020,690094080,5.861290e+16,5.835527,5.862591
7030,691077120,5.869640e+16,5.831938,5.863230
7040,692060160,5.877989e+16,5.825580,5.862407
7050,693043200,5.886339e+16,5.828409,5.858187
7060,694026240,5.894688e+16,5.827629,5.856768
7070,695009280,5.903037e+16,5.827187,5.853331
7080,695992320,5.911387e+16,5.824164,5.850064
7090,696975360,5.919736e+16,5.818122,5.848953
7100,697958400,5.928086e+16,5.821680,5.847325
7110,698941440,5.936435e+16,5.815858,5.848634
7120,699924480,5.944784e+16,5.813628,5.841027
7130,700907520,5.953134e+16,5.811411,5.838719
7140,701890560,5.961483e+16,5.807337,5.839341
7150,702873600,5.969833e+16,5.805801,5.837243
7160,703856640,5.978182e+16,5.804021,5.835031
7170,704839680,5.986532e+16,5.803570,5.834823
7180,705822720,5.994881e+16,5.800263,5.837491
7190,706805760,6.003230e+16,5.797352,5.831183
7200,707788800,6.011580e+16,5.802688,5.829445
7210,708771840,6.019929e+16,5.802170,5.828375
7220,709754880,6.028279e+16,5.795605,5.824041
7230,710737920,6.036628e+16,5.790804,5.824896
7240,711720960,6.044977e+16,5.786051,5.819354
7250,712704000,6.053327e+16,5.785385,5.816986
7260,713687040,6.061676e+16,5.790008,5.824217
7270,714670080,6.070026e+16,5.785575,5.816088
7280,715653120,6.078375e+16,5.784224,5.814759
7290,716636160,6.086725e+16,5.782823,5.814692
7300,717619200,6.095074e+16,5.781976,5.812474
7310,718602240,6.103423e+16,5.773729,5.811535
7320,719585280,6.111773e+16,5.769391,5.809457
7330,720568320,6.120122e+16,5.774148,5.808504
7340,721551360,6.128472e+16,5.770727,5.808123
7350,722534400,6.136821e+16,5.768008,5.808268
7360,723517440,6.145170e+16,5.766250,5.803408
7370,724500480,6.153520e+16,5.764852,5.802448
7380,725483520,6.161869e+16,5.763479,5.805683
7390,726466560,6.170219e+16,5.759111,5.795611
7400,727449600,6.178568e+16,5.758208,5.795249
7410,728432640,6.186918e+16,5.756285,5.792234
7420,729415680,6.195267e+16,5.759852,5.789078
7430,730398720,6.203616e+16,5.759954,5.790928
7440,731381760,6.211966e+16,5.756661,5.789590
7450,732364800,6.220315e+16,5.758491,5.786453
7460,733347840,6.228665e+16,5.758283,5.784364
7470,734330880,6.237014e+16,5.755322,5.780847
7480,735313920,6.245363e+16,5.746811,5.781701
7490,736296960,6.253713e+16,5.744914,5.782250
7500,737280000,6.262062e+16,5.742872,5.776666
7510,738263040,6.270412e+16,5.741104,5.778574
7520,739246080,6.278761e+16,5.734508,5.772051
7530,740229120,6.287111e+16,5.733035,5.772850
7540,741212160,6.295460e+16,5.731832,5.772515
7550,742195200,6.303809e+16,5.730765,5.770736
7560,743178240,6.312159e+16,5.732701,5.769333
7570,744161280,6.320508e+16,5.733870,5.768294
7580,745144320,6.328858e+16,5.730909,5.761371
7590,746127360,6.337207e+16,5.732622,5.760170
7600,747110400,6.345556e+16,5.726608,5.764091
7610,748093440,6.353906e+16,5.729980,5.759332
7620,749076480,6.362255e+16,5.729792,5.760536
7630,750059520,6.370605e+16,5.725295,5.760380
7640,751042560,6.378954e+16,5.721570,5.761061
7650,752025600,6.387304e+16,5.722012,5.756768
7660,753008640,6.395653e+16,5.720115,5.752246
7670,753991680,6.404002e+16,5.716888,5.745943
7680,754974720,6.412352e+16,5.714853,5.744294
7690,755957760,6.420701e+16,5.710126,5.745454
7700,756940800,6.429051e+16,5.713986,5.744487
7710,757923840,6.437400e+16,5.709206,5.744134
7720,758906880,6.445749e+16,5.711900,5.739309
7730,759889920,6.454099e+16,5.709907,5.735629
7740,760872960,6.462448e+16,5.710647,5.738134
7750,761856000,6.470798e+16,5.706572,5.737967
7760,762839040,6.479147e+16,5.702664,5.737316
7770,763822080,6.487497e+16,5.702679,5.735630
7780,764805120,6.495846e+16,5.705062,5.739101
7790,765788160,6.504195e+16,5.699351,5.735358
7800,766771200,6.512545e+16,5.697783,5.734876
7810,767754240,6.520894e+16,5.700328,5.731682
7820,768737280,6.529244e+16,5.695579,5.727737
7830,769720320,6.537593e+16,5.691968,5.728852
7840,770703360,6.545942e+16,5.690685,5.724386
7850,771686400,6.554292e+16,5.690532,5.720337
7860,772669440,6.562641e+16,5.689410,5.721306
7870,773652480,6.570991e+16,5.686393,5.716678
7880,774635520,6.579340e+16,5.692621,5.716316
7890,775618560,6.587690e+16,5.689110,5.713553
7900,776601600,6.596039e+16,5.688164,5.717560
7910,777584640,6.604388e+16,5.686535,5.715854
7920,778567680,6.612738e+16,5.682590,5.711681
7930,779550720,6.621087e+16,5.682511,5.710022
7940,780533760,6.629437e+16,5.683332,5.706271
7950,781516800,6.637786e+16,5.675862,5.707131
7960,782499840,6.646135e+16,5.672161,5.708095
7970,783482880,6.654485e+16,5.676991,5.701741
7980,784465920,6.662834e+16,5.677826,5.698429
7990,785448960,6.671184e+16,5.669660,5.697573
8000,786432000,6.679533e+16,5.664507,5.698715
8010,787415040,6.687883e+16,5.667146,5.697329
8020,788398080,6.696232e+16,5.664400,5.696972
8030,789381120,6.704581e+16,5.668580,5.690939
8040,790364160,6.712931e+16,5.663633,5.694561
8050,791347200,6.721280e+16,5.662063,5.690045
8060,792330240,6.729630e+16,5.659442,5.691232
8070,793313280,6.737979e+16,5.658050,5.688342
8080,794296320,6.746328e+16,5.654239,5.683963
8090,795279360,6.754678e+16,5.654042,5.685694
8100,796262400,6.763027e+16,5.654727,5.682436
8110,797245440,6.771377e+16,5.648331,5.685610
8120,798228480,6.779726e+16,5.643777,5.681866
8130,799211520,6.788076e+16,5.644979,5.682136
8140,800194560,6.796425e+16,5.648223,5.676624
8150,801177600,6.804774e+16,5.646361,5.679345
8160,802160640,6.813124e+16,5.640173,5.675821
8170,803143680,6.821473e+16,5.643314,5.674298
8180,804126720,6.829823e+16,5.638050,5.673225
8190,805109760,6.838172e+16,5.637863,5.676131
8200,806092800,6.846521e+16,5.636079,5.671065
8210,807075840,6.854871e+16,5.632889,5.665184
8220,808058880,6.863220e+16,5.628294,5.666637
8230,809041920,6.871570e+16,5.628556,5.660323
8240,810024960,6.879919e+16,5.629101,5.659210
8250,811008000,6.888269e+16,5.628693,5.656888
8260,811991040,6.896618e+16,5.630461,5.656509
8270,812974080,6.904967e+16,5.630261,5.654900
8280,813957120,6.913317e+16,5.628425,5.658249
8290,814940160,6.921666e+16,5.625550,5.656687
8300,815923200,6.930016e+16,5.621779,5.651407
8310,816906240,6.938365e+16,5.620547,5.652859
8320,817889280,6.946714e+16,5.614587,5.650140
8330,818872320,6.955064e+16,5.611201,5.650122
8340,819855360,6.963413e+16,5.616877,5.645115
8350,820838400,6.971763e+16,5.617302,5.644821
8360,821821440,6.980112e+16,5.614610,5.649614
8370,822804480,6.988462e+16,5.608811,5.649099
8380,823787520,6.996811e+16,5.606754,5.642395
8390,824770560,7.005160e+16,5.613538,5.640962
8400,825753600,7.013510e+16,5.608803,5.643022
8410,826736640,7.021859e+16,5.610265,5.641755
8420,827719680,7.030209e+16,5.604469,5.639737
8430,828702720,7.038558e+16,5.600188,5.638078
8440,829685760,7.046907e+16,5.599818,5.637648
8450,830668800,7.055257e+16,5.597360,5.634607
8460,831651840,7.063606e+16,5.598876,5.633953
8470,832634880,7.071956e+16,5.597662,5.631571
8480,833617920,7.080305e+16,5.595073,5.630620
8490,834600960,7.088655e+16,5.593703,5.628506
8500,835584000,7.097004e+16,5.589645,5.627605
8510,836567040,7.105353e+16,5.590944,5.626412
8520,837550080,7.113703e+16,5.592749,5.625561
8530,838533120,7.122052e+16,5.596874,5.622616
8540,839516160,7.130402e+16,5.591871,5.620542
8550,840499200,7.138751e+16,5.589348,5.623610
8560,841482240,7.147100e+16,5.593075,5.622344
8570,842465280,7.155450e+16,5.589236,5.617424
8580,843448320,7.163799e+16,5.583607,5.618879
8590,844431360,7.172149e+16,5.581638,5.617315
8600,845414400,7.180498e+16,5.580668,5.613747
8610,846397440,7.188848e+16,5.574845,5.613520
8620,847380480,7.197197e+16,5.575111,5.612174
8630,848363520,7.205546e+16,5.575618,5.609935
8640,849346560,7.213896e+16,5.575375,5.607804
8650,850329600,7.222245e+16,5.571779,5.603322
8660,851312640,7.230595e+16,5.567173,5.605019
8670,852295680,7.238944e+16,5.566673,5.604173
8680,853278720,7.247293e+16,5.565335,5.597596
8690,854261760,7.255643e+16,5.563009,5.598322
8700,855244800,7.263992e+16,5.563606,5.603896
8710,856227840,7.272342e+16,5.564509,5.601414
8720,857210880,7.280691e+16,5.558595,5.598030
8730,858193920,7.289041e+16,5.558200,5.597717
8740,859176960,7.297390e+16,5.555459,5.598142
8750,860160000,7.305739e+16,5.560635,5.597792
8760,861143040,7.314089e+16,5.558368,5.596980
8770,862126080,7.322438e+16,5.561976,5.596134
8780,863109120,7.330788e+16,5.563423,5.595930
8790,864092160,7.339137e+16,5.563739,5.589774
8800,865075200,7.347486e+16,5.562745,5.593091
8810,866058240,7.355836e+16,5.560145,5.592568
8820,867041280,7.364185e+16,5.562340,5.587807
8830,868024320,7.372535e+16,5.561495,5.590828
8840,869007360,7.380884e+16,5.562355,5.587779
8850,869990400,7.389234e+16,5.564374,5.584871
8860,870973440,7.397583e+16,5.555854,5.584872
8870,871956480,7.405932e+16,5.550621,5.580241
8880,872939520,7.414282e+16,5.551247,5.580426
8890,873922560,7.422631e+16,5.552907,5.577850
8900,874905600,7.430981e+16,5.555772,5.575177
8910,875888640,7.439330e+16,5.556324,5.576526
8920,876871680,7.447679e+16,5.553422,5.574100
8930,877854720,7.456029e+16,5.547428,5.572904
8940,878837760,7.464378e+16,5.545781,5.573008
8950,879820800,7.472728e+16,5.540571,5.572170
8960,880803840,7.481077e+16,5.537621,5.572664
8970,881786880,7.489427e+16,5.528756,5.569607
8980,882769920,7.497776e+16,5.521067,5.565244
8990,883752960,7.506125e+16,5.523068,5.566537
9000,884736000,7.514475e+16,5.525884,5.568466
9010,885719040,7.522824e+16,5.523915,5.565057
9020,886702080,7.531174e+16,5.521920,5.565004
9030,887685120,7.539523e+16,5.526602,5.564564
9040,888668160,7.547872e+16,5.528211,5.558300
9050,889651200,7.556222e+16,5.523150,5.555583
9060,890634240,7.564571e+16,5.517849,5.553123
9070,891617280,7.572921e+16,5.518498,5.554948
9080,892600320,7.581270e+16,5.517225,5.555425
9090,893583360,7.589620e+16,5.518928,5.556400
9100,894566400,7.597969e+16,5.517433,5.552917
9110,895549440,7.606318e+16,5.515986,5.550873
9120,896532480,7.614668e+16,5.514379,5.548299
9130,897515520,7.623017e+16,5.506679,5.547875
9140,898498560,7.631367e+16,5.509576,5.549151
9150,899481600,7.639716e+16,5.515414,5.548784
9160,900464640,7.648065e+16,5.516438,5.550023
9170,901447680,7.656415e+16,5.517109,5.548179
9180,902430720,7.664764e+16,5.517355,5.541984
9190,903413760,7.673114e+16,5.515474,5.541146
9200,904396800,7.681463e+16,5.512014,5.539779
9210,905379840,7.689813e+16,5.514302,5.539803
9220,906362880,7.698162e+16,5.516235,5.538145
9230,907345920,7.706511e+16,5.518470,5.539522
9240,908328960,7.714861e+16,5.515534,5.540731
9250,909312000,7.723210e+16,5.508115,5.534104
9260,910295040,7.731560e+16,5.502401,5.530689
9270,911278080,7.739909e+16,5.502644,5.530850
9280,912261120,7.748258e+16,5.499288,5.531180
9290,913244160,7.756608e+16,5.504199,5.531801
9300,914227200,7.764957e+16,5.500210,5.529091
9310,915210240,7.773307e+16,5.499626,5.525168
9320,916193280,7.781656e+16,5.494427,5.526840
9330,917176320,7.790006e+16,5.495044,5.525657
9340,918159360,7.798355e+16,5.492448,5.526233
9350,919142400,7.806704e+16,5.493854,5.522810
9360,920125440,7.815054e+16,5.490430,5.519334
9370,921108480,7.823403e+16,5.485267,5.521206
9380,922091520,7.831753e+16,5.485407,5.521160
9390,923074560,7.840102e+16,5.483832,5.515238
9400,924057600,7.848451e+16,5.486895,5.518258
9410,925040640,7.856801e+16,5.489527,5.522325
9420,926023680,7.865150e+16,5.485767,5.517049
9430,927006720,7.873500e+16,5.485667,5.514139
9440,927989760,7.881849e+16,5.481982,5.514696
9450,928972800,7.890199e+16,5.482819,5.510708
9460,929955840,7.898548e+16,5.480080,5.511865
9470,930938880,7.906897e+16,5.483465,5.517215
9480,931921920,7.915247e+16,5.481951,5.515715
9490,932904960,7.923596e+16,5.489760,5.516223
9500,933888000,7.931946e+16,5.483900,5.512301
9510,934871040,7.940295e+16,5.481693,5.512601
9520,935854080,7.948644e+16,5.481462,5.507026
9530,936837120,7.956994e+16,5.480584,5.504044
9540,937820160,7.965343e+16,5.475889,5.508266
9550,938803200,7.973693e+16,5.477149,5.507182
9560,939786240,7.982042e+16,5.477759,5.503986
9570,940769280,7.990392e+16,5.474453,5.504593
9580,941752320,7.998741e+16,5.474290,5.506046
9590,942735360,8.007090e+16,5.473507,5.502141
9600,943718400,8.015440e+16,5.471486,5.501327
9610,944701440,8.023789e+16,5.475968,5.504771
9620,945684480,8.032139e+16,5.473368,5.499454
9630,946667520,8.040488e+16,5.472876,5.496982
9640,947650560,8.048837e+16,5.470349,5.494827
9650,948633600,8.057187e+16,5.469254,5.492910
9660,949616640,8.065536e+16,5.467477,5.493183
9670,950599680,8.073886e+16,5.465015,5.494055
9680,951582720,8.082235e+16,5.463255,5.490934
9690,952565760,8.090585e+16,5.460739,5.489492
9700,953548800,8.098934e+16,5.456708,5.490835
9710,954531840,8.107283e+16,5.455484,5.487597
9720,955514880,8.115633e+16,5.452153,5.487795
9730,956497920,8.123982e+16,5.450331,5.487103
9740,957480960,8.132332e+16,5.450416,5.487423
9750,958464000,8.140681e+16,5.448497,5.484558
9760,959447040,8.149030e+16,5.449170,5.482655
9770,960430080,8.157380e+16,5.452376,5.484201
9780,961413120,8.165729e+16,5.452233,5.480120
9790,962396160,8.174079e+16,5.453210,5.480112
9800,963379200,8.182428e+16,5.455235,5.478738
9810,964362240,8.190778e+16,5.454917,5.478174
9820,965345280,8.199127e+16,5.446260,5.478113
9830,966328320,8.207476e+16,5.449673,5.476689
9840,967311360,8.215826e+16,5.448271,5.478442
9850,968294400,8.224175e+16,5.447429,5.478378
9860,969277440,8.232525e+16,5.445315,5.475479
9870,970260480,8.240874e+16,5.449426,5.472285
9880,971243520,8.249223e+16,5.443191,5.470781
9890,972226560,8.257573e+16,5.442997,5.471890
9900,973209600,8.265922e+16,5.441179,5.472579
9910,974192640,8.274272e+16,5.437886,5.469433
9920,975175680,8.282621e+16,5.437404,5.470879
9930,976158720,8.290971e+16,5.435623,5.469941
9940,977141760,8.299320e+16,5.439964,5.467098
9950,978124800,8.307669e+16,5.439418,5.462064
9960,979107840,8.316019e+16,5.430754,5.464765
9970,980090880,8.324368e+16,5.427042,5.460149
9980,981073920,8.332718e+16,5.431547,5.458480
9990,982056960,8.341067e+16,5.431816,5.458396
10000,983040000,8.349416e+16,5.432298,5.459391
10010,984023040,8.357766e+16,5.430448,5.458530
10020,985006080,8.366115e+16,5.428583,5.455932
10030,985989120,8.374465e+16,5.427115,5.461776
10040,986972160,8.382814e+16,5.431414,5.457081
10050,987955200,8.391164e+16,5.425937,5.459076
10060,988938240,8.399513e+16,5.432173,5.454764
10070,989921280,8.407862e+16,5.434274,5.453603
10080,990904320,8.416212e+16,5.431644,5.452609
10090,991887360,8.424561e+16,5.425850,5.452806
10100,992870400,8.432911e+16,5.426539,5.450419
10110,993853440,8.441260e+16,5.421864,5.447480
10120,994836480,8.449609e+16,5.424374,5.447440
10130,995819520,8.457959e+16,5.425688,5.446226
10140,996802560,8.466308e+16,5.424423,5.444697
10150,997785600,8.474658e+16,5.419032,5.441888
10160,998768640,8.483007e+16,5.413909,5.444134
10170,999751680,8.491357e+16,5.417001,5.448606
10180,1000734720,8.499706e+16,5.415366,5.446784
10190,1001717760,8.508055e+16,5.413509,5.443854
10200,1002700800,8.516405e+16,5.414330,5.441027
10210,1003683840,8.524754e+16,5.413875,5.441838
10220,1004666880,8.533104e+16,5.409116,5.437549
10230,1005649920,8.541453e+16,5.408845,5.439648
10240,1006632960,8.549802e+16,5.408136,5.436985
10250,1007616000,8.558152e+16,5.409555,5.436355
10260,1008599040,8.566501e+16,5.411747,5.431401
10270,1009582080,8.574851e+16,5.410534,5.436423
10280,1010565120,8.583200e+16,5.410633,5.435247
10290,1011548160,8.591549e+16,5.408989,5.432905
10300,1012531200,8.599899e+16,5.410367,5.430556
10310,1013514240,8.608248e+16,5.401246,5.431238
10320,1014497280,8.616598e+16,5.403456,5.432314
10330,1015480320,8.624947e+16,5.402110,5.432043
10340,1016463360,8.633297e+16,5.398243,5.429825
10350,1017446400,8.641646e+16,5.397347,5.432336
10360,1018429440,8.649995e+16,5.395652,5.427261
10370,1019412480,8.658345e+16,5.397069,5.428023
10380,1020395520,8.666694e+16,5.395894,5.425393
10390,1021378560,8.675044e+16,5.395518,5.426922
10400,1022361600,8.683393e+16,5.395377,5.424102
10410,1023344640,8.691742e+16,5.396837,5.421331
10420,1024327680,8.700092e+16,5.393393,5.420785
10430,1025310720,8.708441e+16,5.400397,5.425297
10440,1026293760,8.716791e+16,5.403105,5.420945
10450,1027276800,8.725140e+16,5.400114,5.422116
10460,1028259840,8.733490e+16,5.403771,5.416763
10470,1029242880,8.741839e+16,5.399331,5.415748
10480,1030225920,8.750188e+16,5.397167,5.414461
10490,1031208960,8.758538e+16,5.396090,5.413407
10500,1032192000,8.766887e+16,5.393366,5.413646
10510,1033175040,8.775237e+16,5.387774,5.413972
10520,1034158080,8.783586e+16,5.389388,5.412120
10530,1035141120,8.791935e+16,5.387831,5.413032
10540,1036124160,8.800285e+16,5.386937,5.413357
10550,1037107200,8.808634e+16,5.388755,5.411178
10560,1038090240,8.816984e+16,5.387508,5.409462
10570,1039073280,8.825333e+16,5.385174,5.408641
10580,1040056320,8.833683e+16,5.383362,5.406118
10590,1041039360,8.842032e+16,5.381245,5.405902
10600,1042022400,8.850381e+16,5.376524,5.405302
10610,1043005440,8.858731e+16,5.371949,5.403877
10620,1043988480,8.867080e+16,5.369490,5.407614
10630,1044971520,8.875430e+16,5.365249,5.404828
10640,1045954560,8.883779e+16,5.365536,5.404582
10650,1046937600,8.892128e+16,5.365260,5.403734
10660,1047920640,8.900478e+16,5.367604,5.401045
10670,1048903680,8.908827e+16,5.367048,5.402265
10680,1049886720,8.917177e+16,5.367288,5.399394
10690,1050869760,8.925526e+16,5.365461,5.399080
10700,1051852800,8.933876e+16,5.366313,5.398574
10710,1052835840,8.942225e+16,5.363253,5.396786
10720,1053818880,8.950574e+16,5.366738,5.398517
10730,1054801920,8.958924e+16,5.363381,5.397920
10740,1055784960,8.967273e+16,5.365348,5.396623
10750,1056768000,8.975623e+16,5.369623,5.395575
10760,1057751040,8.983972e+16,5.369938,5.397301
10770,1058734080,8.992321e+16,5.367256,5.391619
10780,1059717120,9.000671e+16,5.364472,5.391335
10790,1060700160,9.009020e+16,5.362771,5.390850
10800,1061683200,9.017370e+16,5.362923,5.391999
10810,1062666240,9.025719e+16,5.361418,5.391952
10820,1063649280,9.034069e+16,5.361800,5.386516
10830,1064632320,9.042418e+16,5.363323,5.386090
10840,1065615360,9.050767e+16,5.360795,5.385513
10850,1066598400,9.059117e+16,5.361447,5.383995
10860,1067581440,9.067466e+16,5.356133,5.381135
10870,1068564480,9.075816e+16,5.354262,5.385137
10880,1069547520,9.084165e+16,5.352242,5.383774
10890,1070530560,9.092514e+16,5.352262,5.387622
10900,1071513600,9.100864e+16,5.349941,5.385951
10910,1072496640,9.109213e+16,5.351793,5.381214
10920,1073479680,9.117563e+16,5.349415,5.384975
10930,1074462720,9.125912e+16,5.349759,5.380217
10940,1075445760,9.134262e+16,5.343428,5.381067
10950,1076428800,9.142611e+16,5.342762,5.380410
10960,1077411840,9.150960e+16,5.340423,5.378438
10970,1078394880,9.159310e+16,5.340944,5.380389
10980,1079377920,9.167659e+16,5.341208,5.377263
10990,1080360960,9.176009e+16,5.340123,5.375886
11000,1081344000,9.184358e+16,5.341265,5.377811
11010,1082327040,9.192707e+16,5.343104,5.374048
11020,1083310080,9.201057e+16,5.340808,5.371197
11030,1084293120,9.209406e+16,5.340604,5.370786
11040,1085276160,9.217756e+16,5.342452,5.372809
11050,1086259200,9.226105e+16,5.342849,5.370330
11060,1087242240,9.234455e+16,5.340261,5.370141
11070,1088225280,9.242804e+16,5.338105,5.371109
11080,1089208320,9.251153e+16,5.341417,5.366712
11090,1090191360,9.259503e+16,5.344560,5.363912
11100,1091174400,9.267852e+16,5.342483,5.364239
11110,1092157440,9.276202e+16,5.339846,5.368151
11120,1093140480,9.284551e+16,5.340056,5.367460
11130,1094123520,9.292900e+16,5.338157,5.365582
11140,1095106560,9.301250e+16,5.337267,5.362775
11150,1096089600,9.309599e+16,5.335293,5.363586
11160,1097072640,9.317949e+16,5.332444,5.362586
11170,1098055680,9.326298e+16,5.331994,5.359047
11180,1099038720,9.334648e+16,5.329501,5.361413
11190,1100021760,9.342997e+16,5.331251,5.359716
11200,1101004800,9.351346e+16,5.334747,5.358936
11210,1101987840,9.359696e+16,5.334679,5.356296
11220,1102970880,9.368045e+16,5.331955,5.360338
11230,1103953920,9.376395e+16,5.327479,5.354875
11240,1104936960,9.384744e+16,5.328448,5.354629
11250,1105920000,9.393093e+16,5.325817,5.352537
11260,1106903040,9.401443e+16,5.326220,5.351363
11270,1107886080,9.409792e+16,5.325547,5.354236
11280,1108869120,9.418142e+16,5.319673,5.354900
11290,1109852160,9.426491e+16,5.320868,5.355267
11300,1110835200,9.434841e+16,5.315440,5.353231
11310,1111818240,9.443190e+16,5.313460,5.352665
11320,1112801280,9.451539e+16,5.315518,5.349956
11330,1113784320,9.459889e+16,5.319038,5.351609
11340,1114767360,9.468238e+16,5.320805,5.348200
11350,1115750400,9.476588e+16,5.319453,5.348972
11360,1116733440,9.484937e+16,5.322829,5.347334
11370,1117716480,9.493286e+16,5.320422,5.347091
11380,1118699520,9.501636e+16,5.322372,5.343641
11390,1119682560,9.509985e+16,5.318023,5.342084
11400,1120665600,9.518335e+16,5.314329,5.340054
11410,1121648640,9.526684e+16,5.313534,5.343428
11420,1122631680,9.535034e+16,5.309970,5.343980
11430,1123614720,9.543383e+16,5.312400,5.340554
11440,1124597760,9.551732e+16,5.309824,5.340145
11450,1125580800,9.560082e+16,5.310535,5.339305
11460,1126563840,9.568431e+16,5.312825,5.339662
11470,1127546880,9.576781e+16,5.316514,5.339277
11480,1128529920,9.585130e+16,5.317985,5.343509
11490,1129512960,9.593479e+16,5.315309,5.341431
11500,1130496000,9.601829e+16,5.314332,5.337267
11510,1131479040,9.610178e+16,5.313495,5.338736
11520,1132462080,9.618528e+16,5.312351,5.338468
11530,1133445120,9.626877e+16,5.308832,5.339406
11540,1134428160,9.635227e+16,5.311569,5.335896
11550,1135411200,9.643576e+16,5.305584,5.335372
11560,1136394240,9.651925e+16,5.307449,5.333960
11570,1137377280,9.660275e+16,5.309182,5.335347
11580,1138360320,9.668624e+16,5.309159,5.330748
11590,1139343360,9.676974e+16,5.305689,5.328735
11600,1140326400,9.685323e+16,5.305303,5.329242
11610,1141309440,9.693672e+16,5.304669,5.329198
11620,1142292480,9.702022e+16,5.301792,5.324832
11630,1143275520,9.710371e+16,5.302958,5.323164
11640,1144258560,9.718721e+16,5.304896,5.323716
11650,1145241600,9.727070e+16,5.300782,5.326085
11660,1146224640,9.735420e+16,5.297085,5.324899
11670,1147207680,9.743769e+16,5.289299,5.324911
11680,1148190720,9.752118e+16,5.284554,5.323835
11690,1149173760,9.760468e+16,5.289430,5.324481
11700,1150156800,9.768817e+16,5.292880,5.320889
11710,1151139840,9.777167e+16,5.292427,5.323451
11720,1152122880,9.785516e+16,5.295210,5.324707
11730,1153105920,9.793865e+16,5.295256,5.324237
11740,1154088960,9.802215e+16,5.297590,5.324811
11750,1155072000,9.810564e+16,5.301642,5.323966
11760,1156055040,9.818914e+16,5.301404,5.320149
11770,1157038080,9.827263e+16,5.305944,5.319339
11780,1158021120,9.835613e+16,5.298198,5.319623
11790,1159004160,9.843962e+16,5.294170,5.319010
11800,1159987200,9.852311e+16,5.293590,5.316652
11810,1160970240,9.860661e+16,5.292644,5.316040
11820,1161953280,9.869010e+16,5.292847,5.316970
11830,1162936320,9.877360e+16,5.291582,5.313349
11840,1163919360,9.885709e+16,5.289719,5.312517
11850,1164902400,9.894058e+16,5.287532,5.313129
11860,1165885440,9.902408e+16,5.287404,5.313011
11870,1166868480,9.910757e+16,5.292181,5.311238
11880,1167851520,9.919107e+16,5.289797,5.309406
11890,1168834560,9.927456e+16,5.284778,5.308272
11900,1169817600,9.935806e+16,5.282106,5.308426
11910,1170800640,9.944155e+16,5.283822,5.309561
11920,1171783680,9.952504e+16,5.287032,5.310561
11930,1172766720,9.960854e+16,5.292575,5.309190
11940,1173749760,9.969203e+16,5.293799,5.309227
11950,1174732800,9.977553e+16,5.292613,5.305846
11960,1175715840,9.985902e+16,5.288110,5.308259
11970,1176698880,9.994251e+16,5.281887,5.304698
11980,1177681920,1.000260e+17,5.287319,5.305550
11990,1178664960,1.001095e+17,5.283826,5.305555
12000,1179648000,1.001930e+17,5.287778,5.305578
12010,1180631040,1.002765e+17,5.283264,5.306084
12020,1181614080,1.003600e+17,5.281815,5.304239
12030,1182597120,1.004435e+17,5.282397,5.304413
12040,1183580160,1.005270e+17,5.282470,5.304637
12050,1184563200,1.006105e+17,5.284282,5.300156
12060,1185546240,1.006940e+17,5.278668,5.302621
12070,1186529280,1.007775e+17,5.281085,5.302840
12080,1187512320,1.008610e+17,5.280910,5.300740
12090,1188495360,1.009444e+17,5.279063,5.302184
12100,1189478400,1.010279e+17,5.272451,5.300929
12110,1190461440,1.011114e+17,5.267452,5.298830
12120,1191444480,1.011949e+17,5.267452,5.296639
12130,1192427520,1.012784e+17,5.264574,5.296059
12140,1193410560,1.013619e+17,5.261569,5.295552
12150,1194393600,1.014454e+17,5.262662,5.295973
12160,1195376640,1.015289e+17,5.259960,5.297284
12170,1196359680,1.016124e+17,5.262343,5.293603
12180,1197342720,1.016959e+17,5.265516,5.293313
12190,1198325760,1.017794e+17,5.263292,5.295931
12200,1199308800,1.018629e+17,5.262210,5.294196
12210,1200291840,1.019464e+17,5.262590,5.292433
12220,1201274880,1.020299e+17,5.255660,5.289556
12230,1202257920,1.021134e+17,5.257485,5.288085
12240,1203240960,1.021969e+17,5.256129,5.285814
12250,1204224000,1.022804e+17,5.250794,5.284810
12260,1205207040,1.023638e+17,5.250261,5.284399
12270,1206190080,1.024473e+17,5.254626,5.283020
12280,1207173120,1.025308e+17,5.255647,5.283588
12290,1208156160,1.026143e+17,5.258527,5.284470
12300,1209139200,1.026978e+17,5.256954,5.284092
12310,1210122240,1.027813e+17,5.254423,5.285947
12320,1211105280,1.028648e+17,5.256393,5.282438
12330,1212088320,1.029483e+17,5.257880,5.283759
12340,1213071360,1.030318e+17,5.260693,5.281369
12350,1214054400,1.031153e+17,5.262915,5.281863
12360,1215037440,1.031988e+17,5.258519,5.279270
12370,1216020480,1.032823e+17,5.253288,5.278326
12380,1217003520,1.033658e+17,5.247905,5.275102
12390,1217986560,1.034493e+17,5.246705,5.278423
12400,1218969600,1.035328e+17,5.247496,5.278347
12410,1219952640,1.036163e+17,5.251705,5.277890
12420,1220935680,1.036998e+17,5.248801,5.279136
12430,1221918720,1.037832e+17,5.247817,5.275499
12440,1222901760,1.038667e+17,5.242400,5.276458
12450,1223884800,1.039502e+17,5.242127,5.274173
12460,1224867840,1.040337e+17,5.244108,5.274161
12470,1225850880,1.041172e+17,5.245214,5.275698
12480,1226833920,1.042007e+17,5.245397,5.274135
12490,1227816960,1.042842e+17,5.245683,5.275346
12500,1228800000,1.043677e+17,5.248764,5.272582
12510,1229783040,1.044512e+17,5.246522,5.270744
12520,1230766080,1.045347e+17,5.242748,5.271427
12530,1231749120,1.046182e+17,5.239097,5.272134
12540,1232732160,1.047017e+17,5.238710,5.271112
12550,1233715200,1.047852e+17,5.241932,5.269344
12560,1234698240,1.048687e+17,5.239990,5.266812
12570,1235681280,1.049522e+17,5.241171,5.268671
12580,1236664320,1.050357e+17,5.243679,5.271277
12590,1237647360,1.051192e+17,5.243777,5.266190
12600,1238630400,1.052026e+17,5.240741,5.265237
12610,1239613440,1.052861e+17,5.240390,5.265354
12620,1240596480,1.053696e+17,5.236313,5.263782
12630,1241579520,1.054531e+17,5.237862,5.262872
12640,1242562560,1.055366e+17,5.234445,5.264255
12650,1243545600,1.056201e+17,5.236708,5.264401
12660,1244528640,1.057036e+17,5.233744,5.263902
12670,1245511680,1.057871e+17,5.232866,5.263453
12680,1246494720,1.058706e+17,5.230171,5.263470
12690,1247477760,1.059541e+17,5.232144,5.261508
12700,1248460800,1.060376e+17,5.232065,5.261011
12710,1249443840,1.061211e+17,5.229582,5.262733
12720,1250426880,1.062046e+17,5.226909,5.261343
12730,1251409920,1.062881e+17,5.230395,5.259489
12740,1252392960,1.063716e+17,5.230669,5.256378
12750,1253376000,1.064551e+17,5.232316,5.255164
12760,1254359040,1.065386e+17,5.229598,5.254853
12770,1255342080,1.066220e+17,5.230131,5.257608
12780,1256325120,1.067055e+17,5.233072,5.255098
12790,1257308160,1.067890e+17,5.227304,5.257255
12800,1258291200,1.068725e+17,5.228569,5.254296
12810,1259274240,1.069560e+17,5.228612,5.253562
12820,1260257280,1.070395e+17,5.226963,5.254749
12830,1261240320,1.071230e+17,5.229553,5.254360
12840,1262223360,1.072065e+17,5.224022,5.252025
12850,1263206400,1.072900e+17,5.226808,5.251031
12860,1264189440,1.073735e+17,5.229420,5.251165
12870,1265172480,1.074570e+17,5.227261,5.250710
12880,1266155520,1.075405e+17,5.224589,5.249053
12890,1267138560,1.076240e+17,5.223436,5.251534
12900,1268121600,1.077075e+17,5.225634,5.253118
12910,1269104640,1.077910e+17,5.224690,5.248797
12920,1270087680,1.078745e+17,5.230358,5.248500
12930,1271070720,1.079580e+17,5.229551,5.244781
12940,1272053760,1.080414e+17,5.226052,5.244473
12950,1273036800,1.081249e+17,5.223496,5.247522
12960,1274019840,1.082084e+17,5.223024,5.245356
12970,1275002880,1.082919e+17,5.221452,5.245036
12980,1275985920,1.083754e+17,5.220885,5.244839
12990,1276968960,1.084589e+17,5.217084,5.245534
13000,1277952000,1.085424e+17,5.217520,5.245408
13010,1278935040,1.086259e+17,5.219159,5.244960
13020,1279918080,1.087094e+17,5.221885,5.241291
13030,1280901120,1.087929e+17,5.219325,5.242797
13040,1281884160,1.088764e+17,5.222322,5.241183
13050,1282867200,1.089599e+17,5.221920,5.241026
13060,1283850240,1.090434e+17,5.224017,5.237124
13070,1284833280,1.091269e+17,5.220265,5.238892
13080,1285816320,1.092104e+17,5.218260,5.237013
13090,1286799360,1.092939e+17,5.217625,5.235509
13100,1287782400,1.093774e+17,5.216359,5.234970
13110,1288765440,1.094608e+17,5.215931,5.232606
13120,1289748480,1.095443e+17,5.213928,5.234913
13130,1290731520,1.096278e+17,5.210671,5.232291
13140,1291714560,1.097113e+17,5.213038,5.230653
13150,1292697600,1.097948e+17,5.212054,5.232531
13160,1293680640,1.098783e+17,5.214632,5.231525
13170,1294663680,1.099618e+17,5.214811,5.232681
13180,1295646720,1.100453e+17,5.212986,5.235218
13190,1296629760,1.101288e+17,5.206977,5.233245
13200,1297612800,1.102123e+17,5.205102,5.232210
13210,1298595840,1.102958e+17,5.203473,5.233509
13220,1299578880,1.103793e+17,5.203764,5.232680
13230,1300561920,1.104628e+17,5.205793,5.231824
13240,1301544960,1.105463e+17,5.208587,5.231923
13250,1302528000,1.106298e+17,5.205364,5.230824
13260,1303511040,1.107133e+17,5.208516,5.230324
13270,1304494080,1.107968e+17,5.206427,5.228013
13280,1305477120,1.108803e+17,5.203883,5.228076
13290,1306460160,1.109637e+17,5.208631,5.226375
13300,1307443200,1.110472e+17,5.208699,5.229889
13310,1308426240,1.111307e+17,5.204394,5.226061
13320,1309409280,1.112142e+17,5.203352,5.227529
13330,1310392320,1.112977e+17,5.204118,5.224322
13340,1311375360,1.113812e+17,5.203814,5.225519
13350,1312358400,1.114647e+17,5.201854,5.225758
13360,1313341440,1.115482e+17,5.195023,5.224120
13370,1314324480,1.116317e+17,5.198301,5.223824
13380,1315307520,1.117152e+17,5.200271,5.225653
13390,1316290560,1.117987e+17,5.202577,5.226753
13400,1317273600,1.118822e+17,5.200060,5.222681
13410,1318256640,1.119657e+17,5.196966,5.220448
13420,1319239680,1.120492e+17,5.195239,5.219023
13430,1320222720,1.121327e+17,5.200778,5.219604
13440,1321205760,1.122162e+17,5.193668,5.219302
13450,1322188800,1.122997e+17,5.193376,5.222647
13460,1323171840,1.123831e+17,5.194753,5.220688
13470,1324154880,1.124666e+17,5.195783,5.218280
13480,1325137920,1.125501e+17,5.195365,5.216743
13490,1326120960,1.126336e+17,5.195353,5.217366
13500,1327104000,1.127171e+17,5.190811,5.218473
13510,1328087040,1.128006e+17,5.189711,5.218448
13520,1329070080,1.128841e+17,5.187778,5.216560
13530,1330053120,1.129676e+17,5.192427,5.218093
13540,1331036160,1.130511e+17,5.190336,5.213954
13550,1332019200,1.131346e+17,5.187216,5.213733
13560,1333002240,1.132181e+17,5.186502,5.213730
13570,1333985280,1.133016e+17,5.184983,5.212879
13580,1334968320,1.133851e+17,5.183659,5.212775
13590,1335951360,1.134686e+17,5.184051,5.209653
13600,1336934400,1.135521e+17,5.186070,5.212660
13610,1337917440,1.136356e+17,5.183270,5.212420
13620,1338900480,1.137191e+17,5.183565,5.212185
13630,1339883520,1.138025e+17,5.182416,5.210299
13640,1340866560,1.138860e+17,5.183491,5.207488
13650,1341849600,1.139695e+17,5.181977,5.210815
13660,1342832640,1.140530e+17,5.179725,5.207059
13670,1343815680,1.141365e+17,5.187692,5.209631
13680,1344798720,1.142200e+17,5.187462,5.208496
13690,1345781760,1.143035e+17,5.184491,5.207270
13700,1346764800,1.143870e+17,5.185387,5.208309
13710,1347747840,1.144705e+17,5.182072,5.208135
13720,1348730880,1.145540e+17,5.182980,5.207165
13730,1349713920,1.146375e+17,5.184540,5.204070
13740,1350696960,1.147210e+17,5.185471,5.204840
13750,1351680000,1.148045e+17,5.183491,5.204015
13760,1352663040,1.148880e+17,5.177665,5.204778
13770,1353646080,1.149715e+17,5.174525,5.205507
13780,1354629120,1.150550e+17,5.176341,5.204864
13790,1355612160,1.151385e+17,5.181844,5.204808
13800,1356595200,1.152219e+17,5.182224,5.204014
13810,1357578240,1.153054e+17,5.183555,5.204762
13820,1358561280,1.153889e+17,5.185086,5.201507
13830,1359544320,1.154724e+17,5.182679,5.200938
13840,1360527360,1.155559e+17,5.183125,5.199449
13850,1361510400,1.156394e+17,5.178095,5.200254
13860,1362493440,1.157229e+17,5.175825,5.198982
13870,1363476480,1.158064e+17,5.175731,5.201244
13880,1364459520,1.158899e+17,5.176821,5.200118
13890,1365442560,1.159734e+17,5.178858,5.198401
13900,1366425600,1.160569e+17,5.178890,5.198522
13910,1367408640,1.161404e+17,5.176203,5.200275
13920,1368391680,1.162239e+17,5.180329,5.197638
13930,1369374720,1.163074e+17,5.184579,5.197557
13940,1370357760,1.163909e+17,5.179936,5.196768
13950,1371340800,1.164744e+17,5.178859,5.194950
13960,1372323840,1.165579e+17,5.177720,5.192573
13970,1373306880,1.166413e+17,5.176161,5.194726
13980,1374289920,1.167248e+17,5.177213,5.194883
13990,1375272960,1.168083e+17,5.177708,5.196216
14000,1376256000,1.168918e+17,5.174359,5.195040
14010,1377239040,1.169753e+17,5.176596,5.193670
14020,1378222080,1.170588e+17,5.178494,5.190398
14030,1379205120,1.171423e+17,5.173044,5.192096
14040,1380188160,1.172258e+17,5.173900,5.191412
14050,1381171200,1.173093e+17,5.165485,5.191410
14060,1382154240,1.173928e+17,5.167809,5.189815
14070,1383137280,1.174763e+17,5.169231,5.188847
14080,1384120320,1.175598e+17,5.161839,5.188416
14090,1385103360,1.176433e+17,5.157725,5.188354
14100,1386086400,1.177268e+17,5.152587,5.186919
14110,1387069440,1.178103e+17,5.152176,5.187963
14120,1388052480,1.178938e+17,5.147519,5.187336
14130,1389035520,1.179773e+17,5.142992,5.185010
14140,1390018560,1.180607e+17,5.145204,5.185619
14150,1391001600,1.181442e+17,5.149184,5.186813
14160,1391984640,1.182277e+17,5.152214,5.184816
14170,1392967680,1.183112e+17,5.153139,5.183045
14180,1393950720,1.183947e+17,5.157823,5.184745
14190,1394933760,1.184782e+17,5.157000,5.184644
14200,1395916800,1.185617e+17,5.161862,5.185504
14210,1396899840,1.186452e+17,5.158270,5.184396
14220,1397882880,1.187287e+17,5.163673,5.183581
14230,1398865920,1.188122e+17,5.162854,5.182912
14240,1399848960,1.188957e+17,5.163840,5.182556
14250,1400832000,1.189792e+17,5.158927,5.183450
14260,1401815040,1.190627e+17,5.159692,5.181852
14270,1402798080,1.191462e+17,5.153224,5.179973
14280,1403781120,1.192297e+17,5.155775,5.181370
14290,1404764160,1.193132e+17,5.154804,5.180761
14300,1405747200,1.193967e+17,5.155080,5.177229
14310,1406730240,1.194801e+17,5.154942,5.177624
14320,1407713280,1.195636e+17,5.154947,5.177242
14330,1408696320,1.196471e+17,5.152013,5.176847
14340,1409679360,1.197306e+17,5.150105,5.177097
14350,1410662400,1.198141e+17,5.149136,5.177949
14360,1411645440,1.198976e+17,5.146559,5.176232
14370,1412628480,1.199811e+17,5.145077,5.173874
14380,1413611520,1.200646e+17,5.144218,5.173455
14390,1414594560,1.201481e+17,5.145519,5.175573
14400,1415577600,1.202316e+17,5.147719,5.175319
14410,1416560640,1.203151e+17,5.147464,5.173626
14420,1417543680,1.203986e+17,5.144460,5.173064
14430,1418526720,1.204821e+17,5.144734,5.172995
14440,1419509760,1.205656e+17,5.145573,5.173241
14450,1420492800,1.206491e+17,5.147094,5.173264
14460,1421475840,1.207326e+17,5.144401,5.172272
14470,1422458880,1.208161e+17,5.145776,5.172537
14480,1423441920,1.208995e+17,5.145130,5.173371
14490,1424424960,1.209830e+17,5.148151,5.171999
14500,1425408000,1.210665e+17,5.147436,5.171283
14510,1426391040,1.211500e+17,5.143214,5.170246
14520,1427374080,1.212335e+17,5.140603,5.171870
14530,1428357120,1.213170e+17,5.143672,5.171266
14540,1429340160,1.214005e+17,5.145656,5.171062
14550,1430323200,1.214840e+17,5.148439,5.169402
14560,1431306240,1.215675e+17,5.148294,5.169220
14570,1432289280,1.216510e+17,5.152717,5.168697
14580,1433272320,1.217345e+17,5.149132,5.167888
14590,1434255360,1.218180e+17,5.149948,5.167679
14600,1435238400,1.219015e+17,5.149755,5.166126
14610,1436221440,1.219850e+17,5.151284,5.165723
14620,1437204480,1.220685e+17,5.147975,5.165155
14630,1438187520,1.221520e+17,5.144935,5.165390
14640,1439170560,1.222355e+17,5.143310,5.163957
14650,1440153600,1.223190e+17,5.139285,5.164894
14660,1441136640,1.224024e+17,5.136233,5.163985
14670,1442119680,1.224859e+17,5.138043,5.164359
14680,1443102720,1.225694e+17,5.141812,5.161346
14690,1444085760,1.226529e+17,5.138142,5.160527
14700,1445068800,1.227364e+17,5.135836,5.160936
14710,1446051840,1.228199e+17,5.131731,5.159365
14720,1447034880,1.229034e+17,5.132536,5.158380
14730,1448017920,1.229869e+17,5.134662,5.158277
14740,1449000960,1.230704e+17,5.130293,5.159967
14750,1449984000,1.231539e+17,5.127043,5.160410
14760,1450967040,1.232374e+17,5.129177,5.160703
14770,1451950080,1.233209e+17,5.129946,5.158881
14780,1452933120,1.234044e+17,5.123875,5.158470
14790,1453916160,1.234879e+17,5.124522,5.156924
14800,1454899200,1.235714e+17,5.123838,5.156649
14810,1455882240,1.236549e+17,5.121436,5.157014
14820,1456865280,1.237384e+17,5.125780,5.155990
14830,1457848320,1.238218e+17,5.123826,5.154189
14840,1458831360,1.239053e+17,5.122765,5.155879
14850,1459814400,1.239888e+17,5.121725,5.154964
14860,1460797440,1.240723e+17,5.119623,5.154365
14870,1461780480,1.241558e+17,5.122434,5.154500
14880,1462763520,1.242393e+17,5.122761,5.155018
14890,1463746560,1.243228e+17,5.123741,5.154075
14900,1464729600,1.244063e+17,5.123795,5.153744
14910,1465712640,1.244898e+17,5.125694,5.154879
14920,1466695680,1.245733e+17,5.135805,5.155705
14930,1467678720,1.246568e+17,5.136061,5.155142
14940,1468661760,1.247403e+17,5.131125,5.152711
14950,1469644800,1.248238e+17,5.129044,5.153110
14960,1470627840,1.249073e+17,5.128758,5.150778
14970,1471610880,1.249908e+17,5.128590,5.150569
14980,1472593920,1.250743e+17,5.127596,5.151385
14990,1473576960,1.251578e+17,5.127580,5.150269
15000,1474560000,1.252412e+17,5.127151,5.150452
15010,1475543040,1.253247e+17,5.132364,5.151443
15020,1476526080,1.254082e+17,5.127659,5.148654
15030,1477509120,1.254917e+17,5.130676,5.149903
15040,1478492160,1.255752e+17,5.126730,5.147863
15050,1479475200,1.256587e+17,5.125251,5.146468
15060,1480458240,1.257422e+17,5.123829,5.146619
15070,1481441280,1.258257e+17,5.121510,5.147385
15080,1482424320,1.259092e+17,5.121855,5.147163
15090,1483407360,1.259927e+17,5.118459,5.147114
15100,1484390400,1.260762e+17,5.121234,5.147030
15110,1485373440,1.261597e+17,5.122087,5.146278
15120,1486356480,1.262432e+17,5.123608,5.147412
15130,1487339520,1.263267e+17,5.122624,5.145434
15140,1488322560,1.264102e+17,5.122522,5.145017
15150,1489305600,1.264937e+17,5.119984,5.145553
15160,1490288640,1.265772e+17,5.123257,5.146859
15170,1491271680,1.266606e+17,5.121139,5.144300
15180,1492254720,1.267441e+17,5.114328,5.142521
15190,1493237760,1.268276e+17,5.112672,5.143045
15200,1494220800,1.269111e+17,5.110292,5.140848
15210,1495203840,1.269946e+17,5.109931,5.142601
15220,1496186880,1.270781e+17,5.113479,5.141258
15230,1497169920,1.271616e+17,5.117283,5.140721
15240,1498152960,1.272451e+17,5.116361,5.141505
15250,1499136000,1.273286e+17,5.116444,5.141800
15260,1500119040,1.274121e+17,5.119786,5.140540
15270,1501102080,1.274956e+17,5.111534,5.139357
15280,1502085120,1.275791e+17,5.109780,5.137375
15290,1503068160,1.276626e+17,5.106263,5.139349
15300,1504051200,1.277461e+17,5.105184,5.138923
15310,1505034240,1.278296e+17,5.104176,5.137381
15320,1506017280,1.279131e+17,5.108257,5.137408
15330,1507000320,1.279966e+17,5.106343,5.136435
15340,1507983360,1.280800e+17,5.109392,5.136143
15350,1508966400,1.281635e+17,5.110023,5.135502
15360,1509949440,1.282470e+17,5.110132,5.137107
15370,1510932480,1.283305e+17,5.112390,5.135534
15380,1511915520,1.284140e+17,5.112286,5.134774
15390,1512898560,1.284975e+17,5.111739,5.132285
15400,1513881600,1.285810e+17,5.112126,5.133901
15410,1514864640,1.286645e+17,5.110916,5.132443
15420,1515847680,1.287480e+17,5.110090,5.131815
15430,1516830720,1.288315e+17,5.107849,5.132300
15440,1517813760,1.289150e+17,5.111103,5.133579
15450,1518796800,1.289985e+17,5.111025,5.134065
15460,1519779840,1.290820e+17,5.113405,5.132800
15470,1520762880,1.291655e+17,5.110327,5.133013
15480,1521745920,1.292490e+17,5.112263,5.131042
15490,1522728960,1.293325e+17,5.112374,5.130081
15500,1523712000,1.294160e+17,5.109522,5.131638
15510,1524695040,1.294994e+17,5.112924,5.131442
15520,1525678080,1.295829e+17,5.111142,5.130241
15530,1526661120,1.296664e+17,5.113028,5.130131
15540,1527644160,1.297499e+17,5.106173,5.130628
15550,1528627200,1.298334e+17,5.103741,5.129165
15560,1529610240,1.299169e+17,5.101575,5.129176
15570,1530593280,1.300004e+17,5.100183,5.129842
15580,1531576320,1.300839e+17,5.099294,5.129753
15590,1532559360,1.301674e+17,5.098807,5.129590
15600,1533542400,1.302509e+17,5.101560,5.127812
15610,1534525440,1.303344e+17,5.100384,5.127818
15620,1535508480,1.304179e+17,5.103409,5.127831
15630,1536491520,1.305014e+17,5.101957,5.127594
15640,1537474560,1.305849e+17,5.100205,5.127461
15650,1538457600,1.306684e+17,5.102288,5.127088
15660,1539440640,1.307519e+17,5.104728,5.124870
15670,1540423680,1.308354e+17,5.102060,5.122701
15680,1541406720,1.309188e+17,5.101958,5.123144
15690,1542389760,1.310023e+17,5.101774,5.125500
15700,1543372800,1.310858e+17,5.100118,5.126176
15710,1544355840,1.311693e+17,5.102041,5.125456
15720,1545338880,1.312528e+17,5.100891,5.126109
15730,1546321920,1.313363e+17,5.100627,5.123606
15740,1547304960,1.314198e+17,5.103144,5.123361
15750,1548288000,1.315033e+17,5.102411,5.124395
15760,1549271040,1.315868e+17,5.097325,5.121665
15770,1550254080,1.316703e+17,5.093427,5.122275
15780,1551237120,1.317538e+17,5.094624,5.122228
15790,1552220160,1.318373e+17,5.090234,5.120156
15800,1553203200,1.319208e+17,5.087891,5.118534
15810,1554186240,1.320043e+17,5.090100,5.119027
15820,1555169280,1.320878e+17,5.085009,5.117045
15830,1556152320,1.321713e+17,5.082366,5.117693
15840,1557135360,1.322548e+17,5.083774,5.117644
15850,1558118400,1.323383e+17,5.081631,5.117625
15860,1559101440,1.324217e+17,5.086308,5.117857
15870,1560084480,1.325052e+17,5.087732,5.119158
15880,1561067520,1.325887e+17,5.085330,5.117943
15890,1562050560,1.326722e+17,5.085786,5.116497
15900,1563033600,1.327557e+17,5.085405,5.115072
15910,1564016640,1.328392e+17,5.084965,5.114591
15920,1564999680,1.329227e+17,5.083633,5.116155
15930,1565982720,1.330062e+17,5.087963,5.115597
15940,1566965760,1.330897e+17,5.086459,5.115364
15950,1567948800,1.331732e+17,5.082588,5.113431
15960,1568931840,1.332567e+17,5.082681,5.114505
15970,1569914880,1.333402e+17,5.084968,5.115525
15980,1570897920,1.334237e+17,5.083458,5.115398
15990,1571880960,1.335072e+17,5.084086,5.116090
16000,1572864000,1.335907e+17,5.082698,5.114651
16010,1573847040,1.336742e+17,5.083048,5.113526
16020,1574830080,1.337577e+17,5.079363,5.114518
16030,1575813120,1.338411e+17,5.086598,5.112515
16040,1576796160,1.339246e+17,5.087512,5.112507
16050,1577779200,1.340081e+17,5.086246,5.112045
16060,1578762240,1.340916e+17,5.088546,5.111140
16070,1579745280,1.341751e+17,5.091692,5.110642
16080,1580728320,1.342586e+17,5.086016,5.110473
16090,1581711360,1.343421e+17,5.083165,5.109835
16100,1582694400,1.344256e+17,5.084999,5.108904
16110,1583677440,1.345091e+17,5.082499,5.108951
16120,1584660480,1.345926e+17,5.085683,5.110302
16130,1585643520,1.346761e+17,5.084003,5.109356
16140,1586626560,1.347596e+17,5.081298,5.109188
16150,1587609600,1.348431e+17,5.081308,5.108168
16160,1588592640,1.349266e+17,5.077140,5.108249
16170,1589575680,1.350101e+17,5.081859,5.107613
16180,1590558720,1.350936e+17,5.081008,5.109159
16190,1591541760,1.351771e+17,5.084400,5.108362
16200,1592524800,1.352605e+17,5.086307,5.108190
16210,1593507840,1.353440e+17,5.085871,5.107298
16220,1594490880,1.354275e+17,5.086488,5.106529
16230,1595473920,1.355110e+17,5.083848,5.105112
16240,1596456960,1.355945e+17,5.085376,5.104101
16250,1597440000,1.356780e+17,5.085813,5.105158
16260,1598423040,1.357615e+17,5.085556,5.104383
16270,1599406080,1.358450e+17,5.083668,5.103004
16280,1600389120,1.359285e+17,5.082175,5.103772
16290,1601372160,1.360120e+17,5.079012,5.103972
16300,1602355200,1.360955e+17,5.078432,5.102675
16310,1603338240,1.361790e+17,5.079241,5.101752
16320,1604321280,1.362625e+17,5.081439,5.102372
16330,1605304320,1.363460e+17,5.082678,5.099987
16340,1606287360,1.364295e+17,5.076930,5.101459
16350,1607270400,1.365130e+17,5.075553,5.101649
16360,1608253440,1.365965e+17,5.076161,5.101421
16370,1609236480,1.366799e+17,5.079167,5.101498
16380,1610219520,1.367634e+17,5.081049,5.101075
16390,1611202560,1.368469e+17,5.080629,5.101795
16400,1612185600,1.369304e+17,5.074156,5.101512
16410,1613168640,1.370139e+17,5.077332,5.101021
16420,1614151680,1.370974e+17,5.080087,5.099868
16430,1615134720,1.371809e+17,5.079353,5.099553
16440,1616117760,1.372644e+17,5.076239,5.100320
16450,1617100800,1.373479e+17,5.074763,5.099941
16460,1618083840,1.374314e+17,5.072441,5.100063
16470,1619066880,1.375149e+17,5.071821,5.099229
16480,1620049920,1.375984e+17,5.071039,5.098402
16490,1621032960,1.376819e+17,5.069610,5.099685
16500,1622016000,1.377654e+17,5.073782,5.097868
16510,1622999040,1.378489e+17,5.072644,5.097205
16520,1623982080,1.379324e+17,5.073814,5.097577
16530,1624965120,1.380159e+17,5.069915,5.096588
16540,1625948160,1.380993e+17,5.066974,5.094686
16550,1626931200,1.381828e+17,5.070559,5.096143
16560,1627914240,1.382663e+17,5.069604,5.095703
16570,1628897280,1.383498e+17,5.066271,5.095161
16580,1629880320,1.384333e+17,5.067439,5.095094
16590,1630863360,1.385168e+17,5.066795,5.095518
16600,1631846400,1.386003e+17,5.073966,5.095863
16610,1632829440,1.386838e+17,5.067015,5.095104
16620,1633812480,1.387673e+17,5.069589,5.094437
16630,1634795520,1.388508e+17,5.065224,5.092962
16640,1635778560,1.389343e+17,5.066192,5.093433
16650,1636761600,1.390178e+17,5.067497,5.093380
16660,1637744640,1.391013e+17,5.067254,5.092366
16670,1638727680,1.391848e+17,5.064512,5.090955
16680,1639710720,1.392683e+17,5.064343,5.090472
16690,1640693760,1.393518e+17,5.062964,5.091866
16700,1641676800,1.394353e+17,5.064042,5.090739
16710,1642659840,1.395187e+17,5.063153,5.092315
16720,1643642880,1.396022e+17,5.064782,5.088673
16730,1644625920,1.396857e+17,5.063516,5.089122
16740,1645608960,1.397692e+17,5.062852,5.090326
16750,1646592000,1.398527e+17,5.066135,5.091282
16760,1647575040,1.399362e+17,5.065629,5.089778
16770,1648558080,1.400197e+17,5.063039,5.088364
16780,1649541120,1.401032e+17,5.061016,5.089324
16790,1650524160,1.401867e+17,5.061844,5.087901
16800,1651507200,1.402702e+17,5.061042,5.087514
16810,1652490240,1.403537e+17,5.058448,5.088205
16820,1653473280,1.404372e+17,5.056697,5.087022
16830,1654456320,1.405207e+17,5.053934,5.087286
16840,1655439360,1.406042e+17,5.051541,5.087234
16850,1656422400,1.406877e+17,5.055656,5.086774
16860,1657405440,1.407712e+17,5.054453,5.087224
16870,1658388480,1.408547e+17,5.053258,5.086537
16880,1659371520,1.409381e+17,5.054954,5.088378
16890,1660354560,1.410216e+17,5.052316,5.086041
16900,1661337600,1.411051e+17,5.058492,5.085190
16910,1662320640,1.411886e+17,5.054504,5.084569
16920,1663303680,1.412721e+17,5.057744,5.084840
16930,1664286720,1.413556e+17,5.055395,5.085644
16940,1665269760,1.414391e+17,5.058125,5.083969
16950,1666252800,1.415226e+17,5.058757,5.083875
16960,1667235840,1.416061e+17,5.055772,5.082967
16970,1668218880,1.416896e+17,5.054470,5.082572
16980,1669201920,1.417731e+17,5.055793,5.082219
16990,1670184960,1.418566e+17,5.056165,5.082808
17000,1671168000,1.419401e+17,5.054678,5.082381
17010,1672151040,1.420236e+17,5.059482,5.082343
17020,1673134080,1.421071e+17,5.061835,5.082508
17030,1674117120,1.421906e+17,5.058437,5.082333
17040,1675100160,1.422741e+17,5.059997,5.082198
17050,1676083200,1.423576e+17,5.055553,5.081578
17060,1677066240,1.424410e+17,5.054969,5.081518
17070,1678049280,1.425245e+17,5.060132,5.080704
17080,1679032320,1.426080e+17,5.058641,5.080585
17090,1680015360,1.426915e+17,5.054003,5.079735
17100,1680998400,1.427750e+17,5.049086,5.080346
17110,1681981440,1.428585e+17,5.054439,5.078140
17120,1682964480,1.429420e+17,5.057221,5.078491
17130,1683947520,1.430255e+17,5.053791,5.079850
17140,1684930560,1.431090e+17,5.051628,5.080120
17150,1685913600,1.431925e+17,5.051554,5.079318
17160,1686896640,1.432760e+17,5.056859,5.079826
17170,1687879680,1.433595e+17,5.058761,5.077615
17180,1688862720,1.434430e+17,5.055293,5.077783
17190,1689845760,1.435265e+17,5.052217,5.076180
17200,1690828800,1.436100e+17,5.053382,5.075444
17210,1691811840,1.436935e+17,5.047655,5.075978
17220,1692794880,1.437770e+17,5.045345,5.074954
17230,1693777920,1.438604e+17,5.046856,5.075186
17240,1694760960,1.439439e+17,5.048309,5.075333
17250,1695744000,1.440274e+17,5.051143,5.076224
17260,1696727040,1.441109e+17,5.048683,5.076169
17270,1697710080,1.441944e+17,5.050781,5.076452
17280,1698693120,1.442779e+17,5.052664,5.074607
17290,1699676160,1.443614e+17,5.048158,5.075260
17300,1700659200,1.444449e+17,5.047737,5.075241
17310,1701642240,1.445284e+17,5.052866,5.074717
17320,1702625280,1.446119e+17,5.053322,5.073998
17330,1703608320,1.446954e+17,5.053825,5.072253
17340,1704591360,1.447789e+17,5.049969,5.072642
17350,1705574400,1.448624e+17,5.047358,5.074148
17360,1706557440,1.449459e+17,5.047637,5.072858
17370,1707540480,1.450294e+17,5.046572,5.072492
17380,1708523520,1.451129e+17,5.044349,5.071806
17390,1709506560,1.451964e+17,5.046635,5.072238
17400,1710489600,1.452798e+17,5.043766,5.071654
17410,1711472640,1.453633e+17,5.043275,5.071376
17420,1712455680,1.454468e+17,5.041845,5.070876
17430,1713438720,1.455303e+17,5.040576,5.070313
17440,1714421760,1.456138e+17,5.038320,5.068700
17450,1715404800,1.456973e+17,5.040319,5.071998
17460,1716387840,1.457808e+17,5.038063,5.070112
17470,1717370880,1.458643e+17,5.036506,5.069829
17480,1718353920,1.459478e+17,5.037420,5.069366
17490,1719336960,1.460313e+17,5.037071,5.069377
17500,1720320000,1.461148e+17,5.039537,5.068770
17510,1721303040,1.461983e+17,5.038360,5.068748
17520,1722286080,1.462818e+17,5.043164,5.067532
17530,1723269120,1.463653e+17,5.040459,5.067291
17540,1724252160,1.464488e+17,5.037428,5.067727
17550,1725235200,1.465323e+17,5.034478,5.067353
17560,1726218240,1.466158e+17,5.036912,5.066733
17570,1727201280,1.466992e+17,5.034629,5.066051
17580,1728184320,1.467827e+17,5.036515,5.067580
17590,1729167360,1.468662e+17,5.033828,5.066371
17600,1730150400,1.469497e+17,5.035619,5.065958
17610,1731133440,1.470332e+17,5.033322,5.066108
17620,1732116480,1.471167e+17,5.041327,5.064881
17630,1733099520,1.472002e+17,5.043159,5.064407
17640,1734082560,1.472837e+17,5.040464,5.065148
17650,1735065600,1.473672e+17,5.035613,5.064532
17660,1736048640,1.474507e+17,5.035010,5.064604
17670,1737031680,1.475342e+17,5.030805,5.064110
17680,1738014720,1.476177e+17,5.037249,5.064019
17690,1738997760,1.477012e+17,5.033896,5.063935
17700,1739980800,1.477847e+17,5.033476,5.063029
17710,1740963840,1.478682e+17,5.035889,5.063256
17720,1741946880,1.479517e+17,5.038406,5.062810
17730,1742929920,1.480352e+17,5.041253,5.061796
17740,1743912960,1.481186e+17,5.041243,5.062178
17750,1744896000,1.482021e+17,5.038744,5.063940
17760,1745879040,1.482856e+17,5.034423,5.063778
17770,1746862080,1.483691e+17,5.031740,5.062371
17780,1747845120,1.484526e+17,5.032491,5.062111
17790,1748828160,1.485361e+17,5.033092,5.061338
17800,1749811200,1.486196e+17,5.037889,5.062277
17810,1750794240,1.487031e+17,5.043283,5.061519
17820,1751777280,1.487866e+17,5.039956,5.060654
17830,1752760320,1.488701e+17,5.042062,5.059390
17840,1753743360,1.489536e+17,5.041979,5.059867
17850,1754726400,1.490371e+17,5.043393,5.061046
17860,1755709440,1.491206e+17,5.045632,5.060576
17870,1756692480,1.492041e+17,5.045208,5.058899
17880,1757675520,1.492876e+17,5.041537,5.058353
17890,1758658560,1.493711e+17,5.043837,5.058080
17900,1759641600,1.494546e+17,5.041608,5.060004
17910,1760624640,1.495380e+17,5.038082,5.060016
17920,1761607680,1.496215e+17,5.034315,5.059539
17930,1762590720,1.497050e+17,5.033019,5.058967
17940,1763573760,1.497885e+17,5.035343,5.059219
17950,1764556800,1.498720e+17,5.034666,5.058936
17960,1765539840,1.499555e+17,5.034875,5.058071
17970,1766522880,1.500390e+17,5.032721,5.057763
17980,1767505920,1.501225e+17,5.031930,5.056755
17990,1768488960,1.502060e+17,5.033010,5.056849
18000,1769472000,1.502895e+17,5.029608,5.057450
18010,1770455040,1.503730e+17,5.023528,5.057896
18020,1771438080,1.504565e+17,5.025526,5.056935
18030,1772421120,1.505400e+17,5.028277,5.056505
18040,1773404160,1.506235e+17,5.033247,5.055958
18050,1774387200,1.507070e+17,5.035022,5.056136
18060,1775370240,1.507905e+17,5.036747,5.054900
18070,1776353280,1.508740e+17,5.033259,5.054746
18080,1777336320,1.509574e+17,5.031660,5.055639
18090,1778319360,1.510409e+17,5.032630,5.055422
18100,1779302400,1.511244e+17,5.032572,5.055424
18110,1780285440,1.512079e+17,5.032477,5.054986
18120,1781268480,1.512914e+17,5.031912,5.054368
18130,1782251520,1.513749e+17,5.032761,5.054345
18140,1783234560,1.514584e+17,5.033662,5.053624
18150,1784217600,1.515419e+17,5.030817,5.053416
18160,1785200640,1.516254e+17,5.023891,5.053926
18170,1786183680,1.517089e+17,5.017268,5.053493
18180,1787166720,1.517924e+17,5.020404,5.053065
18190,1788149760,1.518759e+17,5.023114,5.052478
18200,1789132800,1.519594e+17,5.026348,5.052444
18210,1790115840,1.520429e+17,5.026144,5.052024
18220,1791098880,1.521264e+17,5.028768,5.051927
18230,1792081920,1.522099e+17,5.030392,5.051384
18240,1793064960,1.522934e+17,5.029829,5.051412
18250,1794048000,1.523768e+17,5.037322,5.051935
18260,1795031040,1.524603e+17,5.034670,5.051373
18270,1796014080,1.525438e+17,5.033443,5.050470
18280,1796997120,1.526273e+17,5.033875,5.050930
18290,1797980160,1.527108e+17,5.033431,5.050141
18300,1798963200,1.527943e+17,5.030935,5.049730
18310,1799946240,1.528778e+17,5.030612,5.049894
18320,1800929280,1.529613e+17,5.028664,5.049322
18330,1801912320,1.530448e+17,5.023280,5.048732
18340,1802895360,1.531283e+17,5.021160,5.049115
18350,1803878400,1.532118e+17,5.022795,5.048924
18360,1804861440,1.532953e+17,5.021385,5.049111
18370,1805844480,1.533788e+17,5.027796,5.048385
18380,1806827520,1.534623e+17,5.026253,5.047695
18390,1807810560,1.535458e+17,5.027922,5.047262
18400,1808793600,1.536293e+17,5.027612,5.047843
18410,1809776640,1.537128e+17,5.026712,5.048364
18420,1810759680,1.537963e+17,5.022903,5.046465
18430,1811742720,1.538797e+17,5.021228,5.046255
18440,1812725760,1.539632e+17,5.018767,5.045879
18450,1813708800,1.540467e+17,5.017815,5.046473
18460,1814691840,1.541302e+17,5.018534,5.046020
18470,1815674880,1.542137e+17,5.017507,5.045772
18480,1816657920,1.542972e+17,5.020411,5.045350
18490,1817640960,1.543807e+17,5.022266,5.045878
18500,1818624000,1.544642e+17,5.020015,5.045211
18510,1819607040,1.545477e+17,5.016367,5.045008
18520,1820590080,1.546312e+17,5.021397,5.044885
18530,1821573120,1.547147e+17,5.019532,5.043401
18540,1822556160,1.547982e+17,5.018365,5.043684
18550,1823539200,1.548817e+17,5.019729,5.044437
18560,1824522240,1.549652e+17,5.014344,5.043469
18570,1825505280,1.550487e+17,5.015440,5.044326
18580,1826488320,1.551322e+17,5.021576,5.044084
18590,1827471360,1.552157e+17,5.018474,5.044890
18600,1828454400,1.552991e+17,5.019309,5.043917
18610,1829437440,1.553826e+17,5.016499,5.043024
18620,1830420480,1.554661e+17,5.016660,5.042502
18630,1831403520,1.555496e+17,5.012691,5.041984
18640,1832386560,1.556331e+17,5.010322,5.041980
18650,1833369600,1.557166e+17,5.012349,5.042004
18660,1834352640,1.558001e+17,5.014639,5.042303
18670,1835335680,1.558836e+17,5.015872,5.041221
18680,1836318720,1.559671e+17,5.016656,5.041565
18690,1837301760,1.560506e+17,5.018474,5.041593
18700,1838284800,1.561341e+17,5.015562,5.040682
18710,1839267840,1.562176e+17,5.016697,5.040907
18720,1840250880,1.563011e+17,5.018311,5.040628
18730,1841233920,1.563846e+17,5.016945,5.040935
18740,1842216960,1.564681e+17,5.015022,5.040442
18750,1843200000,1.565516e+17,5.019078,5.040958
18760,1844183040,1.566351e+17,5.016650,5.039764
18770,1845166080,1.567185e+17,5.016951,5.040196
18780,1846149120,1.568020e+17,5.017153,5.039758
18790,1847132160,1.568855e+17,5.017991,5.039236
18800,1848115200,1.569690e+17,5.014512,5.038994
18810,1849098240,1.570525e+17,5.015287,5.038720
18820,1850081280,1.571360e+17,5.011577,5.038950
18830,1851064320,1.572195e+17,5.013898,5.038553
18840,1852047360,1.573030e+17,5.016553,5.038474
18850,1853030400,1.573865e+17,5.023826,5.038094
18860,1854013440,1.574700e+17,5.024438,5.038425
18870,1854996480,1.575535e+17,5.026186,5.037810
18880,1855979520,1.576370e+17,5.030073,5.038731
18890,1856962560,1.577205e+17,5.023766,5.037735
18900,1857945600,1.578040e+17,5.020261,5.037768
18910,1858928640,1.578875e+17,5.025542,5.037220
18920,1859911680,1.579710e+17,5.025048,5.036548
18930,1860894720,1.580545e+17,5.020383,5.036765
18940,1861877760,1.581379e+17,5.017631,5.036952
18950,1862860800,1.582214e+17,5.014598,5.036714
18960,1863843840,1.583049e+17,5.013805,5.036915
18970,1864826880,1.583884e+17,5.015727,5.036852
18980,1865809920,1.584719e+17,5.013935,5.036301
18990,1866792960,1.585554e+17,5.015390,5.035810
19000,1867776000,1.586389e+17,5.013490,5.035510
19010,1868759040,1.587224e+17,5.017185,5.035632
19020,1869742080,1.588059e+17,5.013515,5.035476
19030,1870725120,1.588894e+17,5.007335,5.035030
19040,1871708160,1.589729e+17,5.011993,5.034852
19050,1872691200,1.590564e+17,5.011275,5.034687
19060,1873674240,1.591399e+17,5.008566,5.033532
19070,1874657280,1.592234e+17,5.011137,5.033780
19080,1875640320,1.593069e+17,5.008915,5.032973
19090,1876623360,1.593904e+17,5.013287,5.033318
19100,1877606400,1.594739e+17,5.014395,5.033704
19110,1878589440,1.595573e+17,5.012517,5.033106
19120,1879572480,1.596408e+17,5.015274,5.033491
19130,1880555520,1.597243e+17,5.019903,5.032959
19140,1881538560,1.598078e+17,5.020634,5.032771
19150,1882521600,1.598913e+17,5.016604,5.033200
19160,1883504640,1.599748e+17,5.011476,5.032670
19170,1884487680,1.600583e+17,5.008480,5.032954
19180,1885470720,1.601418e+17,5.012061,5.032401
19190,1886453760,1.602253e+17,5.009257,5.032193
19200,1887436800,1.603088e+17,5.010935,5.031533
19210,1888419840,1.603923e+17,5.008032,5.032335
19220,1889402880,1.604758e+17,5.003963,5.031974
19230,1890385920,1.605593e+17,4.998313,5.031475
19240,1891368960,1.606428e+17,4.999030,5.030979
19250,1892352000,1.607263e+17,5.004389,5.030874
19260,1893335040,1.608098e+17,5.004968,5.030950
19270,1894318080,1.608933e+17,5.003898,5.030841
19280,1895301120,1.609767e+17,5.004006,5.030091
19290,1896284160,1.610602e+17,5.005874,5.029783
19300,1897267200,1.611437e+17,5.004690,5.029094
19310,1898250240,1.612272e+17,5.006226,5.029933
19320,1899233280,1.613107e+17,5.005191,5.029257
19330,1900216320,1.613942e+17,5.005541,5.029756
19340,1901199360,1.614777e+17,5.005780,5.029718
19350,1902182400,1.615612e+17,5.008140,5.029088
19360,1903165440,1.616447e+17,5.004836,5.030135
19370,1904148480,1.617282e+17,5.003216,5.028741
19380,1905131520,1.618117e+17,4.996646,5.029260
19390,1906114560,1.618952e+17,4.994398,5.029607
19400,1907097600,1.619787e+17,4.996954,5.028897
19410,1908080640,1.620622e+17,5.000370,5.028533
19420,1909063680,1.621457e+17,4.998741,5.027936
19430,1910046720,1.622292e+17,4.997607,5.027291
19440,1911029760,1.623127e+17,4.998381,5.027691
19450,1912012800,1.623961e+17,4.996785,5.026816
19460,1912995840,1.624796e+17,4.997409,5.026845
19470,1913978880,1.625631e+17,4.999469,5.027780
19480,1914961920,1.626466e+17,4.997119,5.027137
19490,1915944960,1.627301e+17,4.994421,5.026382
19500,1916928000,1.628136e+17,4.996876,5.025906
19510,1917911040,1.628971e+17,4.994949,5.025361
19520,1918894080,1.629806e+17,5.001274,5.025446
19530,1919877120,1.630641e+17,4.998331,5.025163
19540,1920860160,1.631476e+17,4.997800,5.025007
19550,1921843200,1.632311e+17,4.997253,5.025013
19560,1922826240,1.633146e+17,4.996024,5.025456
19570,1923809280,1.633981e+17,4.994148,5.024815
19580,1924792320,1.634816e+17,4.997314,5.025123
19590,1925775360,1.635651e+17,5.001068,5.024658
19600,1926758400,1.636486e+17,5.002150,5.024587
19610,1927741440,1.637321e+17,5.004541,5.024591
19620,1928724480,1.638156e+17,5.009562,5.024378
19630,1929707520,1.638990e+17,5.006985,5.023913
19640,1930690560,1.639825e+17,5.005015,5.023805
19650,1931673600,1.640660e+17,5.004895,5.023469
19660,1932656640,1.641495e+17,5.006770,5.023062
19670,1933639680,1.642330e+17,5.006322,5.023629
19680,1934622720,1.643165e+17,4.999608,5.024319
19690,1935605760,1.644000e+17,4.997985,5.023762
19700,1936588800,1.644835e+17,4.999446,5.023180
19710,1937571840,1.645670e+17,4.998935,5.022961
19720,1938554880,1.646505e+17,4.999062,5.022446
19730,1939537920,1.647340e+17,5.002266,5.023131
19740,1940520960,1.648175e+17,5.006202,5.022230
19750,1941504000,1.649010e+17,5.008717,5.021767
19760,1942487040,1.649845e+17,5.008919,5.022489
19770,1943470080,1.650680e+17,5.004522,5.022281
19780,1944453120,1.651515e+17,5.004098,5.022187
19790,1945436160,1.652350e+17,5.005742,5.021572
19800,1946419200,1.653184e+17,5.002893,5.021532
19810,1947402240,1.654019e+17,5.006440,5.021327
19820,1948385280,1.654854e+17,5.004174,5.021319
19830,1949368320,1.655689e+17,5.002219,5.021124
19840,1950351360,1.656524e+17,5.002723,5.021204
19850,1951334400,1.657359e+17,5.002957,5.020772
19860,1952317440,1.658194e+17,4.999811,5.020721
19870,1953300480,1.659029e+17,4.997935,5.021305
19880,1954283520,1.659864e+17,4.999456,5.020502
19890,1955266560,1.660699e+17,4.999232,5.020389
19900,1956249600,1.661534e+17,4.999494,5.019662
19910,1957232640,1.662369e+17,4.996706,5.020360
19920,1958215680,1.663204e+17,4.995066,5.020391
19930,1959198720,1.664039e+17,4.997094,5.020556
19940,1960181760,1.664874e+17,5.000211,5.020279
19950,1961164800,1.665709e+17,5.000685,5.019763
19960,1962147840,1.666544e+17,4.999288,5.020024
19970,1963130880,1.667378e+17,4.996270,5.019320
19980,1964113920,1.668213e+17,4.995096,5.019315
19990,1965096960,1.669048e+17,4.993172,5.019271
20000,1966080000,1.669883e+17,4.991700,5.018858
20010,1967063040,1.670718e+17,4.994053,5.019141
20020,1968046080,1.671553e+17,4.998466,5.018707
20030,1969029120,1.672388e+17,5.004523,5.018518
20040,1970012160,1.673223e+17,5.002877,5.018108
20050,1970995200,1.674058e+17,4.994298,5.018229
20060,1971978240,1.674893e+17,5.004714,5.017968
20070,1972961280,1.675728e+17,5.001324,5.018283
20080,1973944320,1.676563e+17,4.999439,5.017108
20090,1974927360,1.677398e+17,4.995724,5.016380
20100,1975910400,1.678233e+17,4.997306,5.017620
20110,1976893440,1.679068e+17,4.997243,5.016686
20120,1977876480,1.679903e+17,4.999093,5.016770
20130,1978859520,1.680738e+17,4.994715,5.016631
20140,1979842560,1.681572e+17,4.994995,5.016124
20150,1980825600,1.682407e+17,4.993563,5.016608
20160,1981808640,1.683242e+17,4.989224,5.016261
20170,1982791680,1.684077e+17,4.990275,5.016514
20180,1983774720,1.684912e+17,4.988618,5.016867
20190,1984757760,1.685747e+17,4.994463,5.016349
20200,1985740800,1.686582e+17,4.993142,5.016259
20210,1986723840,1.687417e+17,4.995110,5.015548
20220,1987706880,1.688252e+17,4.999641,5.015046
20230,1988689920,1.689087e+17,5.002160,5.015423
20240,1989672960,1.689922e+17,4.998936,5.015366
20250,1990656000,1.690757e+17,4.998769,5.015201
20260,1991639040,1.691592e+17,4.996485,5.015063
20270,1992622080,1.692427e+17,5.003105,5.014465
20280,1993605120,1.693262e+17,5.003352,5.014313
20290,1994588160,1.694097e+17,5.002738,5.013920
20300,1995571200,1.694932e+17,4.998892,5.013443
20310,1996554240,1.695766e+17,4.997523,5.014052
20320,1997537280,1.696601e+17,4.990305,5.013963
20330,1998520320,1.697436e+17,4.990593,5.014263
20340,1999503360,1.698271e+17,4.988982,5.013546
20350,2000486400,1.699106e+17,4.987248,5.013854
20360,2001469440,1.699941e+17,4.992882,5.013598
20370,2002452480,1.700776e+17,4.996434,5.013711
20380,2003435520,1.701611e+17,4.997312,5.013223
20390,2004418560,1.702446e+17,4.989310,5.013454
20400,2005401600,1.703281e+17,4.990850,5.012816
20410,2006384640,1.704116e+17,4.987474,5.012801
20420,2007367680,1.704951e+17,4.987958,5.013463
20430,2008350720,1.705786e+17,4.990047,5.012800
20440,2009333760,1.706621e+17,4.989565,5.012580
20450,2010316800,1.707456e+17,4.987097,5.012419
20460,2011299840,1.708291e+17,4.986989,5.012352
20470,2012282880,1.709126e+17,4.988861,5.012445
20480,2013265920,1.709960e+17,4.993017,5.011985
20490,2014248960,1.710795e+17,4.989065,5.012357
20500,2015232000,1.711630e+17,4.987561,5.012336
20510,2016215040,1.712465e+17,4.990341,5.011751
20520,2017198080,1.713300e+17,4.992375,5.011970
20530,2018181120,1.714135e+17,4.987685,5.011641
20540,2019164160,1.714970e+17,4.988166,5.011003
20550,2020147200,1.715805e+17,4.984723,5.011052
20560,2021130240,1.716640e+17,4.985248,5.011075
20570,2022113280,1.717475e+17,4.981633,5.011164
20580,2023096320,1.718310e+17,4.980674,5.010900
20590,2024079360,1.719145e+17,4.978313,5.011190
20600,2025062400,1.719980e+17,4.977332,5.010735
20610,2026045440,1.720815e+17,4.978692,5.010943
20620,2027028480,1.721650e+17,4.983664,5.011183
20630,2028011520,1.722485e+17,4.984976,5.011374
20640,2028994560,1.723320e+17,4.983530,5.010131
20650,2029977600,1.724154e+17,4.981928,5.011314
20660,2030960640,1.724989e+17,4.984133,5.010606
20670,2031943680,1.725824e+17,4.984628,5.010065
20680,2032926720,1.726659e+17,4.987221,5.010200
20690,2033909760,1.727494e+17,4.985677,5.009330
20700,2034892800,1.728329e+17,4.989097,5.009449
20710,2035875840,1.729164e+17,4.986877,5.009950
20720,2036858880,1.729999e+17,4.986574,5.009320
20730,2037841920,1.730834e+17,4.985412,5.008981
20740,2038824960,1.731669e+17,4.988701,5.009024
20750,2039808000,1.732504e+17,4.985285,5.008793
20760,2040791040,1.733339e+17,4.981376,5.008799
20770,2041774080,1.734174e+17,4.977273,5.008851
20780,2042757120,1.735009e+17,4.975078,5.008458
20790,2043740160,1.735844e+17,4.970849,5.008572
20800,2044723200,1.736679e+17,4.979359,5.008531
20810,2045706240,1.737514e+17,4.983882,5.008047
20820,2046689280,1.738348e+17,4.987023,5.008648
20830,2047672320,1.739183e+17,4.989349,5.008236
20840,2048655360,1.740018e+17,4.986750,5.007956
20850,2049638400,1.740853e+17,4.987620,5.007593
20860,2050621440,1.741688e+17,4.986106,5.007587
20870,2051604480,1.742523e+17,4.981733,5.007843
20880,2052587520,1.743358e+17,4.984457,5.007244
20890,2053570560,1.744193e+17,4.986613,5.007171
20900,2054553600,1.745028e+17,4.985602,5.007177
20910,2055536640,1.745863e+17,4.985134,5.007023
20920,2056519680,1.746698e+17,4.982556,5.006787
20930,2057502720,1.747533e+17,4.982653,5.007234
20940,2058485760,1.748368e+17,4.987850,5.007165
20950,2059468800,1.749203e+17,4.983954,5.007101
20960,2060451840,1.750038e+17,4.977382,5.006690
20970,2061434880,1.750873e+17,4.978984,5.006222
20980,2062417920,1.751708e+17,4.980734,5.006569
20990,2063400960,1.752543e+17,4.982064,5.006096
21000,2064384000,1.753377e+17,4.980966,5.006313
21010,2065367040,1.754212e+17,4.980954,5.006038
21020,2066350080,1.755047e+17,4.980681,5.005554
21030,2067333120,1.755882e+17,4.979703,5.005369
21040,2068316160,1.756717e+17,4.975559,5.005440
21050,2069299200,1.757552e+17,4.976210,5.005507
21060,2070282240,1.758387e+17,4.977907,5.005247
21070,2071265280,1.759222e+17,4.977919,5.005396
21080,2072248320,1.760057e+17,4.979230,5.005236
21090,2073231360,1.760892e+17,4.981212,5.005550
21100,2074214400,1.761727e+17,4.981115,5.005595
21110,2075197440,1.762562e+17,4.980133,5.005131
21120,2076180480,1.763397e+17,4.977737,5.005342
21130,2077163520,1.764232e+17,4.977846,5.005251
21140,2078146560,1.765067e+17,4.982969,5.005065
21150,2079129600,1.765902e+17,4.983538,5.004786
21160,2080112640,1.766737e+17,4.982983,5.004539
21170,2081095680,1.767571e+17,4.980562,5.004607
21180,2082078720,1.768406e+17,4.980434,5.004491
21190,2083061760,1.769241e+17,4.977294,5.004304
21200,2084044800,1.770076e+17,4.978057,5.004061
21210,2085027840,1.770911e+17,4.973590,5.004027
21220,2086010880,1.771746e+17,4.975283,5.003822
21230,2086993920,1.772581e+17,4.972492,5.004183
21240,2087976960,1.773416e+17,4.972683,5.003464
21250,2088960000,1.774251e+17,4.976487,5.003406
21260,2089943040,1.775086e+17,4.977020,5.003281
21270,2090926080,1.775921e+17,4.972460,5.003307
21280,2091909120,1.776756e+17,4.975215,5.003604
21290,2092892160,1.777591e+17,4.974776,5.002848
21300,2093875200,1.778426e+17,4.970080,5.002494
21310,2094858240,1.779261e+17,4.971923,5.002684
21320,2095841280,1.780096e+17,4.969466,5.002952
21330,2096824320,1.780931e+17,4.969785,5.002782
21340,2097807360,1.781765e+17,4.971368,5.002956
21350,2098790400,1.782600e+17,4.975238,5.002703
21360,2099773440,1.783435e+17,4.978104,5.002613
21370,2100756480,1.784270e+17,4.978629,5.002494
21380,2101739520,1.785105e+17,4.978671,5.002709
21390,2102722560,1.785940e+17,4.976361,5.002345
21400,2103705600,1.786775e+17,4.977488,5.002378
21410,2104688640,1.787610e+17,4.976828,5.002342
21420,2105671680,1.788445e+17,4.973699,5.002054
21430,2106654720,1.789280e+17,4.969252,5.002138
21440,2107637760,1.790115e+17,4.969478,5.001925
21450,2108620800,1.790950e+17,4.973728,5.001753
21460,2109603840,1.791785e+17,4.973575,5.001571
21470,2110586880,1.792620e+17,4.971299,5.001589
21480,2111569920,1.793455e+17,4.972562,5.001715
21490,2112552960,1.794290e+17,4.973237,5.001371
21500,2113536000,1.795125e+17,4.974190,5.001649
21510,2114519040,1.795959e+17,4.976505,5.001272
21520,2115502080,1.796794e+17,4.982099,5.001151
21530,2116485120,1.797629e+17,4.983668,5.000973
21540,2117468160,1.798464e+17,4.977421,5.001227
21550,2118451200,1.799299e+17,4.975190,5.000764
21560,2119434240,1.800134e+17,4.978747,5.000872
21570,2120417280,1.800969e+17,4.980043,5.000516
21580,2121400320,1.801804e+17,4.980386,5.000654
21590,2122383360,1.802639e+17,4.980430,5.000416
21600,2123366400,1.803474e+17,4.981055,5.000267
21610,2124349440,1.804309e+17,4.979639,5.000049
21620,2125332480,1.805144e+17,4.985770,5.000710
21630,2126315520,1.805979e+17,4.983763,5.000272
21640,2127298560,1.806814e+17,4.980324,4.999836
21650,2128281600,1.807649e+17,4.978547,4.999658
21660,2129264640,1.808484e+17,4.983660,4.999872
21670,2130247680,1.809319e+17,4.982671,4.999665
21680,2131230720,1.810153e+17,4.982804,4.999859
21690,2132213760,1.810988e+17,4.980380,4.999740
21700,2133196800,1.811823e+17,4.976571,4.999530
21710,2134179840,1.812658e+17,4.976318,4.999731
21720,2135162880,1.813493e+17,4.975345,4.999253
21730,2136145920,1.814328e+17,4.976075,4.999469
21740,2137128960,1.815163e+17,4.976060,4.999493
21750,2138112000,1.815998e+17,4.972412,4.999252
21760,2139095040,1.816833e+17,4.971072,4.999340
21770,2140078080,1.817668e+17,4.974870,4.999162
21780,2141061120,1.818503e+17,4.969103,4.999107
21790,2142044160,1.819338e+17,4.972710,4.999000
21800,2143027200,1.820173e+17,4.973683,4.998695
21810,2144010240,1.821008e+17,4.973399,4.999208
21820,2144993280,1.821843e+17,4.973308,4.998571
21830,2145976320,1.822678e+17,4.971545,4.998666
21840,2146959360,1.823513e+17,4.973125,4.998547
21850,2147942400,1.824347e+17,4.970440,4.998265
21860,2148925440,1.825182e+17,4.975508,4.998031
21870,2149908480,1.826017e+17,4.974205,4.998014
21880,2150891520,1.826852e+17,4.981166,4.997952
21890,2151874560,1.827687e+17,4.980090,4.997956
21900,2152857600,1.828522e+17,4.978335,4.998013
21910,2153840640,1.829357e+17,4.981052,4.998054
21920,2154823680,1.830192e+17,4.977492,4.997839
21930,2155806720,1.831027e+17,4.977970,4.997581
21940,2156789760,1.831862e+17,4.978385,4.997768
21950,2157772800,1.832697e+17,4.973915,4.997514
21960,2158755840,1.833532e+17,4.973443,4.997302
21970,2159738880,1.834367e+17,4.973191,4.997501
21980,2160721920,1.835202e+17,4.972102,4.997425
21990,2161704960,1.836037e+17,4.970288,4.997375
22000,2162688000,1.836872e+17,4.968986,4.996907
22010,2163671040,1.837707e+17,4.965319,4.997186
22020,2164654080,1.838541e+17,4.965984,4.997027
22030,2165637120,1.839376e+17,4.964961,4.996804
22040,2166620160,1.840211e+17,4.958608,4.996810
22050,2167603200,1.841046e+17,4.959795,4.996885
22060,2168586240,1.841881e+17,4.963671,4.996699
22070,2169569280,1.842716e+17,4.964407,4.996640
22080,2170552320,1.843551e+17,4.970406,4.996487
22090,2171535360,1.844386e+17,4.968989,4.996623
22100,2172518400,1.845221e+17,4.970810,4.996494
22110,2173501440,1.846056e+17,4.974689,4.996488
22120,2174484480,1.846891e+17,4.972254,4.996259
22130,2175467520,1.847726e+17,4.973523,4.996100
22140,2176450560,1.848561e+17,4.973257,4.996224
22150,2177433600,1.849396e+17,4.973072,4.996243
22160,2178416640,1.850231e+17,4.972052,4.996217
22170,2179399680,1.851066e+17,4.973057,4.995997
22180,2180382720,1.851901e+17,4.972896,4.995717
22190,2181365760,1.852736e+17,4.970985,4.995847
22200,2182348800,1.853570e+17,4.968051,4.995637
22210,2183331840,1.854405e+17,4.970798,4.995608
22220,2184314880,1.855240e+17,4.973542,4.995558
22230,2185297920,1.856075e+17,4.970944,4.995409
22240,2186280960,1.856910e+17,4.974200,4.995311
22250,2187264000,1.857745e+17,4.978580,4.995278
22260,2188247040,1.858580e+17,4.977798,4.995342
22270,2189230080,1.859415e+17,4.974696,4.995081
22280,2190213120,1.860250e+17,4.972464,4.995307
22290,2191196160,1.861085e+17,4.968614,4.995037
22300,2192179200,1.861920e+17,4.965426,4.995109
22310,2193162240,1.862755e+17,4.966516,4.994935
22320,2194145280,1.863590e+17,4.967417,4.995000
22330,2195128320,1.864425e+17,4.972732,4.994871
22340,2196111360,1.865260e+17,4.975270,4.994902
22350,2197094400,1.866095e+17,4.974577,4.994794
22360,2198077440,1.866930e+17,4.969813,4.994825
22370,2199060480,1.867764e+17,4.973582,4.994857
22380,2200043520,1.868599e+17,4.975291,4.994580
22390,2201026560,1.869434e+17,4.974468,4.994615
22400,2202009600,1.870269e+17,4.968398,4.994513
22410,2202992640,1.871104e+17,4.967928,4.994448
22420,2203975680,1.871939e+17,4.969983,4.994547
22430,2204958720,1.872774e+17,4.973184,4.994381
22440,2205941760,1.873609e+17,4.970860,4.994385
22450,2206924800,1.874444e+17,4.969428,4.994622
22460,2207907840,1.875279e+17,4.965156,4.994239
22470,2208890880,1.876114e+17,4.963471,4.994363
22480,2209873920,1.876949e+17,4.962752,4.994090
22490,2210856960,1.877784e+17,4.961657,4.994067
22500,2211840000,1.878619e+17,4.972134,4.994016
22510,2212823040,1.879454e+17,4.978390,4.993771
22520,2213806080,1.880289e+17,4.980143,4.993717
22530,2214789120,1.881124e+17,4.977900,4.993722
22540,2215772160,1.881958e+17,4.977589,4.993685
22550,2216755200,1.882793e+17,4.980267,4.993893
22560,2217738240,1.883628e+17,4.983266,4.993565
22570,2218721280,1.884463e+17,4.980162,4.993374
22580,2219704320,1.885298e+17,4.976363,4.993442
22590,2220687360,1.886133e+17,4.968051,4.993519
22600,2221670400,1.886968e+17,4.971341,4.993093
22610,2222653440,1.887803e+17,4.967090,4.993272
22620,2223636480,1.888638e+17,4.967022,4.993364
22630,2224619520,1.889473e+17,4.964824,4.993215
22640,2225602560,1.890308e+17,4.965967,4.993079
22650,2226585600,1.891143e+17,4.967089,4.992926
22660,2227568640,1.891978e+17,4.969060,4.993103
22670,2228551680,1.892813e+17,4.971481,4.993088
22680,2229534720,1.893648e+17,4.974125,4.993141
22690,2230517760,1.894483e+17,4.971735,4.992854
22700,2231500800,1.895318e+17,4.973032,4.992661
22710,2232483840,1.896152e+17,4.964985,4.992711
22720,2233466880,1.896987e+17,4.963292,4.992423
22730,2234449920,1.897822e+17,4.966090,4.992329
22740,2235432960,1.898657e+17,4.967954,4.992485
22750,2236416000,1.899492e+17,4.966291,4.992439
22760,2237399040,1.900327e+17,4.972080,4.992426
22770,2238382080,1.901162e+17,4.972117,4.992321
22780,2239365120,1.901997e+17,4.968880,4.992315
22790,2240348160,1.902832e+17,4.968854,4.992168
22800,2241331200,1.903667e+17,4.972339,4.992015
22810,2242314240,1.904502e+17,4.973220,4.991998
22820,2243297280,1.905337e+17,4.972244,4.992086
22830,2244280320,1.906172e+17,4.973101,4.991832
22840,2245263360,1.907007e+17,4.974877,4.992111
22850,2246246400,1.907842e+17,4.974971,4.992185
22860,2247229440,1.908677e+17,4.970241,4.991883
22870,2248212480,1.909512e+17,4.970741,4.991644
22880,2249195520,1.910346e+17,4.971184,4.991519
22890,2250178560,1.911181e+17,4.975902,4.991686
22900,2251161600,1.912016e+17,4.978694,4.991540
22910,2252144640,1.912851e+17,4.976745,4.991486
22920,2253127680,1.913686e+17,4.973247,4.991477
22930,2254110720,1.914521e+17,4.970341,4.991495
22940,2255093760,1.915356e+17,4.964524,4.991347
22950,2256076800,1.916191e+17,4.965919,4.991211
22960,2257059840,1.917026e+17,4.964285,4.991075
22970,2258042880,1.917861e+17,4.965091,4.991017
22980,2259025920,1.918696e+17,4.963053,4.991038
22990,2260008960,1.919531e+17,4.966499,4.990939
23000,2260992000,1.920366e+17,4.964847,4.991039
23010,2261975040,1.921201e+17,4.961491,4.991033
23020,2262958080,1.922036e+17,4.964163,4.990975
23030,2263941120,1.922871e+17,4.961361,4.991008
23040,2264924160,1.923706e+17,4.961918,4.990909
23050,2265907200,1.924540e+17,4.962108,4.991048
23060,2266890240,1.925375e+17,4.966580,4.990868
23070,2267873280,1.926210e+17,4.969582,4.990805
23080,2268856320,1.927045e+17,4.970741,4.990692
23090,2269839360,1.927880e+17,4.967771,4.990834
23100,2270822400,1.928715e+17,4.968492,4.990665
23110,2271805440,1.929550e+17,4.964822,4.990676
23120,2272788480,1.930385e+17,4.965344,4.990489
23130,2273771520,1.931220e+17,4.966739,4.990426
23140,2274754560,1.932055e+17,4.967304,4.990402
23150,2275737600,1.932890e+17,4.969495,4.990449
23160,2276720640,1.933725e+17,4.970017,4.990391
23170,2277703680,1.934560e+17,4.969698,4.990474
23180,2278686720,1.935395e+17,4.968468,4.990327
23190,2279669760,1.936230e+17,4.969347,4.990391
23200,2280652800,1.937065e+17,4.970598,4.990210
23210,2281635840,1.937900e+17,4.968143,4.990278
23220,2282618880,1.938734e+17,4.970745,4.990114
23230,2283601920,1.939569e+17,4.971132,4.990222
23240,2284584960,1.940404e+17,4.972430,4.990124
23250,2285568000,1.941239e+17,4.972106,4.990112
23260,2286551040,1.942074e+17,4.966966,4.990063
23270,2287534080,1.942909e+17,4.962843,4.990094
23280,2288517120,1.943744e+17,4.967077,4.990209
23290,2289500160,1.944579e+17,4.967308,4.989995
23300,2290483200,1.945414e+17,4.969881,4.989877
23310,2291466240,1.946249e+17,4.965023,4.989745
23320,2292449280,1.947084e+17,4.967143,4.989768
23330,2293432320,1.947919e+17,4.962228,4.989884
23340,2294415360,1.948754e+17,4.964253,4.989792
23350,2295398400,1.949589e+17,4.965744,4.989760
23360,2296381440,1.950424e+17,4.966033,4.989565
23370,2297364480,1.951259e+17,4.965792,4.989576
23380,2298347520,1.952094e+17,4.963292,4.989574
23390,2299330560,1.952929e+17,4.965102,4.989656
23400,2300313600,1.953763e+17,4.962013,4.989586
23410,2301296640,1.954598e+17,4.967865,4.989527
23420,2302279680,1.955433e+17,4.968618,4.989573
23430,2303262720,1.956268e+17,4.966164,4.989543
23440,2304245760,1.957103e+17,4.962056,4.989559
23450,2305228800,1.957938e+17,4.962759,4.989610
23460,2306211840,1.958773e+17,4.962221,4.989504
23470,2307194880,1.959608e+17,4.961121,4.989354
23480,2308177920,1.960443e+17,4.967296,4.989350
23490,2309160960,1.961278e+17,4.969610,4.989386
23500,2310144000,1.962113e+17,4.973263,4.989365
23510,2311127040,1.962948e+17,4.972843,4.989423
23520,2312110080,1.963783e+17,4.964875,4.989398
23530,2313093120,1.964618e+17,4.960863,4.989391
23540,2314076160,1.965453e+17,4.961924,4.989311
23550,2315059200,1.966288e+17,4.958192,4.989279
23560,2316042240,1.967123e+17,4.961743,4.989241
23570,2317025280,1.967957e+17,4.964602,4.989198
23580,2318008320,1.968792e+17,4.966268,4.989080
23590,2318991360,1.969627e+17,4.965614,4.989115
23600,2319974400,1.970462e+17,4.968380,4.989012
23610,2320957440,1.971297e+17,4.970430,4.989005
23620,2321940480,1.972132e+17,4.968159,4.988946
23630,2322923520,1.972967e+17,4.967576,4.988864
23640,2323906560,1.973802e+17,4.967202,4.988809
23650,2324889600,1.974637e+17,4.968039,4.988849
23660,2325872640,1.975472e+17,4.967067,4.988711
23670,2326855680,1.976307e+17,4.963643,4.988733
23680,2327838720,1.977142e+17,4.965443,4.988809
23690,2328821760,1.977977e+17,4.961930,4.988714
23700,2329804800,1.978812e+17,4.961062,4.988706
23710,2330787840,1.979647e+17,4.964490,4.988748
23720,2331770880,1.980482e+17,4.964415,4.988574
23730,2332753920,1.981317e+17,4.966812,4.988538
23740,2333736960,1.982151e+17,4.963720,4.988574
23750,2334720000,1.982986e+17,4.963207,4.988545
23760,2335703040,1.983821e+17,4.962084,4.988516
23770,2336686080,1.984656e+17,4.966641,4.988459
23780,2337669120,1.985491e+17,4.966171,4.988392
23790,2338652160,1.986326e+17,4.967337,4.988297
23800,2339635200,1.987161e+17,4.970478,4.988301
23810,2340618240,1.987996e+17,4.967011,4.988323
23820,2341601280,1.988831e+17,4.965775,4.988373
23830,2342584320,1.989666e+17,4.965391,4.988368
23840,2343567360,1.990501e+17,4.965341,4.988364
23850,2344550400,1.991336e+17,4.970459,4.988366
23860,2345533440,1.992171e+17,4.970488,4.988302
23870,2346516480,1.993006e+17,4.965923,4.988306
23880,2347499520,1.993841e+17,4.964159,4.988253
23890,2348482560,1.994676e+17,4.965778,4.988243
23900,2349465600,1.995511e+17,4.969459,4.988207
23910,2350448640,1.996345e+17,4.971401,4.988093
23920,2351431680,1.997180e+17,4.964016,4.988173
23930,2352414720,1.998015e+17,4.960493,4.988170
23940,2353397760,1.998850e+17,4.961861,4.988195
23950,2354380800,1.999685e+17,4.960918,4.988200
23960,2355363840,2.000520e+17,4.962731,4.988165
23970,2356346880,2.001355e+17,4.961421,4.988105
23980,2357329920,2.002190e+17,4.961476,4.988048
23990,2358312960,2.003025e+17,4.959681,4.988002
24000,2359296000,2.003860e+17,4.958416,4.987976
24010,2360279040,2.004695e+17,4.958119,4.987925
24020,2361262080,2.005530e+17,4.963402,4.987935
24030,2362245120,2.006365e+17,4.958929,4.987979
24040,2363228160,2.007200e+17,4.963630,4.988018
24050,2364211200,2.008035e+17,4.965125,4.987995
24060,2365194240,2.008870e+17,4.968296,4.987941
24070,2366177280,2.009705e+17,4.966161,4.987934
24080,2367160320,2.010539e+17,4.963335,4.987924
24090,2368143360,2.011374e+17,4.962860,4.987877
24100,2369126400,2.012209e+17,4.961893,4.987857
24110,2370109440,2.013044e+17,4.957575,4.987850
24120,2371092480,2.013879e+17,4.951307,4.987798
24130,2372075520,2.014714e+17,4.957630,4.987778
24140,2373058560,2.015549e+17,4.956733,4.987783
24150,2374041600,2.016384e+17,4.950856,4.987816
24160,2375024640,2.017219e+17,4.953657,4.987766
24170,2376007680,2.018054e+17,4.957241,4.987706
24180,2376990720,2.018889e+17,4.958530,4.987653
24190,2377973760,2.019724e+17,4.964081,4.987687
24200,2378956800,2.020559e+17,4.962174,4.987647
24210,2379939840,2.021394e+17,4.958731,4.987646
24220,2380922880,2.022229e+17,4.960766,4.987579
24230,2381905920,2.023064e+17,4.961862,4.987530
24240,2382888960,2.023899e+17,4.957238,4.987555
24250,2383872000,2.024733e+17,4.955520,4.987599
24260,2384855040,2.025568e+17,4.962277,4.987543
24270,2385838080,2.026403e+17,4.963160,4.987498
24280,2386821120,2.027238e+17,4.964564,4.987491
24290,2387804160,2.028073e+17,4.969836,4.987474
24300,2388787200,2.028908e+17,4.970676,4.987457
24310,2389770240,2.029743e+17,4.964281,4.987499
24320,2390753280,2.030578e+17,4.962969,4.987472
24330,2391736320,2.031413e+17,4.965994,4.987428
24340,2392719360,2.032248e+17,4.966658,4.987456
24350,2393702400,2.033083e+17,4.965723,4.987421
24360,2394685440,2.033918e+17,4.965579,4.987404
24370,2395668480,2.034753e+17,4.962109,4.987413
24380,2396651520,2.035588e+17,4.965156,4.987400
24390,2397634560,2.036423e+17,4.965112,4.987406
24400,2398617600,2.037258e+17,4.964226,4.987392
24410,2399600640,2.038093e+17,4.964742,4.987395
24420,2400583680,2.038927e+17,4.961861,4.987387
24430,2401566720,2.039762e+17,4.962649,4.987323
24440,2402549760,2.040597e+17,4.967105,4.987287
24450,2403532800,2.041432e+17,4.964852,4.987297
24460,2404515840,2.042267e+17,4.967280,4.987317
24470,2405498880,2.043102e+17,4.960015,4.987309
24480,2406481920,2.043937e+17,4.960947,4.987251
24490,2407464960,2.044772e+17,4.961629,4.987230
24500,2408448000,2.045607e+17,4.965523,4.987233
24510,2409431040,2.046442e+17,4.968983,4.987246
24520,2410414080,2.047277e+17,4.965401,4.987276
24530,2411397120,2.048112e+17,4.963278,4.987293
24540,2412380160,2.048947e+17,4.963965,4.987301
24550,2413363200,2.049782e+17,4.958579,4.987273
24560,2414346240,2.050617e+17,4.955116,4.987235
24570,2415329280,2.051452e+17,4.956319,4.987228
24580,2416312320,2.052287e+17,4.959663,4.987214
24590,2417295360,2.053121e+17,4.963098,4.987208
24600,2418278400,2.053956e+17,4.964171,4.987211
24610,2419261440,2.054791e+17,4.965069,4.987188
24620,2420244480,2.055626e+17,4.962526,4.987171
24630,2421227520,2.056461e+17,4.965272,4.987157
24640,2422210560,2.057296e+17,4.968309,4.987133
24650,2423193600,2.058131e+17,4.968614,4.987118
24660,2424176640,2.058966e+17,4.965362,4.987113
24670,2425159680,2.059801e+17,4.962919,4.987118
24680,2426142720,2.060636e+17,4.966926,4.987136
24690,2427125760,2.061471e+17,4.966569,4.987120
24700,2428108800,2.062306e+17,4.966149,4.987101
24710,2429091840,2.063141e+17,4.960325,4.987093
24720,2430074880,2.063976e+17,4.962147,4.987090
24730,2431057920,2.064811e+17,4.962169,4.987072
24740,2432040960,2.065646e+17,4.962086,4.987077
24750,2433024000,2.066481e+17,4.969035,4.987058
24760,2434007040,2.067316e+17,4.974030,4.987053
24770,2434990080,2.068150e+17,4.970595,4.987053
24780,2435973120,2.068985e+17,4.971654,4.987063
24790,2436956160,2.069820e+17,4.967764,4.987063
24800,2437939200,2.070655e+17,4.969516,4.987059
24810,2438922240,2.071490e+17,4.969887,4.987053
24820,2439905280,2.072325e+17,4.966992,4.987055
24830,2440888320,2.073160e+17,4.965487,4.987053
24840,2441871360,2.073995e+17,4.965703,4.987049
24850,2442854400,2.074830e+17,4.965431,4.987059
24860,2443837440,2.075665e+17,4.961693,4.987048
24870,2444820480,2.076500e+17,4.957720,4.987026
24880,2445803520,2.077335e+17,4.958159,4.987012
24890,2446786560,2.078170e+17,4.957245,4.987001
24900,2447769600,2.079005e+17,4.959775,4.986999
24910,2448752640,2.079840e+17,4.960880,4.987007
24920,2449735680,2.080675e+17,4.962868,4.987005
24930,2450718720,2.081510e+17,4.969295,4.987010
24940,2451701760,2.082344e+17,4.970025,4.987001
24950,2452684800,2.083179e+17,4.969735,4.986984
24960,2453667840,2.084014e+17,4.968838,4.986967
24970,2454650880,2.084849e+17,4.972891,4.986961
24980,2455633920,2.085684e+17,4.974424,4.986963
24990,2456616960,2.086519e+17,4.970782,4.986962
25000,2457600000,2.087354e+17,4.972245,4.986962
25010,2458583040,2.088189e+17,4.970401,4.986965
25020,2459566080,2.089024e+17,4.966174,4.986963
25030,2460549120,2.089859e+17,4.961422,4.986962
25040,2461532160,2.090694e+17,4.961603,4.986957
25050,2462515200,2.091529e+17,4.963421,4.986953
25060,2463498240,2.092364e+17,4.960413,4.986950
25070,2464481280,2.093199e+17,4.962247,4.986948
25080,2465464320,2.094034e+17,4.957527,4.986946
25090,2466447360,2.094869e+17,4.956156,4.986944
25100,2467430400,2.095704e+17,4.955694,4.986942
25110,2468413440,2.096538e+17,4.954233,4.986940
25120,2469396480,2.097373e+17,4.957450,4.986939
25130,2470379520,2.098208e+17,4.953818,4.986938
25140,2471362560,2.099043e+17,4.958045,4.986938
25150,2472345600,2.099878e+17,4.958293,4.986936
25160,2473328640,2.100713e+17,4.955812,4.986938
25170,2474311680,2.101548e+17,4.953221,4.986937
25180,2475294720,2.102383e+17,4.958400,4.986937
25190,2476277760,2.103218e+17,4.958937,4.986937
25200,2477260800,2.104053e+17,4.957045,4.986936
25210,2478243840,2.104888e+17,4.955545,4.986935
25220,2479226880,2.105723e+17,4.959674,4.986932
25230,2480209920,2.106558e+17,4.963022,4.986930
25240,2481192960,2.107393e+17,4.958846,4.986930
25250,2482176000,2.108228e+17,4.954510,4.986930
25260,2483159040,2.109063e+17,4.956411,4.986930
25270,2484142080,2.109898e+17,4.958382,4.986931
25280,2485125120,2.110732e+17,4.959977,4.986932
25290,2486108160,2.111567e+17,4.961662,4.986932
25300,2487091200,2.112402e+17,4.963424,4.986931
25310,2488074240,2.113237e+17,4.966986,4.986931
25320,2489057280,2.114072e+17,4.969897,4.986931
25330,2490040320,2.114907e+17,4.972042,4.986931
25340,2491023360,2.115742e+17,4.968146,4.986931
25350,2492006400,2.116577e+17,4.971868,4.986931
25360,2492989440,2.117412e+17,4.966555,4.986930
25370,2493972480,2.118247e+17,4.967943,4.986930
25380,2494955520,2.119082e+17,4.963889,4.986930
25390,2495938560,2.119917e+17,4.963238,4.986930
25400,2496921600,2.120752e+17,4.963495,4.986930
25410,2497904640,2.121587e+17,4.969278,4.986930
25420,2498887680,2.122422e+17,4.968784,4.986930
25430,2499870720,2.123257e+17,4.969044,4.986930
25432,2500067328,2.123424e+17,4.967049,4.972159
