step,tokens_seen,cumulative_flops,train_loss,eval_loss
100,1638400,6.442451e+13,297.139191,141.823955
200,3276800,1.288490e+14,87.911057,43.664171
300,4915200,1.932735e+14,44.695488,36.531883
400,6553600,2.576980e+14,35.158756,32.935227
500,8192000,3.221225e+14,30.915565,29.788912
600,9830400,3.865471e+14,27.747641,26.690183
700,11468800,4.509716e+14,24.858479,23.807670
800,13107200,5.153961e+14,21.795214,21.115598
900,14745600,5.798206e+14,19.671730,19.339112
1000,16384000,6.442451e+14,17.808893,17.327934
1100,18022400,7.086696e+14,15.950560,15.313277
1200,19660800,7.730941e+14,14.186698,13.676078
1300,21299200,8.375186e+14,12.785202,12.599656
1400,22937600,9.019431e+14,11.913151,11.674035
1500,24576000,9.663676e+14,11.027103,10.835802
1600,26214400,1.030792e+15,10.225675,10.238255
1700,27852800,1.095217e+15,9.780835,9.732420
1800,29491200,1.159641e+15,9.400562,9.278189
1900,31129600,1.224066e+15,8.982568,8.961463
2000,32768000,1.288490e+15,8.732620,8.675186
2100,34406400,1.352915e+15,8.368329,8.445193
2200,36044800,1.417339e+15,8.127879,8.222508
2300,37683200,1.481764e+15,7.984686,8.053946
2400,39321600,1.546188e+15,7.811345,7.900791
2500,40960000,1.610613e+15,7.728380,7.794968
2600,42598400,1.675037e+15,7.603595,7.709236
2700,44236800,1.739462e+15,7.520271,7.590947
2800,45875200,1.803886e+15,7.462245,7.504947
2900,47513600,1.868311e+15,7.351707,7.454520
3000,49152000,1.932735e+15,7.281215,7.392697
3100,50790400,1.997160e+15,7.218289,7.355535
3200,52428800,2.061584e+15,7.145838,7.274110
3300,54067200,2.126009e+15,7.161524,7.243506
3400,55705600,2.190433e+15,7.119952,7.210083
3500,57344000,2.254858e+15,7.049828,7.178390
3600,58982400,2.319282e+15,7.088861,7.153898
3700,60620800,2.383707e+15,6.996826,7.087855
3800,62259200,2.448131e+15,7.047258,7.065874
3900,63897600,2.512556e+15,6.971003,7.038073
4000,65536000,2.576980e+15,6.955726,7.020494
4100,67174400,2.641405e+15,6.908389,6.992251
4200,68812800,2.705829e+15,6.942016,6.977318
4300,70451200,2.770254e+15,6.899351,6.971067
4400,72089600,2.834678e+15,6.854944,6.939496
4500,73728000,2.899103e+15,6.837953,6.917159
4600,75366400,2.963527e+15,6.791891,6.911557
4700,77004800,3.027952e+15,6.762913,6.870764
4800,78643200,3.092376e+15,6.765989,6.874296
4900,80281600,3.156801e+15,6.792893,6.823456
5000,81920000,3.221225e+15,6.754203,6.834746
5100,83558400,3.285650e+15,6.764941,6.791065
5200,85196800,3.350074e+15,6.707229,6.813531
5300,86835200,3.414499e+15,6.729872,6.784845
5400,88473600,3.478924e+15,6.685117,6.784107
5500,90112000,3.543348e+15,6.698393,6.750525
5600,91750400,3.607773e+15,6.669062,6.775181
5700,93388800,3.672197e+15,6.689167,6.735888
5800,95027200,3.736622e+15,6.701192,6.706702
5900,96665600,3.801046e+15,6.675498,6.718822
6000,98304000,3.865471e+15,6.566480,6.684904
6100,99942400,3.929895e+15,6.564964,6.665158
6200,101580800,3.994320e+15,6.569749,6.650962
6300,103219200,4.058744e+15,6.586514,6.638850
6400,104857600,4.123169e+15,6.549528,6.638436
6500,106496000,4.187593e+15,6.583013,6.627550
6600,108134400,4.252018e+15,6.554977,6.614127
6700,109772800,4.316442e+15,6.540463,6.594915
6800,111411200,4.380867e+15,6.521285,6.583363
6900,113049600,4.445291e+15,6.491536,6.573912
7000,114688000,4.509716e+15,6.477074,6.561691
7100,116326400,4.574140e+15,6.460156,6.545936
7200,117964800,4.638565e+15,6.456430,6.536821
7300,119603200,4.702989e+15,6.443379,6.521194
7400,121241600,4.767414e+15,6.429180,6.529826
7500,122880000,4.831838e+15,6.444386,6.559332
7600,124518400,4.896263e+15,6.439211,6.497170
7700,126156800,4.960687e+15,6.417281,6.483650
7800,127795200,5.025112e+15,6.390561,6.479795
7900,129433600,5.089536e+15,6.423182,6.466131
8000,131072000,5.153961e+15,6.405837,6.459061
8100,132710400,5.218385e+15,6.337963,6.437526
8200,134348800,5.282810e+15,6.385511,6.428296
8300,135987200,5.347234e+15,6.356225,6.421201
8400,137625600,5.411659e+15,6.374881,6.406102
8500,139264000,5.476083e+15,6.276197,6.421502
8600,140902400,5.540508e+15,6.386852,6.400666
8700,142540800,5.604932e+15,6.325854,6.378917
8800,144179200,5.669357e+15,6.328285,6.367184
8900,145817600,5.733781e+15,6.285485,6.364310
9000,147456000,5.798206e+15,6.297183,6.351764
9100,149094400,5.862630e+15,6.282765,6.350589
9200,150732800,5.927055e+15,6.295819,6.371527
9300,152371200,5.991479e+15,6.239890,6.346280
9400,154009600,6.055904e+15,6.251093,6.322342
9500,155648000,6.120328e+15,6.270628,6.310098
9600,157286400,6.184753e+15,6.258307,6.305993
9700,158924800,6.249177e+15,6.250249,6.297047
9800,160563200,6.313602e+15,6.218774,6.291637
9900,162201600,6.378026e+15,6.195429,6.279875
10000,163840000,6.442451e+15,6.228039,6.284792
10100,165478400,6.506875e+15,6.230079,6.270276
10200,167116800,6.571300e+15,6.164045,6.263757
10300,168755200,6.635724e+15,6.156550,6.246106
10400,170393600,6.700149e+15,6.166430,6.246775
10500,172032000,6.764573e+15,6.165418,6.241025
10600,173670400,6.828998e+15,6.192385,6.220584
10700,175308800,6.893423e+15,6.179864,6.221277
10800,176947200,6.957847e+15,6.130152,6.242527
10900,178585600,7.022272e+15,6.197973,6.191563
11000,180224000,7.086696e+15,6.123889,6.206318
11100,181862400,7.151121e+15,6.116755,6.185623
11200,183500800,7.215545e+15,6.152584,6.181800
11300,185139200,7.279970e+15,6.097367,6.186296
11400,186777600,7.344394e+15,6.038427,6.178829
11500,188416000,7.408819e+15,6.072320,6.163593
11600,190054400,7.473243e+15,6.088394,6.158695
11700,191692800,7.537668e+15,6.079144,6.145407
11800,193331200,7.602092e+15,6.040603,6.137329
11900,194969600,7.666517e+15,6.090401,6.138025
12000,196608000,7.730941e+15,6.085598,6.129969
12100,198246400,7.795366e+15,5.995332,6.145862
12200,199884800,7.859790e+15,6.074718,6.121869
12300,201523200,7.924215e+15,6.037909,6.109331
12400,203161600,7.988639e+15,6.061108,6.110870
12500,204800000,8.053064e+15,6.035583,6.099251
12600,206438400,8.117488e+15,6.023160,6.092928
12700,208076800,8.181913e+15,6.016687,6.101266
12800,209715200,8.246337e+15,6.015973,6.078423
12900,211353600,8.310762e+15,5.991440,6.083186
13000,212992000,8.375186e+15,5.984141,6.077851
13100,214630400,8.439611e+15,5.994578,6.069995
13200,216268800,8.504035e+15,6.015743,6.067866
13300,217907200,8.568460e+15,5.977490,6.066729
13400,219545600,8.632884e+15,6.012688,6.066546
13500,221184000,8.697309e+15,6.020824,6.049715
13600,222822400,8.761733e+15,6.049436,6.065325
13700,224460800,8.826158e+15,5.986433,6.029360
13800,226099200,8.890582e+15,5.956577,6.027314
13900,227737600,8.955007e+15,5.976987,6.029644
14000,229376000,9.019431e+15,5.953542,6.017403
14100,231014400,9.083856e+15,5.928763,6.017555
14200,232652800,9.148280e+15,5.971808,6.020731
14300,234291200,9.212705e+15,5.938779,6.014524
14400,235929600,9.277129e+15,5.963048,6.015220
14500,237568000,9.341554e+15,5.922218,5.993486
14600,239206400,9.405978e+15,5.917384,5.991274
14700,240844800,9.470403e+15,5.911843,5.978990
14800,242483200,9.534827e+15,5.905803,5.978877
14900,244121600,9.599252e+15,5.922838,5.987655
15000,245760000,9.663676e+15,5.921825,5.976910
15100,247398400,9.728101e+15,5.891574,5.972887
15200,249036800,9.792525e+15,5.928225,5.962050
15300,250675200,9.856950e+15,5.925787,5.962944
15400,252313600,9.921374e+15,5.979706,5.953828
15500,253952000,9.985799e+15,5.895957,5.960578
15600,255590400,1.005022e+16,5.883256,5.945649
15700,257228800,1.011465e+16,5.874733,5.942772
15800,258867200,1.017907e+16,5.889230,5.941798
15900,260505600,1.024350e+16,5.860934,5.932600
16000,262144000,1.030792e+16,5.875346,5.932983
16100,263782400,1.037235e+16,5.855629,5.927845
16200,265420800,1.043677e+16,5.842119,5.923618
16300,267059200,1.050120e+16,5.910976,5.915442
16400,268697600,1.056562e+16,5.906999,5.940647
16500,270336000,1.063004e+16,5.904587,5.912956
16600,271974400,1.069447e+16,5.822085,5.912393
16700,273612800,1.075889e+16,5.959980,5.906682
16800,275251200,1.082332e+16,5.842014,5.902232
16900,276889600,1.088774e+16,5.844002,5.892376
17000,278528000,1.095217e+16,5.801379,5.899082
17100,280166400,1.101659e+16,5.748570,5.897462
17200,281804800,1.108102e+16,5.810666,5.883194
17300,283443200,1.114544e+16,5.803794,5.884690
17400,285081600,1.120986e+16,5.825691,5.884647
17500,286720000,1.127429e+16,5.832187,5.865712
17600,288358400,1.133871e+16,5.834867,5.854632
17700,289996800,1.140314e+16,5.812893,5.849710
17800,291635200,1.146756e+16,5.811695,5.863273
17900,293273600,1.153199e+16,5.807703,5.852872
18000,294912000,1.159641e+16,5.772676,5.848409
18100,296550400,1.166084e+16,5.814828,5.852544
18200,298188800,1.172526e+16,5.799404,5.857351
18300,299827200,1.178969e+16,5.787092,5.845763
18400,301465600,1.185411e+16,5.815082,5.831452
18500,303104000,1.191853e+16,5.783451,5.826399
18600,304742400,1.198296e+16,5.764553,5.832188
18700,306380800,1.204738e+16,5.806944,5.842738
18800,308019200,1.211181e+16,5.773145,5.832468
18900,309657600,1.217623e+16,5.796330,5.823305
19000,311296000,1.224066e+16,5.777079,5.822792
19100,312934400,1.230508e+16,5.747040,5.817397
19200,314572800,1.236951e+16,5.807685,5.804370
19300,316211200,1.243393e+16,5.760121,5.805656
19400,317849600,1.249835e+16,5.696703,5.800466
19500,319488000,1.256278e+16,5.693396,5.798300
19600,321126400,1.262720e+16,5.718515,5.792895
19700,322764800,1.269163e+16,5.736385,5.802395
19800,324403200,1.275605e+16,5.743577,5.788380
19900,326041600,1.282048e+16,5.749591,5.782306
20000,327680000,1.288490e+16,5.755145,5.786971
20100,329318400,1.294933e+16,5.714289,5.784746
20200,330956800,1.301375e+16,5.745857,5.776768
20300,332595200,1.307818e+16,5.731527,5.781034
20400,334233600,1.314260e+16,5.774131,5.775073
20500,335872000,1.320702e+16,5.705082,5.765958
20600,337510400,1.327145e+16,5.688650,5.762367
20700,339148800,1.333587e+16,5.660489,5.764713
20800,340787200,1.340030e+16,5.712849,5.751993
20900,342425600,1.346472e+16,5.700280,5.751142
21000,344064000,1.352915e+16,5.676057,5.749017
21100,345702400,1.359357e+16,5.761330,5.754243
21200,347340800,1.365800e+16,5.675055,5.746680
21300,348979200,1.372242e+16,5.702013,5.741316
21400,350617600,1.378685e+16,5.681282,5.733904
21500,352256000,1.385127e+16,5.689163,5.730448
21600,353894400,1.391569e+16,5.665448,5.736934
21700,355532800,1.398012e+16,5.668682,5.722248
21800,357171200,1.404454e+16,5.665826,5.719982
21900,358809600,1.410897e+16,5.705926,5.714038
22000,360448000,1.417339e+16,5.694903,5.724308
22100,362086400,1.423782e+16,5.685145,5.716757
22200,363724800,1.430224e+16,5.675571,5.716172
22300,365363200,1.436667e+16,5.655368,5.709060
22400,367001600,1.443109e+16,5.684431,5.713713
22500,368640000,1.449551e+16,5.672047,5.700390
22600,370278400,1.455994e+16,5.681996,5.705142
22700,371916800,1.462436e+16,5.633432,5.701811
22800,373555200,1.468879e+16,5.633220,5.699797
22900,375193600,1.475321e+16,5.649520,5.694939
23000,376832000,1.481764e+16,5.615853,5.696678
23100,378470400,1.488206e+16,5.628115,5.687708
23200,380108800,1.494649e+16,5.601409,5.679901
23300,381747200,1.501091e+16,5.647057,5.682049
23400,383385600,1.507534e+16,5.651628,5.678824
23500,385024000,1.513976e+16,5.615426,5.679659
23600,386662400,1.520418e+16,5.627689,5.679128
23700,388300800,1.526861e+16,5.650957,5.666545
23800,389939200,1.533303e+16,5.665594,5.676668
23900,391577600,1.539746e+16,5.601464,5.670092
24000,393216000,1.546188e+16,5.625443,5.666186
24100,394854400,1.552631e+16,5.631547,5.663407
24200,396492800,1.559073e+16,5.630341,5.659458
24300,398131200,1.565516e+16,5.617825,5.652839
24400,399769600,1.571958e+16,5.586001,5.649567
24500,401408000,1.578400e+16,5.618102,5.648769
24600,403046400,1.584843e+16,5.636032,5.653528
24700,404684800,1.591285e+16,5.617138,5.646452
24800,406323200,1.597728e+16,5.631882,5.636406
24900,407961600,1.604170e+16,5.619256,5.648741
25000,409600000,1.610613e+16,5.580447,5.624981
25100,411238400,1.617055e+16,5.591815,5.628789
25200,412876800,1.623498e+16,5.580256,5.631824
25300,414515200,1.629940e+16,5.604098,5.628100
25400,416153600,1.636383e+16,5.528609,5.643769
25500,417792000,1.642825e+16,5.556684,5.619839
25600,419430400,1.649267e+16,5.562184,5.617143
25700,421068800,1.655710e+16,5.569399,5.619163
25800,422707200,1.662152e+16,5.608523,5.619176
25900,424345600,1.668595e+16,5.614180,5.620075
26000,425984000,1.675037e+16,5.578719,5.612619
26100,427622400,1.681480e+16,5.560792,5.599273
26200,429260800,1.687922e+16,5.530442,5.594701
26300,430899200,1.694365e+16,5.537543,5.591628
26400,432537600,1.700807e+16,5.557592,5.600655
26500,434176000,1.707250e+16,5.565542,5.586840
26600,435814400,1.713692e+16,5.578545,5.580812
26700,437452800,1.720134e+16,5.575243,5.593433
26800,439091200,1.726577e+16,5.576411,5.588653
26900,440729600,1.733019e+16,5.525250,5.580060
27000,442368000,1.739462e+16,5.555770,5.582050
27100,444006400,1.745904e+16,5.566299,5.577394
27200,445644800,1.752347e+16,5.593583,5.568460
27300,447283200,1.758789e+16,5.536908,5.568699
27400,448921600,1.765232e+16,5.512429,5.571204
27500,450560000,1.771674e+16,5.547453,5.564735
27600,452198400,1.778116e+16,5.530132,5.564273
27700,453836800,1.784559e+16,5.566803,5.561779
27800,455475200,1.791001e+16,5.542618,5.557700
27900,457113600,1.797444e+16,5.536401,5.562935
28000,458752000,1.803886e+16,5.567593,5.550316
28100,460390400,1.810329e+16,5.516266,5.552979
28200,462028800,1.816771e+16,5.504416,5.547180
28300,463667200,1.823214e+16,5.521935,5.556486
28400,465305600,1.829656e+16,5.527202,5.547797
28500,466944000,1.836099e+16,5.484096,5.544253
28600,468582400,1.842541e+16,5.459485,5.552542
28700,470220800,1.848983e+16,5.512627,5.537175
28800,471859200,1.855426e+16,5.484682,5.543742
28900,473497600,1.861868e+16,5.476869,5.536863
29000,475136000,1.868311e+16,5.525346,5.529682
29100,476774400,1.874753e+16,5.511809,5.531559
29200,478412800,1.881196e+16,5.512908,5.526680
29300,480051200,1.887638e+16,5.482544,5.532362
29400,481689600,1.894081e+16,5.505475,5.529962
29500,483328000,1.900523e+16,5.555257,5.518320
29600,484966400,1.906965e+16,5.524136,5.516775
29700,486604800,1.913408e+16,5.526392,5.517009
29800,488243200,1.919850e+16,5.485852,5.514954
29900,489881600,1.926293e+16,5.443692,5.510891
30000,491520000,1.932735e+16,5.450808,5.508357
30100,493158400,1.939178e+16,5.501244,5.507819
30200,494796800,1.945620e+16,5.460893,5.505097
30300,496435200,1.952063e+16,5.513211,5.510922
30400,498073600,1.958505e+16,5.495492,5.495772
30500,499712000,1.964948e+16,5.541340,5.510439
30600,501350400,1.971390e+16,5.482163,5.489951
30700,502988800,1.977832e+16,5.498360,5.498129
30800,504627200,1.984275e+16,5.464264,5.485460
30900,506265600,1.990717e+16,5.476020,5.492323
31000,507904000,1.997160e+16,5.464612,5.485286
31100,509542400,2.003602e+16,5.446990,5.486203
31200,511180800,2.010045e+16,5.461138,5.473843
31300,512819200,2.016487e+16,5.472018,5.480340
31400,514457600,2.022930e+16,5.475198,5.483535
31500,516096000,2.029372e+16,5.480873,5.483147
31600,517734400,2.035814e+16,5.527240,5.482070
31700,519372800,2.042257e+16,5.467870,5.471531
31800,521011200,2.048699e+16,5.424739,5.458724
31900,522649600,2.055142e+16,5.423595,5.465043
32000,524288000,2.061584e+16,5.437239,5.466120
32100,525926400,2.068027e+16,5.408120,5.466985
32200,527564800,2.074469e+16,5.441175,5.458341
32300,529203200,2.080912e+16,5.393151,5.455588
32400,530841600,2.087354e+16,5.420679,5.453604
32500,532480000,2.093797e+16,5.458849,5.455507
32600,534118400,2.100239e+16,5.445116,5.451863
32700,535756800,2.106681e+16,5.448226,5.455765
32800,537395200,2.113124e+16,5.430853,5.445252
32900,539033600,2.119566e+16,5.417676,5.441809
33000,540672000,2.126009e+16,5.393363,5.442555
33100,542310400,2.132451e+16,5.473696,5.445039
33200,543948800,2.138894e+16,5.419436,5.432764
33300,545587200,2.145336e+16,5.403642,5.442901
33400,547225600,2.151779e+16,5.439971,5.430097
33500,548864000,2.158221e+16,5.439718,5.433680
33600,550502400,2.164664e+16,5.402333,5.427634
33700,552140800,2.171106e+16,5.414806,5.430603
33800,553779200,2.177548e+16,5.419496,5.424711
33900,555417600,2.183991e+16,5.374730,5.423611
34000,557056000,2.190433e+16,5.418075,5.418666
34100,558694400,2.196876e+16,5.355909,5.414120
34200,560332800,2.203318e+16,5.401177,5.418262
34300,561971200,2.209761e+16,5.392359,5.410025
34400,563609600,2.216203e+16,5.409272,5.421850
34500,565248000,2.222646e+16,5.402651,5.418824
34600,566886400,2.229088e+16,5.362813,5.404079
34700,568524800,2.235530e+16,5.354102,5.415509
34800,570163200,2.241973e+16,5.387875,5.408509
34900,571801600,2.248415e+16,5.463057,5.419655
35000,573440000,2.254858e+16,5.421656,5.406492
35100,575078400,2.261300e+16,5.385605,5.405867
35200,576716800,2.267743e+16,5.376222,5.396691
35300,578355200,2.274185e+16,5.440812,5.404182
35400,579993600,2.280628e+16,5.361614,5.391707
35500,581632000,2.287070e+16,5.322759,5.392160
35600,583270400,2.293513e+16,5.343803,5.399425
35700,584908800,2.299955e+16,5.417070,5.388169
35800,586547200,2.306397e+16,5.367576,5.388487
35900,588185600,2.312840e+16,5.344162,5.378319
36000,589824000,2.319282e+16,5.412279,5.387231
36100,591462400,2.325725e+16,5.375585,5.388594
36200,593100800,2.332167e+16,5.393995,5.382464
36300,594739200,2.338610e+16,5.344552,5.373049
36400,596377600,2.345052e+16,5.335498,5.377530
36500,598016000,2.351495e+16,5.361577,5.381431
36600,599654400,2.357937e+16,5.378329,5.380190
36700,601292800,2.364379e+16,5.355226,5.380858
36800,602931200,2.370822e+16,5.359982,5.368009
36900,604569600,2.377264e+16,5.302001,5.371231
37000,606208000,2.383707e+16,5.348277,5.366726
37100,607846400,2.390149e+16,5.323778,5.367507
37200,609484800,2.396592e+16,5.373477,5.358834
37300,611123200,2.403034e+16,5.353100,5.353448
37400,612761600,2.409477e+16,5.356301,5.355353
37500,614400000,2.415919e+16,5.306520,5.350699
37600,616038400,2.422362e+16,5.291857,5.342304
37700,617676800,2.428804e+16,5.351268,5.344373
37800,619315200,2.435246e+16,5.314422,5.342454
37900,620953600,2.441689e+16,5.343897,5.332447
38000,622592000,2.448131e+16,5.314548,5.337382
38100,624230400,2.454574e+16,5.301071,5.333322
38200,625868800,2.461016e+16,5.353790,5.342547
38300,627507200,2.467459e+16,5.305809,5.331101
38400,629145600,2.473901e+16,5.296808,5.330202
38500,630784000,2.480344e+16,5.321800,5.329898
38600,632422400,2.486786e+16,5.295736,5.329532
38700,634060800,2.493229e+16,5.269825,5.327598
38800,635699200,2.499671e+16,5.325033,5.331214
38900,637337600,2.506113e+16,5.314488,5.319106
39000,638976000,2.512556e+16,5.284276,5.322062
39100,640614400,2.518998e+16,5.313943,5.321364
39200,642252800,2.525441e+16,5.295067,5.312292
39300,643891200,2.531883e+16,5.322921,5.316346
39400,645529600,2.538326e+16,5.303282,5.309707
39500,647168000,2.544768e+16,5.298485,5.313520
39600,648806400,2.551211e+16,5.279032,5.306084
39700,650444800,2.557653e+16,5.293931,5.297517
39800,652083200,2.564095e+16,5.252903,5.303478
39900,653721600,2.570538e+16,5.272123,5.306203
40000,655360000,2.576980e+16,5.300725,5.299404
40100,656998400,2.583423e+16,5.314311,5.304326
40200,658636800,2.589865e+16,5.252026,5.297948
40300,660275200,2.596308e+16,5.278192,5.294858
40400,661913600,2.602750e+16,5.300996,5.302446
40500,663552000,2.609193e+16,5.272991,5.295120
40600,665190400,2.615635e+16,5.284286,5.293145
40700,666828800,2.622078e+16,5.278305,5.297934
40800,668467200,2.628520e+16,5.245365,5.290943
40900,670105600,2.634962e+16,5.289849,5.296750
41000,671744000,2.641405e+16,5.224287,5.284220
41100,673382400,2.647847e+16,5.279344,5.286403
41200,675020800,2.654290e+16,5.283330,5.294297
41300,676659200,2.660732e+16,5.300766,5.284994
41400,678297600,2.667175e+16,5.301771,5.281283
41500,679936000,2.673617e+16,5.258477,5.276511
41600,681574400,2.680060e+16,5.269235,5.281950
41700,683212800,2.686502e+16,5.262204,5.272494
41800,684851200,2.692944e+16,5.251322,5.278786
41900,686489600,2.699387e+16,5.258458,5.282887
42000,688128000,2.705829e+16,5.214903,5.265080
42100,689766400,2.712272e+16,5.250160,5.263598
42200,691404800,2.718714e+16,5.265083,5.265430
42300,693043200,2.725157e+16,5.223258,5.260683
42400,694681600,2.731599e+16,5.260830,5.266450
42500,696320000,2.738042e+16,5.261081,5.261096
42600,697958400,2.744484e+16,5.243548,5.259363
42700,699596800,2.750927e+16,5.278972,5.269165
42800,701235200,2.757369e+16,5.232337,5.253636
42900,702873600,2.763811e+16,5.251309,5.251740
43000,704512000,2.770254e+16,5.303285,5.261871
43100,706150400,2.776696e+16,5.228221,5.252202
43200,707788800,2.783139e+16,5.220301,5.245494
43300,709427200,2.789581e+16,5.233335,5.244010
43400,711065600,2.796024e+16,5.230776,5.248085
43500,712704000,2.802466e+16,5.235856,5.241817
43600,714342400,2.808909e+16,5.209126,5.240263
43700,715980800,2.815351e+16,5.237043,5.247070
43800,717619200,2.821794e+16,5.216250,5.249410
43900,719257600,2.828236e+16,5.182597,5.234761
44000,720896000,2.834678e+16,5.198098,5.238572
44100,722534400,2.841121e+16,5.236861,5.227930
44200,724172800,2.847563e+16,5.276396,5.232520
44300,725811200,2.854006e+16,5.165998,5.233294
44400,727449600,2.860448e+16,5.235152,5.230556
44500,729088000,2.866891e+16,5.197531,5.225874
44600,730726400,2.873333e+16,5.164685,5.227260
44700,732364800,2.879776e+16,5.188502,5.222338
44800,734003200,2.886218e+16,5.234664,5.219777
44900,735641600,2.892660e+16,5.234140,5.224389
45000,737280000,2.899103e+16,5.268129,5.217635
45100,738918400,2.905545e+16,5.204460,5.216128
45200,740556800,2.911988e+16,5.225394,5.213982
45300,742195200,2.918430e+16,5.193499,5.219054
45400,743833600,2.924873e+16,5.238786,5.212828
45500,745472000,2.931315e+16,5.218081,5.213017
45600,747110400,2.937758e+16,5.162171,5.205564
45700,748748800,2.944200e+16,5.170091,5.211301
45800,750387200,2.950643e+16,5.164395,5.207079
45900,752025600,2.957085e+16,5.186158,5.192866
46000,753664000,2.963527e+16,5.178630,5.195907
46100,755302400,2.969970e+16,5.199078,5.190988
46200,756940800,2.976412e+16,5.185544,5.194017
46300,758579200,2.982855e+16,5.174259,5.191226
46400,760217600,2.989297e+16,5.192669,5.191197
46500,761856000,2.995740e+16,5.144501,5.192289
46600,763494400,3.002182e+16,5.153661,5.191887
46700,765132800,3.008625e+16,5.142139,5.194275
46800,766771200,3.015067e+16,5.186514,5.184469
46900,768409600,3.021509e+16,5.160273,5.183374
47000,770048000,3.027952e+16,5.162517,5.178427
47100,771686400,3.034394e+16,5.170800,5.184719
47200,773324800,3.040837e+16,5.170418,5.181881
47300,774963200,3.047279e+16,5.159822,5.193237
47400,776601600,3.053722e+16,5.178285,5.181349
47500,778240000,3.060164e+16,5.151012,5.177602
47600,779878400,3.066607e+16,5.168364,5.173684
47700,781516800,3.073049e+16,5.142124,5.173639
47800,783155200,3.079492e+16,5.153261,5.168718
47900,784793600,3.085934e+16,5.152867,5.173392
48000,786432000,3.092376e+16,5.132058,5.166662
48100,788070400,3.098819e+16,5.136884,5.157297
48200,789708800,3.105261e+16,5.156972,5.160654
48300,791347200,3.111704e+16,5.162995,5.162070
48400,792985600,3.118146e+16,5.132680,5.163187
48500,794624000,3.124589e+16,5.163373,5.161459
48600,796262400,3.131031e+16,5.150555,5.160302
48700,797900800,3.137474e+16,5.161665,5.159073
48800,799539200,3.143916e+16,5.108468,5.163342
48900,801177600,3.150359e+16,5.163148,5.150926
49000,802816000,3.156801e+16,5.165213,5.147444
49100,804454400,3.163243e+16,5.110576,5.145025
49200,806092800,3.169686e+16,5.132038,5.148636
49300,807731200,3.176128e+16,5.134336,5.138145
49400,809369600,3.182571e+16,5.177188,5.148846
49500,811008000,3.189013e+16,5.132570,5.142428
49600,812646400,3.195456e+16,5.119331,5.146476
49700,814284800,3.201898e+16,5.140537,5.133514
49800,815923200,3.208341e+16,5.192049,5.140923
49900,817561600,3.214783e+16,5.156960,5.133612
50000,819200000,3.221225e+16,5.123793,5.129992
50100,820838400,3.227668e+16,5.172219,5.136072
50200,822476800,3.234110e+16,5.185505,5.136002
50300,824115200,3.240553e+16,5.115134,5.141450
50400,825753600,3.246995e+16,5.149973,5.130089
50500,827392000,3.253438e+16,5.119318,5.129498
50600,829030400,3.259880e+16,5.123556,5.118471
50700,830668800,3.266323e+16,5.096371,5.124106
50800,832307200,3.272765e+16,5.126418,5.123941
50900,833945600,3.279208e+16,5.102368,5.119919
51000,835584000,3.285650e+16,5.070665,5.114505
51100,837222400,3.292092e+16,5.130696,5.126288
51200,838860800,3.298535e+16,5.110105,5.116031
51300,840499200,3.304977e+16,5.089645,5.111536
51400,842137600,3.311420e+16,5.125887,5.105629
51500,843776000,3.317862e+16,5.069499,5.111663
51600,845414400,3.324305e+16,5.135081,5.112149
51700,847052800,3.330747e+16,5.079560,5.107385
51800,848691200,3.337190e+16,5.139869,5.103274
51900,850329600,3.343632e+16,5.101839,5.103041
52000,851968000,3.350074e+16,5.108736,5.104347
52100,853606400,3.356517e+16,5.066367,5.099386
52200,855244800,3.362959e+16,5.083062,5.101254
52300,856883200,3.369402e+16,5.077201,5.100947
52400,858521600,3.375844e+16,5.067311,5.092786
52500,860160000,3.382287e+16,5.060822,5.089946
52600,861798400,3.388729e+16,5.060791,5.088623
52700,863436800,3.395172e+16,5.082453,5.093298
52800,865075200,3.401614e+16,5.111381,5.084789
52900,866713600,3.408057e+16,5.065426,5.086956
53000,868352000,3.414499e+16,5.051897,5.086102
53100,869990400,3.420941e+16,5.061621,5.077196
53200,871628800,3.427384e+16,5.041577,5.074573
53300,873267200,3.433826e+16,5.074712,5.072547
53400,874905600,3.440269e+16,5.046093,5.068592
53500,876544000,3.446711e+16,5.041910,5.061993
53600,878182400,3.453154e+16,5.092310,5.069924
53700,879820800,3.459596e+16,5.044740,5.068224
53800,881459200,3.466039e+16,5.051277,5.069435
53900,883097600,3.472481e+16,5.081825,5.064774
54000,884736000,3.478924e+16,5.044662,5.069353
54100,886374400,3.485366e+16,5.022452,5.060538
54200,888012800,3.491808e+16,5.052379,5.066564
54300,889651200,3.498251e+16,5.045208,5.062843
54400,891289600,3.504693e+16,5.065310,5.058912
54500,892928000,3.511136e+16,5.070193,5.058617
54600,894566400,3.517578e+16,5.072822,5.051970
54700,896204800,3.524021e+16,5.050084,5.064272
54800,897843200,3.530463e+16,5.056409,5.054796
54900,899481600,3.536906e+16,5.062880,5.048623
55000,901120000,3.543348e+16,5.033953,5.053182
55100,902758400,3.549790e+16,5.060721,5.044694
55200,904396800,3.556233e+16,5.025519,5.045006
55300,906035200,3.562675e+16,5.047603,5.044374
55400,907673600,3.569118e+16,5.051124,5.043012
55500,909312000,3.575560e+16,5.039204,5.041182
55600,910950400,3.582003e+16,5.057775,5.043733
55700,912588800,3.588445e+16,5.052761,5.036754
55800,914227200,3.594888e+16,5.052129,5.037651
55900,915865600,3.601330e+16,5.037179,5.033993
56000,917504000,3.607773e+16,5.040572,5.031493
56100,919142400,3.614215e+16,5.007783,5.034950
56200,920780800,3.620657e+16,4.990613,5.025480
56300,922419200,3.627100e+16,5.035052,5.026921
56400,924057600,3.633542e+16,5.025976,5.031564
56500,925696000,3.639985e+16,4.993296,5.025507
56600,927334400,3.646427e+16,5.018514,5.020427
56700,928972800,3.652870e+16,4.998675,5.020855
56800,930611200,3.659312e+16,5.015275,5.020537
56900,932249600,3.665755e+16,5.007301,5.014177
57000,933888000,3.672197e+16,4.984195,5.021805
57100,935526400,3.678639e+16,5.038184,5.019893
57200,937164800,3.685082e+16,4.987929,5.014453
57300,938803200,3.691524e+16,5.008505,5.020115
57400,940441600,3.697967e+16,5.065792,5.021667
57500,942080000,3.704409e+16,5.025668,5.014430
57600,943718400,3.710852e+16,5.030235,5.021467
57700,945356800,3.717294e+16,5.022182,5.018214
57800,946995200,3.723737e+16,5.068640,5.019615
57900,948633600,3.730179e+16,4.979271,5.008723
58000,950272000,3.736622e+16,5.005154,4.999628
58100,951910400,3.743064e+16,5.007056,4.996389
58200,953548800,3.749506e+16,5.009363,5.009803
58300,955187200,3.755949e+16,5.000179,4.999892
58400,956825600,3.762391e+16,5.025209,5.000364
58500,958464000,3.768834e+16,4.991135,4.992710
58600,960102400,3.775276e+16,4.975189,4.996292
58700,961740800,3.781719e+16,4.963844,4.992823
58800,963379200,3.788161e+16,5.008831,4.987270
58900,965017600,3.794604e+16,4.995636,4.990707
59000,966656000,3.801046e+16,4.995673,4.996295
59100,968294400,3.807489e+16,5.003059,4.983890
59200,969932800,3.813931e+16,4.981018,4.988715
59300,971571200,3.820373e+16,5.098720,4.992236
59400,973209600,3.826816e+16,5.039657,4.980138
59500,974848000,3.833258e+16,4.971179,4.982640
59600,976486400,3.839701e+16,4.970703,4.979363
59700,978124800,3.846143e+16,5.005333,4.975565
59800,979763200,3.852586e+16,4.929395,4.973683
59900,981401600,3.859028e+16,4.973366,4.970774
60000,983040000,3.865471e+16,4.984931,4.974562
60100,984678400,3.871913e+16,4.986434,4.973484
60200,986316800,3.878355e+16,4.967757,4.969588
60300,987955200,3.884798e+16,4.972244,4.967801
60400,989593600,3.891240e+16,4.956223,4.968879
60500,991232000,3.897683e+16,5.093818,4.973615
60600,992870400,3.904125e+16,4.974782,4.970030
60700,994508800,3.910568e+16,4.956754,4.972361
60800,996147200,3.917010e+16,4.973447,4.967127
60900,997785600,3.923453e+16,4.914113,4.969266
61000,999424000,3.929895e+16,4.962704,4.963651
61100,1001062400,3.936338e+16,4.969779,4.964684
61200,1002700800,3.942780e+16,4.974780,4.958118
61300,1004339200,3.949222e+16,4.985396,4.959274
61400,1005977600,3.955665e+16,4.952608,4.957568
61500,1007616000,3.962107e+16,4.966180,4.961446
61600,1009254400,3.968550e+16,4.930945,4.955713
61700,1010892800,3.974992e+16,4.979682,4.956448
61800,1012531200,3.981435e+16,5.007508,4.956259
61900,1014169600,3.987877e+16,4.954977,4.951283
62000,1015808000,3.994320e+16,4.965572,4.951254
62100,1017446400,4.000762e+16,4.959597,4.951318
62200,1019084800,4.007204e+16,4.952067,4.950846
62300,1020723200,4.013647e+16,4.964868,4.951730
62400,1022361600,4.020089e+16,4.967953,4.948574
62500,1024000000,4.026532e+16,5.111841,4.957676
62600,1025638400,4.032974e+16,5.004541,4.947103
62700,1027276800,4.039417e+16,4.953051,4.949112
62800,1028915200,4.045859e+16,4.970853,4.945874
62900,1030553600,4.052302e+16,4.935063,4.941158
63000,1032192000,4.058744e+16,4.973613,4.943699
63100,1033830400,4.065187e+16,4.964859,4.937342
63200,1035468800,4.071629e+16,4.953597,4.935655
63300,1037107200,4.078071e+16,4.958447,4.933689
63400,1038745600,4.084514e+16,4.975051,4.935588
63500,1040384000,4.090956e+16,4.971809,4.926016
63600,1042022400,4.097399e+16,4.967041,4.930812
63700,1043660800,4.103841e+16,4.945416,4.930613
63800,1045299200,4.110284e+16,4.950978,4.926775
63900,1046937600,4.116726e+16,4.982689,4.927489
64000,1048576000,4.123169e+16,4.950807,4.928371
64100,1050214400,4.129611e+16,4.964364,4.927483
64200,1051852800,4.136054e+16,4.915389,4.925005
64300,1053491200,4.142496e+16,4.950584,4.927308
64400,1055129600,4.148938e+16,4.925016,4.922964
64500,1056768000,4.155381e+16,4.924806,4.915146
64600,1058406400,4.161823e+16,4.935138,4.924249
64700,1060044800,4.168266e+16,4.914372,4.916900
64800,1061683200,4.174708e+16,4.920351,4.918129
64900,1063321600,4.181151e+16,4.895427,4.913277
65000,1064960000,4.187593e+16,4.934796,4.912575
65100,1066598400,4.194036e+16,4.888954,4.909875
65200,1068236800,4.200478e+16,4.904670,4.911404
65300,1069875200,4.206920e+16,4.905349,4.910407
65400,1071513600,4.213363e+16,4.923856,4.906407
65500,1073152000,4.219805e+16,4.898193,4.913339
65600,1074790400,4.226248e+16,4.920913,4.910677
65700,1076428800,4.232690e+16,4.903854,4.909325
65800,1078067200,4.239133e+16,4.922164,4.911044
65900,1079705600,4.245575e+16,4.894966,4.902341
66000,1081344000,4.252018e+16,4.940062,4.905966
66100,1082982400,4.258460e+16,4.940082,4.905655
66200,1084620800,4.264903e+16,4.915699,4.903122
66300,1086259200,4.271345e+16,4.939480,4.908711
66400,1087897600,4.277787e+16,4.901309,4.902657
66500,1089536000,4.284230e+16,4.882797,4.903884
66600,1091174400,4.290672e+16,4.923954,4.901088
66700,1092812800,4.297115e+16,4.908565,4.887769
66800,1094451200,4.303557e+16,4.907147,4.895552
66900,1096089600,4.310000e+16,4.909746,4.888298
67000,1097728000,4.316442e+16,4.869840,4.890637
67100,1099366400,4.322885e+16,4.894957,4.894377
67200,1101004800,4.329327e+16,4.906610,4.887622
67300,1102643200,4.335769e+16,4.951055,4.888256
67400,1104281600,4.342212e+16,4.904041,4.888206
67500,1105920000,4.348654e+16,4.980744,4.885007
67600,1107558400,4.355097e+16,4.880802,4.881976
67700,1109196800,4.361539e+16,4.891284,4.880699
67800,1110835200,4.367982e+16,4.881034,4.883332
67900,1112473600,4.374424e+16,4.912329,4.886184
68000,1114112000,4.380867e+16,4.879500,4.881595
68100,1115750400,4.387309e+16,4.952373,4.881754
68200,1117388800,4.393752e+16,4.932323,4.878293
68300,1119027200,4.400194e+16,4.909852,4.882397
68400,1120665600,4.406636e+16,4.907195,4.880021
68500,1122304000,4.413079e+16,4.922919,4.885843
68600,1123942400,4.419521e+16,4.892378,4.871619
68700,1125580800,4.425964e+16,4.867702,4.875063
68800,1127219200,4.432406e+16,4.901082,4.870178
68900,1128857600,4.438849e+16,4.887042,4.879068
69000,1130496000,4.445291e+16,4.857656,4.882558
69100,1132134400,4.451734e+16,4.863074,4.869828
69200,1133772800,4.458176e+16,4.884061,4.870645
69300,1135411200,4.464619e+16,4.857765,4.873099
69400,1137049600,4.471061e+16,4.862508,4.872154
69500,1138688000,4.477503e+16,4.872215,4.877864
69600,1140326400,4.483946e+16,4.868486,4.874831
69700,1141964800,4.490388e+16,4.934780,4.872650
69800,1143603200,4.496831e+16,4.892877,4.867003
69900,1145241600,4.503273e+16,4.860445,4.865560
70000,1146880000,4.509716e+16,4.872011,4.864439
70100,1148518400,4.516158e+16,4.900757,4.863195
70200,1150156800,4.522601e+16,4.888849,4.858557
70300,1151795200,4.529043e+16,4.877984,4.855908
70400,1153433600,4.535485e+16,4.876580,4.860688
70500,1155072000,4.541928e+16,4.846115,4.853514
70600,1156710400,4.548370e+16,4.845530,4.858418
70700,1158348800,4.554813e+16,4.859279,4.858191
70800,1159987200,4.561255e+16,4.875722,4.850361
70900,1161625600,4.567698e+16,4.848294,4.854448
71000,1163264000,4.574140e+16,4.855057,4.852055
71100,1164902400,4.580583e+16,4.870139,4.858696
71200,1166540800,4.587025e+16,4.863590,4.852088
71300,1168179200,4.593468e+16,4.876164,4.849864
71400,1169817600,4.599910e+16,4.889078,4.847753
71500,1171456000,4.606352e+16,4.835964,4.847991
71600,1173094400,4.612795e+16,4.856207,4.848709
71700,1174732800,4.619237e+16,4.836667,4.850866
71800,1176371200,4.625680e+16,4.848536,4.843459
71900,1178009600,4.632122e+16,4.813231,4.847859
72000,1179648000,4.638565e+16,4.837603,4.842368
72100,1181286400,4.645007e+16,4.830172,4.841716
72200,1182924800,4.651450e+16,4.855385,4.836687
72300,1184563200,4.657892e+16,4.894221,4.847928
72400,1186201600,4.664334e+16,4.818820,4.842648
72500,1187840000,4.670777e+16,4.891777,4.836794
72600,1189478400,4.677219e+16,4.875439,4.831878
72700,1191116800,4.683662e+16,4.861682,4.834756
72800,1192755200,4.690104e+16,4.814558,4.827393
72900,1194393600,4.696547e+16,4.823774,4.830881
73000,1196032000,4.702989e+16,4.840290,4.830967
73100,1197670400,4.709432e+16,4.812435,4.830684
73200,1199308800,4.715874e+16,4.840399,4.828539
73300,1200947200,4.722317e+16,4.831225,4.830228
73400,1202585600,4.728759e+16,4.869240,4.829349
73500,1204224000,4.735201e+16,4.866596,4.830849
73600,1205862400,4.741644e+16,4.839548,4.836952
73700,1207500800,4.748086e+16,4.813273,4.823852
73800,1209139200,4.754529e+16,4.822577,4.829880
73900,1210777600,4.760971e+16,4.850319,4.825441
74000,1212416000,4.767414e+16,4.824789,4.821240
74100,1214054400,4.773856e+16,4.811530,4.821477
74200,1215692800,4.780299e+16,4.839164,4.825001
74300,1217331200,4.786741e+16,4.816445,4.816865
74400,1218969600,4.793184e+16,4.850274,4.820172
74500,1220608000,4.799626e+16,4.828612,4.815305
74600,1222246400,4.806068e+16,4.868642,4.821169
74700,1223884800,4.812511e+16,4.813788,4.815129
74800,1225523200,4.818953e+16,4.857860,4.814017
74900,1227161600,4.825396e+16,4.808975,4.815298
75000,1228800000,4.831838e+16,4.826341,4.814411
75100,1230438400,4.838281e+16,4.832872,4.813533
75200,1232076800,4.844723e+16,4.836693,4.812636
75300,1233715200,4.851166e+16,4.818503,4.807999
75400,1235353600,4.857608e+16,4.836517,4.811160
75500,1236992000,4.864050e+16,4.789051,4.808296
75600,1238630400,4.870493e+16,4.820776,4.811979
75700,1240268800,4.876935e+16,4.842110,4.809006
75800,1241907200,4.883378e+16,4.830467,4.803852
75900,1243545600,4.889820e+16,4.791059,4.809397
76000,1245184000,4.896263e+16,4.819055,4.811336
76100,1246822400,4.902705e+16,4.851356,4.804143
76200,1248460800,4.909148e+16,4.837377,4.801604
76300,1250099200,4.915590e+16,4.816665,4.801592
76400,1251737600,4.922033e+16,4.832623,4.806422
76500,1253376000,4.928475e+16,4.795551,4.798949
76600,1255014400,4.934917e+16,4.815091,4.799165
76700,1256652800,4.941360e+16,4.828628,4.788486
76800,1258291200,4.947802e+16,4.932108,4.801831
76900,1259929600,4.954245e+16,4.821294,4.794666
77000,1261568000,4.960687e+16,4.808625,4.794331
77100,1263206400,4.967130e+16,4.823382,4.792796
77200,1264844800,4.973572e+16,4.787356,4.794934
77300,1266483200,4.980015e+16,4.811563,4.789226
77400,1268121600,4.986457e+16,4.840860,4.793366
77500,1269760000,4.992899e+16,4.788415,4.787305
77600,1271398400,4.999342e+16,4.817199,4.782111
77700,1273036800,5.005784e+16,4.758390,4.789310
77800,1274675200,5.012227e+16,4.802751,4.791829
77900,1276313600,5.018669e+16,4.758104,4.787328
78000,1277952000,5.025112e+16,4.780915,4.781463
78100,1279590400,5.031554e+16,4.806791,4.779674
78200,1281228800,5.037997e+16,4.810057,4.781210
78300,1282867200,5.044439e+16,4.779389,4.777726
78400,1284505600,5.050882e+16,4.854147,4.784363
78500,1286144000,5.057324e+16,4.777940,4.780090
78600,1287782400,5.063766e+16,4.760432,4.775334
78700,1289420800,5.070209e+16,4.783012,4.777619
78800,1291059200,5.076651e+16,4.832137,4.774931
78900,1292697600,5.083094e+16,4.797755,4.777251
79000,1294336000,5.089536e+16,4.798334,4.774820
79100,1295974400,5.095979e+16,4.796725,4.770355
79200,1297612800,5.102421e+16,4.781537,4.769811
79300,1299251200,5.108864e+16,4.773347,4.770468
79400,1300889600,5.115306e+16,4.784435,4.768669
79500,1302528000,5.121749e+16,4.788097,4.766244
79600,1304166400,5.128191e+16,4.797143,4.766516
79700,1305804800,5.134633e+16,4.786175,4.768801
79800,1307443200,5.141076e+16,4.791906,4.769675
79900,1309081600,5.147518e+16,4.774075,4.769052
80000,1310720000,5.153961e+16,4.763201,4.763113
80100,1312358400,5.160403e+16,4.794317,4.760723
80200,1313996800,5.166846e+16,4.788382,4.772781
80300,1315635200,5.173288e+16,4.764772,4.766272
80400,1317273600,5.179731e+16,4.804645,4.762545
80500,1318912000,5.186173e+16,4.784043,4.766233
80600,1320550400,5.192615e+16,4.740263,4.767826
80700,1322188800,5.199058e+16,4.756915,4.767347
80800,1323827200,5.205500e+16,4.738888,4.762419
80900,1325465600,5.211943e+16,4.784458,4.757276
81000,1327104000,5.218385e+16,4.836295,4.753441
81100,1328742400,5.224828e+16,4.746461,4.752993
81200,1330380800,5.231270e+16,4.782675,4.757651
81300,1332019200,5.237713e+16,4.779483,4.758929
81400,1333657600,5.244155e+16,4.749894,4.751361
81500,1335296000,5.250598e+16,4.794484,4.755898
81600,1336934400,5.257040e+16,4.721998,4.761752
81700,1338572800,5.263482e+16,4.771278,4.751879
81800,1340211200,5.269925e+16,4.757016,4.748882
81900,1341849600,5.276367e+16,4.776429,4.753292
82000,1343488000,5.282810e+16,4.776999,4.751257
82100,1345126400,5.289252e+16,4.771027,4.745276
82200,1346764800,5.295695e+16,4.766306,4.747040
82300,1348403200,5.302137e+16,4.761172,4.742378
82400,1350041600,5.308580e+16,4.740070,4.748649
82500,1351680000,5.315022e+16,4.766468,4.744642
82600,1353318400,5.321464e+16,4.763561,4.743328
82700,1354956800,5.327907e+16,4.746472,4.741721
82800,1356595200,5.334349e+16,4.776203,4.736955
82900,1358233600,5.340792e+16,4.791957,4.741162
83000,1359872000,5.347234e+16,4.724804,4.738683
83100,1361510400,5.353677e+16,4.762429,4.731358
83200,1363148800,5.360119e+16,4.775542,4.731678
83300,1364787200,5.366562e+16,4.777609,4.730232
83400,1366425600,5.373004e+16,4.757011,4.732409
83500,1368064000,5.379447e+16,4.767844,4.734165
83600,1369702400,5.385889e+16,4.758315,4.736329
83700,1371340800,5.392331e+16,4.741173,4.731886
83800,1372979200,5.398774e+16,4.756522,4.734204
83900,1374617600,5.405216e+16,4.774916,4.726289
84000,1376256000,5.411659e+16,4.779579,4.733940
84100,1377894400,5.418101e+16,4.730692,4.736324
84200,1379532800,5.424544e+16,4.771702,4.730828
84300,1381171200,5.430986e+16,4.723333,4.728256
84400,1382809600,5.437429e+16,4.719567,4.725856
84500,1384448000,5.443871e+16,4.709102,4.726983
84600,1386086400,5.450313e+16,4.742908,4.727761
84700,1387724800,5.456756e+16,4.755507,4.727617
84800,1389363200,5.463198e+16,4.753990,4.724246
84900,1391001600,5.469641e+16,4.798494,4.721340
85000,1392640000,5.476083e+16,4.792592,4.722653
85100,1394278400,5.482526e+16,4.762130,4.719602
85200,1395916800,5.488968e+16,4.787592,4.726730
85300,1397555200,5.495411e+16,4.768515,4.725461
85400,1399193600,5.501853e+16,4.746975,4.717899
85500,1400832000,5.508296e+16,4.768738,4.718731
85600,1402470400,5.514738e+16,4.750128,4.712688
85700,1404108800,5.521180e+16,4.733456,4.716716
85800,1405747200,5.527623e+16,4.735347,4.714624
85900,1407385600,5.534065e+16,4.755832,4.712064
86000,1409024000,5.540508e+16,4.769869,4.713106
86100,1410662400,5.546950e+16,4.724627,4.715315
86200,1412300800,5.553393e+16,4.739349,4.717713
86300,1413939200,5.559835e+16,4.715634,4.710412
86400,1415577600,5.566278e+16,4.761395,4.710305
86500,1417216000,5.572720e+16,4.769812,4.708427
86600,1418854400,5.579163e+16,4.762239,4.710435
86700,1420492800,5.585605e+16,4.739086,4.715505
86800,1422131200,5.592047e+16,4.754337,4.710215
86900,1423769600,5.598490e+16,4.766739,4.706721
87000,1425408000,5.604932e+16,4.734429,4.701818
87100,1427046400,5.611375e+16,4.735254,4.710822
87200,1428684800,5.617817e+16,4.687900,4.706901
87300,1430323200,5.624260e+16,4.709774,4.703576
87400,1431961600,5.630702e+16,4.735104,4.708913
87500,1433600000,5.637145e+16,4.716665,4.703162
87600,1435238400,5.643587e+16,4.786744,4.704502
87700,1436876800,5.650029e+16,4.739250,4.697443
87800,1438515200,5.656472e+16,4.745468,4.695296
87900,1440153600,5.662914e+16,4.730082,4.692768
88000,1441792000,5.669357e+16,4.747306,4.697073
88100,1443430400,5.675799e+16,4.701012,4.694240
88200,1445068800,5.682242e+16,4.716882,4.693769
88300,1446707200,5.688684e+16,4.726828,4.694329
88400,1448345600,5.695127e+16,4.721801,4.695865
88500,1449984000,5.701569e+16,4.709264,4.697650
88600,1451622400,5.708012e+16,4.715409,4.700424
88700,1453260800,5.714454e+16,4.710293,4.695203
88800,1454899200,5.720896e+16,4.691654,4.696980
88900,1456537600,5.727339e+16,4.701793,4.696864
89000,1458176000,5.733781e+16,4.718890,4.692432
89100,1459814400,5.740224e+16,4.676809,4.693770
89200,1461452800,5.746666e+16,4.709328,4.691832
89300,1463091200,5.753109e+16,4.699990,4.689595
89400,1464729600,5.759551e+16,4.719866,4.689994
89500,1466368000,5.765994e+16,4.710673,4.690114
89600,1468006400,5.772436e+16,4.748265,4.690781
89700,1469644800,5.778878e+16,4.730295,4.686427
89800,1471283200,5.785321e+16,4.703894,4.688450
89900,1472921600,5.791763e+16,4.725859,4.683397
90000,1474560000,5.798206e+16,4.698942,4.682017
90100,1476198400,5.804648e+16,4.698747,4.684737
90200,1477836800,5.811091e+16,4.714183,4.684053
90300,1479475200,5.817533e+16,4.727018,4.683951
90400,1481113600,5.823976e+16,4.703282,4.682054
90500,1482752000,5.830418e+16,4.707002,4.680230
90600,1484390400,5.836861e+16,4.746911,4.682748
90700,1486028800,5.843303e+16,4.706515,4.680929
90800,1487667200,5.849745e+16,4.682938,4.675025
90900,1489305600,5.856188e+16,4.719756,4.676424
91000,1490944000,5.862630e+16,4.674991,4.680232
91100,1492582400,5.869073e+16,4.695132,4.676441
91200,1494220800,5.875515e+16,4.703519,4.674297
91300,1495859200,5.881958e+16,4.681494,4.670093
91400,1497497600,5.888400e+16,4.710001,4.673616
91500,1499136000,5.894843e+16,4.707697,4.673130
91600,1500774400,5.901285e+16,4.661128,4.675312
91700,1502412800,5.907728e+16,4.682346,4.674803
91800,1504051200,5.914170e+16,4.692984,4.671980
91900,1505689600,5.920612e+16,4.692174,4.670041
92000,1507328000,5.927055e+16,4.696242,4.670342
92100,1508966400,5.933497e+16,4.714331,4.670870
92200,1510604800,5.939940e+16,4.731856,4.671165
92300,1512243200,5.946382e+16,4.672633,4.662946
92400,1513881600,5.952825e+16,4.678845,4.662336
92500,1515520000,5.959267e+16,4.686829,4.662298
92600,1517158400,5.965710e+16,4.731142,4.668018
92700,1518796800,5.972152e+16,4.683658,4.670607
92800,1520435200,5.978594e+16,4.678698,4.666546
92900,1522073600,5.985037e+16,4.702209,4.661840
93000,1523712000,5.991479e+16,4.685961,4.663532
93100,1525350400,5.997922e+16,4.666802,4.658993
93200,1526988800,6.004364e+16,4.667382,4.661374
93300,1528627200,6.010807e+16,4.702928,4.663428
93400,1530265600,6.017249e+16,4.697718,4.663308
93500,1531904000,6.023692e+16,4.682842,4.665897
93600,1533542400,6.030134e+16,4.666925,4.663272
93700,1535180800,6.036577e+16,4.665814,4.657936
93800,1536819200,6.043019e+16,4.691839,4.663939
93900,1538457600,6.049461e+16,4.676457,4.664374
94000,1540096000,6.055904e+16,4.683972,4.657436
94100,1541734400,6.062346e+16,4.673692,4.655881
94200,1543372800,6.068789e+16,4.671467,4.659114
94300,1545011200,6.075231e+16,4.680541,4.655795
94400,1546649600,6.081674e+16,4.648556,4.654207
94500,1548288000,6.088116e+16,4.660830,4.650801
94600,1549926400,6.094559e+16,4.659972,4.645690
94700,1551564800,6.101001e+16,4.664221,4.648965
94800,1553203200,6.107443e+16,4.674037,4.647467
94900,1554841600,6.113886e+16,4.665601,4.647035
95000,1556480000,6.120328e+16,4.652385,4.650530
95100,1558118400,6.126771e+16,4.665362,4.642712
95200,1559756800,6.133213e+16,4.659733,4.648885
95300,1561395200,6.139656e+16,4.668664,4.640348
95400,1563033600,6.146098e+16,4.666451,4.641076
95500,1564672000,6.152541e+16,4.658749,4.641443
95600,1566310400,6.158983e+16,4.694139,4.642575
95700,1567948800,6.165426e+16,4.699037,4.644335
95800,1569587200,6.171868e+16,4.657682,4.641444
95900,1571225600,6.178310e+16,4.686687,4.644679
96000,1572864000,6.184753e+16,4.649019,4.637042
96100,1574502400,6.191195e+16,4.670687,4.639967
96200,1576140800,6.197638e+16,4.709476,4.635418
96300,1577779200,6.204080e+16,4.649830,4.638669
96400,1579417600,6.210523e+16,4.643514,4.639706
96500,1581056000,6.216965e+16,4.690190,4.634136
96600,1582694400,6.223408e+16,4.675398,4.634711
96700,1584332800,6.229850e+16,4.691638,4.628912
96800,1585971200,6.236293e+16,4.667028,4.631424
96900,1587609600,6.242735e+16,4.675683,4.636793
97000,1589248000,6.249177e+16,4.658669,4.633694
97100,1590886400,6.255620e+16,4.649918,4.633050
97200,1592524800,6.262062e+16,4.682278,4.629692
97300,1594163200,6.268505e+16,4.678905,4.629260
97400,1595801600,6.274947e+16,4.641543,4.625443
97500,1597440000,6.281390e+16,4.704042,4.623673
97600,1599078400,6.287832e+16,4.667407,4.628445
97700,1600716800,6.294275e+16,4.649372,4.630783
97800,1602355200,6.300717e+16,4.688076,4.630080
97900,1603993600,6.307159e+16,4.662114,4.620159
98000,1605632000,6.313602e+16,4.683407,4.627913
98100,1607270400,6.320044e+16,4.655673,4.629948
98200,1608908800,6.326487e+16,4.653203,4.628247
98300,1610547200,6.332929e+16,4.644149,4.626509
98400,1612185600,6.339372e+16,4.647377,4.619942
98500,1613824000,6.345814e+16,4.660952,4.623495
98600,1615462400,6.352257e+16,4.640995,4.621776
98700,1617100800,6.358699e+16,4.695815,4.620739
98800,1618739200,6.365142e+16,4.708707,4.621212
98900,1620377600,6.371584e+16,4.652856,4.622734
99000,1622016000,6.378026e+16,4.638220,4.615491
99100,1623654400,6.384469e+16,4.647510,4.614205
99200,1625292800,6.390911e+16,4.632158,4.613382
99300,1626931200,6.397354e+16,4.664267,4.613356
99400,1628569600,6.403796e+16,4.644329,4.616745
99500,1630208000,6.410239e+16,4.643313,4.616211
99600,1631846400,6.416681e+16,4.649400,4.615010
99700,1633484800,6.423124e+16,4.664100,4.616962
99800,1635123200,6.429566e+16,4.647820,4.610027
99900,1636761600,6.436008e+16,4.652400,4.613642
100000,1638400000,6.442451e+16,4.709276,4.612890
100100,1640038400,6.448893e+16,4.616877,4.603309
100200,1641676800,6.455336e+16,4.769355,4.608408
100300,1643315200,6.461778e+16,4.682447,4.604006
100400,1644953600,6.468221e+16,4.683272,4.606865
100500,1646592000,6.474663e+16,4.618317,4.601346
100600,1648230400,6.481106e+16,4.617587,4.602308
100700,1649868800,6.487548e+16,4.631312,4.606246
100800,1651507200,6.493991e+16,4.644931,4.601128
100900,1653145600,6.500433e+16,4.651867,4.605070
101000,1654784000,6.506875e+16,4.682363,4.607703
101100,1656422400,6.513318e+16,4.660055,4.605624
101200,1658060800,6.519760e+16,4.598886,4.605558
101300,1659699200,6.526203e+16,4.650836,4.606091
101400,1661337600,6.532645e+16,4.593533,4.604189
101500,1662976000,6.539088e+16,4.647580,4.602006
101600,1664614400,6.545530e+16,4.650220,4.601063
101700,1666252800,6.551973e+16,4.640534,4.606965
101800,1667891200,6.558415e+16,4.594476,4.602829
101900,1669529600,6.564858e+16,4.617067,4.596924
102000,1671168000,6.571300e+16,4.649101,4.600787
102100,1672806400,6.577742e+16,4.610217,4.602162
102200,1674444800,6.584185e+16,4.633257,4.593119
102300,1676083200,6.590627e+16,4.652555,4.593473
102400,1677721600,6.597070e+16,4.668679,4.591167
102500,1679360000,6.603512e+16,4.601107,4.594242
102600,1680998400,6.609955e+16,4.615667,4.589217
102700,1682636800,6.616397e+16,4.620973,4.591464
102800,1684275200,6.622840e+16,4.614505,4.587989
102900,1685913600,6.629282e+16,4.615706,4.586721
103000,1687552000,6.635724e+16,4.609984,4.587291
103100,1689190400,6.642167e+16,4.597229,4.586812
103200,1690828800,6.648609e+16,4.616057,4.589297
103300,1692467200,6.655052e+16,4.572828,4.590581
103400,1694105600,6.661494e+16,4.578205,4.581692
103500,1695744000,6.667937e+16,4.593261,4.583164
103600,1697382400,6.674379e+16,4.614707,4.580539
103700,1699020800,6.680822e+16,4.583792,4.587763
103800,1700659200,6.687264e+16,4.601520,4.585423
103900,1702297600,6.693707e+16,4.637239,4.583768
104000,1703936000,6.700149e+16,4.601373,4.584537
104100,1705574400,6.706591e+16,4.602336,4.583613
104200,1707212800,6.713034e+16,4.631372,4.576154
104300,1708851200,6.719476e+16,4.614601,4.579855
104400,1710489600,6.725919e+16,4.574852,4.577308
104500,1712128000,6.732361e+16,4.592524,4.575705
104600,1713766400,6.738804e+16,4.603420,4.568459
104700,1715404800,6.745246e+16,4.621859,4.572564
104800,1717043200,6.751689e+16,4.664927,4.572730
104900,1718681600,6.758131e+16,4.621219,4.572867
105000,1720320000,6.764573e+16,4.634902,4.575452
105100,1721958400,6.771016e+16,4.598698,4.572365
105200,1723596800,6.777458e+16,4.642521,4.572047
105300,1725235200,6.783901e+16,4.594061,4.566901
105400,1726873600,6.790343e+16,4.612733,4.568507
105500,1728512000,6.796786e+16,4.598652,4.573452
105600,1730150400,6.803228e+16,4.605153,4.569642
105700,1731788800,6.809671e+16,4.566766,4.566918
105800,1733427200,6.816113e+16,4.582837,4.567861
105900,1735065600,6.822556e+16,4.569494,4.562137
106000,1736704000,6.828998e+16,4.597895,4.565739
106100,1738342400,6.835440e+16,4.603707,4.563285
106200,1739980800,6.841883e+16,4.601901,4.559987
106300,1741619200,6.848325e+16,4.579077,4.562509
106400,1743257600,6.854768e+16,4.595869,4.563424
106500,1744896000,6.861210e+16,4.598531,4.559861
106600,1746534400,6.867653e+16,4.603170,4.565578
106700,1748172800,6.874095e+16,4.602992,4.559533
106800,1749811200,6.880538e+16,4.619243,4.557340
106900,1751449600,6.886980e+16,4.604921,4.554697
107000,1753088000,6.893423e+16,4.621923,4.551482
107100,1754726400,6.899865e+16,4.592544,4.556692
107200,1756364800,6.906307e+16,4.533238,4.561631
107300,1758003200,6.912750e+16,4.585882,4.556451
107400,1759641600,6.919192e+16,4.573183,4.553231
107500,1761280000,6.925635e+16,4.593703,4.551761
107600,1762918400,6.932077e+16,4.581831,4.550703
107700,1764556800,6.938520e+16,4.614111,4.550991
107800,1766195200,6.944962e+16,4.560682,4.547270
107900,1767833600,6.951405e+16,4.569367,4.547588
108000,1769472000,6.957847e+16,4.585946,4.543543
108100,1771110400,6.964289e+16,4.576918,4.549280
108200,1772748800,6.970732e+16,4.560439,4.540275
108300,1774387200,6.977174e+16,4.608370,4.546375
108400,1776025600,6.983617e+16,4.571609,4.545097
108500,1777664000,6.990059e+16,4.557304,4.548718
108600,1779302400,6.996502e+16,4.576581,4.543439
108700,1780940800,7.002944e+16,4.559587,4.543214
108800,1782579200,7.009387e+16,4.620381,4.542488
108900,1784217600,7.015829e+16,4.583963,4.544651
109000,1785856000,7.022272e+16,4.583584,4.544389
109100,1787494400,7.028714e+16,4.607471,4.540125
109200,1789132800,7.035156e+16,4.613054,4.547058
109300,1790771200,7.041599e+16,4.542886,4.542374
109400,1792409600,7.048041e+16,4.594258,4.537360
109500,1794048000,7.054484e+16,4.574198,4.539852
109600,1795686400,7.060926e+16,4.569571,4.542389
109700,1797324800,7.067369e+16,4.571854,4.540894
109800,1798963200,7.073811e+16,4.584053,4.537883
109900,1800601600,7.080254e+16,4.528924,4.537383
110000,1802240000,7.086696e+16,4.641925,4.536901
110100,1803878400,7.093138e+16,4.579330,4.536680
110200,1805516800,7.099581e+16,4.574959,4.536106
110300,1807155200,7.106023e+16,4.550184,4.537187
110400,1808793600,7.112466e+16,4.520975,4.537853
110500,1810432000,7.118908e+16,4.554258,4.536434
110600,1812070400,7.125351e+16,4.560673,4.535685
110700,1813708800,7.131793e+16,4.581924,4.534191
110800,1815347200,7.138236e+16,4.565531,4.533601
110900,1816985600,7.144678e+16,4.583805,4.536169
111000,1818624000,7.151121e+16,4.558713,4.529902
111100,1820262400,7.157563e+16,4.562569,4.534156
111200,1821900800,7.164005e+16,4.576374,4.533091
111300,1823539200,7.170448e+16,4.557271,4.536159
111400,1825177600,7.176890e+16,4.579753,4.537739
111500,1826816000,7.183333e+16,4.545860,4.535378
111600,1828454400,7.189775e+16,4.548809,4.534095
111700,1830092800,7.196218e+16,4.541667,4.532601
111800,1831731200,7.202660e+16,4.536739,4.538740
111900,1833369600,7.209103e+16,4.574589,4.534977
112000,1835008000,7.215545e+16,4.554630,4.531595
112100,1836646400,7.221988e+16,4.574063,4.529736
112200,1838284800,7.228430e+16,4.575457,4.535779
112300,1839923200,7.234872e+16,4.590023,4.538738
112400,1841561600,7.241315e+16,4.543120,4.532586
112500,1843200000,7.247757e+16,4.623829,4.533050
112600,1844838400,7.254200e+16,4.601584,4.530032
112700,1846476800,7.260642e+16,4.559317,4.527148
112800,1848115200,7.267085e+16,4.579977,4.526197
112900,1849753600,7.273527e+16,4.578313,4.524584
113000,1851392000,7.279970e+16,4.549751,4.522929
113100,1853030400,7.286412e+16,4.576203,4.524953
113200,1854668800,7.292854e+16,4.550073,4.525353
113300,1856307200,7.299297e+16,4.563348,4.528835
113400,1857945600,7.305739e+16,4.566015,4.522138
113500,1859584000,7.312182e+16,4.565131,4.523578
113600,1861222400,7.318624e+16,4.562365,4.523375
113700,1862860800,7.325067e+16,4.569028,4.515612
113800,1864499200,7.331509e+16,4.577165,4.517205
113900,1866137600,7.337952e+16,4.577410,4.524787
114000,1867776000,7.344394e+16,4.601107,4.517053
114100,1869414400,7.350837e+16,4.616444,4.518585
114200,1871052800,7.357279e+16,4.556821,4.514345
114300,1872691200,7.363721e+16,4.548524,4.514891
114400,1874329600,7.370164e+16,4.541539,4.514331
114500,1875968000,7.376606e+16,4.546332,4.512716
114600,1877606400,7.383049e+16,4.607453,4.514866
114700,1879244800,7.389491e+16,4.573185,4.516952
114800,1880883200,7.395934e+16,4.528682,4.510268
114900,1882521600,7.402376e+16,4.562060,4.510625
115000,1884160000,7.408819e+16,4.584136,4.513656
115100,1885798400,7.415261e+16,4.605650,4.509347
115200,1887436800,7.421703e+16,4.567674,4.506862
115300,1889075200,7.428146e+16,4.561036,4.514495
115400,1890713600,7.434588e+16,4.519050,4.510883
115500,1892352000,7.441031e+16,4.508377,4.506429
115600,1893990400,7.447473e+16,4.559475,4.506735
115700,1895628800,7.453916e+16,4.558444,4.507714
115800,1897267200,7.460358e+16,4.561543,4.506120
115900,1898905600,7.466801e+16,4.522601,4.508576
116000,1900544000,7.473243e+16,4.574591,4.503769
116100,1902182400,7.479686e+16,4.584837,4.507076
116200,1903820800,7.486128e+16,4.556674,4.511471
116300,1905459200,7.492570e+16,4.589365,4.507457
116400,1907097600,7.499013e+16,4.555397,4.503566
116500,1908736000,7.505455e+16,4.535677,4.502295
116600,1910374400,7.511898e+16,4.537921,4.502403
116700,1912012800,7.518340e+16,4.614522,4.508534
116800,1913651200,7.524783e+16,4.556454,4.495036
116900,1915289600,7.531225e+16,4.538803,4.495912
117000,1916928000,7.537668e+16,4.511913,4.497121
117100,1918566400,7.544110e+16,4.548355,4.496322
117200,1920204800,7.550553e+16,4.526805,4.495942
117300,1921843200,7.556995e+16,4.527047,4.494938
117400,1923481600,7.563437e+16,4.552734,4.493449
117500,1925120000,7.569880e+16,4.576469,4.492749
117600,1926758400,7.576322e+16,4.555850,4.489371
117700,1928396800,7.582765e+16,4.543100,4.490324
117800,1930035200,7.589207e+16,4.513935,4.489931
117900,1931673600,7.595650e+16,4.489713,4.492794
118000,1933312000,7.602092e+16,4.555502,4.497694
118100,1934950400,7.608535e+16,4.514378,4.491610
118200,1936588800,7.614977e+16,4.588557,4.491150
118300,1938227200,7.621419e+16,4.551992,4.490512
118400,1939865600,7.627862e+16,4.578504,4.487658
118500,1941504000,7.634304e+16,4.535129,4.490635
118600,1943142400,7.640747e+16,4.505369,4.488078
118700,1944780800,7.647189e+16,4.539393,4.486542
118800,1946419200,7.653632e+16,4.518370,4.489007
118900,1948057600,7.660074e+16,4.525707,4.489713
119000,1949696000,7.666517e+16,4.539193,4.486063
119100,1951334400,7.672959e+16,4.530582,4.486383
119200,1952972800,7.679402e+16,4.536459,4.488371
119300,1954611200,7.685844e+16,4.509813,4.488046
119400,1956249600,7.692286e+16,4.540133,4.488449
119500,1957888000,7.698729e+16,4.525487,4.483679
119600,1959526400,7.705171e+16,4.501972,4.480698
119700,1961164800,7.711614e+16,4.577185,4.484965
119800,1962803200,7.718056e+16,4.512891,4.482754
119900,1964441600,7.724499e+16,4.556485,4.480138
120000,1966080000,7.730941e+16,4.506308,4.483085
120100,1967718400,7.737384e+16,4.541244,4.483223
120200,1969356800,7.743826e+16,4.567515,4.478791
120300,1970995200,7.750268e+16,4.503646,4.482443
120400,1972633600,7.756711e+16,4.561659,4.477799
120500,1974272000,7.763153e+16,4.524901,4.478769
120600,1975910400,7.769596e+16,4.492600,4.481740
120700,1977548800,7.776038e+16,4.521354,4.476966
120800,1979187200,7.782481e+16,4.535599,4.473221
120900,1980825600,7.788923e+16,4.505101,4.470424
121000,1982464000,7.795366e+16,4.518920,4.470017
121100,1984102400,7.801808e+16,4.522803,4.478197
121200,1985740800,7.808251e+16,4.516476,4.475796
121300,1987379200,7.814693e+16,4.546530,4.475737
121400,1989017600,7.821135e+16,4.539472,4.476683
121500,1990656000,7.827578e+16,4.521258,4.477150
121600,1992294400,7.834020e+16,4.548440,4.476836
121700,1993932800,7.840463e+16,4.540980,4.471069
121800,1995571200,7.846905e+16,4.525582,4.473676
121900,1997209600,7.853348e+16,4.488312,4.471848
122000,1998848000,7.859790e+16,4.505567,4.469837
122100,2000486400,7.866233e+16,4.573713,4.474162
122200,2002124800,7.872675e+16,4.509612,4.468048
122300,2003763200,7.879118e+16,4.506102,4.466679
122400,2005401600,7.885560e+16,4.506465,4.469660
122500,2007040000,7.892002e+16,4.523702,4.470199
122600,2008678400,7.898445e+16,4.605352,4.471465
122700,2010316800,7.904887e+16,4.552270,4.464075
122800,2011955200,7.911330e+16,4.511976,4.469500
122900,2013593600,7.917772e+16,4.498097,4.466673
123000,2015232000,7.924215e+16,4.499881,4.464361
123100,2016870400,7.930657e+16,4.501903,4.461892
123200,2018508800,7.937100e+16,4.495944,4.467412
123300,2020147200,7.943542e+16,4.517467,4.466037
123400,2021785600,7.949984e+16,4.534988,4.465395
123500,2023424000,7.956427e+16,4.552519,4.468319
123600,2025062400,7.962869e+16,4.544236,4.463437
123700,2026700800,7.969312e+16,4.547306,4.464614
123800,2028339200,7.975754e+16,4.511949,4.465155
123900,2029977600,7.982197e+16,4.591669,4.462089
124000,2031616000,7.988639e+16,4.519958,4.460724
124100,2033254400,7.995082e+16,4.518323,4.461091
124200,2034892800,8.001524e+16,4.498826,4.462197
124300,2036531200,8.007967e+16,4.470620,4.462795
124400,2038169600,8.014409e+16,4.490077,4.457077
124500,2039808000,8.020851e+16,4.518021,4.457929
124600,2041446400,8.027294e+16,4.505335,4.453601
124700,2043084800,8.033736e+16,4.515146,4.454504
124800,2044723200,8.040179e+16,4.514069,4.452524
124900,2046361600,8.046621e+16,4.505003,4.454088
125000,2048000000,8.053064e+16,4.512666,4.457301
125100,2049638400,8.059506e+16,4.517495,4.456975
125200,2051276800,8.065949e+16,4.547402,4.455815
125300,2052915200,8.072391e+16,4.553551,4.452723
125400,2054553600,8.078833e+16,4.522409,4.449438
125500,2056192000,8.085276e+16,4.481560,4.452457
125600,2057830400,8.091718e+16,4.516642,4.450069
125700,2059468800,8.098161e+16,4.463880,4.448818
125800,2061107200,8.104603e+16,4.548141,4.449190
125900,2062745600,8.111046e+16,4.509521,4.449572
126000,2064384000,8.117488e+16,4.553362,4.454716
126100,2066022400,8.123931e+16,4.506937,4.451498
126200,2067660800,8.130373e+16,4.501542,4.449895
126300,2069299200,8.136816e+16,4.496154,4.454368
126400,2070937600,8.143258e+16,4.559948,4.453780
126500,2072576000,8.149700e+16,4.495539,4.453243
126600,2074214400,8.156143e+16,4.474278,4.452324
126700,2075852800,8.162585e+16,4.473595,4.450970
126800,2077491200,8.169028e+16,4.476210,4.447967
126900,2079129600,8.175470e+16,4.482541,4.444336
127000,2080768000,8.181913e+16,4.496042,4.450768
127100,2082406400,8.188355e+16,4.462698,4.446435
127200,2084044800,8.194798e+16,4.506913,4.446692
127300,2085683200,8.201240e+16,4.486274,4.448132
127400,2087321600,8.207683e+16,4.519465,4.443702
127500,2088960000,8.214125e+16,4.507715,4.448373
127600,2090598400,8.220567e+16,4.472461,4.447934
127700,2092236800,8.227010e+16,4.472745,4.445949
127800,2093875200,8.233452e+16,4.498232,4.443711
127900,2095513600,8.239895e+16,4.493878,4.444539
128000,2097152000,8.246337e+16,4.502690,4.444721
128100,2098790400,8.252780e+16,4.490806,4.447426
128200,2100428800,8.259222e+16,4.512115,4.444288
128300,2102067200,8.265665e+16,4.544812,4.446425
128400,2103705600,8.272107e+16,4.475492,4.444818
128500,2105344000,8.278549e+16,4.478902,4.441122
128600,2106982400,8.284992e+16,4.458402,4.438787
128700,2108620800,8.291434e+16,4.452314,4.439102
128800,2110259200,8.297877e+16,4.491465,4.437273
128900,2111897600,8.304319e+16,4.492741,4.443479
129000,2113536000,8.310762e+16,4.465244,4.438517
129100,2115174400,8.317204e+16,4.461143,4.440658
129200,2116812800,8.323647e+16,4.495496,4.436074
129300,2118451200,8.330089e+16,4.481415,4.437330
129400,2120089600,8.336532e+16,4.502691,4.437031
129500,2121728000,8.342974e+16,4.492508,4.442238
129600,2123366400,8.349416e+16,4.484712,4.434949
129700,2125004800,8.355859e+16,4.485606,4.437675
129800,2126643200,8.362301e+16,4.505261,4.435218
129900,2128281600,8.368744e+16,4.482472,4.434481
130000,2129920000,8.375186e+16,4.525651,4.435343
130100,2131558400,8.381629e+16,4.494061,4.432424
130200,2133196800,8.388071e+16,4.493195,4.435450
130300,2134835200,8.394514e+16,4.475290,4.432529
130400,2136473600,8.400956e+16,4.470939,4.429111
130500,2138112000,8.407398e+16,4.485817,4.428816
130600,2139750400,8.413841e+16,4.479851,4.429682
130700,2141388800,8.420283e+16,4.454045,4.433991
130800,2143027200,8.426726e+16,4.464495,4.428158
130900,2144665600,8.433168e+16,4.509126,4.429984
131000,2146304000,8.439611e+16,4.483239,4.429787
131100,2147942400,8.446053e+16,4.477201,4.428325
131200,2149580800,8.452496e+16,4.517923,4.425015
131300,2151219200,8.458938e+16,4.457155,4.427337
131400,2152857600,8.465381e+16,4.476357,4.426892
131500,2154496000,8.471823e+16,4.478301,4.421293
131600,2156134400,8.478265e+16,4.484405,4.421342
131700,2157772800,8.484708e+16,4.486425,4.424036
131800,2159411200,8.491150e+16,4.549683,4.427728
131900,2161049600,8.497593e+16,4.534481,4.430434
132000,2162688000,8.504035e+16,4.492946,4.426295
132100,2164326400,8.510478e+16,4.429482,4.424099
132200,2165964800,8.516920e+16,4.540731,4.425460
132300,2167603200,8.523363e+16,4.470653,4.422752
132400,2169241600,8.529805e+16,4.482058,4.421497
132500,2170880000,8.536248e+16,4.449761,4.421217
132600,2172518400,8.542690e+16,4.475677,4.419936
132700,2174156800,8.549132e+16,4.461473,4.425188
132800,2175795200,8.555575e+16,4.492001,4.421300
132900,2177433600,8.562017e+16,4.502525,4.423484
133000,2179072000,8.568460e+16,4.461357,4.418919
133100,2180710400,8.574902e+16,4.438415,4.422506
133200,2182348800,8.581345e+16,4.470028,4.422860
133300,2183987200,8.587787e+16,4.441961,4.420184
133400,2185625600,8.594230e+16,4.489279,4.417887
133500,2187264000,8.600672e+16,4.454499,4.415916
133600,2188902400,8.607114e+16,4.432183,4.413653
133700,2190540800,8.613557e+16,4.429141,4.418219
133800,2192179200,8.619999e+16,4.444018,4.415518
133900,2193817600,8.626442e+16,4.490180,4.412167
134000,2195456000,8.632884e+16,4.495742,4.412122
134100,2197094400,8.639327e+16,4.454170,4.411731
134200,2198732800,8.645769e+16,4.458832,4.414968
134300,2200371200,8.652212e+16,4.466400,4.413736
134400,2202009600,8.658654e+16,4.440241,4.407752
134500,2203648000,8.665097e+16,4.414924,4.414433
134600,2205286400,8.671539e+16,4.441267,4.408428
134700,2206924800,8.677981e+16,4.456893,4.408111
134800,2208563200,8.684424e+16,4.452848,4.409213
134900,2210201600,8.690866e+16,4.421001,4.407461
135000,2211840000,8.697309e+16,4.422616,4.407332
135100,2213478400,8.703751e+16,4.467496,4.410545
135200,2215116800,8.710194e+16,4.459190,4.408502
135300,2216755200,8.716636e+16,4.466868,4.409955
135400,2218393600,8.723079e+16,4.457568,4.407455
135500,2220032000,8.729521e+16,4.468596,4.411789
135600,2221670400,8.735963e+16,4.424013,4.406328
135700,2223308800,8.742406e+16,4.455105,4.405931
135800,2224947200,8.748848e+16,4.480499,4.406250
135900,2226585600,8.755291e+16,4.475990,4.403052
136000,2228224000,8.761733e+16,4.489285,4.402517
136100,2229862400,8.768176e+16,4.492262,4.404051
136200,2231500800,8.774618e+16,4.431600,4.405467
136300,2233139200,8.781061e+16,4.385180,4.399013
136400,2234777600,8.787503e+16,4.450682,4.400718
136500,2236416000,8.793946e+16,4.451543,4.404620
136600,2238054400,8.800388e+16,4.481624,4.402337
136700,2239692800,8.806830e+16,4.447647,4.401304
136800,2241331200,8.813273e+16,4.484921,4.400303
136900,2242969600,8.819715e+16,4.437276,4.400558
137000,2244608000,8.826158e+16,4.457552,4.396973
137100,2246246400,8.832600e+16,4.446483,4.402554
137200,2247884800,8.839043e+16,4.472919,4.398836
137300,2249523200,8.845485e+16,4.406540,4.400248
137400,2251161600,8.851928e+16,4.435777,4.394954
137500,2252800000,8.858370e+16,4.484662,4.396934
137600,2254438400,8.864812e+16,4.440156,4.395160
137700,2256076800,8.871255e+16,4.469362,4.394270
137800,2257715200,8.877697e+16,4.415889,4.395451
137900,2259353600,8.884140e+16,4.428547,4.397360
138000,2260992000,8.890582e+16,4.426613,4.395583
138100,2262630400,8.897025e+16,4.446665,4.394661
138200,2264268800,8.903467e+16,4.456575,4.398805
138300,2265907200,8.909910e+16,4.429531,4.402316
138400,2267545600,8.916352e+16,4.454157,4.398325
138500,2269184000,8.922795e+16,4.465027,4.399406
138600,2270822400,8.929237e+16,4.425492,4.395525
138700,2272460800,8.935679e+16,4.414064,4.394114
138800,2274099200,8.942122e+16,4.440140,4.394298
138900,2275737600,8.948564e+16,4.424706,4.395217
139000,2277376000,8.955007e+16,4.412148,4.398828
139100,2279014400,8.961449e+16,4.472898,4.391359
139200,2280652800,8.967892e+16,4.456196,4.393636
139300,2282291200,8.974334e+16,4.447918,4.390989
139400,2283929600,8.980777e+16,4.448976,4.389051
139500,2285568000,8.987219e+16,4.414745,4.389941
139600,2287206400,8.993662e+16,4.440083,4.390013
139700,2288844800,9.000104e+16,4.439553,4.390104
139800,2290483200,9.006546e+16,4.438210,4.388335
139900,2292121600,9.012989e+16,4.413005,4.388884
140000,2293760000,9.019431e+16,4.439610,4.385877
140100,2295398400,9.025874e+16,4.401587,4.385807
140200,2297036800,9.032316e+16,4.445023,4.388926
140300,2298675200,9.038759e+16,4.448738,4.389498
140400,2300313600,9.045201e+16,4.427493,4.388502
140500,2301952000,9.051644e+16,4.414128,4.386081
140600,2303590400,9.058086e+16,4.435055,4.386932
140700,2305228800,9.064528e+16,4.420053,4.386169
140800,2306867200,9.070971e+16,4.408708,4.382817
140900,2308505600,9.077413e+16,4.441843,4.379457
141000,2310144000,9.083856e+16,4.442047,4.378677
141100,2311782400,9.090298e+16,4.407638,4.378558
141200,2313420800,9.096741e+16,4.444817,4.383017
141300,2315059200,9.103183e+16,4.462789,4.383043
141400,2316697600,9.109626e+16,4.448514,4.384060
141500,2318336000,9.116068e+16,4.445386,4.380954
141600,2319974400,9.122511e+16,4.391569,4.380874
141700,2321612800,9.128953e+16,4.455408,4.386834
141800,2323251200,9.135395e+16,4.465174,4.382672
141900,2324889600,9.141838e+16,4.430722,4.384185
142000,2326528000,9.148280e+16,4.501311,4.383528
142100,2328166400,9.154723e+16,4.496228,4.384198
142200,2329804800,9.161165e+16,4.427660,4.381554
142300,2331443200,9.167608e+16,4.430038,4.377970
142400,2333081600,9.174050e+16,4.394407,4.377487
142500,2334720000,9.180493e+16,4.440567,4.378009
142600,2336358400,9.186935e+16,4.446388,4.377721
142700,2337996800,9.193377e+16,4.434010,4.373422
142800,2339635200,9.199820e+16,4.434551,4.374325
142900,2341273600,9.206262e+16,4.437981,4.373088
143000,2342912000,9.212705e+16,4.382265,4.377064
143100,2344550400,9.219147e+16,4.431489,4.375572
143200,2346188800,9.225590e+16,4.423311,4.374986
143300,2347827200,9.232032e+16,4.463842,4.376034
143400,2349465600,9.238475e+16,4.441637,4.374843
143500,2351104000,9.244917e+16,4.404954,4.373875
143600,2352742400,9.251360e+16,4.442523,4.373928
143700,2354380800,9.257802e+16,4.456990,4.372104
143800,2356019200,9.264244e+16,4.434009,4.373545
143900,2357657600,9.270687e+16,4.415691,4.375885
144000,2359296000,9.277129e+16,4.364395,4.373208
144100,2360934400,9.283572e+16,4.437103,4.369802
144200,2362572800,9.290014e+16,4.417393,4.370398
144300,2364211200,9.296457e+16,4.401787,4.369448
144400,2365849600,9.302899e+16,4.411694,4.368635
144500,2367488000,9.309342e+16,4.395216,4.369722
144600,2369126400,9.315784e+16,4.423877,4.368925
144700,2370764800,9.322227e+16,4.515721,4.369028
144800,2372403200,9.328669e+16,4.437844,4.367148
144900,2374041600,9.335111e+16,4.443649,4.367045
145000,2375680000,9.341554e+16,4.410353,4.363721
145100,2377318400,9.347996e+16,4.488588,4.367150
145200,2378956800,9.354439e+16,4.452785,4.366050
145300,2380595200,9.360881e+16,4.432904,4.363707
145400,2382233600,9.367324e+16,4.443603,4.364617
145500,2383872000,9.373766e+16,4.448527,4.363243
145600,2385510400,9.380209e+16,4.451730,4.362066
145700,2387148800,9.386651e+16,4.397402,4.366549
145800,2388787200,9.393093e+16,4.408607,4.363409
145900,2390425600,9.399536e+16,4.454373,4.363888
146000,2392064000,9.405978e+16,4.407110,4.366205
146100,2393702400,9.412421e+16,4.388418,4.363569
146200,2395340800,9.418863e+16,4.461509,4.361793
146300,2396979200,9.425306e+16,4.397930,4.361861
146400,2398617600,9.431748e+16,4.436749,4.360015
146500,2400256000,9.438191e+16,4.443765,4.358841
146600,2401894400,9.444633e+16,4.381688,4.361445
146700,2403532800,9.451076e+16,4.404425,4.360585
146800,2405171200,9.457518e+16,4.431949,4.361491
146900,2406809600,9.463960e+16,4.397107,4.358725
147000,2408448000,9.470403e+16,4.419953,4.358942
147100,2410086400,9.476845e+16,4.424980,4.357781
147200,2411724800,9.483288e+16,4.404566,4.361652
147300,2413363200,9.489730e+16,4.445579,4.363874
147400,2415001600,9.496173e+16,4.414457,4.360781
147500,2416640000,9.502615e+16,4.403407,4.361634
147600,2418278400,9.509058e+16,4.440651,4.359289
147700,2419916800,9.515500e+16,4.431191,4.358902
147800,2421555200,9.521942e+16,4.402511,4.357621
147900,2423193600,9.528385e+16,4.384220,4.359918
148000,2424832000,9.534827e+16,4.428579,4.357373
148100,2426470400,9.541270e+16,4.453652,4.354938
148200,2428108800,9.547712e+16,4.429295,4.356525
148300,2429747200,9.554155e+16,4.400610,4.352815
148400,2431385600,9.560597e+16,4.404005,4.361337
148500,2433024000,9.567040e+16,4.411612,4.358250
148600,2434662400,9.573482e+16,4.431727,4.357362
148700,2436300800,9.579925e+16,4.413033,4.355867
148800,2437939200,9.586367e+16,4.386291,4.354544
148900,2439577600,9.592809e+16,4.452895,4.353753
149000,2441216000,9.599252e+16,4.395482,4.350248
149100,2442854400,9.605694e+16,4.406891,4.352202
149200,2444492800,9.612137e+16,4.382334,4.351224
149300,2446131200,9.618579e+16,4.429180,4.351262
149400,2447769600,9.625022e+16,4.394764,4.350717
149500,2449408000,9.631464e+16,4.364664,4.348975
149600,2451046400,9.637907e+16,4.439168,4.350456
149700,2452684800,9.644349e+16,4.415192,4.344944
149800,2454323200,9.650792e+16,4.393412,4.345448
149900,2455961600,9.657234e+16,4.414704,4.343590
150000,2457600000,9.663676e+16,4.382141,4.344002
150100,2459238400,9.670119e+16,4.383194,4.345646
150200,2460876800,9.676561e+16,4.381507,4.344594
150300,2462515200,9.683004e+16,4.378130,4.346861
150400,2464153600,9.689446e+16,4.389049,4.345078
150500,2465792000,9.695889e+16,4.491085,4.345950
150600,2467430400,9.702331e+16,4.419896,4.345640
150700,2469068800,9.708774e+16,4.396976,4.342323
150800,2470707200,9.715216e+16,4.386335,4.340470
150900,2472345600,9.721658e+16,4.400080,4.345879
151000,2473984000,9.728101e+16,4.380815,4.339977
151100,2475622400,9.734543e+16,4.388581,4.340952
151200,2477260800,9.740986e+16,4.399281,4.340895
151300,2478899200,9.747428e+16,4.395735,4.342916
151400,2480537600,9.753871e+16,4.422538,4.340562
151500,2482176000,9.760313e+16,4.406327,4.340714
151600,2483814400,9.766756e+16,4.384005,4.338888
151700,2485452800,9.773198e+16,4.430373,4.343466
151800,2487091200,9.779641e+16,4.439047,4.339076
151900,2488729600,9.786083e+16,4.398686,4.341900
152000,2490368000,9.792525e+16,4.412054,4.338896
152100,2492006400,9.798968e+16,4.407617,4.338605
152200,2493644800,9.805410e+16,4.371156,4.335367
152300,2495283200,9.811853e+16,4.410313,4.335521
152400,2496921600,9.818295e+16,4.402148,4.335723
152500,2498560000,9.824738e+16,4.406963,4.338789
152600,2500198400,9.831180e+16,4.396074,4.338421
152700,2501836800,9.837623e+16,4.400725,4.339531
152800,2503475200,9.844065e+16,4.388981,4.339650
152900,2505113600,9.850507e+16,4.367422,4.337562
153000,2506752000,9.856950e+16,4.381086,4.335518
153100,2508390400,9.863392e+16,4.404308,4.338318
153200,2510028800,9.869835e+16,4.395839,4.336062
153300,2511667200,9.876277e+16,4.396471,4.332660
153400,2513305600,9.882720e+16,4.385267,4.335342
153500,2514944000,9.889162e+16,4.386988,4.331449
153600,2516582400,9.895605e+16,4.390957,4.334265
153700,2518220800,9.902047e+16,4.385952,4.333870
153800,2519859200,9.908490e+16,4.390876,4.331469
153900,2521497600,9.914932e+16,4.416163,4.332754
154000,2523136000,9.921374e+16,4.401996,4.333391
154100,2524774400,9.927817e+16,4.444232,4.333248
154200,2526412800,9.934259e+16,4.412843,4.329335
154300,2528051200,9.940702e+16,4.383737,4.329797
154400,2529689600,9.947144e+16,4.351000,4.328310
154500,2531328000,9.953587e+16,4.371716,4.324944
154600,2532966400,9.960029e+16,4.391095,4.325758
154700,2534604800,9.966472e+16,4.399765,4.326486
154800,2536243200,9.972914e+16,4.398418,4.327044
154900,2537881600,9.979357e+16,4.386521,4.329404
155000,2539520000,9.985799e+16,4.398512,4.327415
155100,2541158400,9.992241e+16,4.400067,4.327867
155200,2542796800,9.998684e+16,4.379628,4.328852
155300,2544435200,1.000513e+17,4.394419,4.331338
155400,2546073600,1.001157e+17,4.379832,4.331045
155500,2547712000,1.001801e+17,4.367466,4.328355
155600,2549350400,1.002445e+17,4.364034,4.331023
155700,2550988800,1.003090e+17,4.392809,4.326403
155800,2552627200,1.003734e+17,4.375089,4.328289
155900,2554265600,1.004378e+17,4.338239,4.323535
156000,2555904000,1.005022e+17,4.341717,4.323665
156100,2557542400,1.005667e+17,4.348225,4.323310
156200,2559180800,1.006311e+17,4.368869,4.323335
156300,2560819200,1.006955e+17,4.372669,4.320644
156400,2562457600,1.007599e+17,4.356583,4.320176
156500,2564096000,1.008244e+17,4.371061,4.321263
156600,2565734400,1.008888e+17,4.360802,4.320477
156700,2567372800,1.009532e+17,4.351461,4.321390
156800,2569011200,1.010176e+17,4.378496,4.320262
156900,2570649600,1.010821e+17,4.349561,4.320053
157000,2572288000,1.011465e+17,4.347593,4.321020
157100,2573926400,1.012109e+17,4.357092,4.317728
157200,2575564800,1.012753e+17,4.386392,4.319719
157300,2577203200,1.013398e+17,4.360263,4.320271
157400,2578841600,1.014042e+17,4.357572,4.322612
157500,2580480000,1.014686e+17,4.349810,4.319844
157600,2582118400,1.015330e+17,4.375716,4.318125
157700,2583756800,1.015975e+17,4.345889,4.315739
157800,2585395200,1.016619e+17,4.366811,4.314198
157900,2587033600,1.017263e+17,4.356313,4.317125
158000,2588672000,1.017907e+17,4.370573,4.314099
158100,2590310400,1.018551e+17,4.340438,4.318127
158200,2591948800,1.019196e+17,4.372665,4.312672
158300,2593587200,1.019840e+17,4.340377,4.315466
158400,2595225600,1.020484e+17,4.375962,4.311795
158500,2596864000,1.021128e+17,4.343016,4.313998
158600,2598502400,1.021773e+17,4.352840,4.311502
158700,2600140800,1.022417e+17,4.361818,4.310837
158800,2601779200,1.023061e+17,4.381638,4.310448
158900,2603417600,1.023705e+17,4.370985,4.306038
159000,2605056000,1.024350e+17,4.364578,4.310508
159100,2606694400,1.024994e+17,4.351330,4.313364
159200,2608332800,1.025638e+17,4.342818,4.308533
159300,2609971200,1.026282e+17,4.348721,4.310461
159400,2611609600,1.026927e+17,4.345995,4.310317
159500,2613248000,1.027571e+17,4.389340,4.308980
159600,2614886400,1.028215e+17,4.329012,4.307892
159700,2616524800,1.028859e+17,4.372945,4.310785
159800,2618163200,1.029504e+17,4.388832,4.310583
159900,2619801600,1.030148e+17,4.365704,4.312068
160000,2621440000,1.030792e+17,4.333703,4.308217
160100,2623078400,1.031436e+17,4.352386,4.308585
160200,2624716800,1.032081e+17,4.305598,4.308690
160300,2626355200,1.032725e+17,4.345444,4.302790
160400,2627993600,1.033369e+17,4.353946,4.308213
160500,2629632000,1.034013e+17,4.368401,4.305873
160600,2631270400,1.034658e+17,4.366154,4.306421
160700,2632908800,1.035302e+17,4.374380,4.303634
160800,2634547200,1.035946e+17,4.329422,4.303902
160900,2636185600,1.036590e+17,4.338398,4.301991
161000,2637824000,1.037235e+17,4.343101,4.307754
161100,2639462400,1.037879e+17,4.363014,4.302292
161200,2641100800,1.038523e+17,4.338162,4.301076
161300,2642739200,1.039167e+17,4.340102,4.300859
161400,2644377600,1.039812e+17,4.363892,4.301818
161500,2646016000,1.040456e+17,4.337152,4.298779
161600,2647654400,1.041100e+17,4.354968,4.301341
161700,2649292800,1.041744e+17,4.341381,4.299069
161800,2650931200,1.042389e+17,4.341261,4.298501
161900,2652569600,1.043033e+17,4.336514,4.304519
162000,2654208000,1.043677e+17,4.358481,4.300798
162100,2655846400,1.044321e+17,4.318514,4.297802
162200,2657484800,1.044966e+17,4.349580,4.298212
162300,2659123200,1.045610e+17,4.304347,4.297307
162400,2660761600,1.046254e+17,4.334711,4.295257
162500,2662400000,1.046898e+17,4.327023,4.293732
162600,2664038400,1.047543e+17,4.344801,4.294069
162700,2665676800,1.048187e+17,4.307144,4.293985
162800,2667315200,1.048831e+17,4.338672,4.293540
162900,2668953600,1.049475e+17,4.329225,4.295528
163000,2670592000,1.050120e+17,4.317946,4.292418
163100,2672230400,1.050764e+17,4.373052,4.289323
163200,2673868800,1.051408e+17,4.345427,4.289750
163300,2675507200,1.052052e+17,4.337046,4.289937
163400,2677145600,1.052696e+17,4.337872,4.287262
163500,2678784000,1.053341e+17,4.359781,4.288320
163600,2680422400,1.053985e+17,4.357638,4.288842
163700,2682060800,1.054629e+17,4.316111,4.289936
163800,2683699200,1.055273e+17,4.332489,4.287803
163900,2685337600,1.055918e+17,4.313145,4.287374
164000,2686976000,1.056562e+17,4.327109,4.285654
164100,2688614400,1.057206e+17,4.375605,4.287603
164200,2690252800,1.057850e+17,4.326209,4.290075
164300,2691891200,1.058495e+17,4.333809,4.288179
164400,2693529600,1.059139e+17,4.321116,4.289338
164500,2695168000,1.059783e+17,4.364110,4.289405
164600,2696806400,1.060427e+17,4.324746,4.288580
164700,2698444800,1.061072e+17,4.310722,4.289680
164800,2700083200,1.061716e+17,4.393956,4.287227
164900,2701721600,1.062360e+17,4.334756,4.285658
165000,2703360000,1.063004e+17,4.348961,4.286632
165100,2704998400,1.063649e+17,4.326362,4.286151
165200,2706636800,1.064293e+17,4.329710,4.286381
165300,2708275200,1.064937e+17,4.309867,4.284554
165400,2709913600,1.065581e+17,4.297605,4.286816
165500,2711552000,1.066226e+17,4.319235,4.284952
165600,2713190400,1.066870e+17,4.350913,4.286983
165700,2714828800,1.067514e+17,4.344297,4.285633
165800,2716467200,1.068158e+17,4.311079,4.285785
165900,2718105600,1.068803e+17,4.324506,4.285117
166000,2719744000,1.069447e+17,4.360821,4.284101
166100,2721382400,1.070091e+17,4.353300,4.285417
166200,2723020800,1.070735e+17,4.339114,4.286343
166300,2724659200,1.071380e+17,4.301857,4.285862
166400,2726297600,1.072024e+17,4.316937,4.283801
166500,2727936000,1.072668e+17,4.345319,4.281505
166600,2729574400,1.073312e+17,4.335890,4.280841
166700,2731212800,1.073957e+17,4.322989,4.282849
166800,2732851200,1.074601e+17,4.362079,4.282575
166900,2734489600,1.075245e+17,4.332226,4.282039
167000,2736128000,1.075889e+17,4.314152,4.280323
167100,2737766400,1.076534e+17,4.325919,4.281094
167200,2739404800,1.077178e+17,4.329504,4.277991
167300,2741043200,1.077822e+17,4.378612,4.278588
167400,2742681600,1.078466e+17,4.354397,4.278663
167500,2744320000,1.079111e+17,4.334240,4.279317
167600,2745958400,1.079755e+17,4.305726,4.277929
167700,2747596800,1.080399e+17,4.319815,4.277441
167800,2749235200,1.081043e+17,4.320156,4.275569
167900,2750873600,1.081688e+17,4.329876,4.275515
168000,2752512000,1.082332e+17,4.342696,4.275066
168100,2754150400,1.082976e+17,4.322509,4.274335
168200,2755788800,1.083620e+17,4.308886,4.275642
168300,2757427200,1.084264e+17,4.279978,4.272350
168400,2759065600,1.084909e+17,4.306967,4.274268
168500,2760704000,1.085553e+17,4.289277,4.275407
168600,2762342400,1.086197e+17,4.321357,4.273336
168700,2763980800,1.086841e+17,4.351122,4.272281
168800,2765619200,1.087486e+17,4.310044,4.275503
168900,2767257600,1.088130e+17,4.344665,4.274266
169000,2768896000,1.088774e+17,4.351678,4.271797
169100,2770534400,1.089418e+17,4.337071,4.270536
169200,2772172800,1.090063e+17,4.357005,4.273236
169300,2773811200,1.090707e+17,4.312071,4.272563
169400,2775449600,1.091351e+17,4.295626,4.273259
169500,2777088000,1.091995e+17,4.325672,4.273353
169600,2778726400,1.092640e+17,4.314940,4.271097
169700,2780364800,1.093284e+17,4.300846,4.275809
169800,2782003200,1.093928e+17,4.301427,4.272669
169900,2783641600,1.094572e+17,4.299079,4.269651
170000,2785280000,1.095217e+17,4.331148,4.271887
170100,2786918400,1.095861e+17,4.315777,4.269463
170200,2788556800,1.096505e+17,4.341279,4.268708
170300,2790195200,1.097149e+17,4.293356,4.267335
170400,2791833600,1.097794e+17,4.334060,4.267027
170500,2793472000,1.098438e+17,4.318134,4.269382
170600,2795110400,1.099082e+17,4.306340,4.267737
170700,2796748800,1.099726e+17,4.314928,4.266234
170800,2798387200,1.100371e+17,4.306803,4.265867
170900,2800025600,1.101015e+17,4.274757,4.267310
171000,2801664000,1.101659e+17,4.290491,4.265655
171100,2803302400,1.102303e+17,4.336950,4.265541
171200,2804940800,1.102948e+17,4.340313,4.266689
171300,2806579200,1.103592e+17,4.313910,4.267634
171400,2808217600,1.104236e+17,4.361117,4.266635
171500,2809856000,1.104880e+17,4.326674,4.265495
171600,2811494400,1.105525e+17,4.326317,4.266935
171700,2813132800,1.106169e+17,4.355149,4.266221
171800,2814771200,1.106813e+17,4.325699,4.264745
171900,2816409600,1.107457e+17,4.358936,4.264584
172000,2818048000,1.108102e+17,4.322752,4.265526
172100,2819686400,1.108746e+17,4.305430,4.265030
172200,2821324800,1.109390e+17,4.302511,4.261318
172300,2822963200,1.110034e+17,4.331730,4.263914
172400,2824601600,1.110679e+17,4.327684,4.263015
172500,2826240000,1.111323e+17,4.370665,4.265959
172600,2827878400,1.111967e+17,4.299222,4.261101
172700,2829516800,1.112611e+17,4.282737,4.261806
172800,2831155200,1.113256e+17,4.309324,4.262495
172900,2832793600,1.113900e+17,4.290174,4.262013
173000,2834432000,1.114544e+17,4.312040,4.260923
173100,2836070400,1.115188e+17,4.316647,4.259473
173200,2837708800,1.115833e+17,4.338402,4.261280
173300,2839347200,1.116477e+17,4.338309,4.261717
173400,2840985600,1.117121e+17,4.299246,4.262528
173500,2842624000,1.117765e+17,4.312537,4.257235
173600,2844262400,1.118409e+17,4.325787,4.258123
173700,2845900800,1.119054e+17,4.343777,4.262538
173800,2847539200,1.119698e+17,4.323989,4.260613
173900,2849177600,1.120342e+17,4.292962,4.258801
174000,2850816000,1.120986e+17,4.316430,4.257221
174100,2852454400,1.121631e+17,4.293551,4.258786
174200,2854092800,1.122275e+17,4.301456,4.255951
174300,2855731200,1.122919e+17,4.307133,4.258905
174400,2857369600,1.123563e+17,4.303735,4.256344
174500,2859008000,1.124208e+17,4.309731,4.257904
174600,2860646400,1.124852e+17,4.303378,4.256934
174700,2862284800,1.125496e+17,4.289337,4.255121
174800,2863923200,1.126140e+17,4.318840,4.256084
174900,2865561600,1.126785e+17,4.333385,4.254978
175000,2867200000,1.127429e+17,4.307451,4.257747
175100,2868838400,1.128073e+17,4.318324,4.258064
175200,2870476800,1.128717e+17,4.287858,4.256639
175300,2872115200,1.129362e+17,4.335572,4.255237
175400,2873753600,1.130006e+17,4.295314,4.256233
175500,2875392000,1.130650e+17,4.258128,4.256257
175600,2877030400,1.131294e+17,4.303431,4.253856
175700,2878668800,1.131939e+17,4.310695,4.253185
175800,2880307200,1.132583e+17,4.312010,4.250317
175900,2881945600,1.133227e+17,4.328453,4.254471
176000,2883584000,1.133871e+17,4.309835,4.248231
176100,2885222400,1.134516e+17,4.331492,4.250527
176200,2886860800,1.135160e+17,4.281944,4.249873
176300,2888499200,1.135804e+17,4.316821,4.249432
176400,2890137600,1.136448e+17,4.319177,4.248677
176500,2891776000,1.137093e+17,4.306540,4.248554
176600,2893414400,1.137737e+17,4.327706,4.247684
176700,2895052800,1.138381e+17,4.298418,4.246808
176800,2896691200,1.139025e+17,4.301015,4.250575
176900,2898329600,1.139670e+17,4.330513,4.248571
177000,2899968000,1.140314e+17,4.279325,4.249986
177100,2901606400,1.140958e+17,4.310269,4.250155
177200,2903244800,1.141602e+17,4.326652,4.249432
177300,2904883200,1.142247e+17,4.315303,4.247550
177400,2906521600,1.142891e+17,4.307449,4.246183
177500,2908160000,1.143535e+17,4.339453,4.243624
177600,2909798400,1.144179e+17,4.243291,4.244294
177700,2911436800,1.144824e+17,4.300586,4.244484
177800,2913075200,1.145468e+17,4.281480,4.243973
177900,2914713600,1.146112e+17,4.316605,4.244119
178000,2916352000,1.146756e+17,4.279143,4.243803
178100,2917990400,1.147401e+17,4.276420,4.243683
178200,2919628800,1.148045e+17,4.270020,4.243285
178300,2921267200,1.148689e+17,4.268853,4.245713
178400,2922905600,1.149333e+17,4.296988,4.243368
178500,2924544000,1.149977e+17,4.333911,4.244703
178600,2926182400,1.150622e+17,4.338719,4.244391
178700,2927820800,1.151266e+17,4.302923,4.244855
178800,2929459200,1.151910e+17,4.330222,4.246022
178900,2931097600,1.152554e+17,4.335817,4.245792
179000,2932736000,1.153199e+17,4.328436,4.245187
179100,2934374400,1.153843e+17,4.313102,4.243855
179200,2936012800,1.154487e+17,4.326840,4.244233
179300,2937651200,1.155131e+17,4.295028,4.242951
179400,2939289600,1.155776e+17,4.285433,4.243116
179500,2940928000,1.156420e+17,4.313857,4.241657
179600,2942566400,1.157064e+17,4.282745,4.243835
179700,2944204800,1.157708e+17,4.259391,4.240669
179800,2945843200,1.158353e+17,4.282592,4.241230
179900,2947481600,1.158997e+17,4.317947,4.243171
180000,2949120000,1.159641e+17,4.268140,4.238827
180100,2950758400,1.160285e+17,4.282553,4.237761
180200,2952396800,1.160930e+17,4.305002,4.241357
180300,2954035200,1.161574e+17,4.312052,4.243030
180400,2955673600,1.162218e+17,4.326512,4.244941
180500,2957312000,1.162862e+17,4.282931,4.242341
180600,2958950400,1.163507e+17,4.337318,4.239426
180700,2960588800,1.164151e+17,4.322388,4.240109
180800,2962227200,1.164795e+17,4.283432,4.238562
180900,2963865600,1.165439e+17,4.297694,4.238446
181000,2965504000,1.166084e+17,4.293166,4.238717
181100,2967142400,1.166728e+17,4.320646,4.235719
181200,2968780800,1.167372e+17,4.289849,4.234065
181300,2970419200,1.168016e+17,4.268964,4.235837
181400,2972057600,1.168661e+17,4.306534,4.238272
181500,2973696000,1.169305e+17,4.276138,4.235933
181600,2975334400,1.169949e+17,4.306564,4.237450
181700,2976972800,1.170593e+17,4.311146,4.240672
181800,2978611200,1.171238e+17,4.312143,4.237194
181900,2980249600,1.171882e+17,4.332798,4.236416
182000,2981888000,1.172526e+17,4.305935,4.233028
182100,2983526400,1.173170e+17,4.331460,4.233597
182200,2985164800,1.173815e+17,4.327701,4.234086
182300,2986803200,1.174459e+17,4.360051,4.235917
182400,2988441600,1.175103e+17,4.298950,4.234269
182500,2990080000,1.175747e+17,4.274477,4.233108
182600,2991718400,1.176392e+17,4.322237,4.233195
182700,2993356800,1.177036e+17,4.292655,4.233975
182800,2994995200,1.177680e+17,4.314012,4.234521
182900,2996633600,1.178324e+17,4.267692,4.232415
183000,2998272000,1.178969e+17,4.272357,4.231909
183100,2999910400,1.179613e+17,4.275137,4.231801
183200,3001548800,1.180257e+17,4.309854,4.235207
183300,3003187200,1.180901e+17,4.338978,4.234797
183400,3004825600,1.181546e+17,4.309157,4.233211
183500,3006464000,1.182190e+17,4.287497,4.230994
183600,3008102400,1.182834e+17,4.280004,4.231605
183700,3009740800,1.183478e+17,4.237178,4.233566
183800,3011379200,1.184122e+17,4.287258,4.232753
183900,3013017600,1.184767e+17,4.266636,4.231784
184000,3014656000,1.185411e+17,4.269578,4.231332
184100,3016294400,1.186055e+17,4.300523,4.231704
184200,3017932800,1.186699e+17,4.326307,4.230201
184300,3019571200,1.187344e+17,4.266375,4.229690
184400,3021209600,1.187988e+17,4.277068,4.230944
184500,3022848000,1.188632e+17,4.292423,4.229302
184600,3024486400,1.189276e+17,4.338037,4.231815
184700,3026124800,1.189921e+17,4.275920,4.228788
184800,3027763200,1.190565e+17,4.287850,4.226557
184900,3029401600,1.191209e+17,4.275284,4.226348
185000,3031040000,1.191853e+17,4.275506,4.224458
185100,3032678400,1.192498e+17,4.278226,4.224937
185200,3034316800,1.193142e+17,4.299623,4.224356
185300,3035955200,1.193786e+17,4.278906,4.223992
185400,3037593600,1.194430e+17,4.270974,4.221840
185500,3039232000,1.195075e+17,4.280344,4.223361
185600,3040870400,1.195719e+17,4.292962,4.221873
185700,3042508800,1.196363e+17,4.268741,4.224809
185800,3044147200,1.197007e+17,4.291264,4.221922
185900,3045785600,1.197652e+17,4.285387,4.222151
186000,3047424000,1.198296e+17,4.287063,4.220763
186100,3049062400,1.198940e+17,4.256625,4.220211
186200,3050700800,1.199584e+17,4.303699,4.220567
186300,3052339200,1.200229e+17,4.277752,4.221560
186400,3053977600,1.200873e+17,4.282190,4.224099
186500,3055616000,1.201517e+17,4.323614,4.224595
186600,3057254400,1.202161e+17,4.285547,4.223671
186700,3058892800,1.202806e+17,4.290500,4.221999
186800,3060531200,1.203450e+17,4.259822,4.221561
186900,3062169600,1.204094e+17,4.291497,4.219753
187000,3063808000,1.204738e+17,4.334567,4.220600
187100,3065446400,1.205383e+17,4.307447,4.221180
187200,3067084800,1.206027e+17,4.277397,4.220136
187300,3068723200,1.206671e+17,4.270920,4.219905
187400,3070361600,1.207315e+17,4.291745,4.222450
187500,3072000000,1.207960e+17,4.251748,4.220528
187600,3073638400,1.208604e+17,4.308641,4.220495
187700,3075276800,1.209248e+17,4.297494,4.219832
187800,3076915200,1.209892e+17,4.238887,4.222815
187900,3078553600,1.210537e+17,4.276050,4.219967
188000,3080192000,1.211181e+17,4.280414,4.218249
188100,3081830400,1.211825e+17,4.286151,4.220985
188200,3083468800,1.212469e+17,4.277525,4.222494
188300,3085107200,1.213114e+17,4.292484,4.220336
188400,3086745600,1.213758e+17,4.288258,4.222052
188500,3088384000,1.214402e+17,4.305974,4.221404
188600,3090022400,1.215046e+17,4.270966,4.220551
188700,3091660800,1.215690e+17,4.281291,4.220909
188800,3093299200,1.216335e+17,4.248714,4.220216
188900,3094937600,1.216979e+17,4.252044,4.218381
189000,3096576000,1.217623e+17,4.330642,4.221088
189100,3098214400,1.218267e+17,4.258093,4.218161
189200,3099852800,1.218912e+17,4.279447,4.217580
189300,3101491200,1.219556e+17,4.300463,4.217715
189400,3103129600,1.220200e+17,4.264956,4.215914
189500,3104768000,1.220844e+17,4.261001,4.216593
189600,3106406400,1.221489e+17,4.265796,4.216241
189700,3108044800,1.222133e+17,4.284261,4.218656
189800,3109683200,1.222777e+17,4.251254,4.217097
189900,3111321600,1.223421e+17,4.225167,4.215996
190000,3112960000,1.224066e+17,4.293318,4.215925
190100,3114598400,1.224710e+17,4.298362,4.213421
190200,3116236800,1.225354e+17,4.281828,4.211666
190300,3117875200,1.225998e+17,4.319759,4.213572
190400,3119513600,1.226643e+17,4.266998,4.210674
190500,3121152000,1.227287e+17,4.277229,4.210170
190600,3122790400,1.227931e+17,4.291598,4.211159
190700,3124428800,1.228575e+17,4.256306,4.212123
190800,3126067200,1.229220e+17,4.279172,4.211970
190900,3127705600,1.229864e+17,4.290968,4.215181
191000,3129344000,1.230508e+17,4.304885,4.211776
191100,3130982400,1.231152e+17,4.268275,4.212873
191200,3132620800,1.231797e+17,4.252529,4.211082
191300,3134259200,1.232441e+17,4.277941,4.212837
191400,3135897600,1.233085e+17,4.312377,4.211734
191500,3137536000,1.233729e+17,4.298777,4.212221
191600,3139174400,1.234374e+17,4.273621,4.209726
191700,3140812800,1.235018e+17,4.270093,4.209951
191800,3142451200,1.235662e+17,4.253933,4.209961
191900,3144089600,1.236306e+17,4.269157,4.208027
192000,3145728000,1.236951e+17,4.315793,4.210976
192100,3147366400,1.237595e+17,4.291333,4.211625
192200,3149004800,1.238239e+17,4.329102,4.209717
192300,3150643200,1.238883e+17,4.285697,4.209238
192400,3152281600,1.239528e+17,4.266737,4.212110
192500,3153920000,1.240172e+17,4.247065,4.208017
192600,3155558400,1.240816e+17,4.256563,4.206991
192700,3157196800,1.241460e+17,4.277685,4.208414
192800,3158835200,1.242105e+17,4.251135,4.209186
192900,3160473600,1.242749e+17,4.421094,4.209076
193000,3162112000,1.243393e+17,4.308055,4.207881
193100,3163750400,1.244037e+17,4.268564,4.208776
193200,3165388800,1.244682e+17,4.274927,4.204982
193300,3167027200,1.245326e+17,4.258613,4.206245
193400,3168665600,1.245970e+17,4.268389,4.207267
193500,3170304000,1.246614e+17,4.335371,4.205225
193600,3171942400,1.247259e+17,4.322133,4.206197
193700,3173580800,1.247903e+17,4.258100,4.206740
193800,3175219200,1.248547e+17,4.276695,4.205968
193900,3176857600,1.249191e+17,4.257192,4.204281
194000,3178496000,1.249835e+17,4.268671,4.202285
194100,3180134400,1.250480e+17,4.297539,4.203170
194200,3181772800,1.251124e+17,4.268561,4.203524
194300,3183411200,1.251768e+17,4.290531,4.203001
194400,3185049600,1.252412e+17,4.246830,4.202087
194500,3186688000,1.253057e+17,4.256201,4.203589
194600,3188326400,1.253701e+17,4.263175,4.201682
194700,3189964800,1.254345e+17,4.265672,4.201728
194800,3191603200,1.254989e+17,4.270366,4.203865
194900,3193241600,1.255634e+17,4.311604,4.200073
195000,3194880000,1.256278e+17,4.291592,4.200521
195100,3196518400,1.256922e+17,4.242878,4.201264
195200,3198156800,1.257566e+17,4.262479,4.200250
195300,3199795200,1.258211e+17,4.235190,4.198738
195400,3201433600,1.258855e+17,4.298888,4.199892
195500,3203072000,1.259499e+17,4.276899,4.199668
195600,3204710400,1.260143e+17,4.272647,4.199109
195700,3206348800,1.260788e+17,4.255184,4.201013
195800,3207987200,1.261432e+17,4.259043,4.199719
195900,3209625600,1.262076e+17,4.257052,4.198282
196000,3211264000,1.262720e+17,4.257561,4.200586
196100,3212902400,1.263365e+17,4.251190,4.198041
196200,3214540800,1.264009e+17,4.240242,4.196213
196300,3216179200,1.264653e+17,4.240717,4.196518
196400,3217817600,1.265297e+17,4.230108,4.197257
196500,3219456000,1.265942e+17,4.253354,4.195226
196600,3221094400,1.266586e+17,4.245007,4.194096
196700,3222732800,1.267230e+17,4.262176,4.197280
196800,3224371200,1.267874e+17,4.249205,4.194081
196900,3226009600,1.268519e+17,4.257406,4.196758
197000,3227648000,1.269163e+17,4.279922,4.195222
197100,3229286400,1.269807e+17,4.267816,4.194197
197200,3230924800,1.270451e+17,4.250466,4.195848
197300,3232563200,1.271096e+17,4.255091,4.196382
197400,3234201600,1.271740e+17,4.255014,4.196383
197500,3235840000,1.272384e+17,4.249755,4.196305
197600,3237478400,1.273028e+17,4.260085,4.195920
197700,3239116800,1.273673e+17,4.225700,4.195258
197800,3240755200,1.274317e+17,4.249420,4.196850
197900,3242393600,1.274961e+17,4.282550,4.195595
198000,3244032000,1.275605e+17,4.249229,4.195578
198100,3245670400,1.276250e+17,4.249783,4.194179
198200,3247308800,1.276894e+17,4.222830,4.195264
198300,3248947200,1.277538e+17,4.208714,4.199110
198400,3250585600,1.278182e+17,4.247091,4.194759
198500,3252224000,1.278827e+17,4.285085,4.194571
198600,3253862400,1.279471e+17,4.266613,4.190722
198700,3255500800,1.280115e+17,4.258246,4.193214
198800,3257139200,1.280759e+17,4.260554,4.192757
198900,3258777600,1.281403e+17,4.249685,4.191272
199000,3260416000,1.282048e+17,4.251990,4.193318
199100,3262054400,1.282692e+17,4.246786,4.192417
199200,3263692800,1.283336e+17,4.270141,4.194658
199300,3265331200,1.283980e+17,4.280629,4.195975
199400,3266969600,1.284625e+17,4.244424,4.193447
199500,3268608000,1.285269e+17,4.259931,4.189590
199600,3270246400,1.285913e+17,4.283200,4.191757
199700,3271884800,1.286557e+17,4.227199,4.190408
199800,3273523200,1.287202e+17,4.245120,4.190892
199900,3275161600,1.287846e+17,4.268842,4.190122
200000,3276800000,1.288490e+17,4.280457,4.194079
200100,3278438400,1.289134e+17,4.240456,4.193819
200200,3280076800,1.289779e+17,4.253085,4.189846
200300,3281715200,1.290423e+17,4.251956,4.192516
200400,3283353600,1.291067e+17,4.240845,4.189996
200500,3284992000,1.291711e+17,4.231649,4.189599
200600,3286630400,1.292356e+17,4.240794,4.188988
200700,3288268800,1.293000e+17,4.253537,4.190280
200800,3289907200,1.293644e+17,4.279159,4.190047
200900,3291545600,1.294288e+17,4.294430,4.191221
201000,3293184000,1.294933e+17,4.241462,4.189221
201100,3294822400,1.295577e+17,4.246687,4.187291
201200,3296460800,1.296221e+17,4.271048,4.189894
201300,3298099200,1.296865e+17,4.251571,4.190154
201400,3299737600,1.297510e+17,4.253366,4.187902
201500,3301376000,1.298154e+17,4.274886,4.189163
201600,3303014400,1.298798e+17,4.257139,4.190027
201700,3304652800,1.299442e+17,4.243645,4.190516
201800,3306291200,1.300087e+17,4.236492,4.185627
201900,3307929600,1.300731e+17,4.282977,4.186571
202000,3309568000,1.301375e+17,4.284875,4.185632
202100,3311206400,1.302019e+17,4.279273,4.187987
202200,3312844800,1.302664e+17,4.405043,4.189649
202300,3314483200,1.303308e+17,4.265523,4.189232
202400,3316121600,1.303952e+17,4.247140,4.187211
202500,3317760000,1.304596e+17,4.252814,4.186509
202600,3319398400,1.305241e+17,4.224651,4.184960
202700,3321036800,1.305885e+17,4.297183,4.186173
202800,3322675200,1.306529e+17,4.259042,4.185665
202900,3324313600,1.307173e+17,4.248664,4.186660
203000,3325952000,1.307818e+17,4.234331,4.187002
203100,3327590400,1.308462e+17,4.292700,4.188039
203200,3329228800,1.309106e+17,4.262493,4.187107
203300,3330867200,1.309750e+17,4.249034,4.185593
203400,3332505600,1.310395e+17,4.258125,4.184956
203500,3334144000,1.311039e+17,4.241100,4.183166
203600,3335782400,1.311683e+17,4.231867,4.184505
203700,3337420800,1.312327e+17,4.239776,4.184173
203800,3339059200,1.312972e+17,4.238440,4.183450
203900,3340697600,1.313616e+17,4.221148,4.182939
204000,3342336000,1.314260e+17,4.280305,4.182733
204100,3343974400,1.314904e+17,4.226707,4.181656
204200,3345612800,1.315548e+17,4.234070,4.181803
204300,3347251200,1.316193e+17,4.239416,4.181455
204400,3348889600,1.316837e+17,4.240774,4.182254
204500,3350528000,1.317481e+17,4.262125,4.180246
204600,3352166400,1.318125e+17,4.221634,4.182204
204700,3353804800,1.318770e+17,4.288074,4.180212
204800,3355443200,1.319414e+17,4.268305,4.179545
204900,3357081600,1.320058e+17,4.278649,4.182198
205000,3358720000,1.320702e+17,4.266583,4.178930
205100,3360358400,1.321347e+17,4.316458,4.182823
205200,3361996800,1.321991e+17,4.263881,4.179677
205300,3363635200,1.322635e+17,4.232205,4.180060
205400,3365273600,1.323279e+17,4.246131,4.181312
205500,3366912000,1.323924e+17,4.194812,4.181100
205600,3368550400,1.324568e+17,4.235926,4.179849
205700,3370188800,1.325212e+17,4.244534,4.181585
205800,3371827200,1.325856e+17,4.291764,4.180226
205900,3373465600,1.326501e+17,4.267058,4.181042
206000,3375104000,1.327145e+17,4.328343,4.181689
206100,3376742400,1.327789e+17,4.268965,4.178774
206200,3378380800,1.328433e+17,4.228904,4.178045
206300,3380019200,1.329078e+17,4.261919,4.178945
206400,3381657600,1.329722e+17,4.208414,4.178553
206500,3383296000,1.330366e+17,4.215434,4.178194
206600,3384934400,1.331010e+17,4.250409,4.177279
206700,3386572800,1.331655e+17,4.233675,4.178619
206800,3388211200,1.332299e+17,4.243374,4.177723
206900,3389849600,1.332943e+17,4.258719,4.176280
207000,3391488000,1.333587e+17,4.230867,4.177001
207100,3393126400,1.334232e+17,4.237039,4.176917
207200,3394764800,1.334876e+17,4.215276,4.177781
207300,3396403200,1.335520e+17,4.215010,4.176400
207400,3398041600,1.336164e+17,4.191486,4.176001
207500,3399680000,1.336809e+17,4.209474,4.174974
207600,3401318400,1.337453e+17,4.228628,4.176393
207700,3402956800,1.338097e+17,4.261214,4.176532
207800,3404595200,1.338741e+17,4.219745,4.174555
207900,3406233600,1.339386e+17,4.198353,4.174983
208000,3407872000,1.340030e+17,4.241385,4.174543
208100,3409510400,1.340674e+17,4.223437,4.175673
208200,3411148800,1.341318e+17,4.216203,4.172501
208300,3412787200,1.341963e+17,4.250762,4.173170
208400,3414425600,1.342607e+17,4.226362,4.172213
208500,3416064000,1.343251e+17,4.219812,4.172269
208600,3417702400,1.343895e+17,4.199904,4.172322
208700,3419340800,1.344540e+17,4.232167,4.171574
208800,3420979200,1.345184e+17,4.202206,4.169662
208900,3422617600,1.345828e+17,4.199409,4.169420
209000,3424256000,1.346472e+17,4.253671,4.168763
209100,3425894400,1.347116e+17,4.196306,4.169312
209200,3427532800,1.347761e+17,4.185844,4.169453
209300,3429171200,1.348405e+17,4.190768,4.169508
209400,3430809600,1.349049e+17,4.215443,4.168373
209500,3432448000,1.349693e+17,4.208855,4.168399
209600,3434086400,1.350338e+17,4.208086,4.169219
209700,3435724800,1.350982e+17,4.211682,4.167319
209800,3437363200,1.351626e+17,4.205478,4.164923
209900,3439001600,1.352270e+17,4.197976,4.165290
210000,3440640000,1.352915e+17,4.190072,4.164346
210100,3442278400,1.353559e+17,4.183280,4.163557
210200,3443916800,1.354203e+17,4.182038,4.164398
210300,3445555200,1.354847e+17,4.214025,4.166289
210400,3447193600,1.355492e+17,4.208509,4.165811
210500,3448832000,1.356136e+17,4.212052,4.162858
210600,3450470400,1.356780e+17,4.241059,4.163649
210700,3452108800,1.357424e+17,4.272272,4.164422
210800,3453747200,1.358069e+17,4.207411,4.164718
210900,3455385600,1.358713e+17,4.202955,4.164250
211000,3457024000,1.359357e+17,4.183354,4.165764
211100,3458662400,1.360001e+17,4.231870,4.167262
211200,3460300800,1.360646e+17,4.213512,4.165264
211300,3461939200,1.361290e+17,4.172271,4.167915
211400,3463577600,1.361934e+17,4.204030,4.166188
211500,3465216000,1.362578e+17,4.203357,4.165155
211600,3466854400,1.363223e+17,4.186830,4.164632
211700,3468492800,1.363867e+17,4.213210,4.164417
211800,3470131200,1.364511e+17,4.178173,4.165469
211900,3471769600,1.365155e+17,4.188244,4.162856
212000,3473408000,1.365800e+17,4.238823,4.163733
212100,3475046400,1.366444e+17,4.178787,4.161530
212200,3476684800,1.367088e+17,4.159326,4.159642
212300,3478323200,1.367732e+17,4.212073,4.159285
212400,3479961600,1.368377e+17,4.178519,4.160542
212500,3481600000,1.369021e+17,4.212238,4.158486
212600,3483238400,1.369665e+17,4.208407,4.160202
212700,3484876800,1.370309e+17,4.209484,4.158126
212800,3486515200,1.370954e+17,4.177129,4.160593
212900,3488153600,1.371598e+17,4.200656,4.159918
213000,3489792000,1.372242e+17,4.198143,4.158777
213100,3491430400,1.372886e+17,4.201692,4.157921
213200,3493068800,1.373531e+17,4.204532,4.158164
213300,3494707200,1.374175e+17,4.229593,4.159938
213400,3496345600,1.374819e+17,4.207719,4.157522
213500,3497984000,1.375463e+17,4.206340,4.156291
213600,3499622400,1.376108e+17,4.209377,4.157966
213700,3501260800,1.376752e+17,4.205927,4.160651
213800,3502899200,1.377396e+17,4.239556,4.156672
213900,3504537600,1.378040e+17,4.183885,4.159371
214000,3506176000,1.378685e+17,4.219127,4.158871
214100,3507814400,1.379329e+17,4.191481,4.157423
214200,3509452800,1.379973e+17,4.175440,4.160808
214300,3511091200,1.380617e+17,4.191198,4.159696
214400,3512729600,1.381261e+17,4.205034,4.157299
214500,3514368000,1.381906e+17,4.202753,4.155876
214600,3516006400,1.382550e+17,4.225817,4.156470
214700,3517644800,1.383194e+17,4.234570,4.158879
214800,3519283200,1.383838e+17,4.205188,4.159312
214900,3520921600,1.384483e+17,4.232292,4.156566
215000,3522560000,1.385127e+17,4.213217,4.156850
215100,3524198400,1.385771e+17,4.197566,4.156694
215200,3525836800,1.386415e+17,4.180916,4.154985
215300,3527475200,1.387060e+17,4.204226,4.153848
215400,3529113600,1.387704e+17,4.185071,4.154516
215500,3530752000,1.388348e+17,4.183208,4.153248
215600,3532390400,1.388992e+17,4.243794,4.154818
215700,3534028800,1.389637e+17,4.190897,4.154167
215800,3535667200,1.390281e+17,4.252993,4.156408
215900,3537305600,1.390925e+17,4.183066,4.156502
216000,3538944000,1.391569e+17,4.180013,4.156138
216100,3540582400,1.392214e+17,4.214469,4.155509
216200,3542220800,1.392858e+17,4.193820,4.155331
216300,3543859200,1.393502e+17,4.199893,4.153329
216400,3545497600,1.394146e+17,4.174841,4.154376
216500,3547136000,1.394791e+17,4.215720,4.153499
216600,3548774400,1.395435e+17,4.193628,4.152081
216700,3550412800,1.396079e+17,4.180177,4.151753
216800,3552051200,1.396723e+17,4.276402,4.153675
216900,3553689600,1.397368e+17,4.183069,4.152157
217000,3555328000,1.398012e+17,4.183395,4.152120
217100,3556966400,1.398656e+17,4.178967,4.150824
217200,3558604800,1.399300e+17,4.174908,4.152247
217300,3560243200,1.399945e+17,4.183248,4.150794
217400,3561881600,1.400589e+17,4.210533,4.151139
217500,3563520000,1.401233e+17,4.211350,4.150171
217600,3565158400,1.401877e+17,4.188910,4.150832
217700,3566796800,1.402522e+17,4.194300,4.150937
217800,3568435200,1.403166e+17,4.207467,4.151538
217900,3570073600,1.403810e+17,4.172860,4.149771
218000,3571712000,1.404454e+17,4.198791,4.152144
218100,3573350400,1.405099e+17,4.176455,4.150454
218200,3574988800,1.405743e+17,4.190209,4.151035
218300,3576627200,1.406387e+17,4.188196,4.148839
218400,3578265600,1.407031e+17,4.167953,4.149367
218500,3579904000,1.407676e+17,4.178903,4.148592
218600,3581542400,1.408320e+17,4.222816,4.148677
218700,3583180800,1.408964e+17,4.230441,4.147576
218800,3584819200,1.409608e+17,4.208010,4.146183
218900,3586457600,1.410253e+17,4.234731,4.148062
219000,3588096000,1.410897e+17,4.183197,4.146482
219100,3589734400,1.411541e+17,4.224128,4.147304
219200,3591372800,1.412185e+17,4.204446,4.147449
219300,3593011200,1.412829e+17,4.202202,4.147522
219400,3594649600,1.413474e+17,4.189610,4.145288
219500,3596288000,1.414118e+17,4.174539,4.146420
219600,3597926400,1.414762e+17,4.205753,4.143502
219700,3599564800,1.415406e+17,4.178952,4.146329
219800,3601203200,1.416051e+17,4.245847,4.146126
219900,3602841600,1.416695e+17,4.197701,4.147193
220000,3604480000,1.417339e+17,4.191636,4.145742
220100,3606118400,1.417983e+17,4.209114,4.145422
220200,3607756800,1.418628e+17,4.226987,4.146371
220300,3609395200,1.419272e+17,4.219287,4.146656
220400,3611033600,1.419916e+17,4.209522,4.146760
220500,3612672000,1.420560e+17,4.145086,4.144807
220600,3614310400,1.421205e+17,4.195465,4.145066
220700,3615948800,1.421849e+17,4.206521,4.145424
220800,3617587200,1.422493e+17,4.181428,4.146739
220900,3619225600,1.423137e+17,4.194682,4.148024
221000,3620864000,1.423782e+17,4.212564,4.147345
221100,3622502400,1.424426e+17,4.181093,4.146061
221200,3624140800,1.425070e+17,4.211838,4.144400
221300,3625779200,1.425714e+17,4.199525,4.145687
221400,3627417600,1.426359e+17,4.182386,4.146547
221500,3629056000,1.427003e+17,4.196363,4.145870
221600,3630694400,1.427647e+17,4.186271,4.147282
221700,3632332800,1.428291e+17,4.198403,4.145853
221800,3633971200,1.428936e+17,4.173569,4.143604
221900,3635609600,1.429580e+17,4.241500,4.144475
222000,3637248000,1.430224e+17,4.161293,4.144364
222100,3638886400,1.430868e+17,4.183806,4.144791
222200,3640524800,1.431513e+17,4.190411,4.143259
222300,3642163200,1.432157e+17,4.200350,4.143434
222400,3643801600,1.432801e+17,4.212148,4.142734
222500,3645440000,1.433445e+17,4.163428,4.142641
222600,3647078400,1.434090e+17,4.168187,4.142779
222700,3648716800,1.434734e+17,4.154583,4.142971
222800,3650355200,1.435378e+17,4.188036,4.143064
222900,3651993600,1.436022e+17,4.191982,4.142717
223000,3653632000,1.436667e+17,4.145720,4.141733
223100,3655270400,1.437311e+17,4.188735,4.141289
223200,3656908800,1.437955e+17,4.185798,4.140539
223300,3658547200,1.438599e+17,4.176597,4.142185
223400,3660185600,1.439244e+17,4.209985,4.141815
223500,3661824000,1.439888e+17,4.217025,4.140216
223600,3663462400,1.440532e+17,4.204000,4.139261
223700,3665100800,1.441176e+17,4.185932,4.139024
223800,3666739200,1.441821e+17,4.183581,4.140540
223900,3668377600,1.442465e+17,4.209155,4.139948
224000,3670016000,1.443109e+17,4.211355,4.139943
224100,3671654400,1.443753e+17,4.177725,4.138799
224200,3673292800,1.444398e+17,4.177647,4.139267
224300,3674931200,1.445042e+17,4.195392,4.138830
224400,3676569600,1.445686e+17,4.208169,4.140902
224500,3678208000,1.446330e+17,4.238658,4.141303
224600,3679846400,1.446974e+17,4.170296,4.141763
224700,3681484800,1.447619e+17,4.172057,4.140816
224800,3683123200,1.448263e+17,4.190510,4.139750
224900,3684761600,1.448907e+17,4.183680,4.139179
225000,3686400000,1.449551e+17,4.199590,4.139654
225100,3688038400,1.450196e+17,4.223475,4.140376
225200,3689676800,1.450840e+17,4.231777,4.140279
225300,3691315200,1.451484e+17,4.189085,4.139165
225400,3692953600,1.452128e+17,4.163254,4.139950
225500,3694592000,1.452773e+17,4.228446,4.139619
225600,3696230400,1.453417e+17,4.200129,4.139138
225700,3697868800,1.454061e+17,4.209149,4.139531
225800,3699507200,1.454705e+17,4.191399,4.140465
225900,3701145600,1.455350e+17,4.176599,4.139440
226000,3702784000,1.455994e+17,4.165109,4.139322
226100,3704422400,1.456638e+17,4.193552,4.138050
226200,3706060800,1.457282e+17,4.224483,4.138405
226300,3707699200,1.457927e+17,4.239638,4.139036
226400,3709337600,1.458571e+17,4.172636,4.137994
226500,3710976000,1.459215e+17,4.180303,4.138221
226600,3712614400,1.459859e+17,4.242445,4.136203
226700,3714252800,1.460504e+17,4.191044,4.135998
226800,3715891200,1.461148e+17,4.192517,4.136297
226900,3717529600,1.461792e+17,4.241397,4.137478
227000,3719168000,1.462436e+17,4.214959,4.136824
227100,3720806400,1.463081e+17,4.205604,4.137089
227200,3722444800,1.463725e+17,4.175870,4.137227
227300,3724083200,1.464369e+17,4.175105,4.136657
227400,3725721600,1.465013e+17,4.172383,4.137670
227500,3727360000,1.465658e+17,4.147750,4.135243
227600,3728998400,1.466302e+17,4.206073,4.135669
227700,3730636800,1.466946e+17,4.183653,4.135128
227800,3732275200,1.467590e+17,4.228127,4.135850
227900,3733913600,1.468235e+17,4.205221,4.134413
228000,3735552000,1.468879e+17,4.199821,4.134983
228100,3737190400,1.469523e+17,4.201367,4.135326
228200,3738828800,1.470167e+17,4.177830,4.134534
228300,3740467200,1.470812e+17,4.197396,4.136262
228400,3742105600,1.471456e+17,4.199012,4.136130
228500,3743744000,1.472100e+17,4.216077,4.135317
228600,3745382400,1.472744e+17,4.207488,4.137321
228700,3747020800,1.473389e+17,4.209332,4.134968
228800,3748659200,1.474033e+17,4.185409,4.134846
228900,3750297600,1.474677e+17,4.174714,4.135891
229000,3751936000,1.475321e+17,4.205835,4.134893
229100,3753574400,1.475966e+17,4.206464,4.135611
229200,3755212800,1.476610e+17,4.202176,4.135547
229300,3756851200,1.477254e+17,4.199471,4.133918
229400,3758489600,1.477898e+17,4.200390,4.135022
229500,3760128000,1.478542e+17,4.226420,4.134564
229600,3761766400,1.479187e+17,4.176991,4.135134
229700,3763404800,1.479831e+17,4.192623,4.134340
229800,3765043200,1.480475e+17,4.224750,4.134900
229900,3766681600,1.481119e+17,4.190714,4.135865
230000,3768320000,1.481764e+17,4.225410,4.135906
230100,3769958400,1.482408e+17,4.183598,4.134187
230200,3771596800,1.483052e+17,4.202625,4.134719
230300,3773235200,1.483696e+17,4.181092,4.136287
230400,3774873600,1.484341e+17,4.189892,4.135541
230500,3776512000,1.484985e+17,4.206203,4.133550
230600,3778150400,1.485629e+17,4.174752,4.134683
230700,3779788800,1.486273e+17,4.138674,4.132843
230800,3781427200,1.486918e+17,4.158668,4.132646
230900,3783065600,1.487562e+17,4.167976,4.131915
231000,3784704000,1.488206e+17,4.175483,4.131726
231100,3786342400,1.488850e+17,4.185750,4.130627
231200,3787980800,1.489495e+17,4.175676,4.131252
231300,3789619200,1.490139e+17,4.160678,4.130354
231400,3791257600,1.490783e+17,4.183980,4.130674
231500,3792896000,1.491427e+17,4.171481,4.130668
231600,3794534400,1.492072e+17,4.178179,4.130286
231700,3796172800,1.492716e+17,4.199873,4.129979
231800,3797811200,1.493360e+17,4.156171,4.130828
231900,3799449600,1.494004e+17,4.207174,4.130692
232000,3801088000,1.494649e+17,4.200965,4.131055
232100,3802726400,1.495293e+17,4.167688,4.130993
232200,3804364800,1.495937e+17,4.166676,4.130608
232300,3806003200,1.496581e+17,4.158199,4.130038
232400,3807641600,1.497226e+17,4.130543,4.128634
232500,3809280000,1.497870e+17,4.157859,4.128367
232600,3810918400,1.498514e+17,4.217355,4.129320
232700,3812556800,1.499158e+17,4.165118,4.129747
232800,3814195200,1.499803e+17,4.165582,4.128714
232900,3815833600,1.500447e+17,4.176669,4.129605
233000,3817472000,1.501091e+17,4.179773,4.129444
233100,3819110400,1.501735e+17,4.192098,4.128015
233200,3820748800,1.502380e+17,4.158987,4.128210
233300,3822387200,1.503024e+17,4.160972,4.128784
233400,3824025600,1.503668e+17,4.212601,4.128606
233500,3825664000,1.504312e+17,4.189389,4.128802
233600,3827302400,1.504957e+17,4.190567,4.129881
233700,3828940800,1.505601e+17,4.185370,4.129743
233800,3830579200,1.506245e+17,4.246386,4.129559
233900,3832217600,1.506889e+17,4.228208,4.130919
234000,3833856000,1.507534e+17,4.204753,4.129348
234100,3835494400,1.508178e+17,4.163959,4.129049
234200,3837132800,1.508822e+17,4.180296,4.129247
234300,3838771200,1.509466e+17,4.200184,4.129125
234400,3840409600,1.510111e+17,4.157992,4.129682
234500,3842048000,1.510755e+17,4.145843,4.127642
234600,3843686400,1.511399e+17,4.165134,4.126502
234700,3845324800,1.512043e+17,4.157032,4.126072
234800,3846963200,1.512687e+17,4.190208,4.128668
234900,3848601600,1.513332e+17,4.158473,4.126220
235000,3850240000,1.513976e+17,4.197164,4.125355
235100,3851878400,1.514620e+17,4.185040,4.126078
235200,3853516800,1.515264e+17,4.185099,4.124521
235300,3855155200,1.515909e+17,4.174840,4.125552
235400,3856793600,1.516553e+17,4.184255,4.126513
235500,3858432000,1.517197e+17,4.144510,4.125735
235600,3860070400,1.517841e+17,4.146986,4.126533
235700,3861708800,1.518486e+17,4.185353,4.125836
235800,3863347200,1.519130e+17,4.219314,4.127579
235900,3864985600,1.519774e+17,4.199448,4.128295
236000,3866624000,1.520418e+17,4.211347,4.127940
236100,3868262400,1.521063e+17,4.201375,4.127660
236200,3869900800,1.521707e+17,4.173408,4.126276
236300,3871539200,1.522351e+17,4.157268,4.127146
236400,3873177600,1.522995e+17,4.204979,4.128287
236500,3874816000,1.523640e+17,4.195775,4.128001
236600,3876454400,1.524284e+17,4.192103,4.126815
236700,3878092800,1.524928e+17,4.184573,4.126376
236800,3879731200,1.525572e+17,4.178710,4.128895
236900,3881369600,1.526217e+17,4.192220,4.126995
237000,3883008000,1.526861e+17,4.171070,4.127640
237100,3884646400,1.527505e+17,4.178294,4.126223
237200,3886284800,1.528149e+17,4.152183,4.124955
237300,3887923200,1.528794e+17,4.163224,4.124057
237400,3889561600,1.529438e+17,4.173735,4.124556
237500,3891200000,1.530082e+17,4.195529,4.125252
237600,3892838400,1.530726e+17,4.143550,4.124905
237700,3894476800,1.531371e+17,4.178199,4.125061
237800,3896115200,1.532015e+17,4.193618,4.124846
237900,3897753600,1.532659e+17,4.176005,4.125368
238000,3899392000,1.533303e+17,4.198220,4.125083
238100,3901030400,1.533948e+17,4.210432,4.125048
238200,3902668800,1.534592e+17,4.206058,4.124828
238300,3904307200,1.535236e+17,4.195639,4.123157
238400,3905945600,1.535880e+17,4.211954,4.124444
238500,3907584000,1.536525e+17,4.176935,4.124220
238600,3909222400,1.537169e+17,4.183180,4.122949
238700,3910860800,1.537813e+17,4.147623,4.124811
238800,3912499200,1.538457e+17,4.222093,4.123734
238900,3914137600,1.539102e+17,4.164145,4.124416
239000,3915776000,1.539746e+17,4.140089,4.123004
239100,3917414400,1.540390e+17,4.167699,4.121099
239200,3919052800,1.541034e+17,4.197504,4.121621
239300,3920691200,1.541679e+17,4.181137,4.123050
239400,3922329600,1.542323e+17,4.163329,4.121718
239500,3923968000,1.542967e+17,4.192474,4.123878
239600,3925606400,1.543611e+17,4.163320,4.122329
239700,3927244800,1.544255e+17,4.166785,4.122580
239800,3928883200,1.544900e+17,4.171510,4.121709
239900,3930521600,1.545544e+17,4.197814,4.122545
240000,3932160000,1.546188e+17,4.152402,4.120085
240100,3933798400,1.546832e+17,4.132494,4.121096
240200,3935436800,1.547477e+17,4.211748,4.123547
240300,3937075200,1.548121e+17,4.182394,4.121345
240400,3938713600,1.548765e+17,4.182698,4.121695
240500,3940352000,1.549409e+17,4.165323,4.120157
240600,3941990400,1.550054e+17,4.198262,4.119716
240700,3943628800,1.550698e+17,4.178617,4.121638
240800,3945267200,1.551342e+17,4.190629,4.121864
240900,3946905600,1.551986e+17,4.186924,4.123059
241000,3948544000,1.552631e+17,4.213905,4.122563
241100,3950182400,1.553275e+17,4.153851,4.121331
241200,3951820800,1.553919e+17,4.168777,4.122112
241300,3953459200,1.554563e+17,4.149280,4.121909
241400,3955097600,1.555208e+17,4.227863,4.121059
241500,3956736000,1.555852e+17,4.189673,4.121036
241600,3958374400,1.556496e+17,4.175941,4.121886
241700,3960012800,1.557140e+17,4.178205,4.120379
241800,3961651200,1.557785e+17,4.244370,4.121992
241900,3963289600,1.558429e+17,4.175061,4.122775
242000,3964928000,1.559073e+17,4.225101,4.126047
242100,3966566400,1.559717e+17,4.173357,4.125413
242200,3968204800,1.560362e+17,4.223353,4.125137
242300,3969843200,1.561006e+17,4.198207,4.123624
242400,3971481600,1.561650e+17,4.186668,4.121072
242500,3973120000,1.562294e+17,4.155333,4.122330
242600,3974758400,1.562939e+17,4.161333,4.121955
242700,3976396800,1.563583e+17,4.202822,4.121451
242800,3978035200,1.564227e+17,4.171076,4.122375
242900,3979673600,1.564871e+17,4.136569,4.122239
243000,3981312000,1.565516e+17,4.302891,4.122493
243100,3982950400,1.566160e+17,4.215480,4.122931
243200,3984588800,1.566804e+17,4.232900,4.121724
243300,3986227200,1.567448e+17,4.187881,4.121015
243400,3987865600,1.568093e+17,4.146340,4.120623
243500,3989504000,1.568737e+17,4.168600,4.120464
243600,3991142400,1.569381e+17,4.164145,4.120589
243700,3992780800,1.570025e+17,4.198477,4.120337
243800,3994419200,1.570670e+17,4.214753,4.119026
243900,3996057600,1.571314e+17,4.152642,4.119338
244000,3997696000,1.571958e+17,4.190863,4.119792
244100,3999334400,1.572602e+17,4.171297,4.118318
244200,4000972800,1.573247e+17,4.200068,4.119212
244300,4002611200,1.573891e+17,4.190747,4.119276
244400,4004249600,1.574535e+17,4.171570,4.119823
244500,4005888000,1.575179e+17,4.184598,4.120556
244600,4007526400,1.575824e+17,4.175005,4.119231
244700,4009164800,1.576468e+17,4.163232,4.120199
244800,4010803200,1.577112e+17,4.178802,4.121353
244900,4012441600,1.577756e+17,4.169693,4.120485
245000,4014080000,1.578400e+17,4.174693,4.119841
245100,4015718400,1.579045e+17,4.146183,4.119085
245200,4017356800,1.579689e+17,4.147182,4.118890
245300,4018995200,1.580333e+17,4.172367,4.119843
245400,4020633600,1.580977e+17,4.231146,4.118866
245500,4022272000,1.581622e+17,4.185455,4.119875
245600,4023910400,1.582266e+17,4.160150,4.119206
245700,4025548800,1.582910e+17,4.183374,4.119785
245800,4027187200,1.583554e+17,4.214832,4.119742
245900,4028825600,1.584199e+17,4.234252,4.118796
246000,4030464000,1.584843e+17,4.163769,4.120113
246100,4032102400,1.585487e+17,4.188464,4.118605
246200,4033740800,1.586131e+17,4.181874,4.119333
246300,4035379200,1.586776e+17,4.158048,4.118009
246400,4037017600,1.587420e+17,4.170931,4.117498
246500,4038656000,1.588064e+17,4.166657,4.119168
246600,4040294400,1.588708e+17,4.171494,4.119040
246700,4041932800,1.589353e+17,4.119226,4.118440
246800,4043571200,1.589997e+17,4.162603,4.118912
246900,4045209600,1.590641e+17,4.138110,4.117059
247000,4046848000,1.591285e+17,4.156944,4.118555
247100,4048486400,1.591930e+17,4.134145,4.119348
247200,4050124800,1.592574e+17,4.171616,4.117909
247300,4051763200,1.593218e+17,4.204758,4.118607
247400,4053401600,1.593862e+17,4.172230,4.117537
247500,4055040000,1.594507e+17,4.179472,4.117507
247600,4056678400,1.595151e+17,4.192724,4.117523
247700,4058316800,1.595795e+17,4.241813,4.117028
247800,4059955200,1.596439e+17,4.162266,4.117047
247900,4061593600,1.597084e+17,4.181531,4.114904
248000,4063232000,1.597728e+17,4.196713,4.116635
248100,4064870400,1.598372e+17,4.176100,4.116085
248200,4066508800,1.599016e+17,4.152986,4.114443
248300,4068147200,1.599661e+17,4.216441,4.114289
248400,4069785600,1.600305e+17,4.173259,4.115244
248500,4071424000,1.600949e+17,4.150623,4.115045
248536,4072013824,1.601181e+17,4.150623,4.163124
