step,tokens_seen,cumulative_flops,train_loss,eval_loss
100,1638400,6.442451e+13,135.287415,71.320201
200,3276800,1.288490e+14,57.921585,40.146968
300,4915200,1.932735e+14,39.221680,34.957820
400,6553600,2.576980e+14,33.271091,31.637581
500,8192000,3.221225e+14,29.703037,28.632148
600,9830400,3.865471e+14,26.836052,25.913174
700,11468800,4.509716e+14,24.243704,23.301366
800,13107200,5.153961e+14,21.473686,20.781558
900,14745600,5.798206e+14,19.326685,18.765606
1000,16384000,6.442451e+14,17.533159,16.928472
1100,18022400,7.086696e+14,15.797917,15.253670
1200,19660800,7.730941e+14,14.303500,13.946544
1300,21299200,8.375186e+14,13.173813,12.773317
1400,22937600,9.019431e+14,12.111558,11.735150
1500,24576000,9.663676e+14,11.268103,11.018622
1600,26214400,1.030792e+15,10.559062,10.422230
1700,27852800,1.095217e+15,10.110470,9.902955
1800,29491200,1.159641e+15,9.780190,9.574311
1900,31129600,1.224066e+15,9.383360,9.233621
2000,32768000,1.288490e+15,9.056396,8.945987
2100,34406400,1.352915e+15,8.693802,8.707105
2200,36044800,1.417339e+15,8.480585,8.510574
2300,37683200,1.481764e+15,8.331387,8.333009
2400,39321600,1.546188e+15,8.124152,8.206838
2500,40960000,1.610613e+15,8.056738,8.065246
2600,42598400,1.675037e+15,7.952080,7.965728
2700,44236800,1.739462e+15,7.840785,7.891645
2800,45875200,1.803886e+15,7.760287,7.806751
2900,47513600,1.868311e+15,7.682378,7.731788
3000,49152000,1.932735e+15,7.614562,7.694196
3100,50790400,1.997160e+15,7.605690,7.641240
3200,52428800,2.061584e+15,7.497141,7.606443
3300,54067200,2.126009e+15,7.506136,7.538931
3400,55705600,2.190433e+15,7.473068,7.514944
3500,57344000,2.254858e+15,7.403591,7.481747
3600,58982400,2.319282e+15,7.438988,7.446823
3700,60620800,2.383707e+15,7.347767,7.434684
3800,62259200,2.448131e+15,7.412366,7.402428
3900,63897600,2.512556e+15,7.330149,7.373699
4000,65536000,2.576980e+15,7.325958,7.356254
4100,67174400,2.641405e+15,7.287745,7.342657
4200,68812800,2.705829e+15,7.294808,7.327321
4300,70451200,2.770254e+15,7.276859,7.304845
4400,72089600,2.834678e+15,7.244937,7.297887
4500,73728000,2.899103e+15,7.219813,7.279201
4600,75366400,2.963527e+15,7.168324,7.284105
4700,77004800,3.027952e+15,7.148982,7.243506
4800,78643200,3.092376e+15,7.156186,7.246048
4900,80281600,3.156801e+15,7.183454,7.217986
5000,81920000,3.221225e+15,7.152530,7.214229
5100,83558400,3.285650e+15,7.155942,7.200977
5200,85196800,3.350074e+15,7.101761,7.188289
5300,86835200,3.414499e+15,7.137169,7.177535
5400,88473600,3.478924e+15,7.082855,7.195322
5500,90112000,3.543348e+15,7.117455,7.152804
5600,91750400,3.607773e+15,7.088825,7.170490
5700,93388800,3.672197e+15,7.103181,7.135341
5800,95027200,3.736622e+15,7.117488,7.129459
5900,96665600,3.801046e+15,7.129764,7.130520
6000,98304000,3.865471e+15,7.015714,7.111174
6100,99942400,3.929895e+15,7.015158,7.105106
6200,101580800,3.994320e+15,7.021759,7.092322
6300,103219200,4.058744e+15,7.035942,7.096385
6400,104857600,4.123169e+15,7.003975,7.084413
6500,106496000,4.187593e+15,7.037338,7.079271
6600,108134400,4.252018e+15,7.025974,7.084705
6700,109772800,4.316442e+15,7.007541,7.054603
6800,111411200,4.380867e+15,6.982599,7.051845
6900,113049600,4.445291e+15,6.978158,7.053179
7000,114688000,4.509716e+15,6.966722,7.037025
7100,116326400,4.574140e+15,6.956773,7.032837
7200,117964800,4.638565e+15,6.940828,7.016704
7300,119603200,4.702989e+15,6.935704,7.010857
7400,121241600,4.767414e+15,6.907915,7.025394
7500,122880000,4.831838e+15,6.916499,7.026622
7600,124518400,4.896263e+15,6.943605,6.993970
7700,126156800,4.960687e+15,6.923388,6.982992
7800,127795200,5.025112e+15,6.908119,6.968115
7900,129433600,5.089536e+15,6.927261,6.961391
8000,131072000,5.153961e+15,6.915767,6.955575
8100,132710400,5.218385e+15,6.856435,6.954699
8200,134348800,5.282810e+15,6.899227,6.953126
8300,135987200,5.347234e+15,6.867392,6.958785
8400,137625600,5.411659e+15,6.894222,6.944056
8500,139264000,5.476083e+15,6.807536,6.940555
8600,140902400,5.540508e+15,6.907495,6.928294
8700,142540800,5.604932e+15,6.858253,6.928397
8800,144179200,5.669357e+15,6.856500,6.916967
8900,145817600,5.733781e+15,6.825899,6.902808
9000,147456000,5.798206e+15,6.844098,6.904558
9100,149094400,5.862630e+15,6.816563,6.894943
9200,150732800,5.927055e+15,6.846034,6.914929
9300,152371200,5.991479e+15,6.787973,6.877543
9400,154009600,6.055904e+15,6.812250,6.880212
9500,155648000,6.120328e+15,6.838305,6.862773
9600,157286400,6.184753e+15,6.825752,6.850687
9700,158924800,6.249177e+15,6.813325,6.850142
9800,160563200,6.313602e+15,6.781409,6.842181
9900,162201600,6.378026e+15,6.778136,6.842802
10000,163840000,6.442451e+15,6.785653,6.846315
10100,165478400,6.506875e+15,6.790661,6.825686
10200,167116800,6.571300e+15,6.744825,6.841383
10300,168755200,6.635724e+15,6.738115,6.816421
10400,170393600,6.700149e+15,6.751013,6.819460
10500,172032000,6.764573e+15,6.745722,6.802056
10600,173670400,6.828998e+15,6.764291,6.800740
10700,175308800,6.893423e+15,6.745726,6.802631
10800,176947200,6.957847e+15,6.712524,6.796296
10900,178585600,7.022272e+15,6.771412,6.785703
11000,180224000,7.086696e+15,6.727543,6.774682
11100,181862400,7.151121e+15,6.699880,6.779181
11200,183500800,7.215545e+15,6.746846,6.775700
11300,185139200,7.279970e+15,6.690181,6.771441
11400,186777600,7.344394e+15,6.626569,6.770768
11500,188416000,7.408819e+15,6.651710,6.745085
11600,190054400,7.473243e+15,6.696879,6.748314
11700,191692800,7.537668e+15,6.680239,6.741063
11800,193331200,7.602092e+15,6.636075,6.725221
11900,194969600,7.666517e+15,6.677749,6.727903
12000,196608000,7.730941e+15,6.688006,6.722914
12100,198246400,7.795366e+15,6.581791,6.729728
12200,199884800,7.859790e+15,6.677989,6.721387
12300,201523200,7.924215e+15,6.628619,6.707384
12400,203161600,7.988639e+15,6.670837,6.705881
12500,204800000,8.053064e+15,6.642621,6.700898
12600,206438400,8.117488e+15,6.621582,6.682688
12700,208076800,8.181913e+15,6.627512,6.687912
12800,209715200,8.246337e+15,6.621270,6.683958
12900,211353600,8.310762e+15,6.593486,6.678103
13000,212992000,8.375186e+15,6.603290,6.673158
13100,214630400,8.439611e+15,6.594370,6.667965
13200,216268800,8.504035e+15,6.618183,6.671417
13300,217907200,8.568460e+15,6.576077,6.663162
13400,219545600,8.632884e+15,6.626212,6.658116
13500,221184000,8.697309e+15,6.626328,6.644433
13600,222822400,8.761733e+15,6.658432,6.671592
13700,224460800,8.826158e+15,6.589170,6.632747
13800,226099200,8.890582e+15,6.565948,6.625537
13900,227737600,8.955007e+15,6.584966,6.638420
14000,229376000,9.019431e+15,6.571202,6.625888
14100,231014400,9.083856e+15,6.533746,6.619320
14200,232652800,9.148280e+15,6.580554,6.626119
14300,234291200,9.212705e+15,6.547799,6.623011
14400,235929600,9.277129e+15,6.572758,6.614227
14500,237568000,9.341554e+15,6.529352,6.602343
14600,239206400,9.405978e+15,6.531109,6.595445
14700,240844800,9.470403e+15,6.519231,6.594508
14800,242483200,9.534827e+15,6.516646,6.594882
14900,244121600,9.599252e+15,6.532372,6.594276
15000,245760000,9.663676e+15,6.531708,6.584839
15100,247398400,9.728101e+15,6.506959,6.579608
15200,249036800,9.792525e+15,6.529378,6.570239
15300,250675200,9.856950e+15,6.530440,6.563592
15400,252313600,9.921374e+15,6.602598,6.561706
15500,253952000,9.985799e+15,6.492885,6.561380
15600,255590400,1.005022e+16,6.510683,6.551601
15700,257228800,1.011465e+16,6.489831,6.557085
15800,258867200,1.017907e+16,6.491811,6.541751
15900,260505600,1.024350e+16,6.485823,6.547090
16000,262144000,1.030792e+16,6.493598,6.538606
16100,263782400,1.037235e+16,6.453134,6.526520
16200,265420800,1.043677e+16,6.443909,6.525093
16300,267059200,1.050120e+16,6.521446,6.516214
16400,268697600,1.056562e+16,6.508717,6.546082
16500,270336000,1.063004e+16,6.500909,6.518416
16600,271974400,1.069447e+16,6.427094,6.509777
16700,273612800,1.075889e+16,6.575788,6.519995
16800,275251200,1.082332e+16,6.448435,6.507582
16900,276889600,1.088774e+16,6.467948,6.495934
17000,278528000,1.095217e+16,6.394143,6.499366
17100,280166400,1.101659e+16,6.337003,6.490823
17200,281804800,1.108102e+16,6.408454,6.485782
17300,283443200,1.114544e+16,6.417407,6.480896
17400,285081600,1.120986e+16,6.417603,6.487823
17500,286720000,1.127429e+16,6.431262,6.478011
17600,288358400,1.133871e+16,6.435760,6.469478
17700,289996800,1.140314e+16,6.421824,6.466881
17800,291635200,1.146756e+16,6.426435,6.459347
17900,293273600,1.153199e+16,6.414635,6.458846
18000,294912000,1.159641e+16,6.378852,6.453571
18100,296550400,1.166084e+16,6.422013,6.458880
18200,298188800,1.172526e+16,6.414770,6.460428
18300,299827200,1.178969e+16,6.390152,6.449794
18400,301465600,1.185411e+16,6.435367,6.442468
18500,303104000,1.191853e+16,6.398027,6.434972
18600,304742400,1.198296e+16,6.355955,6.436649
18700,306380800,1.204738e+16,6.419419,6.444539
18800,308019200,1.211181e+16,6.402895,6.438435
18900,309657600,1.217623e+16,6.391813,6.431171
19000,311296000,1.224066e+16,6.364043,6.418871
19100,312934400,1.230508e+16,6.341766,6.422047
19200,314572800,1.236951e+16,6.416617,6.408250
19300,316211200,1.243393e+16,6.367028,6.415750
19400,317849600,1.249835e+16,6.310085,6.404686
19500,319488000,1.256278e+16,6.289883,6.403801
19600,321126400,1.262720e+16,6.321418,6.395449
19700,322764800,1.269163e+16,6.343538,6.404442
19800,324403200,1.275605e+16,6.336617,6.393636
19900,326041600,1.282048e+16,6.342226,6.382429
20000,327680000,1.288490e+16,6.347145,6.379483
20100,329318400,1.294933e+16,6.315849,6.382075
20200,330956800,1.301375e+16,6.356286,6.369992
20300,332595200,1.307818e+16,6.337962,6.374649
20400,334233600,1.314260e+16,6.375455,6.373821
20500,335872000,1.320702e+16,6.305144,6.367766
20600,337510400,1.327145e+16,6.280612,6.369192
20700,339148800,1.333587e+16,6.249897,6.359453
20800,340787200,1.340030e+16,6.319029,6.348115
20900,342425600,1.346472e+16,6.302473,6.345505
21000,344064000,1.352915e+16,6.272439,6.355389
21100,345702400,1.359357e+16,6.340758,6.356131
21200,347340800,1.365800e+16,6.265487,6.339500
21300,348979200,1.372242e+16,6.294638,6.342960
21400,350617600,1.378685e+16,6.275215,6.336818
21500,352256000,1.385127e+16,6.281718,6.329167
21600,353894400,1.391569e+16,6.266623,6.324414
21700,355532800,1.398012e+16,6.262506,6.321062
21800,357171200,1.404454e+16,6.264587,6.329015
21900,358809600,1.410897e+16,6.312877,6.310950
22000,360448000,1.417339e+16,6.299512,6.327477
22100,362086400,1.423782e+16,6.266168,6.312118
22200,363724800,1.430224e+16,6.271452,6.304383
22300,365363200,1.436667e+16,6.254469,6.302916
22400,367001600,1.443109e+16,6.273097,6.304779
22500,368640000,1.449551e+16,6.262971,6.301597
22600,370278400,1.455994e+16,6.271617,6.291849
22700,371916800,1.462436e+16,6.235584,6.291017
22800,373555200,1.468879e+16,6.219860,6.281613
22900,375193600,1.475321e+16,6.236576,6.276385
23000,376832000,1.481764e+16,6.201384,6.284030
23100,378470400,1.488206e+16,6.216087,6.269467
23200,380108800,1.494649e+16,6.184429,6.268047
23300,381747200,1.501091e+16,6.228400,6.265762
23400,383385600,1.507534e+16,6.238835,6.263920
23500,385024000,1.513976e+16,6.194823,6.274204
23600,386662400,1.520418e+16,6.220303,6.259510
23700,388300800,1.526861e+16,6.245429,6.260619
23800,389939200,1.533303e+16,6.251658,6.250431
23900,391577600,1.539746e+16,6.178818,6.249933
24000,393216000,1.546188e+16,6.209689,6.255034
24100,394854400,1.552631e+16,6.211385,6.239299
24200,396492800,1.559073e+16,6.223753,6.240743
24300,398131200,1.565516e+16,6.210567,6.237885
24400,399769600,1.571958e+16,6.175611,6.230754
24500,401408000,1.578400e+16,6.208128,6.227304
24600,403046400,1.584843e+16,6.217862,6.232779
24700,404684800,1.591285e+16,6.193764,6.226796
24800,406323200,1.597728e+16,6.217687,6.226067
24900,407961600,1.604170e+16,6.211872,6.228435
25000,409600000,1.610613e+16,6.161335,6.210362
25100,411238400,1.617055e+16,6.175518,6.217407
25200,412876800,1.623498e+16,6.173920,6.211378
25300,414515200,1.629940e+16,6.182665,6.211821
25400,416153600,1.636383e+16,6.092963,6.212623
25500,417792000,1.642825e+16,6.133390,6.195534
25600,419430400,1.649267e+16,6.144074,6.198119
25700,421068800,1.655710e+16,6.159094,6.193747
25800,422707200,1.662152e+16,6.190097,6.197905
25900,424345600,1.668595e+16,6.186092,6.200019
26000,425984000,1.675037e+16,6.151057,6.187368
26100,427622400,1.681480e+16,6.141073,6.184065
26200,429260800,1.687922e+16,6.117982,6.173036
26300,430899200,1.694365e+16,6.124636,6.175903
26400,432537600,1.700807e+16,6.129051,6.173252
26500,434176000,1.707250e+16,6.140118,6.165206
26600,435814400,1.713692e+16,6.159653,6.163884
26700,437452800,1.720134e+16,6.150772,6.170633
26800,439091200,1.726577e+16,6.164846,6.169853
26900,440729600,1.733019e+16,6.101365,6.169322
27000,442368000,1.739462e+16,6.128838,6.154717
27100,444006400,1.745904e+16,6.143771,6.148674
27200,445644800,1.752347e+16,6.172907,6.150201
27300,447283200,1.758789e+16,6.118209,6.142704
27400,448921600,1.765232e+16,6.084754,6.144347
27500,450560000,1.771674e+16,6.118685,6.140307
27600,452198400,1.778116e+16,6.101197,6.137126
27700,453836800,1.784559e+16,6.133066,6.134735
27800,455475200,1.791001e+16,6.101956,6.124330
27900,457113600,1.797444e+16,6.080977,6.133077
28000,458752000,1.803886e+16,6.132249,6.122852
28100,460390400,1.810329e+16,6.076661,6.119989
28200,462028800,1.816771e+16,6.059530,6.122107
28300,463667200,1.823214e+16,6.091228,6.118323
28400,465305600,1.829656e+16,6.087550,6.109603
28500,466944000,1.836099e+16,6.030496,6.115680
28600,468582400,1.842541e+16,6.015254,6.117141
28700,470220800,1.848983e+16,6.080343,6.106870
28800,471859200,1.855426e+16,6.042050,6.109747
28900,473497600,1.861868e+16,6.037431,6.104308
29000,475136000,1.868311e+16,6.077026,6.096139
29100,476774400,1.874753e+16,6.061184,6.095555
29200,478412800,1.881196e+16,6.061845,6.085290
29300,480051200,1.887638e+16,6.042295,6.081960
29400,481689600,1.894081e+16,6.066628,6.081454
29500,483328000,1.900523e+16,6.117833,6.082945
29600,484966400,1.906965e+16,6.085759,6.077875
29700,486604800,1.913408e+16,6.075310,6.081645
29800,488243200,1.919850e+16,6.037597,6.071546
29900,489881600,1.926293e+16,6.009542,6.074341
30000,491520000,1.932735e+16,6.000829,6.069408
30100,493158400,1.939178e+16,6.074339,6.067257
30200,494796800,1.945620e+16,6.009014,6.058082
30300,496435200,1.952063e+16,6.076235,6.063902
30400,498073600,1.958505e+16,6.069849,6.056927
30500,499712000,1.964948e+16,6.091005,6.063650
30600,501350400,1.971390e+16,6.038959,6.048540
30700,502988800,1.977832e+16,6.058457,6.057582
30800,504627200,1.984275e+16,6.021402,6.047990
30900,506265600,1.990717e+16,6.007363,6.042649
31000,507904000,1.997160e+16,6.006003,6.040126
31100,509542400,2.003602e+16,6.002183,6.033584
31200,511180800,2.010045e+16,6.002734,6.033602
31300,512819200,2.016487e+16,6.017263,6.034771
31400,514457600,2.022930e+16,6.021976,6.033811
31500,516096000,2.029372e+16,6.045264,6.027275
31600,517734400,2.035814e+16,6.068464,6.019607
31700,519372800,2.042257e+16,6.027822,6.015348
31800,521011200,2.048699e+16,5.963983,6.011710
31900,522649600,2.055142e+16,5.980704,6.009945
32000,524288000,2.061584e+16,5.967906,6.009230
32100,525926400,2.068027e+16,5.936912,6.016204
32200,527564800,2.074469e+16,5.981112,6.008742
32300,529203200,2.080912e+16,5.917876,5.994282
32400,530841600,2.087354e+16,5.939902,6.002513
32500,532480000,2.093797e+16,5.997571,6.002885
32600,534118400,2.100239e+16,5.995318,5.997904
32700,535756800,2.106681e+16,6.006859,5.995208
32800,537395200,2.113124e+16,5.979421,5.991644
32900,539033600,2.119566e+16,5.951744,5.994479
33000,540672000,2.126009e+16,5.926999,5.982097
33100,542310400,2.132451e+16,6.003040,5.985847
33200,543948800,2.138894e+16,5.954617,5.980816
33300,545587200,2.145336e+16,5.935369,5.981089
33400,547225600,2.151779e+16,5.978381,5.975387
33500,548864000,2.158221e+16,5.976668,5.969693
33600,550502400,2.164664e+16,5.930245,5.965083
33700,552140800,2.171106e+16,5.950035,5.963459
33800,553779200,2.177548e+16,5.951015,5.958675
33900,555417600,2.183991e+16,5.904977,5.954721
34000,557056000,2.190433e+16,5.953561,5.956815
34100,558694400,2.196876e+16,5.877235,5.954327
34200,560332800,2.203318e+16,5.916259,5.940904
34300,561971200,2.209761e+16,5.914089,5.934806
34400,563609600,2.216203e+16,5.935230,5.942734
34500,565248000,2.222646e+16,5.908545,5.940201
34600,566886400,2.229088e+16,5.876390,5.941903
34700,568524800,2.235530e+16,5.891614,5.935031
34800,570163200,2.241973e+16,5.917090,5.934057
34900,571801600,2.248415e+16,5.992988,5.932136
35000,573440000,2.254858e+16,5.939143,5.935647
35100,575078400,2.261300e+16,5.909589,5.926471
35200,576716800,2.267743e+16,5.912328,5.927992
35300,578355200,2.274185e+16,5.957623,5.921180
35400,579993600,2.280628e+16,5.876693,5.919702
35500,581632000,2.287070e+16,5.843314,5.916273
35600,583270400,2.293513e+16,5.853879,5.921856
35700,584908800,2.299955e+16,5.938633,5.910314
35800,586547200,2.306397e+16,5.898380,5.911269
35900,588185600,2.312840e+16,5.856495,5.899912
36000,589824000,2.319282e+16,5.932129,5.903926
36100,591462400,2.325725e+16,5.902834,5.899492
36200,593100800,2.332167e+16,5.912989,5.899812
36300,594739200,2.338610e+16,5.876444,5.890412
36400,596377600,2.345052e+16,5.848703,5.890241
36500,598016000,2.351495e+16,5.875165,5.890873
36600,599654400,2.357937e+16,5.901859,5.891077
36700,601292800,2.364379e+16,5.873485,5.885616
36800,602931200,2.370822e+16,5.861599,5.875316
36900,604569600,2.377264e+16,5.833026,5.890427
37000,606208000,2.383707e+16,5.844982,5.875994
37100,607846400,2.390149e+16,5.844244,5.883914
37200,609484800,2.396592e+16,5.881425,5.862879
37300,611123200,2.403034e+16,5.863900,5.864530
37400,612761600,2.409477e+16,5.868141,5.862842
37500,614400000,2.415919e+16,5.808884,5.851436
37600,616038400,2.422362e+16,5.794290,5.845046
37700,617676800,2.428804e+16,5.858734,5.846333
37800,619315200,2.435246e+16,5.833526,5.849952
37900,620953600,2.441689e+16,5.851111,5.842673
38000,622592000,2.448131e+16,5.820632,5.842425
38100,624230400,2.454574e+16,5.792190,5.843941
38200,625868800,2.461016e+16,5.865185,5.844072
38300,627507200,2.467459e+16,5.815055,5.841569
38400,629145600,2.473901e+16,5.801062,5.830844
38500,630784000,2.480344e+16,5.824246,5.830477
38600,632422400,2.486786e+16,5.802119,5.824494
38700,634060800,2.493229e+16,5.760956,5.826336
38800,635699200,2.499671e+16,5.821971,5.834157
38900,637337600,2.506113e+16,5.823320,5.819257
39000,638976000,2.512556e+16,5.781040,5.816724
39100,640614400,2.518998e+16,5.804420,5.818718
39200,642252800,2.525441e+16,5.793831,5.814637
39300,643891200,2.531883e+16,5.818006,5.823464
39400,645529600,2.538326e+16,5.804495,5.811324
39500,647168000,2.544768e+16,5.786228,5.805703
39600,648806400,2.551211e+16,5.776437,5.796269
39700,650444800,2.557653e+16,5.785077,5.806784
39800,652083200,2.564095e+16,5.740615,5.795226
39900,653721600,2.570538e+16,5.758258,5.798029
40000,655360000,2.576980e+16,5.785574,5.798521
40100,656998400,2.583423e+16,5.823391,5.788016
40200,658636800,2.589865e+16,5.734277,5.784203
40300,660275200,2.596308e+16,5.771478,5.780505
40400,661913600,2.602750e+16,5.780463,5.785830
40500,663552000,2.609193e+16,5.758848,5.777192
40600,665190400,2.615635e+16,5.771999,5.779915
40700,666828800,2.622078e+16,5.776846,5.780943
40800,668467200,2.628520e+16,5.748528,5.775450
40900,670105600,2.634962e+16,5.777090,5.780796
41000,671744000,2.641405e+16,5.707904,5.767780
41100,673382400,2.647847e+16,5.778445,5.768150
41200,675020800,2.654290e+16,5.775327,5.773104
41300,676659200,2.660732e+16,5.792287,5.763636
41400,678297600,2.667175e+16,5.791224,5.763661
41500,679936000,2.673617e+16,5.748255,5.755428
41600,681574400,2.680060e+16,5.767848,5.748904
41700,683212800,2.686502e+16,5.734030,5.747029
41800,684851200,2.692944e+16,5.735726,5.742256
41900,686489600,2.699387e+16,5.753150,5.749068
42000,688128000,2.705829e+16,5.684712,5.739702
42100,689766400,2.712272e+16,5.741015,5.737495
42200,691404800,2.718714e+16,5.746784,5.739663
42300,693043200,2.725157e+16,5.703698,5.738341
42400,694681600,2.731599e+16,5.727739,5.736448
42500,696320000,2.738042e+16,5.741017,5.732289
42600,697958400,2.744484e+16,5.716691,5.735429
42700,699596800,2.750927e+16,5.757498,5.732972
42800,701235200,2.757369e+16,5.690338,5.727605
42900,702873600,2.763811e+16,5.733624,5.728191
43000,704512000,2.770254e+16,5.783668,5.727217
43100,706150400,2.776696e+16,5.705393,5.716218
43200,707788800,2.783139e+16,5.688021,5.720630
43300,709427200,2.789581e+16,5.717110,5.707019
43400,711065600,2.796024e+16,5.696532,5.715391
43500,712704000,2.802466e+16,5.696527,5.706935
43600,714342400,2.808909e+16,5.670660,5.704567
43700,715980800,2.815351e+16,5.703399,5.700584
43800,717619200,2.821794e+16,5.668040,5.705000
43900,719257600,2.828236e+16,5.642778,5.697242
44000,720896000,2.834678e+16,5.662333,5.691572
44100,722534400,2.841121e+16,5.696310,5.695443
44200,724172800,2.847563e+16,5.742308,5.684552
44300,725811200,2.854006e+16,5.631711,5.687446
44400,727449600,2.860448e+16,5.692202,5.692410
44500,729088000,2.866891e+16,5.649623,5.683440
44600,730726400,2.873333e+16,5.608932,5.683345
44700,732364800,2.879776e+16,5.645426,5.681731
44800,734003200,2.886218e+16,5.682624,5.678717
44900,735641600,2.892660e+16,5.683991,5.676644
45000,737280000,2.899103e+16,5.726515,5.670035
45100,738918400,2.905545e+16,5.657652,5.664958
45200,740556800,2.911988e+16,5.684435,5.668599
45300,742195200,2.918430e+16,5.648360,5.667660
45400,743833600,2.924873e+16,5.700328,5.660118
45500,745472000,2.931315e+16,5.681062,5.664951
45600,747110400,2.937758e+16,5.608506,5.652625
45700,748748800,2.944200e+16,5.610818,5.660657
45800,750387200,2.950643e+16,5.621174,5.651060
45900,752025600,2.957085e+16,5.641455,5.647932
46000,753664000,2.963527e+16,5.625892,5.645911
46100,755302400,2.969970e+16,5.643528,5.640976
46200,756940800,2.976412e+16,5.639307,5.643837
46300,758579200,2.982855e+16,5.627267,5.639963
46400,760217600,2.989297e+16,5.630992,5.633181
46500,761856000,2.995740e+16,5.577009,5.633591
46600,763494400,3.002182e+16,5.606065,5.627517
46700,765132800,3.008625e+16,5.584974,5.626292
46800,766771200,3.015067e+16,5.651224,5.622958
46900,768409600,3.021509e+16,5.617627,5.621005
47000,770048000,3.027952e+16,5.606474,5.618946
47100,771686400,3.034394e+16,5.614256,5.627763
47200,773324800,3.040837e+16,5.613740,5.619763
47300,774963200,3.047279e+16,5.596629,5.622021
47400,776601600,3.053722e+16,5.622918,5.608796
47500,778240000,3.060164e+16,5.598666,5.609398
47600,779878400,3.066607e+16,5.602790,5.606161
47700,781516800,3.073049e+16,5.587478,5.606435
47800,783155200,3.079492e+16,5.597845,5.602490
47900,784793600,3.085934e+16,5.585543,5.604318
48000,786432000,3.092376e+16,5.568336,5.598132
48100,788070400,3.098819e+16,5.574718,5.592456
48200,789708800,3.105261e+16,5.598099,5.593566
48300,791347200,3.111704e+16,5.609169,5.588237
48400,792985600,3.118146e+16,5.562312,5.587856
48500,794624000,3.124589e+16,5.593260,5.592842
48600,796262400,3.131031e+16,5.595788,5.595286
48700,797900800,3.137474e+16,5.589630,5.580109
48800,799539200,3.143916e+16,5.526444,5.587413
48900,801177600,3.150359e+16,5.595618,5.577896
49000,802816000,3.156801e+16,5.603525,5.579075
49100,804454400,3.163243e+16,5.546499,5.572952
49200,806092800,3.169686e+16,5.569829,5.563952
49300,807731200,3.176128e+16,5.560137,5.570189
49400,809369600,3.182571e+16,5.600516,5.569081
49500,811008000,3.189013e+16,5.570364,5.562535
49600,812646400,3.195456e+16,5.549533,5.565261
49700,814284800,3.201898e+16,5.570718,5.551326
49800,815923200,3.208341e+16,5.620008,5.563871
49900,817561600,3.214783e+16,5.609314,5.552676
50000,819200000,3.221225e+16,5.546550,5.555196
50100,820838400,3.227668e+16,5.590840,5.558977
50200,822476800,3.234110e+16,5.605312,5.555392
50300,824115200,3.240553e+16,5.537858,5.556615
50400,825753600,3.246995e+16,5.572520,5.546871
50500,827392000,3.253438e+16,5.552622,5.545615
50600,829030400,3.259880e+16,5.540916,5.537078
50700,830668800,3.266323e+16,5.523881,5.541962
50800,832307200,3.272765e+16,5.545512,5.539804
50900,833945600,3.279208e+16,5.518989,5.536371
51000,835584000,3.285650e+16,5.480576,5.527703
51100,837222400,3.292092e+16,5.567733,5.530393
51200,838860800,3.298535e+16,5.516672,5.528358
51300,840499200,3.304977e+16,5.518651,5.523529
51400,842137600,3.311420e+16,5.545095,5.514818
51500,843776000,3.317862e+16,5.491084,5.520985
51600,845414400,3.324305e+16,5.563560,5.518305
51700,847052800,3.330747e+16,5.488644,5.515736
51800,848691200,3.337190e+16,5.537994,5.521349
51900,850329600,3.343632e+16,5.517320,5.512109
52000,851968000,3.350074e+16,5.526031,5.509065
52100,853606400,3.356517e+16,5.476368,5.504517
52200,855244800,3.362959e+16,5.501508,5.501859
52300,856883200,3.369402e+16,5.487418,5.500077
52400,858521600,3.375844e+16,5.488052,5.496219
52500,860160000,3.382287e+16,5.470099,5.495214
52600,861798400,3.388729e+16,5.481805,5.492102
52700,863436800,3.395172e+16,5.482886,5.493231
52800,865075200,3.401614e+16,5.521405,5.486571
52900,866713600,3.408057e+16,5.481578,5.484098
53000,868352000,3.414499e+16,5.463029,5.485323
53100,869990400,3.420941e+16,5.484006,5.486004
53200,871628800,3.427384e+16,5.432656,5.485648
53300,873267200,3.433826e+16,5.473275,5.476364
53400,874905600,3.440269e+16,5.462495,5.472541
53500,876544000,3.446711e+16,5.441763,5.470327
53600,878182400,3.453154e+16,5.510356,5.473302
53700,879820800,3.459596e+16,5.447577,5.465010
53800,881459200,3.466039e+16,5.440087,5.468022
53900,883097600,3.472481e+16,5.496196,5.460670
54000,884736000,3.478924e+16,5.448292,5.464858
54100,886374400,3.485366e+16,5.417785,5.455643
54200,888012800,3.491808e+16,5.446261,5.462468
54300,889651200,3.498251e+16,5.440313,5.453359
54400,891289600,3.504693e+16,5.474088,5.459011
54500,892928000,3.511136e+16,5.475934,5.455531
54600,894566400,3.517578e+16,5.486550,5.451678
54700,896204800,3.524021e+16,5.457638,5.454911
54800,897843200,3.530463e+16,5.464612,5.447292
54900,899481600,3.536906e+16,5.459853,5.438822
55000,901120000,3.543348e+16,5.424764,5.441272
55100,902758400,3.549790e+16,5.465668,5.435975
55200,904396800,3.556233e+16,5.416046,5.438484
55300,906035200,3.562675e+16,5.451828,5.433408
55400,907673600,3.569118e+16,5.440270,5.429665
55500,909312000,3.575560e+16,5.433969,5.426648
55600,910950400,3.582003e+16,5.454640,5.428314
55700,912588800,3.588445e+16,5.445827,5.428817
55800,914227200,3.594888e+16,5.427644,5.427034
55900,915865600,3.601330e+16,5.433966,5.421161
56000,917504000,3.607773e+16,5.437729,5.416414
56100,919142400,3.614215e+16,5.402362,5.418395
56200,920780800,3.620657e+16,5.375264,5.414206
56300,922419200,3.627100e+16,5.416658,5.410393
56400,924057600,3.633542e+16,5.419442,5.416712
56500,925696000,3.639985e+16,5.392525,5.404921
56600,927334400,3.646427e+16,5.412378,5.398607
56700,928972800,3.652870e+16,5.388302,5.402824
56800,930611200,3.659312e+16,5.401209,5.400083
56900,932249600,3.665755e+16,5.399442,5.400127
57000,933888000,3.672197e+16,5.363731,5.398699
57100,935526400,3.678639e+16,5.422754,5.401967
57200,937164800,3.685082e+16,5.381295,5.396481
57300,938803200,3.691524e+16,5.391653,5.395948
57400,940441600,3.697967e+16,5.465920,5.393902
57500,942080000,3.704409e+16,5.424008,5.388522
57600,943718400,3.710852e+16,5.435409,5.393772
57700,945356800,3.717294e+16,5.394708,5.386218
57800,946995200,3.723737e+16,5.454063,5.386714
57900,948633600,3.730179e+16,5.371472,5.384938
58000,950272000,3.736622e+16,5.383063,5.377325
58100,951910400,3.743064e+16,5.387827,5.380193
58200,953548800,3.749506e+16,5.392871,5.382102
58300,955187200,3.755949e+16,5.376877,5.370053
58400,956825600,3.762391e+16,5.403380,5.374630
58500,958464000,3.768834e+16,5.371535,5.369179
58600,960102400,3.775276e+16,5.361529,5.365933
58700,961740800,3.781719e+16,5.341454,5.367625
58800,963379200,3.788161e+16,5.385015,5.361561
58900,965017600,3.794604e+16,5.372685,5.364822
59000,966656000,3.801046e+16,5.381390,5.367417
59100,968294400,3.807489e+16,5.377203,5.358257
59200,969932800,3.813931e+16,5.354838,5.361009
59300,971571200,3.820373e+16,5.488379,5.367140
59400,973209600,3.826816e+16,5.413311,5.357961
59500,974848000,3.833258e+16,5.350621,5.356853
59600,976486400,3.839701e+16,5.348144,5.353596
59700,978124800,3.846143e+16,5.390495,5.345414
59800,979763200,3.852586e+16,5.311123,5.349276
59900,981401600,3.859028e+16,5.338960,5.342660
60000,983040000,3.865471e+16,5.363010,5.341002
60100,984678400,3.871913e+16,5.366735,5.335809
60200,986316800,3.878355e+16,5.345061,5.336488
60300,987955200,3.884798e+16,5.348634,5.339651
60400,989593600,3.891240e+16,5.322210,5.337801
60500,991232000,3.897683e+16,5.458683,5.341742
60600,992870400,3.904125e+16,5.341332,5.339673
60700,994508800,3.910568e+16,5.327660,5.339756
60800,996147200,3.917010e+16,5.349792,5.339892
60900,997785600,3.923453e+16,5.284481,5.339487
61000,999424000,3.929895e+16,5.340065,5.332464
61100,1001062400,3.936338e+16,5.328418,5.328905
61200,1002700800,3.942780e+16,5.363595,5.327412
61300,1004339200,3.949222e+16,5.355921,5.326092
61400,1005977600,3.955665e+16,5.318534,5.324551
61500,1007616000,3.962107e+16,5.338194,5.328197
61600,1009254400,3.968550e+16,5.293844,5.317610
61700,1010892800,3.974992e+16,5.333235,5.321983
61800,1012531200,3.981435e+16,5.375353,5.321080
61900,1014169600,3.987877e+16,5.313087,5.323228
62000,1015808000,3.994320e+16,5.329818,5.313351
62100,1017446400,4.000762e+16,5.313776,5.315405
62200,1019084800,4.007204e+16,5.304207,5.314159
62300,1020723200,4.013647e+16,5.329397,5.308533
62400,1022361600,4.020089e+16,5.323740,5.311699
62500,1024000000,4.026532e+16,5.479558,5.316959
62600,1025638400,4.032974e+16,5.350804,5.308143
62700,1027276800,4.039417e+16,5.304375,5.306466
62800,1028915200,4.045859e+16,5.348187,5.306526
62900,1030553600,4.052302e+16,5.305548,5.300002
63000,1032192000,4.058744e+16,5.329399,5.305981
63100,1033830400,4.065187e+16,5.322563,5.295727
63200,1035468800,4.071629e+16,5.323421,5.289090
63300,1037107200,4.078071e+16,5.333760,5.297319
63400,1038745600,4.084514e+16,5.344199,5.291440
63500,1040384000,4.090956e+16,5.334127,5.288595
63600,1042022400,4.097399e+16,5.330611,5.289246
63700,1043660800,4.103841e+16,5.312599,5.289048
63800,1045299200,4.110284e+16,5.308914,5.290332
63900,1046937600,4.116726e+16,5.335601,5.291770
64000,1048576000,4.123169e+16,5.313914,5.287571
64100,1050214400,4.129611e+16,5.313389,5.283334
64200,1051852800,4.136054e+16,5.273338,5.278226
64300,1053491200,4.142496e+16,5.305953,5.275889
64400,1055129600,4.148938e+16,5.285907,5.272235
64500,1056768000,4.155381e+16,5.268688,5.269397
64600,1058406400,4.161823e+16,5.285223,5.274213
64700,1060044800,4.168266e+16,5.282523,5.266450
64800,1061683200,4.174708e+16,5.269277,5.269297
64900,1063321600,4.181151e+16,5.258806,5.268710
65000,1064960000,4.187593e+16,5.293886,5.265366
65100,1066598400,4.194036e+16,5.238500,5.264858
65200,1068236800,4.200478e+16,5.257514,5.268828
65300,1069875200,4.206920e+16,5.264619,5.260407
65400,1071513600,4.213363e+16,5.271755,5.259778
65500,1073152000,4.219805e+16,5.257056,5.257855
65600,1074790400,4.226248e+16,5.280077,5.255703
65700,1076428800,4.232690e+16,5.268133,5.256423
65800,1078067200,4.239133e+16,5.280515,5.258688
65900,1079705600,4.245575e+16,5.240657,5.249553
66000,1081344000,4.252018e+16,5.286885,5.254528
66100,1082982400,4.258460e+16,5.304798,5.252729
66200,1084620800,4.264903e+16,5.274348,5.250919
66300,1086259200,4.271345e+16,5.289944,5.252190
66400,1087897600,4.277787e+16,5.236610,5.248087
66500,1089536000,4.284230e+16,5.212276,5.250699
66600,1091174400,4.290672e+16,5.264871,5.242399
66700,1092812800,4.297115e+16,5.267923,5.237511
66800,1094451200,4.303557e+16,5.272634,5.241356
66900,1096089600,4.310000e+16,5.260719,5.239602
67000,1097728000,4.316442e+16,5.220946,5.237841
67100,1099366400,4.322885e+16,5.244842,5.236343
67200,1101004800,4.329327e+16,5.243585,5.229209
67300,1102643200,4.335769e+16,5.290436,5.231360
67400,1104281600,4.342212e+16,5.250363,5.227138
67500,1105920000,4.348654e+16,5.334522,5.226995
67600,1107558400,4.355097e+16,5.238063,5.225663
67700,1109196800,4.361539e+16,5.233774,5.224276
67800,1110835200,4.367982e+16,5.213653,5.224713
67900,1112473600,4.374424e+16,5.268111,5.222918
68000,1114112000,4.380867e+16,5.225620,5.216883
68100,1115750400,4.387309e+16,5.300019,5.223042
68200,1117388800,4.393752e+16,5.275487,5.211314
68300,1119027200,4.400194e+16,5.258519,5.216831
68400,1120665600,4.406636e+16,5.248322,5.214456
68500,1122304000,4.413079e+16,5.278361,5.217077
68600,1123942400,4.419521e+16,5.247823,5.214793
68700,1125580800,4.425964e+16,5.215033,5.212044
68800,1127219200,4.432406e+16,5.251558,5.205559
68900,1128857600,4.438849e+16,5.225923,5.208883
69000,1130496000,4.445291e+16,5.194669,5.211705
69100,1132134400,4.451734e+16,5.196923,5.203110
69200,1133772800,4.458176e+16,5.232228,5.199359
69300,1135411200,4.464619e+16,5.201929,5.204134
69400,1137049600,4.471061e+16,5.204700,5.198965
69500,1138688000,4.477503e+16,5.220161,5.201872
69600,1140326400,4.483946e+16,5.202103,5.204253
69700,1141964800,4.490388e+16,5.273321,5.205618
69800,1143603200,4.496831e+16,5.226410,5.202609
69900,1145241600,4.503273e+16,5.194790,5.199233
70000,1146880000,4.509716e+16,5.231035,5.197220
70100,1148518400,4.516158e+16,5.239078,5.201637
70200,1150156800,4.522601e+16,5.236779,5.194514
70300,1151795200,4.529043e+16,5.234065,5.193791
70400,1153433600,4.535485e+16,5.235989,5.190165
70500,1155072000,4.541928e+16,5.184268,5.189299
70600,1156710400,4.548370e+16,5.176746,5.191343
70700,1158348800,4.554813e+16,5.194636,5.189889
70800,1159987200,4.561255e+16,5.225452,5.182954
70900,1161625600,4.567698e+16,5.200788,5.185685
71000,1163264000,4.574140e+16,5.194410,5.187633
71100,1164902400,4.580583e+16,5.200694,5.188747
71200,1166540800,4.587025e+16,5.215418,5.183936
71300,1168179200,4.593468e+16,5.209834,5.178964
71400,1169817600,4.599910e+16,5.228183,5.179784
71500,1171456000,4.606352e+16,5.183980,5.176440
71600,1173094400,4.612795e+16,5.197865,5.173526
71700,1174732800,4.619237e+16,5.188272,5.172562
71800,1176371200,4.625680e+16,5.200830,5.170060
71900,1178009600,4.632122e+16,5.153315,5.178194
72000,1179648000,4.638565e+16,5.183105,5.172620
72100,1181286400,4.645007e+16,5.167178,5.172483
72200,1182924800,4.651450e+16,5.189377,5.171671
72300,1184563200,4.657892e+16,5.252899,5.177420
72400,1186201600,4.664334e+16,5.148407,5.167492
72500,1187840000,4.670777e+16,5.237392,5.163832
72600,1189478400,4.677219e+16,5.207330,5.163011
72700,1191116800,4.683662e+16,5.195973,5.159480
72800,1192755200,4.690104e+16,5.149098,5.161918
72900,1194393600,4.696547e+16,5.142396,5.159876
73000,1196032000,4.702989e+16,5.173016,5.155772
73100,1197670400,4.709432e+16,5.162782,5.154484
73200,1199308800,4.715874e+16,5.174371,5.149459
73300,1200947200,4.722317e+16,5.166508,5.154092
73400,1202585600,4.728759e+16,5.204887,5.153242
73500,1204224000,4.735201e+16,5.201593,5.158667
73600,1205862400,4.741644e+16,5.171375,5.157490
73700,1207500800,4.748086e+16,5.152227,5.150752
73800,1209139200,4.754529e+16,5.142517,5.152401
73900,1210777600,4.760971e+16,5.176391,5.152310
74000,1212416000,4.767414e+16,5.165967,5.147046
74100,1214054400,4.773856e+16,5.145743,5.141384
74200,1215692800,4.780299e+16,5.173007,5.147603
74300,1217331200,4.786741e+16,5.150133,5.142290
74400,1218969600,4.793184e+16,5.182375,5.140115
74500,1220608000,4.799626e+16,5.164369,5.138293
74600,1222246400,4.806068e+16,5.206381,5.136892
74700,1223884800,4.812511e+16,5.156103,5.131287
74800,1225523200,4.818953e+16,5.199568,5.134553
74900,1227161600,4.825396e+16,5.121833,5.137683
75000,1228800000,4.831838e+16,5.161731,5.133807
75100,1230438400,4.838281e+16,5.170865,5.138257
75200,1232076800,4.844723e+16,5.161197,5.131917
75300,1233715200,4.851166e+16,5.129280,5.129125
75400,1235353600,4.857608e+16,5.173597,5.128020
75500,1236992000,4.864050e+16,5.114688,5.128246
75600,1238630400,4.870493e+16,5.153135,5.126762
75700,1240268800,4.876935e+16,5.170853,5.126356
75800,1241907200,4.883378e+16,5.166384,5.122597
75900,1243545600,4.889820e+16,5.125464,5.125541
76000,1245184000,4.896263e+16,5.137459,5.121623
76100,1246822400,4.902705e+16,5.176132,5.119413
76200,1248460800,4.909148e+16,5.159304,5.120701
76300,1250099200,4.915590e+16,5.147315,5.118951
76400,1251737600,4.922033e+16,5.159875,5.117745
76500,1253376000,4.928475e+16,5.128059,5.113247
76600,1255014400,4.934917e+16,5.145083,5.115370
76700,1256652800,4.941360e+16,5.146882,5.113686
76800,1258291200,4.947802e+16,5.255305,5.123045
76900,1259929600,4.954245e+16,5.143794,5.115218
77000,1261568000,4.960687e+16,5.131495,5.117902
77100,1263206400,4.967130e+16,5.147254,5.118552
77200,1264844800,4.973572e+16,5.113007,5.112738
77300,1266483200,4.980015e+16,5.136800,5.111474
77400,1268121600,4.986457e+16,5.166377,5.115302
77500,1269760000,4.992899e+16,5.108733,5.108438
77600,1271398400,4.999342e+16,5.135189,5.112904
77700,1273036800,5.005784e+16,5.085951,5.106382
77800,1274675200,5.012227e+16,5.127246,5.111845
77900,1276313600,5.018669e+16,5.094832,5.105223
78000,1277952000,5.025112e+16,5.107930,5.098059
78100,1279590400,5.031554e+16,5.135660,5.103178
78200,1281228800,5.037997e+16,5.139615,5.100557
78300,1282867200,5.044439e+16,5.103967,5.098984
78400,1284505600,5.050882e+16,5.175077,5.103861
78500,1286144000,5.057324e+16,5.096350,5.100314
78600,1287782400,5.063766e+16,5.085962,5.098071
78700,1289420800,5.070209e+16,5.102079,5.096389
78800,1291059200,5.076651e+16,5.155391,5.097860
78900,1292697600,5.083094e+16,5.117924,5.093268
79000,1294336000,5.089536e+16,5.125164,5.089664
79100,1295974400,5.095979e+16,5.127606,5.092284
79200,1297612800,5.102421e+16,5.103334,5.088085
79300,1299251200,5.108864e+16,5.100556,5.091498
79400,1300889600,5.115306e+16,5.110347,5.087590
79500,1302528000,5.121749e+16,5.114606,5.084104
79600,1304166400,5.128191e+16,5.107561,5.086556
79700,1305804800,5.134633e+16,5.102581,5.086566
79800,1307443200,5.141076e+16,5.112437,5.090513
79900,1309081600,5.147518e+16,5.106146,5.080696
80000,1310720000,5.153961e+16,5.076964,5.085318
80100,1312358400,5.160403e+16,5.110205,5.079821
80200,1313996800,5.166846e+16,5.106051,5.089791
80300,1315635200,5.173288e+16,5.101056,5.082644
80400,1317273600,5.179731e+16,5.121426,5.081118
80500,1318912000,5.186173e+16,5.104299,5.075101
80600,1320550400,5.192615e+16,5.052923,5.077843
80700,1322188800,5.199058e+16,5.070894,5.079206
80800,1323827200,5.205500e+16,5.051940,5.079517
80900,1325465600,5.211943e+16,5.098373,5.074783
81000,1327104000,5.218385e+16,5.155153,5.075312
81100,1328742400,5.224828e+16,5.055401,5.068290
81200,1330380800,5.231270e+16,5.092103,5.067465
81300,1332019200,5.237713e+16,5.086227,5.073980
81400,1333657600,5.244155e+16,5.069992,5.066813
81500,1335296000,5.250598e+16,5.122432,5.070887
81600,1336934400,5.257040e+16,5.040017,5.070238
81700,1338572800,5.263482e+16,5.091310,5.064011
81800,1340211200,5.269925e+16,5.079309,5.059828
81900,1341849600,5.276367e+16,5.096082,5.062318
82000,1343488000,5.282810e+16,5.101861,5.061468
82100,1345126400,5.289252e+16,5.088100,5.056140
82200,1346764800,5.295695e+16,5.089017,5.060120
82300,1348403200,5.302137e+16,5.083902,5.057490
82400,1350041600,5.308580e+16,5.058994,5.060424
82500,1351680000,5.315022e+16,5.082910,5.050762
82600,1353318400,5.321464e+16,5.080337,5.053545
82700,1354956800,5.327907e+16,5.067996,5.054883
82800,1356595200,5.334349e+16,5.099451,5.054015
82900,1358233600,5.340792e+16,5.112176,5.053290
83000,1359872000,5.347234e+16,5.028819,5.052192
83100,1361510400,5.353677e+16,5.085802,5.047234
83200,1363148800,5.360119e+16,5.094762,5.047779
83300,1364787200,5.366562e+16,5.106658,5.047206
83400,1366425600,5.373004e+16,5.063600,5.046085
83500,1368064000,5.379447e+16,5.084099,5.049030
83600,1369702400,5.385889e+16,5.076370,5.047042
83700,1371340800,5.392331e+16,5.059768,5.048717
83800,1372979200,5.398774e+16,5.063061,5.040789
83900,1374617600,5.405216e+16,5.116105,5.039438
84000,1376256000,5.411659e+16,5.092523,5.041246
84100,1377894400,5.418101e+16,5.042388,5.038884
84200,1379532800,5.424544e+16,5.084186,5.040627
84300,1381171200,5.430986e+16,5.035210,5.036058
84400,1382809600,5.437429e+16,5.031204,5.035716
84500,1384448000,5.443871e+16,5.026266,5.036358
84600,1386086400,5.450313e+16,5.059711,5.035192
84700,1387724800,5.456756e+16,5.060666,5.034979
84800,1389363200,5.463198e+16,5.066718,5.039693
84900,1391001600,5.469641e+16,5.118485,5.038953
85000,1392640000,5.476083e+16,5.117360,5.034138
85100,1394278400,5.482526e+16,5.076782,5.030296
85200,1395916800,5.488968e+16,5.100807,5.033423
85300,1397555200,5.495411e+16,5.079979,5.034998
85400,1399193600,5.501853e+16,5.062427,5.027736
85500,1400832000,5.508296e+16,5.084640,5.030150
85600,1402470400,5.514738e+16,5.070484,5.030635
85700,1404108800,5.521180e+16,5.064696,5.029776
85800,1405747200,5.527623e+16,5.058273,5.024858
85900,1407385600,5.534065e+16,5.069843,5.024386
86000,1409024000,5.540508e+16,5.087844,5.025436
86100,1410662400,5.546950e+16,5.048857,5.024087
86200,1412300800,5.553393e+16,5.049632,5.026991
86300,1413939200,5.559835e+16,5.027133,5.018908
86400,1415577600,5.566278e+16,5.075747,5.023421
86500,1417216000,5.572720e+16,5.072021,5.019849
86600,1418854400,5.579163e+16,5.079535,5.021496
86700,1420492800,5.585605e+16,5.055030,5.022563
86800,1422131200,5.592047e+16,5.074331,5.017709
86900,1423769600,5.598490e+16,5.080200,5.021056
87000,1425408000,5.604932e+16,5.051771,5.011069
87100,1427046400,5.611375e+16,5.043406,5.021870
87200,1428684800,5.617817e+16,4.999886,5.015506
87300,1430323200,5.624260e+16,5.026296,5.011112
87400,1431961600,5.630702e+16,5.053591,5.015107
87500,1433600000,5.637145e+16,5.021285,5.011539
87600,1435238400,5.643587e+16,5.088635,5.009363
87700,1436876800,5.650029e+16,5.047850,5.005660
87800,1438515200,5.656472e+16,5.057477,5.002274
87900,1440153600,5.662914e+16,5.043810,5.004064
88000,1441792000,5.669357e+16,5.052489,5.001543
88100,1443430400,5.675799e+16,5.013643,5.002539
88200,1445068800,5.682242e+16,5.032032,5.005309
88300,1446707200,5.688684e+16,5.036892,5.003420
88400,1448345600,5.695127e+16,5.025981,5.005214
88500,1449984000,5.701569e+16,5.009112,4.999281
88600,1451622400,5.708012e+16,5.022222,5.001203
88700,1453260800,5.714454e+16,5.007060,5.001096
88800,1454899200,5.720896e+16,4.993899,4.998684
88900,1456537600,5.727339e+16,5.006642,5.003311
89000,1458176000,5.733781e+16,5.029315,4.995965
89100,1459814400,5.740224e+16,4.989482,5.000881
89200,1461452800,5.746666e+16,5.017218,4.996440
89300,1463091200,5.753109e+16,5.014461,4.998480
89400,1464729600,5.759551e+16,5.032052,4.997361
89500,1466368000,5.765994e+16,5.007413,4.997649
89600,1468006400,5.772436e+16,5.058431,4.993919
89700,1469644800,5.778878e+16,5.033580,4.994808
89800,1471283200,5.785321e+16,5.023731,4.999341
89900,1472921600,5.791763e+16,5.031384,4.992363
90000,1474560000,5.798206e+16,4.995639,4.992016
90100,1476198400,5.804648e+16,5.004208,4.995158
90200,1477836800,5.811091e+16,5.038724,4.989870
90300,1479475200,5.817533e+16,5.054120,4.986513
90400,1481113600,5.823976e+16,5.013707,4.989178
90500,1482752000,5.830418e+16,5.013355,4.988113
90600,1484390400,5.836861e+16,5.059671,4.992468
90700,1486028800,5.843303e+16,5.017842,4.983876
90800,1487667200,5.849745e+16,4.987752,4.985244
90900,1489305600,5.856188e+16,5.027781,4.981737
91000,1490944000,5.862630e+16,4.981936,4.982289
91100,1492582400,5.869073e+16,4.995557,4.981905
91200,1494220800,5.875515e+16,5.020477,4.978150
91300,1495859200,5.881958e+16,4.999409,4.977805
91400,1497497600,5.888400e+16,5.014014,4.977191
91500,1499136000,5.894843e+16,5.020772,4.977414
91600,1500774400,5.901285e+16,4.980185,4.975386
91700,1502412800,5.907728e+16,4.993724,4.971552
91800,1504051200,5.914170e+16,5.001047,4.974653
91900,1505689600,5.920612e+16,4.989921,4.970073
92000,1507328000,5.927055e+16,5.000838,4.967953
92100,1508966400,5.933497e+16,5.029922,4.969683
92200,1510604800,5.939940e+16,5.045959,4.969301
92300,1512243200,5.946382e+16,4.989895,4.965671
92400,1513881600,5.952825e+16,4.979905,4.965256
92500,1515520000,5.959267e+16,4.986498,4.963913
92600,1517158400,5.965710e+16,5.033833,4.968903
92700,1518796800,5.972152e+16,5.008506,4.968156
92800,1520435200,5.978594e+16,4.987958,4.964748
92900,1522073600,5.985037e+16,5.014768,4.964313
93000,1523712000,5.991479e+16,4.996349,4.970024
93100,1525350400,5.997922e+16,4.971005,4.962803
93200,1526988800,6.004364e+16,4.971473,4.967341
93300,1528627200,6.010807e+16,5.003734,4.961292
93400,1530265600,6.017249e+16,5.001095,4.959365
93500,1531904000,6.023692e+16,4.981568,4.961752
93600,1533542400,6.030134e+16,4.986822,4.957803
93700,1535180800,6.036577e+16,4.981134,4.957756
93800,1536819200,6.043019e+16,4.996798,4.960347
93900,1538457600,6.049461e+16,4.976638,4.964600
94000,1540096000,6.055904e+16,4.989914,4.960603
94100,1541734400,6.062346e+16,4.973132,4.962356
94200,1543372800,6.068789e+16,4.975855,4.957396
94300,1545011200,6.075231e+16,4.980206,4.957294
94400,1546649600,6.081674e+16,4.945994,4.956889
94500,1548288000,6.088116e+16,4.960698,4.956880
94600,1549926400,6.094559e+16,4.960364,4.952963
94700,1551564800,6.101001e+16,4.959982,4.953904
94800,1553203200,6.107443e+16,4.980601,4.951806
94900,1554841600,6.113886e+16,4.981971,4.952557
95000,1556480000,6.120328e+16,4.952494,4.953603
95100,1558118400,6.126771e+16,4.965412,4.948928
95200,1559756800,6.133213e+16,4.957632,4.949067
95300,1561395200,6.139656e+16,4.971020,4.944700
95400,1563033600,6.146098e+16,4.968493,4.947110
95500,1564672000,6.152541e+16,4.973913,4.940767
95600,1566310400,6.158983e+16,4.992227,4.947586
95700,1567948800,6.165426e+16,4.998386,4.942507
95800,1569587200,6.171868e+16,4.950395,4.939614
95900,1571225600,6.178310e+16,4.993639,4.941960
96000,1572864000,6.184753e+16,4.952084,4.938719
96100,1574502400,6.191195e+16,4.990687,4.944070
96200,1576140800,6.197638e+16,5.008911,4.943704
96300,1577779200,6.204080e+16,4.930993,4.944708
96400,1579417600,6.210523e+16,4.939086,4.941543
96500,1581056000,6.216965e+16,5.005140,4.936687
96600,1582694400,6.223408e+16,4.978250,4.939134
96700,1584332800,6.229850e+16,4.995520,4.937335
96800,1585971200,6.236293e+16,4.968325,4.934106
96900,1587609600,6.242735e+16,4.973793,4.936531
97000,1589248000,6.249177e+16,4.969556,4.933820
97100,1590886400,6.255620e+16,4.950757,4.934768
97200,1592524800,6.262062e+16,4.973230,4.931688
97300,1594163200,6.268505e+16,4.979174,4.931474
97400,1595801600,6.274947e+16,4.943316,4.923314
97500,1597440000,6.281390e+16,5.001172,4.928495
97600,1599078400,6.287832e+16,4.970254,4.926954
97700,1600716800,6.294275e+16,4.942167,4.929166
97800,1602355200,6.300717e+16,4.986259,4.926758
97900,1603993600,6.307159e+16,4.969107,4.924826
98000,1605632000,6.313602e+16,4.984386,4.926142
98100,1607270400,6.320044e+16,4.966005,4.923139
98200,1608908800,6.326487e+16,4.956953,4.926304
98300,1610547200,6.332929e+16,4.955134,4.929360
98400,1612185600,6.339372e+16,4.942783,4.918618
98500,1613824000,6.345814e+16,4.944414,4.918417
98600,1615462400,6.352257e+16,4.944814,4.919109
98700,1617100800,6.358699e+16,5.001630,4.920458
98800,1618739200,6.365142e+16,5.016207,4.922546
98900,1620377600,6.371584e+16,4.962204,4.917365
99000,1622016000,6.378026e+16,4.938014,4.917950
99100,1623654400,6.384469e+16,4.946652,4.911605
99200,1625292800,6.390911e+16,4.935750,4.910269
99300,1626931200,6.397354e+16,4.968633,4.913756
99400,1628569600,6.403796e+16,4.951291,4.912139
99500,1630208000,6.410239e+16,4.917907,4.911629
99600,1631846400,6.416681e+16,4.948902,4.911097
99700,1633484800,6.423124e+16,4.979638,4.909281
99800,1635123200,6.429566e+16,4.944538,4.907406
99900,1636761600,6.436008e+16,4.953514,4.913625
100000,1638400000,6.442451e+16,5.009071,4.915634
100100,1640038400,6.448893e+16,4.927863,4.909391
100200,1641676800,6.455336e+16,5.081657,4.913650
100300,1643315200,6.461778e+16,4.990327,4.907113
100400,1644953600,6.468221e+16,4.978851,4.910404
100500,1646592000,6.474663e+16,4.904247,4.905009
100600,1648230400,6.481106e+16,4.907977,4.903146
100700,1649868800,6.487548e+16,4.922796,4.903323
100800,1651507200,6.493991e+16,4.931343,4.902658
100900,1653145600,6.500433e+16,4.959843,4.900494
101000,1654784000,6.506875e+16,4.986058,4.902476
101100,1656422400,6.513318e+16,4.954005,4.903418
101200,1658060800,6.519760e+16,4.898544,4.902610
101300,1659699200,6.526203e+16,4.959591,4.903554
101400,1661337600,6.532645e+16,4.893122,4.901040
101500,1662976000,6.539088e+16,4.957927,4.901950
101600,1664614400,6.545530e+16,4.953493,4.895510
101700,1666252800,6.551973e+16,4.940900,4.900500
101800,1667891200,6.558415e+16,4.892803,4.899512
101900,1669529600,6.564858e+16,4.908603,4.896625
102000,1671168000,6.571300e+16,4.950786,4.891494
102100,1672806400,6.577742e+16,4.893913,4.894792
102200,1674444800,6.584185e+16,4.929249,4.893975
102300,1676083200,6.590627e+16,4.950176,4.892866
102400,1677721600,6.597070e+16,4.976777,4.891500
102500,1679360000,6.603512e+16,4.888732,4.889163
102600,1680998400,6.609955e+16,4.907178,4.887377
102700,1682636800,6.616397e+16,4.925733,4.886132
102800,1684275200,6.622840e+16,4.917624,4.888169
102900,1685913600,6.629282e+16,4.922546,4.882811
103000,1687552000,6.635724e+16,4.925909,4.883604
103100,1689190400,6.642167e+16,4.905652,4.889089
103200,1690828800,6.648609e+16,4.909048,4.884511
103300,1692467200,6.655052e+16,4.867907,4.880369
103400,1694105600,6.661494e+16,4.889350,4.878684
103500,1695744000,6.667937e+16,4.884189,4.880621
103600,1697382400,6.674379e+16,4.917502,4.882056
103700,1699020800,6.680822e+16,4.882295,4.884290
103800,1700659200,6.687264e+16,4.894904,4.884838
103900,1702297600,6.693707e+16,4.932201,4.879674
104000,1703936000,6.700149e+16,4.898952,4.878476
104100,1705574400,6.706591e+16,4.904170,4.875404
104200,1707212800,6.713034e+16,4.932129,4.874155
104300,1708851200,6.719476e+16,4.912824,4.869483
104400,1710489600,6.725919e+16,4.881946,4.874152
104500,1712128000,6.732361e+16,4.882479,4.871067
104600,1713766400,6.738804e+16,4.906541,4.869275
104700,1715404800,6.745246e+16,4.917307,4.871924
104800,1717043200,6.751689e+16,4.962883,4.871870
104900,1718681600,6.758131e+16,4.908604,4.870060
105000,1720320000,6.764573e+16,4.917171,4.872563
105100,1721958400,6.771016e+16,4.889096,4.867945
105200,1723596800,6.777458e+16,4.940620,4.873322
105300,1725235200,6.783901e+16,4.899231,4.867460
105400,1726873600,6.790343e+16,4.907319,4.866590
105500,1728512000,6.796786e+16,4.888150,4.862531
105600,1730150400,6.803228e+16,4.910128,4.866430
105700,1731788800,6.809671e+16,4.868292,4.864832
105800,1733427200,6.816113e+16,4.870715,4.862711
105900,1735065600,6.822556e+16,4.855427,4.859769
106000,1736704000,6.828998e+16,4.894404,4.858261
106100,1738342400,6.835440e+16,4.909118,4.858808
106200,1739980800,6.841883e+16,4.900954,4.855719
106300,1741619200,6.848325e+16,4.865530,4.855777
106400,1743257600,6.854768e+16,4.895156,4.853976
106500,1744896000,6.861210e+16,4.892854,4.853342
106600,1746534400,6.867653e+16,4.904320,4.854523
106700,1748172800,6.874095e+16,4.891939,4.851611
106800,1749811200,6.880538e+16,4.911196,4.853727
106900,1751449600,6.886980e+16,4.908286,4.856328
107000,1753088000,6.893423e+16,4.932443,4.847205
107100,1754726400,6.899865e+16,4.900169,4.846810
107200,1756364800,6.906307e+16,4.825484,4.853569
107300,1758003200,6.912750e+16,4.881150,4.848882
107400,1759641600,6.919192e+16,4.867847,4.847056
107500,1761280000,6.925635e+16,4.881120,4.848372
107600,1762918400,6.932077e+16,4.881097,4.845662
107700,1764556800,6.938520e+16,4.912474,4.850048
107800,1766195200,6.944962e+16,4.846124,4.844339
107900,1767833600,6.951405e+16,4.866157,4.843974
108000,1769472000,6.957847e+16,4.878428,4.844110
108100,1771110400,6.964289e+16,4.859426,4.847013
108200,1772748800,6.970732e+16,4.844661,4.841430
108300,1774387200,6.977174e+16,4.903152,4.839606
108400,1776025600,6.983617e+16,4.873070,4.839492
108500,1777664000,6.990059e+16,4.846546,4.838966
108600,1779302400,6.996502e+16,4.869968,4.835708
108700,1780940800,7.002944e+16,4.854359,4.836146
108800,1782579200,7.009387e+16,4.908716,4.836907
108900,1784217600,7.015829e+16,4.881610,4.835399
109000,1785856000,7.022272e+16,4.894440,4.838578
109100,1787494400,7.028714e+16,4.916859,4.838821
109200,1789132800,7.035156e+16,4.907862,4.839067
109300,1790771200,7.041599e+16,4.838749,4.837661
109400,1792409600,7.048041e+16,4.882463,4.836659
109500,1794048000,7.054484e+16,4.862221,4.835976
109600,1795686400,7.060926e+16,4.857969,4.837298
109700,1797324800,7.067369e+16,4.864955,4.829651
109800,1798963200,7.073811e+16,4.875636,4.832152
109900,1800601600,7.080254e+16,4.827630,4.830034
110000,1802240000,7.086696e+16,4.928884,4.830028
110100,1803878400,7.093138e+16,4.878327,4.832023
110200,1805516800,7.099581e+16,4.873580,4.829094
110300,1807155200,7.106023e+16,4.838916,4.829744
110400,1808793600,7.112466e+16,4.808690,4.832204
110500,1810432000,7.118908e+16,4.841986,4.832230
110600,1812070400,7.125351e+16,4.866044,4.830335
110700,1813708800,7.131793e+16,4.869483,4.826504
110800,1815347200,7.138236e+16,4.848781,4.830806
110900,1816985600,7.144678e+16,4.876257,4.831486
111000,1818624000,7.151121e+16,4.852741,4.826078
111100,1820262400,7.157563e+16,4.856830,4.828882
111200,1821900800,7.164005e+16,4.876716,4.825770
111300,1823539200,7.170448e+16,4.860154,4.829319
111400,1825177600,7.176890e+16,4.882161,4.830291
111500,1826816000,7.183333e+16,4.836719,4.830015
111600,1828454400,7.189775e+16,4.850645,4.823960
111700,1830092800,7.196218e+16,4.827989,4.824348
111800,1831731200,7.202660e+16,4.822551,4.826252
111900,1833369600,7.209103e+16,4.853191,4.823226
112000,1835008000,7.215545e+16,4.843571,4.823077
112100,1836646400,7.221988e+16,4.859652,4.819582
112200,1838284800,7.228430e+16,4.865779,4.824142
112300,1839923200,7.234872e+16,4.884452,4.824503
112400,1841561600,7.241315e+16,4.839755,4.824205
112500,1843200000,7.247757e+16,4.925593,4.825897
112600,1844838400,7.254200e+16,4.898642,4.825384
112700,1846476800,7.260642e+16,4.853725,4.818262
112800,1848115200,7.267085e+16,4.875309,4.819573
112900,1849753600,7.273527e+16,4.864756,4.814319
113000,1851392000,7.279970e+16,4.839802,4.818050
113100,1853030400,7.286412e+16,4.868488,4.815788
113200,1854668800,7.292854e+16,4.840169,4.814558
113300,1856307200,7.299297e+16,4.843346,4.812081
113400,1857945600,7.305739e+16,4.842330,4.811430
113500,1859584000,7.312182e+16,4.853815,4.813591
113600,1861222400,7.318624e+16,4.865175,4.808925
113700,1862860800,7.325067e+16,4.855763,4.813300
113800,1864499200,7.331509e+16,4.862146,4.813294
113900,1866137600,7.337952e+16,4.868824,4.811626
114000,1867776000,7.344394e+16,4.894190,4.809075
114100,1869414400,7.350837e+16,4.900801,4.810200
114200,1871052800,7.357279e+16,4.843526,4.811172
114300,1872691200,7.363721e+16,4.842303,4.806038
114400,1874329600,7.370164e+16,4.845826,4.807606
114500,1875968000,7.376606e+16,4.840208,4.810546
114600,1877606400,7.383049e+16,4.900542,4.810427
114700,1879244800,7.389491e+16,4.867577,4.813394
114800,1880883200,7.395934e+16,4.826741,4.808812
114900,1882521600,7.402376e+16,4.860041,4.804677
115000,1884160000,7.408819e+16,4.888477,4.807297
115100,1885798400,7.415261e+16,4.897336,4.804368
115200,1887436800,7.421703e+16,4.871347,4.806437
115300,1889075200,7.428146e+16,4.857311,4.806329
115400,1890713600,7.434588e+16,4.814283,4.807077
115500,1892352000,7.441031e+16,4.800643,4.802656
115600,1893990400,7.447473e+16,4.852993,4.803607
115700,1895628800,7.453916e+16,4.858857,4.803098
115800,1897267200,7.460358e+16,4.865540,4.803194
115900,1898905600,7.466801e+16,4.818574,4.801370
116000,1900544000,7.473243e+16,4.883436,4.803797
116100,1902182400,7.479686e+16,4.875949,4.800969
116200,1903820800,7.486128e+16,4.850315,4.804528
116300,1905459200,7.492570e+16,4.880945,4.803589
116400,1907097600,7.499013e+16,4.841656,4.798787
116500,1908736000,7.505455e+16,4.823415,4.797992
116600,1910374400,7.511898e+16,4.824386,4.800246
116700,1912012800,7.518340e+16,4.923718,4.801613
116800,1913651200,7.524783e+16,4.861627,4.792937
116900,1915289600,7.531225e+16,4.826814,4.792111
117000,1916928000,7.537668e+16,4.792350,4.792090
117100,1918566400,7.544110e+16,4.838840,4.792814
117200,1920204800,7.550553e+16,4.810243,4.791977
117300,1921843200,7.556995e+16,4.821992,4.794169
117400,1923481600,7.563437e+16,4.855253,4.789927
117500,1925120000,7.569880e+16,4.875292,4.788153
117600,1926758400,7.576322e+16,4.845592,4.785250
117700,1928396800,7.582765e+16,4.830622,4.785737
117800,1930035200,7.589207e+16,4.808936,4.787816
117900,1931673600,7.595650e+16,4.777324,4.785501
118000,1933312000,7.602092e+16,4.854005,4.787870
118100,1934950400,7.608535e+16,4.804937,4.792145
118200,1936588800,7.614977e+16,4.893227,4.788583
118300,1938227200,7.621419e+16,4.844056,4.787552
118400,1939865600,7.627862e+16,4.867660,4.786522
118500,1941504000,7.634304e+16,4.828964,4.784557
118600,1943142400,7.640747e+16,4.797759,4.783685
118700,1944780800,7.647189e+16,4.821449,4.786406
118800,1946419200,7.653632e+16,4.807791,4.788271
118900,1948057600,7.660074e+16,4.821481,4.786330
119000,1949696000,7.666517e+16,4.832726,4.781956
119100,1951334400,7.672959e+16,4.827179,4.779741
119200,1952972800,7.679402e+16,4.819951,4.781578
119300,1954611200,7.685844e+16,4.810821,4.780748
119400,1956249600,7.692286e+16,4.831467,4.779384
119500,1957888000,7.698729e+16,4.825938,4.777837
119600,1959526400,7.705171e+16,4.788620,4.778778
119700,1961164800,7.711614e+16,4.871473,4.778064
119800,1962803200,7.718056e+16,4.807102,4.777633
119900,1964441600,7.724499e+16,4.838731,4.777462
120000,1966080000,7.730941e+16,4.786513,4.777553
120100,1967718400,7.737384e+16,4.834340,4.778583
120200,1969356800,7.743826e+16,4.852717,4.776219
120300,1970995200,7.750268e+16,4.798523,4.774580
120400,1972633600,7.756711e+16,4.850790,4.775117
120500,1974272000,7.763153e+16,4.815735,4.778670
120600,1975910400,7.769596e+16,4.777713,4.773346
120700,1977548800,7.776038e+16,4.808637,4.770949
120800,1979187200,7.782481e+16,4.816785,4.768595
120900,1980825600,7.788923e+16,4.792634,4.766597
121000,1982464000,7.795366e+16,4.808701,4.770438
121100,1984102400,7.801808e+16,4.818296,4.769685
121200,1985740800,7.808251e+16,4.806230,4.768634
121300,1987379200,7.814693e+16,4.834807,4.769845
121400,1989017600,7.821135e+16,4.837569,4.771839
121500,1990656000,7.827578e+16,4.805390,4.766260
121600,1992294400,7.834020e+16,4.837088,4.769554
121700,1993932800,7.840463e+16,4.819829,4.767547
121800,1995571200,7.846905e+16,4.810938,4.767645
121900,1997209600,7.853348e+16,4.769378,4.764183
122000,1998848000,7.859790e+16,4.804779,4.763131
122100,2000486400,7.866233e+16,4.863887,4.766181
122200,2002124800,7.872675e+16,4.805264,4.761168
122300,2003763200,7.879118e+16,4.792803,4.759331
122400,2005401600,7.885560e+16,4.785626,4.758618
122500,2007040000,7.892002e+16,4.813671,4.770364
122600,2008678400,7.898445e+16,4.883953,4.761681
122700,2010316800,7.904887e+16,4.851571,4.761904
122800,2011955200,7.911330e+16,4.797001,4.761749
122900,2013593600,7.917772e+16,4.798668,4.761535
123000,2015232000,7.924215e+16,4.788133,4.760076
123100,2016870400,7.930657e+16,4.798624,4.757726
123200,2018508800,7.937100e+16,4.785576,4.762136
123300,2020147200,7.943542e+16,4.813366,4.761494
123400,2021785600,7.949984e+16,4.822542,4.758656
123500,2023424000,7.956427e+16,4.843952,4.761909
123600,2025062400,7.962869e+16,4.832253,4.759243
123700,2026700800,7.969312e+16,4.838448,4.758768
123800,2028339200,7.975754e+16,4.799502,4.759155
123900,2029977600,7.982197e+16,4.882957,4.756496
124000,2031616000,7.988639e+16,4.800256,4.750347
124100,2033254400,7.995082e+16,4.802491,4.752337
124200,2034892800,8.001524e+16,4.782961,4.752132
124300,2036531200,8.007967e+16,4.755921,4.752503
124400,2038169600,8.014409e+16,4.779489,4.754305
124500,2039808000,8.020851e+16,4.801376,4.751544
124600,2041446400,8.027294e+16,4.807012,4.747194
124700,2043084800,8.033736e+16,4.816446,4.748620
124800,2044723200,8.040179e+16,4.817198,4.745321
124900,2046361600,8.046621e+16,4.787748,4.747807
125000,2048000000,8.053064e+16,4.795524,4.749669
125100,2049638400,8.059506e+16,4.808839,4.754944
125200,2051276800,8.065949e+16,4.841608,4.748519
125300,2052915200,8.072391e+16,4.846936,4.749108
125400,2054553600,8.078833e+16,4.828100,4.742834
125500,2056192000,8.085276e+16,4.772265,4.745620
125600,2057830400,8.091718e+16,4.794003,4.745302
125700,2059468800,8.098161e+16,4.753882,4.744464
125800,2061107200,8.104603e+16,4.840202,4.742302
125900,2062745600,8.111046e+16,4.802147,4.741345
126000,2064384000,8.117488e+16,4.805383,4.743933
126100,2066022400,8.123931e+16,4.794843,4.742959
126200,2067660800,8.130373e+16,4.794122,4.744842
126300,2069299200,8.136816e+16,4.786648,4.748308
126400,2070937600,8.143258e+16,4.854738,4.746600
126500,2072576000,8.149700e+16,4.779397,4.743133
126600,2074214400,8.156143e+16,4.768947,4.740943
126700,2075852800,8.162585e+16,4.759034,4.741646
126800,2077491200,8.169028e+16,4.753516,4.738747
126900,2079129600,8.175470e+16,4.771217,4.738287
127000,2080768000,8.181913e+16,4.786390,4.738551
127100,2082406400,8.188355e+16,4.752207,4.740625
127200,2084044800,8.194798e+16,4.798241,4.735057
127300,2085683200,8.201240e+16,4.768582,4.739690
127400,2087321600,8.207683e+16,4.808254,4.736118
127500,2088960000,8.214125e+16,4.793661,4.744755
127600,2090598400,8.220567e+16,4.756326,4.740161
127700,2092236800,8.227010e+16,4.749779,4.737953
127800,2093875200,8.233452e+16,4.792117,4.734839
127900,2095513600,8.239895e+16,4.780217,4.737124
128000,2097152000,8.246337e+16,4.796235,4.735593
128100,2098790400,8.252780e+16,4.769812,4.737101
128200,2100428800,8.259222e+16,4.798128,4.734693
128300,2102067200,8.265665e+16,4.831245,4.733987
128400,2103705600,8.272107e+16,4.771064,4.730459
128500,2105344000,8.278549e+16,4.768939,4.733882
128600,2106982400,8.284992e+16,4.749564,4.732843
128700,2108620800,8.291434e+16,4.731961,4.731226
128800,2110259200,8.297877e+16,4.776703,4.730542
128900,2111897600,8.304319e+16,4.782732,4.735370
129000,2113536000,8.310762e+16,4.747955,4.727732
129100,2115174400,8.317204e+16,4.748092,4.731195
129200,2116812800,8.323647e+16,4.786247,4.727176
129300,2118451200,8.330089e+16,4.773250,4.729671
129400,2120089600,8.336532e+16,4.798861,4.728029
129500,2121728000,8.342974e+16,4.775872,4.730013
129600,2123366400,8.349416e+16,4.768445,4.727313
129700,2125004800,8.355859e+16,4.763940,4.729970
129800,2126643200,8.362301e+16,4.801929,4.727554
129900,2128281600,8.368744e+16,4.761353,4.727085
130000,2129920000,8.375186e+16,4.812154,4.727253
130100,2131558400,8.381629e+16,4.783641,4.723817
130200,2133196800,8.388071e+16,4.778233,4.726819
130300,2134835200,8.394514e+16,4.760990,4.724905
130400,2136473600,8.400956e+16,4.767305,4.723852
130500,2138112000,8.407398e+16,4.775469,4.722379
130600,2139750400,8.413841e+16,4.785472,4.721984
130700,2141388800,8.420283e+16,4.742993,4.719250
130800,2143027200,8.426726e+16,4.750899,4.717877
130900,2144665600,8.433168e+16,4.797828,4.718816
131000,2146304000,8.439611e+16,4.772429,4.723688
131100,2147942400,8.446053e+16,4.753914,4.719537
131200,2149580800,8.452496e+16,4.797723,4.719336
131300,2151219200,8.458938e+16,4.745898,4.716816
131400,2152857600,8.465381e+16,4.768033,4.713222
131500,2154496000,8.471823e+16,4.759957,4.713495
131600,2156134400,8.478265e+16,4.772681,4.715333
131700,2157772800,8.484708e+16,4.781875,4.719605
131800,2159411200,8.491150e+16,4.834197,4.718579
131900,2161049600,8.497593e+16,4.839788,4.719709
132000,2162688000,8.504035e+16,4.769798,4.717849
132100,2164326400,8.510478e+16,4.705821,4.716164
132200,2165964800,8.516920e+16,4.838236,4.713524
132300,2167603200,8.523363e+16,4.762065,4.714623
132400,2169241600,8.529805e+16,4.771725,4.712689
132500,2170880000,8.536248e+16,4.730457,4.711848
132600,2172518400,8.542690e+16,4.752451,4.708957
132700,2174156800,8.549132e+16,4.739797,4.713918
132800,2175795200,8.555575e+16,4.774642,4.712300
132900,2177433600,8.562017e+16,4.802079,4.711826
133000,2179072000,8.568460e+16,4.752638,4.708059
133100,2180710400,8.574902e+16,4.717003,4.708178
133200,2182348800,8.581345e+16,4.751307,4.710626
133300,2183987200,8.587787e+16,4.719548,4.711972
133400,2185625600,8.594230e+16,4.780924,4.705830
133500,2187264000,8.600672e+16,4.734141,4.706351
133600,2188902400,8.607114e+16,4.702514,4.702975
133700,2190540800,8.613557e+16,4.705533,4.708663
133800,2192179200,8.619999e+16,4.724821,4.703588
133900,2193817600,8.626442e+16,4.779288,4.701718
134000,2195456000,8.632884e+16,4.781640,4.701367
134100,2197094400,8.639327e+16,4.724964,4.702540
134200,2198732800,8.645769e+16,4.752054,4.702816
134300,2200371200,8.652212e+16,4.753141,4.705871
134400,2202009600,8.658654e+16,4.725606,4.697277
134500,2203648000,8.665097e+16,4.702165,4.696506
134600,2205286400,8.671539e+16,4.726171,4.696172
134700,2206924800,8.677981e+16,4.740494,4.698562
134800,2208563200,8.684424e+16,4.743107,4.696919
134900,2210201600,8.690866e+16,4.710045,4.698816
135000,2211840000,8.697309e+16,4.703215,4.699093
135100,2213478400,8.703751e+16,4.758311,4.699040
135200,2215116800,8.710194e+16,4.746839,4.699269
135300,2216755200,8.716636e+16,4.754970,4.698122
135400,2218393600,8.723079e+16,4.734151,4.695855
135500,2220032000,8.729521e+16,4.743314,4.696438
135600,2221670400,8.735963e+16,4.720711,4.701404
135700,2223308800,8.742406e+16,4.726629,4.696366
135800,2224947200,8.748848e+16,4.760386,4.696922
135900,2226585600,8.755291e+16,4.756368,4.696457
136000,2228224000,8.761733e+16,4.778275,4.699017
136100,2229862400,8.768176e+16,4.773071,4.695799
136200,2231500800,8.774618e+16,4.712049,4.696878
136300,2233139200,8.781061e+16,4.659429,4.697305
136400,2234777600,8.787503e+16,4.724210,4.694223
136500,2236416000,8.793946e+16,4.732480,4.694730
136600,2238054400,8.800388e+16,4.775268,4.695299
136700,2239692800,8.806830e+16,4.723178,4.693751
136800,2241331200,8.813273e+16,4.776048,4.696664
136900,2242969600,8.819715e+16,4.727444,4.693869
137000,2244608000,8.826158e+16,4.760228,4.691581
137100,2246246400,8.832600e+16,4.744825,4.689823
137200,2247884800,8.839043e+16,4.765829,4.691780
137300,2249523200,8.845485e+16,4.684944,4.691436
137400,2251161600,8.851928e+16,4.729074,4.690560
137500,2252800000,8.858370e+16,4.771598,4.690169
137600,2254438400,8.864812e+16,4.721685,4.685756
137700,2256076800,8.871255e+16,4.749141,4.683923
137800,2257715200,8.877697e+16,4.705936,4.683326
137900,2259353600,8.884140e+16,4.712488,4.689048
138000,2260992000,8.890582e+16,4.708678,4.686184
138100,2262630400,8.897025e+16,4.743913,4.681973
138200,2264268800,8.903467e+16,4.747344,4.683876
138300,2265907200,8.909910e+16,4.722593,4.687200
138400,2267545600,8.916352e+16,4.748910,4.677924
138500,2269184000,8.922795e+16,4.754861,4.683440
138600,2270822400,8.929237e+16,4.693647,4.679423
138700,2272460800,8.935679e+16,4.709396,4.679094
138800,2274099200,8.942122e+16,4.729495,4.679322
138900,2275737600,8.948564e+16,4.704273,4.680451
139000,2277376000,8.955007e+16,4.700303,4.682643
139100,2279014400,8.961449e+16,4.760413,4.682064
139200,2280652800,8.967892e+16,4.748690,4.681369
139300,2282291200,8.974334e+16,4.719809,4.681697
139400,2283929600,8.980777e+16,4.735564,4.677262
139500,2285568000,8.987219e+16,4.698903,4.676727
139600,2287206400,8.993662e+16,4.726334,4.679935
139700,2288844800,9.000104e+16,4.725573,4.675570
139800,2290483200,9.006546e+16,4.737256,4.676224
139900,2292121600,9.012989e+16,4.700912,4.674316
140000,2293760000,9.019431e+16,4.729112,4.671785
140100,2295398400,9.025874e+16,4.687440,4.673945
140200,2297036800,9.032316e+16,4.720772,4.678568
140300,2298675200,9.038759e+16,4.737826,4.675808
140400,2300313600,9.045201e+16,4.713508,4.676409
140500,2301952000,9.051644e+16,4.699100,4.674943
140600,2303590400,9.058086e+16,4.713096,4.676083
140700,2305228800,9.064528e+16,4.697925,4.677781
140800,2306867200,9.070971e+16,4.693092,4.678207
140900,2308505600,9.077413e+16,4.736227,4.675335
141000,2310144000,9.083856e+16,4.730845,4.671589
141100,2311782400,9.090298e+16,4.681399,4.666463
141200,2313420800,9.096741e+16,4.735376,4.667358
141300,2315059200,9.103183e+16,4.754591,4.671944
141400,2316697600,9.109626e+16,4.740848,4.670062
141500,2318336000,9.116068e+16,4.728206,4.673126
141600,2319974400,9.122511e+16,4.676476,4.668413
141700,2321612800,9.128953e+16,4.745982,4.669872
141800,2323251200,9.135395e+16,4.761517,4.671886
141900,2324889600,9.141838e+16,4.716245,4.671115
142000,2326528000,9.148280e+16,4.782031,4.674397
142100,2328166400,9.154723e+16,4.782553,4.671865
142200,2329804800,9.161165e+16,4.711896,4.669441
142300,2331443200,9.167608e+16,4.729194,4.668086
142400,2333081600,9.174050e+16,4.670131,4.666670
142500,2334720000,9.180493e+16,4.725139,4.667213
142600,2336358400,9.186935e+16,4.734739,4.664129
142700,2337996800,9.193377e+16,4.714468,4.664636
142800,2339635200,9.199820e+16,4.718369,4.663283
142900,2341273600,9.206262e+16,4.730974,4.664666
143000,2342912000,9.212705e+16,4.664951,4.661909
143100,2344550400,9.219147e+16,4.714397,4.663816
143200,2346188800,9.225590e+16,4.703353,4.664154
143300,2347827200,9.232032e+16,4.751158,4.665822
143400,2349465600,9.238475e+16,4.729710,4.663833
143500,2351104000,9.244917e+16,4.685061,4.658099
143600,2352742400,9.251360e+16,4.729918,4.660488
143700,2354380800,9.257802e+16,4.753265,4.660072
143800,2356019200,9.264244e+16,4.719085,4.662595
143900,2357657600,9.270687e+16,4.694917,4.658795
144000,2359296000,9.277129e+16,4.645016,4.659301
144100,2360934400,9.283572e+16,4.723413,4.661544
144200,2362572800,9.290014e+16,4.699887,4.657192
144300,2364211200,9.296457e+16,4.694381,4.656862
144400,2365849600,9.302899e+16,4.690086,4.657905
144500,2367488000,9.309342e+16,4.675337,4.657612
144600,2369126400,9.315784e+16,4.716075,4.656323
144700,2370764800,9.322227e+16,4.797970,4.657029
144800,2372403200,9.328669e+16,4.720646,4.651512
144900,2374041600,9.335111e+16,4.722711,4.652241
145000,2375680000,9.341554e+16,4.685676,4.651182
145100,2377318400,9.347996e+16,4.760135,4.654129
145200,2378956800,9.354439e+16,4.737449,4.653044
145300,2380595200,9.360881e+16,4.706642,4.651451
145400,2382233600,9.367324e+16,4.721713,4.650392
145500,2383872000,9.373766e+16,4.743540,4.647838
145600,2385510400,9.380209e+16,4.743599,4.647463
145700,2387148800,9.386651e+16,4.680487,4.650329
145800,2388787200,9.393093e+16,4.692605,4.649925
145900,2390425600,9.399536e+16,4.751442,4.650267
146000,2392064000,9.405978e+16,4.708350,4.649643
146100,2393702400,9.412421e+16,4.673923,4.651924
146200,2395340800,9.418863e+16,4.749226,4.647811
146300,2396979200,9.425306e+16,4.671113,4.648723
146400,2398617600,9.431748e+16,4.719700,4.649170
146500,2400256000,9.438191e+16,4.737906,4.645342
146600,2401894400,9.444633e+16,4.660070,4.649472
146700,2403532800,9.451076e+16,4.686000,4.646251
146800,2405171200,9.457518e+16,4.715459,4.648357
146900,2406809600,9.463960e+16,4.683381,4.650995
147000,2408448000,9.470403e+16,4.709366,4.648175
147100,2410086400,9.476845e+16,4.708729,4.648305
147200,2411724800,9.483288e+16,4.691433,4.647055
147300,2413363200,9.489730e+16,4.717560,4.647548
147400,2415001600,9.496173e+16,4.686419,4.644960
147500,2416640000,9.502615e+16,4.674265,4.647146
147600,2418278400,9.509058e+16,4.725963,4.645492
147700,2419916800,9.515500e+16,4.723732,4.643414
147800,2421555200,9.521942e+16,4.690405,4.644836
147900,2423193600,9.528385e+16,4.672101,4.645374
148000,2424832000,9.534827e+16,4.716199,4.643355
148100,2426470400,9.541270e+16,4.745288,4.641211
148200,2428108800,9.547712e+16,4.711692,4.641497
148300,2429747200,9.554155e+16,4.685039,4.642385
148400,2431385600,9.560597e+16,4.693914,4.640446
148500,2433024000,9.567040e+16,4.687548,4.641484
148600,2434662400,9.573482e+16,4.708504,4.641545
148700,2436300800,9.579925e+16,4.697449,4.642111
148800,2437939200,9.586367e+16,4.675186,4.639197
148900,2439577600,9.592809e+16,4.740722,4.639271
149000,2441216000,9.599252e+16,4.682494,4.637958
149100,2442854400,9.605694e+16,4.689580,4.634857
149200,2444492800,9.612137e+16,4.655781,4.636244
149300,2446131200,9.618579e+16,4.717112,4.636411
149400,2447769600,9.625022e+16,4.679554,4.635064
149500,2449408000,9.631464e+16,4.644574,4.633444
149600,2451046400,9.637907e+16,4.748151,4.635782
149700,2452684800,9.644349e+16,4.703691,4.634629
149800,2454323200,9.650792e+16,4.673293,4.634042
149900,2455961600,9.657234e+16,4.713329,4.632215
150000,2457600000,9.663676e+16,4.676573,4.633246
150100,2459238400,9.670119e+16,4.664498,4.633190
150200,2460876800,9.676561e+16,4.670635,4.630589
150300,2462515200,9.683004e+16,4.677236,4.629251
150400,2464153600,9.689446e+16,4.670379,4.627859
150500,2465792000,9.695889e+16,4.777303,4.630228
150600,2467430400,9.702331e+16,4.697123,4.628862
150700,2469068800,9.708774e+16,4.684731,4.631270
150800,2470707200,9.715216e+16,4.660369,4.630134
150900,2472345600,9.721658e+16,4.693129,4.626574
151000,2473984000,9.728101e+16,4.670617,4.626591
151100,2475622400,9.734543e+16,4.679065,4.627905
151200,2477260800,9.740986e+16,4.667662,4.628617
151300,2478899200,9.747428e+16,4.677694,4.629559
151400,2480537600,9.753871e+16,4.714242,4.626041
151500,2482176000,9.760313e+16,4.682452,4.625819
151600,2483814400,9.766756e+16,4.660744,4.629455
151700,2485452800,9.773198e+16,4.709544,4.628961
151800,2487091200,9.779641e+16,4.713383,4.622864
151900,2488729600,9.786083e+16,4.688043,4.627497
152000,2490368000,9.792525e+16,4.704126,4.622987
152100,2492006400,9.798968e+16,4.685469,4.624283
152200,2493644800,9.805410e+16,4.646837,4.624840
152300,2495283200,9.811853e+16,4.693188,4.625191
152400,2496921600,9.818295e+16,4.683946,4.624067
152500,2498560000,9.824738e+16,4.703086,4.627912
152600,2500198400,9.831180e+16,4.681741,4.623275
152700,2501836800,9.837623e+16,4.679970,4.624003
152800,2503475200,9.844065e+16,4.669225,4.623675
152900,2505113600,9.850507e+16,4.644300,4.622404
153000,2506752000,9.856950e+16,4.654211,4.620796
153100,2508390400,9.863392e+16,4.691561,4.623377
153200,2510028800,9.869835e+16,4.665781,4.622825
153300,2511667200,9.876277e+16,4.685749,4.620652
153400,2513305600,9.882720e+16,4.665833,4.618697
153500,2514944000,9.889162e+16,4.671809,4.617898
153600,2516582400,9.895605e+16,4.678364,4.618174
153700,2518220800,9.902047e+16,4.667977,4.617238
153800,2519859200,9.908490e+16,4.677284,4.615296
153900,2521497600,9.914932e+16,4.703322,4.619682
154000,2523136000,9.921374e+16,4.677310,4.617117
154100,2524774400,9.927817e+16,4.725244,4.616239
154200,2526412800,9.934259e+16,4.694135,4.616642
154300,2528051200,9.940702e+16,4.672286,4.616474
154400,2529689600,9.947144e+16,4.630105,4.615102
154500,2531328000,9.953587e+16,4.647783,4.612125
154600,2532966400,9.960029e+16,4.678178,4.613379
154700,2534604800,9.966472e+16,4.694237,4.611547
154800,2536243200,9.972914e+16,4.683296,4.616583
154900,2537881600,9.979357e+16,4.666181,4.611685
155000,2539520000,9.985799e+16,4.676419,4.611969
155100,2541158400,9.992241e+16,4.680536,4.610116
155200,2542796800,9.998684e+16,4.653637,4.609417
155300,2544435200,1.000513e+17,4.680352,4.610550
155400,2546073600,1.001157e+17,4.663022,4.610580
155500,2547712000,1.001801e+17,4.652752,4.609031
155600,2549350400,1.002445e+17,4.661685,4.609038
155700,2550988800,1.003090e+17,4.685647,4.609264
155800,2552627200,1.003734e+17,4.665685,4.610042
155900,2554265600,1.004378e+17,4.629970,4.606321
156000,2555904000,1.005022e+17,4.623178,4.605709
156100,2557542400,1.005667e+17,4.626887,4.604510
156200,2559180800,1.006311e+17,4.656198,4.606674
156300,2560819200,1.006955e+17,4.644488,4.604513
156400,2562457600,1.007599e+17,4.639188,4.606829
156500,2564096000,1.008244e+17,4.652237,4.603236
156600,2565734400,1.008888e+17,4.641481,4.601385
156700,2567372800,1.009532e+17,4.642121,4.603563
156800,2569011200,1.010176e+17,4.669700,4.600555
156900,2570649600,1.010821e+17,4.637679,4.601895
157000,2572288000,1.011465e+17,4.633876,4.604231
157100,2573926400,1.012109e+17,4.632057,4.599627
157200,2575564800,1.012753e+17,4.676968,4.600653
157300,2577203200,1.013398e+17,4.645029,4.601464
157400,2578841600,1.014042e+17,4.628268,4.602434
157500,2580480000,1.014686e+17,4.630986,4.601573
157600,2582118400,1.015330e+17,4.651041,4.600472
157700,2583756800,1.015975e+17,4.638697,4.598060
157800,2585395200,1.016619e+17,4.649482,4.597273
157900,2587033600,1.017263e+17,4.642529,4.595591
158000,2588672000,1.017907e+17,4.655028,4.599660
158100,2590310400,1.018551e+17,4.622941,4.596858
158200,2591948800,1.019196e+17,4.661487,4.599762
158300,2593587200,1.019840e+17,4.626955,4.600166
158400,2595225600,1.020484e+17,4.672515,4.595822
158500,2596864000,1.021128e+17,4.615108,4.595739
158600,2598502400,1.021773e+17,4.628255,4.596061
158700,2600140800,1.022417e+17,4.636714,4.593350
158800,2601779200,1.023061e+17,4.670208,4.592801
158900,2603417600,1.023705e+17,4.651795,4.591707
159000,2605056000,1.024350e+17,4.650460,4.594485
159100,2606694400,1.024994e+17,4.636853,4.594323
159200,2608332800,1.025638e+17,4.634235,4.589123
159300,2609971200,1.026282e+17,4.627797,4.589571
159400,2611609600,1.026927e+17,4.615780,4.588404
159500,2613248000,1.027571e+17,4.666117,4.588468
159600,2614886400,1.028215e+17,4.601170,4.589712
159700,2616524800,1.028859e+17,4.648735,4.591088
159800,2618163200,1.029504e+17,4.672030,4.591634
159900,2619801600,1.030148e+17,4.646860,4.594564
160000,2621440000,1.030792e+17,4.607527,4.588552
160100,2623078400,1.031436e+17,4.633339,4.587753
160200,2624716800,1.032081e+17,4.590673,4.585693
160300,2626355200,1.032725e+17,4.617381,4.584468
160400,2627993600,1.033369e+17,4.641691,4.589923
160500,2629632000,1.034013e+17,4.655954,4.589457
160600,2631270400,1.034658e+17,4.642871,4.588223
160700,2632908800,1.035302e+17,4.664159,4.587403
160800,2634547200,1.035946e+17,4.617125,4.587907
160900,2636185600,1.036590e+17,4.618415,4.589266
161000,2637824000,1.037235e+17,4.628873,4.588730
161100,2639462400,1.037879e+17,4.652667,4.585777
161200,2641100800,1.038523e+17,4.614168,4.582896
161300,2642739200,1.039167e+17,4.616127,4.584970
161400,2644377600,1.039812e+17,4.642527,4.588370
161500,2646016000,1.040456e+17,4.625762,4.586587
161600,2647654400,1.041100e+17,4.633509,4.588514
161700,2649292800,1.041744e+17,4.622585,4.585475
161800,2650931200,1.042389e+17,4.628398,4.586335
161900,2652569600,1.043033e+17,4.626604,4.586096
162000,2654208000,1.043677e+17,4.628208,4.583439
162100,2655846400,1.044321e+17,4.600773,4.582862
162200,2657484800,1.044966e+17,4.632058,4.584724
162300,2659123200,1.045610e+17,4.580021,4.583033
162400,2660761600,1.046254e+17,4.606308,4.582400
162500,2662400000,1.046898e+17,4.597100,4.580259
162600,2664038400,1.047543e+17,4.623318,4.581379
162700,2665676800,1.048187e+17,4.589107,4.582048
162800,2667315200,1.048831e+17,4.618334,4.580572
162900,2668953600,1.049475e+17,4.611135,4.581593
163000,2670592000,1.050120e+17,4.591311,4.580385
163100,2672230400,1.050764e+17,4.652279,4.581281
163200,2673868800,1.051408e+17,4.632426,4.576821
163300,2675507200,1.052052e+17,4.620697,4.580139
163400,2677145600,1.052696e+17,4.613654,4.576987
163500,2678784000,1.053341e+17,4.645267,4.578105
163600,2680422400,1.053985e+17,4.645664,4.578926
163700,2682060800,1.054629e+17,4.606000,4.578497
163800,2683699200,1.055273e+17,4.612560,4.578178
163900,2685337600,1.055918e+17,4.597082,4.578869
164000,2686976000,1.056562e+17,4.610879,4.578011
164100,2688614400,1.057206e+17,4.649023,4.576171
164200,2690252800,1.057850e+17,4.602137,4.575817
164300,2691891200,1.058495e+17,4.607844,4.575606
164400,2693529600,1.059139e+17,4.611342,4.576737
164500,2695168000,1.059783e+17,4.647856,4.574706
164600,2696806400,1.060427e+17,4.605128,4.574434
164700,2698444800,1.061072e+17,4.599932,4.576417
164800,2700083200,1.061716e+17,4.675001,4.576534
164900,2701721600,1.062360e+17,4.621955,4.570896
165000,2703360000,1.063004e+17,4.649470,4.573124
165100,2704998400,1.063649e+17,4.611713,4.574953
165200,2706636800,1.064293e+17,4.614982,4.572549
165300,2708275200,1.064937e+17,4.590021,4.568213
165400,2709913600,1.065581e+17,4.577606,4.574775
165500,2711552000,1.066226e+17,4.604941,4.569192
165600,2713190400,1.066870e+17,4.619768,4.568858
165700,2714828800,1.067514e+17,4.623783,4.570860
165800,2716467200,1.068158e+17,4.597253,4.573329
165900,2718105600,1.068803e+17,4.604301,4.571374
166000,2719744000,1.069447e+17,4.647063,4.570136
166100,2721382400,1.070091e+17,4.640259,4.570340
166200,2723020800,1.070735e+17,4.630542,4.567493
166300,2724659200,1.071380e+17,4.586007,4.570034
166400,2726297600,1.072024e+17,4.596802,4.567582
166500,2727936000,1.072668e+17,4.627909,4.566324
166600,2729574400,1.073312e+17,4.611895,4.565969
166700,2731212800,1.073957e+17,4.613312,4.568430
166800,2732851200,1.074601e+17,4.637637,4.568004
166900,2734489600,1.075245e+17,4.611251,4.568728
167000,2736128000,1.075889e+17,4.593221,4.568114
167100,2737766400,1.076534e+17,4.593061,4.565238
167200,2739404800,1.077178e+17,4.603520,4.565003
167300,2741043200,1.077822e+17,4.663167,4.566013
167400,2742681600,1.078466e+17,4.642884,4.563438
167500,2744320000,1.079111e+17,4.614654,4.561959
167600,2745958400,1.079755e+17,4.593612,4.562415
167700,2747596800,1.080399e+17,4.589651,4.561800
167800,2749235200,1.081043e+17,4.605011,4.561151
167900,2750873600,1.081688e+17,4.627094,4.562527
168000,2752512000,1.082332e+17,4.612887,4.562725
168100,2754150400,1.082976e+17,4.607546,4.563685
168200,2755788800,1.083620e+17,4.593333,4.561866
168300,2757427200,1.084264e+17,4.558962,4.560837
168400,2759065600,1.084909e+17,4.598021,4.558574
168500,2760704000,1.085553e+17,4.573243,4.561265
168600,2762342400,1.086197e+17,4.621490,4.561189
168700,2763980800,1.086841e+17,4.630411,4.559114
168800,2765619200,1.087486e+17,4.588476,4.562695
168900,2767257600,1.088130e+17,4.621364,4.560695
169000,2768896000,1.088774e+17,4.624146,4.559716
169100,2770534400,1.089418e+17,4.630002,4.557355
169200,2772172800,1.090063e+17,4.642647,4.556055
169300,2773811200,1.090707e+17,4.596518,4.559113
169400,2775449600,1.091351e+17,4.574664,4.558844
169500,2777088000,1.091995e+17,4.593192,4.558314
169600,2778726400,1.092640e+17,4.599695,4.558674
169700,2780364800,1.093284e+17,4.584069,4.560413
169800,2782003200,1.093928e+17,4.586886,4.556917
169900,2783641600,1.094572e+17,4.578844,4.554998
170000,2785280000,1.095217e+17,4.622420,4.555288
170100,2786918400,1.095861e+17,4.605880,4.554677
170200,2788556800,1.096505e+17,4.637975,4.553292
170300,2790195200,1.097149e+17,4.571762,4.554291
170400,2791833600,1.097794e+17,4.610188,4.553547
170500,2793472000,1.098438e+17,4.593016,4.553879
170600,2795110400,1.099082e+17,4.584757,4.552087
170700,2796748800,1.099726e+17,4.594937,4.554565
170800,2798387200,1.100371e+17,4.590996,4.551303
170900,2800025600,1.101015e+17,4.550543,4.550241
171000,2801664000,1.101659e+17,4.575804,4.548725
171100,2803302400,1.102303e+17,4.624948,4.548852
171200,2804940800,1.102948e+17,4.620665,4.551147
171300,2806579200,1.103592e+17,4.598000,4.548769
171400,2808217600,1.104236e+17,4.628650,4.547715
171500,2809856000,1.104880e+17,4.612437,4.548642
171600,2811494400,1.105525e+17,4.617802,4.549204
171700,2813132800,1.106169e+17,4.632472,4.549755
171800,2814771200,1.106813e+17,4.614586,4.550229
171900,2816409600,1.107457e+17,4.647655,4.547879
172000,2818048000,1.108102e+17,4.600380,4.544187
172100,2819686400,1.108746e+17,4.589492,4.544520
172200,2821324800,1.109390e+17,4.584224,4.540219
172300,2822963200,1.110034e+17,4.601532,4.541986
172400,2824601600,1.110679e+17,4.611841,4.545838
172500,2826240000,1.111323e+17,4.649160,4.545952
172600,2827878400,1.111967e+17,4.594291,4.547065
172700,2829516800,1.112611e+17,4.556299,4.547406
172800,2831155200,1.113256e+17,4.593908,4.547681
172900,2832793600,1.113900e+17,4.573334,4.547365
173000,2834432000,1.114544e+17,4.592358,4.546490
173100,2836070400,1.115188e+17,4.588088,4.548799
173200,2837708800,1.115833e+17,4.619275,4.543876
173300,2839347200,1.116477e+17,4.615819,4.545918
173400,2840985600,1.117121e+17,4.585922,4.544677
173500,2842624000,1.117765e+17,4.586693,4.543781
173600,2844262400,1.118409e+17,4.606736,4.547101
173700,2845900800,1.119054e+17,4.634105,4.542359
173800,2847539200,1.119698e+17,4.614288,4.544712
173900,2849177600,1.120342e+17,4.574417,4.541806
174000,2850816000,1.120986e+17,4.598810,4.542945
174100,2852454400,1.121631e+17,4.569628,4.542082
174200,2854092800,1.122275e+17,4.581092,4.541933
174300,2855731200,1.122919e+17,4.582948,4.541010
174400,2857369600,1.123563e+17,4.578099,4.539908
174500,2859008000,1.124208e+17,4.588066,4.542304
174600,2860646400,1.124852e+17,4.570953,4.543657
174700,2862284800,1.125496e+17,4.562433,4.544140
174800,2863923200,1.126140e+17,4.595372,4.542146
174900,2865561600,1.126785e+17,4.628933,4.543063
175000,2867200000,1.127429e+17,4.581524,4.542372
175100,2868838400,1.128073e+17,4.585373,4.544511
175200,2870476800,1.128717e+17,4.576064,4.541413
175300,2872115200,1.129362e+17,4.627452,4.542090
175400,2873753600,1.130006e+17,4.588908,4.539392
175500,2875392000,1.130650e+17,4.537808,4.539598
175600,2877030400,1.131294e+17,4.568521,4.539356
175700,2878668800,1.131939e+17,4.585878,4.538365
175800,2880307200,1.132583e+17,4.589749,4.539341
175900,2881945600,1.133227e+17,4.614413,4.542161
176000,2883584000,1.133871e+17,4.587531,4.537767
176100,2885222400,1.134516e+17,4.609458,4.536422
176200,2886860800,1.135160e+17,4.558649,4.537878
176300,2888499200,1.135804e+17,4.595107,4.537024
176400,2890137600,1.136448e+17,4.595683,4.535631
176500,2891776000,1.137093e+17,4.598275,4.533372
176600,2893414400,1.137737e+17,4.607086,4.532898
176700,2895052800,1.138381e+17,4.579360,4.533777
176800,2896691200,1.139025e+17,4.576520,4.535606
176900,2898329600,1.139670e+17,4.620053,4.535484
177000,2899968000,1.140314e+17,4.567858,4.536389
177100,2901606400,1.140958e+17,4.588539,4.536643
177200,2903244800,1.141602e+17,4.612967,4.536973
177300,2904883200,1.142247e+17,4.600699,4.533839
177400,2906521600,1.142891e+17,4.582135,4.534248
177500,2908160000,1.143535e+17,4.626566,4.533651
177600,2909798400,1.144179e+17,4.523638,4.532366
177700,2911436800,1.144824e+17,4.578433,4.531110
177800,2913075200,1.145468e+17,4.567852,4.528888
177900,2914713600,1.146112e+17,4.599175,4.529383
178000,2916352000,1.146756e+17,4.570574,4.528582
178100,2917990400,1.147401e+17,4.562833,4.528114
178200,2919628800,1.148045e+17,4.555346,4.530083
178300,2921267200,1.148689e+17,4.536824,4.528627
178400,2922905600,1.149333e+17,4.589212,4.527506
178500,2924544000,1.149977e+17,4.618220,4.527712
178600,2926182400,1.150622e+17,4.632123,4.526834
178700,2927820800,1.151266e+17,4.588940,4.528989
178800,2929459200,1.151910e+17,4.622176,4.529635
178900,2931097600,1.152554e+17,4.611126,4.528056
179000,2932736000,1.153199e+17,4.611406,4.529203
179100,2934374400,1.153843e+17,4.595730,4.525603
179200,2936012800,1.154487e+17,4.609052,4.526623
179300,2937651200,1.155131e+17,4.570736,4.528130
179400,2939289600,1.155776e+17,4.556388,4.528114
179500,2940928000,1.156420e+17,4.590672,4.525405
179600,2942566400,1.157064e+17,4.563958,4.524461
179700,2944204800,1.157708e+17,4.537492,4.526149
179800,2945843200,1.158353e+17,4.566176,4.526413
179900,2947481600,1.158997e+17,4.601007,4.527564
180000,2949120000,1.159641e+17,4.529053,4.526357
180100,2950758400,1.160285e+17,4.568379,4.525658
180200,2952396800,1.160930e+17,4.571414,4.528157
180300,2954035200,1.161574e+17,4.587018,4.526645
180400,2955673600,1.162218e+17,4.602352,4.530905
180500,2957312000,1.162862e+17,4.564195,4.523492
180600,2958950400,1.163507e+17,4.612947,4.524697
180700,2960588800,1.164151e+17,4.610823,4.525540
180800,2962227200,1.164795e+17,4.564120,4.522829
180900,2963865600,1.165439e+17,4.573895,4.524663
181000,2965504000,1.166084e+17,4.563854,4.523482
181100,2967142400,1.166728e+17,4.595700,4.523631
181200,2968780800,1.167372e+17,4.581024,4.522993
181300,2970419200,1.168016e+17,4.562657,4.523033
181400,2972057600,1.168661e+17,4.591911,4.523708
181500,2973696000,1.169305e+17,4.559381,4.524781
181600,2975334400,1.169949e+17,4.591595,4.524670
181700,2976972800,1.170593e+17,4.592819,4.524286
181800,2978611200,1.171238e+17,4.593420,4.522818
181900,2980249600,1.171882e+17,4.613892,4.522267
182000,2981888000,1.172526e+17,4.584888,4.520205
182100,2983526400,1.173170e+17,4.611373,4.520811
182200,2985164800,1.173815e+17,4.597334,4.521474
182300,2986803200,1.174459e+17,4.643048,4.521327
182400,2988441600,1.175103e+17,4.579928,4.518792
182500,2990080000,1.175747e+17,4.542833,4.519232
182600,2991718400,1.176392e+17,4.602520,4.518703
182700,2993356800,1.177036e+17,4.569875,4.518031
182800,2994995200,1.177680e+17,4.597838,4.522102
182900,2996633600,1.178324e+17,4.532723,4.519288
183000,2998272000,1.178969e+17,4.545209,4.519059
183100,2999910400,1.179613e+17,4.545456,4.517089
183200,3001548800,1.180257e+17,4.604056,4.518874
183300,3003187200,1.180901e+17,4.621882,4.522114
183400,3004825600,1.181546e+17,4.593209,4.522275
183500,3006464000,1.182190e+17,4.570129,4.519791
183600,3008102400,1.182834e+17,4.567117,4.519286
183700,3009740800,1.183478e+17,4.518779,4.520605
183800,3011379200,1.184122e+17,4.569709,4.518224
183900,3013017600,1.184767e+17,4.547324,4.517017
184000,3014656000,1.185411e+17,4.556164,4.516065
184100,3016294400,1.186055e+17,4.585850,4.517106
184200,3017932800,1.186699e+17,4.618232,4.514274
184300,3019571200,1.187344e+17,4.540898,4.514324
184400,3021209600,1.187988e+17,4.549511,4.513047
184500,3022848000,1.188632e+17,4.574380,4.514360
184600,3024486400,1.189276e+17,4.629585,4.516019
184700,3026124800,1.189921e+17,4.554773,4.512541
184800,3027763200,1.190565e+17,4.565281,4.512689
184900,3029401600,1.191209e+17,4.559084,4.512069
185000,3031040000,1.191853e+17,4.548578,4.510970
185100,3032678400,1.192498e+17,4.561944,4.512791
185200,3034316800,1.193142e+17,4.589573,4.510877
185300,3035955200,1.193786e+17,4.560101,4.511279
185400,3037593600,1.194430e+17,4.561018,4.508135
185500,3039232000,1.195075e+17,4.566207,4.508162
185600,3040870400,1.195719e+17,4.587182,4.509047
185700,3042508800,1.196363e+17,4.553057,4.508444
185800,3044147200,1.197007e+17,4.570127,4.510127
185900,3045785600,1.197652e+17,4.575320,4.507417
186000,3047424000,1.198296e+17,4.570986,4.509725
186100,3049062400,1.198940e+17,4.545248,4.509951
186200,3050700800,1.199584e+17,4.594647,4.509238
186300,3052339200,1.200229e+17,4.567504,4.512882
186400,3053977600,1.200873e+17,4.565641,4.512140
186500,3055616000,1.201517e+17,4.612005,4.511542
186600,3057254400,1.202161e+17,4.559605,4.509175
186700,3058892800,1.202806e+17,4.567099,4.506098
186800,3060531200,1.203450e+17,4.530334,4.504233
186900,3062169600,1.204094e+17,4.560016,4.505906
187000,3063808000,1.204738e+17,4.610913,4.502697
187100,3065446400,1.205383e+17,4.588272,4.505424
187200,3067084800,1.206027e+17,4.558164,4.504322
187300,3068723200,1.206671e+17,4.558057,4.506011
187400,3070361600,1.207315e+17,4.575339,4.507133
187500,3072000000,1.207960e+17,4.527690,4.505498
187600,3073638400,1.208604e+17,4.589404,4.506177
187700,3075276800,1.209248e+17,4.575017,4.503879
187800,3076915200,1.209892e+17,4.519404,4.506972
187900,3078553600,1.210537e+17,4.565032,4.503595
188000,3080192000,1.211181e+17,4.562705,4.506431
188100,3081830400,1.211825e+17,4.578497,4.505059
188200,3083468800,1.212469e+17,4.553398,4.505953
188300,3085107200,1.213114e+17,4.574384,4.503361
188400,3086745600,1.213758e+17,4.586735,4.504370
188500,3088384000,1.214402e+17,4.592583,4.502989
188600,3090022400,1.215046e+17,4.541055,4.502775
188700,3091660800,1.215690e+17,4.569461,4.501828
188800,3093299200,1.216335e+17,4.534097,4.502282
188900,3094937600,1.216979e+17,4.530116,4.500493
189000,3096576000,1.217623e+17,4.615066,4.503040
189100,3098214400,1.218267e+17,4.539312,4.501913
189200,3099852800,1.218912e+17,4.563890,4.500966
189300,3101491200,1.219556e+17,4.569862,4.503396
189400,3103129600,1.220200e+17,4.550577,4.501029
189500,3104768000,1.220844e+17,4.534156,4.502015
189600,3106406400,1.221489e+17,4.536352,4.500497
189700,3108044800,1.222133e+17,4.568992,4.501147
189800,3109683200,1.222777e+17,4.528478,4.501629
189900,3111321600,1.223421e+17,4.502037,4.500853
190000,3112960000,1.224066e+17,4.570125,4.502312
190100,3114598400,1.224710e+17,4.577866,4.500117
190200,3116236800,1.225354e+17,4.562374,4.499182
190300,3117875200,1.225998e+17,4.606646,4.499731
190400,3119513600,1.226643e+17,4.556903,4.496100
190500,3121152000,1.227287e+17,4.565295,4.499134
190600,3122790400,1.227931e+17,4.581743,4.501145
190700,3124428800,1.228575e+17,4.535532,4.500565
190800,3126067200,1.229220e+17,4.557672,4.499470
190900,3127705600,1.229864e+17,4.573688,4.498793
191000,3129344000,1.230508e+17,4.588186,4.497179
191100,3130982400,1.231152e+17,4.556497,4.496822
191200,3132620800,1.231797e+17,4.537571,4.497957
191300,3134259200,1.232441e+17,4.560134,4.496768
191400,3135897600,1.233085e+17,4.588965,4.499006
191500,3137536000,1.233729e+17,4.571115,4.497948
191600,3139174400,1.234374e+17,4.559239,4.498064
191700,3140812800,1.235018e+17,4.551332,4.495791
191800,3142451200,1.235662e+17,4.532434,4.497974
191900,3144089600,1.236306e+17,4.546059,4.497148
192000,3145728000,1.236951e+17,4.613706,4.498865
192100,3147366400,1.237595e+17,4.586093,4.502032
192200,3149004800,1.238239e+17,4.614179,4.497360
192300,3150643200,1.238883e+17,4.575449,4.495452
192400,3152281600,1.239528e+17,4.548364,4.497479
192500,3153920000,1.240172e+17,4.516349,4.494082
192600,3155558400,1.240816e+17,4.545026,4.494248
192700,3157196800,1.241460e+17,4.555887,4.495014
192800,3158835200,1.242105e+17,4.535844,4.493748
192900,3160473600,1.242749e+17,4.712792,4.495356
193000,3162112000,1.243393e+17,4.592837,4.494280
193100,3163750400,1.244037e+17,4.535266,4.492137
193200,3165388800,1.244682e+17,4.554566,4.492976
193300,3167027200,1.245326e+17,4.537036,4.492077
193400,3168665600,1.245970e+17,4.557223,4.494996
193500,3170304000,1.246614e+17,4.625292,4.492295
193600,3171942400,1.247259e+17,4.595689,4.494343
193700,3173580800,1.247903e+17,4.535255,4.493619
193800,3175219200,1.248547e+17,4.555522,4.494946
193900,3176857600,1.249191e+17,4.531160,4.492453
194000,3178496000,1.249835e+17,4.555084,4.491660
194100,3180134400,1.250480e+17,4.589296,4.490442
194200,3181772800,1.251124e+17,4.543375,4.491493
194300,3183411200,1.251768e+17,4.582044,4.489869
194400,3185049600,1.252412e+17,4.519650,4.489349
194500,3186688000,1.253057e+17,4.543073,4.491156
194600,3188326400,1.253701e+17,4.550753,4.488413
194700,3189964800,1.254345e+17,4.550448,4.489399
194800,3191603200,1.254989e+17,4.545472,4.491782
194900,3193241600,1.255634e+17,4.596898,4.490519
195000,3194880000,1.256278e+17,4.570648,4.489274
195100,3196518400,1.256922e+17,4.520710,4.488054
195200,3198156800,1.257566e+17,4.545952,4.488736
195300,3199795200,1.258211e+17,4.521049,4.485876
195400,3201433600,1.258855e+17,4.567122,4.484140
195500,3203072000,1.259499e+17,4.554408,4.485465
195600,3204710400,1.260143e+17,4.552096,4.486594
195700,3206348800,1.260788e+17,4.537549,4.486663
195800,3207987200,1.261432e+17,4.533432,4.486220
195900,3209625600,1.262076e+17,4.542264,4.484737
196000,3211264000,1.262720e+17,4.540649,4.486393
196100,3212902400,1.263365e+17,4.533043,4.485406
196200,3214540800,1.264009e+17,4.514358,4.483947
196300,3216179200,1.264653e+17,4.520090,4.486820
196400,3217817600,1.265297e+17,4.505795,4.485798
196500,3219456000,1.265942e+17,4.526237,4.484479
196600,3221094400,1.266586e+17,4.514850,4.482315
196700,3222732800,1.267230e+17,4.535100,4.483729
196800,3224371200,1.267874e+17,4.526497,4.482654
196900,3226009600,1.268519e+17,4.547491,4.484247
197000,3227648000,1.269163e+17,4.564161,4.483834
197100,3229286400,1.269807e+17,4.549317,4.483774
197200,3230924800,1.270451e+17,4.526454,4.483764
197300,3232563200,1.271096e+17,4.532589,4.484982
197400,3234201600,1.271740e+17,4.537938,4.484750
197500,3235840000,1.272384e+17,4.532447,4.484351
197600,3237478400,1.273028e+17,4.531350,4.484479
197700,3239116800,1.273673e+17,4.501290,4.480665
197800,3240755200,1.274317e+17,4.531719,4.484200
197900,3242393600,1.274961e+17,4.577366,4.481739
198000,3244032000,1.275605e+17,4.532749,4.480802
198100,3245670400,1.276250e+17,4.526168,4.480756
198200,3247308800,1.276894e+17,4.508733,4.482043
198300,3248947200,1.277538e+17,4.497107,4.486196
198400,3250585600,1.278182e+17,4.524351,4.480460
198500,3252224000,1.278827e+17,4.573627,4.482593
198600,3253862400,1.279471e+17,4.544932,4.480410
198700,3255500800,1.280115e+17,4.516871,4.481184
198800,3257139200,1.280759e+17,4.530521,4.479878
198900,3258777600,1.281403e+17,4.535185,4.479458
199000,3260416000,1.282048e+17,4.534190,4.479889
199100,3262054400,1.282692e+17,4.520504,4.479673
199200,3263692800,1.283336e+17,4.553106,4.478910
199300,3265331200,1.283980e+17,4.551163,4.479325
199400,3266969600,1.284625e+17,4.525446,4.478119
199500,3268608000,1.285269e+17,4.551335,4.477582
199600,3270246400,1.285913e+17,4.552970,4.476886
199700,3271884800,1.286557e+17,4.505709,4.477014
199800,3273523200,1.287202e+17,4.525320,4.477833
199900,3275161600,1.287846e+17,4.542871,4.477793
200000,3276800000,1.288490e+17,4.564747,4.478815
200100,3278438400,1.289134e+17,4.517750,4.478794
200200,3280076800,1.289779e+17,4.538226,4.476972
200300,3281715200,1.290423e+17,4.529201,4.476943
200400,3283353600,1.291067e+17,4.523706,4.479572
200500,3284992000,1.291711e+17,4.516504,4.478572
200600,3286630400,1.292356e+17,4.520795,4.476600
200700,3288268800,1.293000e+17,4.545566,4.478757
200800,3289907200,1.293644e+17,4.560396,4.476354
200900,3291545600,1.294288e+17,4.581041,4.478564
201000,3293184000,1.294933e+17,4.527647,4.474680
201100,3294822400,1.295577e+17,4.527582,4.475970
201200,3296460800,1.296221e+17,4.539666,4.475253
201300,3298099200,1.296865e+17,4.524675,4.474428
201400,3299737600,1.297510e+17,4.524650,4.474288
201500,3301376000,1.298154e+17,4.553749,4.475693
201600,3303014400,1.298798e+17,4.531098,4.474188
201700,3304652800,1.299442e+17,4.522588,4.472850
201800,3306291200,1.300087e+17,4.516886,4.469584
201900,3307929600,1.300731e+17,4.568613,4.473025
202000,3309568000,1.301375e+17,4.567849,4.471882
202100,3311206400,1.302019e+17,4.572433,4.475026
202200,3312844800,1.302664e+17,4.691522,4.476888
202300,3314483200,1.303308e+17,4.549583,4.474166
202400,3316121600,1.303952e+17,4.533575,4.473693
202500,3317760000,1.304596e+17,4.532047,4.473869
202600,3319398400,1.305241e+17,4.506113,4.472363
202700,3321036800,1.305885e+17,4.572060,4.473142
202800,3322675200,1.306529e+17,4.539086,4.472960
202900,3324313600,1.307173e+17,4.531595,4.474203
203000,3325952000,1.307818e+17,4.512081,4.473247
203100,3327590400,1.308462e+17,4.565311,4.472097
203200,3329228800,1.309106e+17,4.545574,4.471758
203300,3330867200,1.309750e+17,4.533169,4.471558
203400,3332505600,1.310395e+17,4.530121,4.471367
203500,3334144000,1.311039e+17,4.523251,4.469650
203600,3335782400,1.311683e+17,4.504014,4.471555
203700,3337420800,1.312327e+17,4.524362,4.471902
203800,3339059200,1.312972e+17,4.518223,4.471424
203900,3340697600,1.313616e+17,4.490212,4.471348
204000,3342336000,1.314260e+17,4.559082,4.472257
204100,3343974400,1.314904e+17,4.511872,4.470538
204200,3345612800,1.315548e+17,4.517086,4.468901
204300,3347251200,1.316193e+17,4.515004,4.469381
204400,3348889600,1.316837e+17,4.520715,4.468465
204500,3350528000,1.317481e+17,4.538915,4.465580
204600,3352166400,1.318125e+17,4.504077,4.466946
204700,3353804800,1.318770e+17,4.563442,4.467490
204800,3355443200,1.319414e+17,4.552933,4.466601
204900,3357081600,1.320058e+17,4.552991,4.469437
205000,3358720000,1.320702e+17,4.546058,4.465321
205100,3360358400,1.321347e+17,4.591115,4.468429
205200,3361996800,1.321991e+17,4.551329,4.468962
205300,3363635200,1.322635e+17,4.514124,4.469687
205400,3365273600,1.323279e+17,4.534374,4.468253
205500,3366912000,1.323924e+17,4.476040,4.467804
205600,3368550400,1.324568e+17,4.519492,4.465909
205700,3370188800,1.325212e+17,4.530528,4.466203
205800,3371827200,1.325856e+17,4.583257,4.465505
205900,3373465600,1.326501e+17,4.556640,4.464776
206000,3375104000,1.327145e+17,4.623998,4.466484
206100,3376742400,1.327789e+17,4.552405,4.465944
206200,3378380800,1.328433e+17,4.503857,4.464425
206300,3380019200,1.329078e+17,4.529215,4.461909
206400,3381657600,1.329722e+17,4.478040,4.462095
206500,3383296000,1.330366e+17,4.490116,4.461259
206600,3384934400,1.331010e+17,4.530137,4.462793
206700,3386572800,1.331655e+17,4.526921,4.461695
206800,3388211200,1.332299e+17,4.519644,4.463953
206900,3389849600,1.332943e+17,4.532551,4.462419
207000,3391488000,1.333587e+17,4.506270,4.462348
207100,3393126400,1.334232e+17,4.532471,4.461373
207200,3394764800,1.334876e+17,4.497203,4.461480
207300,3396403200,1.335520e+17,4.489097,4.461707
207400,3398041600,1.336164e+17,4.458224,4.460005
207500,3399680000,1.336809e+17,4.480412,4.459530
207600,3401318400,1.337453e+17,4.507719,4.459924
207700,3402956800,1.338097e+17,4.548940,4.460680
207800,3404595200,1.338741e+17,4.507948,4.461205
207900,3406233600,1.339386e+17,4.473907,4.460077
208000,3407872000,1.340030e+17,4.513121,4.460958
208100,3409510400,1.340674e+17,4.493073,4.459553
208200,3411148800,1.341318e+17,4.492294,4.457452
208300,3412787200,1.341963e+17,4.532538,4.457598
208400,3414425600,1.342607e+17,4.509314,4.458406
208500,3416064000,1.343251e+17,4.492123,4.456847
208600,3417702400,1.343895e+17,4.479109,4.456596
208700,3419340800,1.344540e+17,4.510821,4.455119
208800,3420979200,1.345184e+17,4.488419,4.455595
208900,3422617600,1.345828e+17,4.471434,4.454593
209000,3424256000,1.346472e+17,4.533760,4.454208
209100,3425894400,1.347116e+17,4.471220,4.454264
209200,3427532800,1.347761e+17,4.465470,4.455144
209300,3429171200,1.348405e+17,4.472954,4.454665
209400,3430809600,1.349049e+17,4.494105,4.455388
209500,3432448000,1.349693e+17,4.492731,4.451630
209600,3434086400,1.350338e+17,4.483441,4.454054
209700,3435724800,1.350982e+17,4.486931,4.452856
209800,3437363200,1.351626e+17,4.485410,4.452049
209900,3439001600,1.352270e+17,4.484829,4.452201
210000,3440640000,1.352915e+17,4.473868,4.452357
210100,3442278400,1.353559e+17,4.467773,4.450691
210200,3443916800,1.354203e+17,4.451002,4.451187
210300,3445555200,1.354847e+17,4.488062,4.452094
210400,3447193600,1.355492e+17,4.484626,4.452377
210500,3448832000,1.356136e+17,4.485446,4.451071
210600,3450470400,1.356780e+17,4.525948,4.448352
210700,3452108800,1.357424e+17,4.549149,4.450255
210800,3453747200,1.358069e+17,4.478096,4.450001
210900,3455385600,1.358713e+17,4.479186,4.448858
211000,3457024000,1.359357e+17,4.462574,4.449917
211100,3458662400,1.360001e+17,4.512564,4.452512
211200,3460300800,1.360646e+17,4.490224,4.448828
211300,3461939200,1.361290e+17,4.431517,4.450913
211400,3463577600,1.361934e+17,4.477012,4.450113
211500,3465216000,1.362578e+17,4.480571,4.449018
211600,3466854400,1.363223e+17,4.457843,4.447928
211700,3468492800,1.363867e+17,4.486329,4.447007
211800,3470131200,1.364511e+17,4.444125,4.449271
211900,3471769600,1.365155e+17,4.464175,4.447728
212000,3473408000,1.365800e+17,4.535510,4.448533
212100,3475046400,1.366444e+17,4.459612,4.449593
212200,3476684800,1.367088e+17,4.436615,4.447379
212300,3478323200,1.367732e+17,4.490005,4.447056
212400,3479961600,1.368377e+17,4.455711,4.446312
212500,3481600000,1.369021e+17,4.498137,4.444848
212600,3483238400,1.369665e+17,4.499815,4.445117
212700,3484876800,1.370309e+17,4.500757,4.444981
212800,3486515200,1.370954e+17,4.464057,4.445502
212900,3488153600,1.371598e+17,4.480669,4.447140
213000,3489792000,1.372242e+17,4.483454,4.445328
213100,3491430400,1.372886e+17,4.468019,4.445800
213200,3493068800,1.373531e+17,4.475514,4.445776
213300,3494707200,1.374175e+17,4.497202,4.446351
213400,3496345600,1.374819e+17,4.481398,4.443669
213500,3497984000,1.375463e+17,4.474909,4.444344
213600,3499622400,1.376108e+17,4.490963,4.444946
213700,3501260800,1.376752e+17,4.483800,4.444958
213800,3502899200,1.377396e+17,4.508615,4.444177
213900,3504537600,1.378040e+17,4.460133,4.444518
214000,3506176000,1.378685e+17,4.506038,4.443240
214100,3507814400,1.379329e+17,4.484408,4.442366
214200,3509452800,1.379973e+17,4.453254,4.442944
214300,3511091200,1.380617e+17,4.472117,4.442824
214400,3512729600,1.381261e+17,4.489860,4.441199
214500,3514368000,1.381906e+17,4.483525,4.441859
214600,3516006400,1.382550e+17,4.511136,4.441198
214700,3517644800,1.383194e+17,4.506468,4.443680
214800,3519283200,1.383838e+17,4.479784,4.443307
214900,3520921600,1.384483e+17,4.513034,4.442135
215000,3522560000,1.385127e+17,4.487294,4.441550
215100,3524198400,1.385771e+17,4.464332,4.441031
215200,3525836800,1.386415e+17,4.454800,4.442297
215300,3527475200,1.387060e+17,4.480983,4.440770
215400,3529113600,1.387704e+17,4.463197,4.440609
215500,3530752000,1.388348e+17,4.460406,4.439481
215600,3532390400,1.388992e+17,4.521571,4.440391
215700,3534028800,1.389637e+17,4.466032,4.438771
215800,3535667200,1.390281e+17,4.533182,4.439964
215900,3537305600,1.390925e+17,4.457523,4.440051
216000,3538944000,1.391569e+17,4.452987,4.442824
216100,3540582400,1.392214e+17,4.500867,4.441462
216200,3542220800,1.392858e+17,4.483138,4.440732
216300,3543859200,1.393502e+17,4.476182,4.439402
216400,3545497600,1.394146e+17,4.437081,4.441076
216500,3547136000,1.394791e+17,4.488385,4.438345
216600,3548774400,1.395435e+17,4.479234,4.438810
216700,3550412800,1.396079e+17,4.466643,4.437622
216800,3552051200,1.396723e+17,4.536315,4.439189
216900,3553689600,1.397368e+17,4.461938,4.437189
217000,3555328000,1.398012e+17,4.463804,4.438171
217100,3556966400,1.398656e+17,4.456421,4.440127
217200,3558604800,1.399300e+17,4.448744,4.439297
217300,3560243200,1.399945e+17,4.445920,4.438322
217400,3561881600,1.400589e+17,4.477214,4.438087
217500,3563520000,1.401233e+17,4.494927,4.438580
217600,3565158400,1.401877e+17,4.462673,4.437377
217700,3566796800,1.402522e+17,4.462905,4.437415
217800,3568435200,1.403166e+17,4.482819,4.437571
217900,3570073600,1.403810e+17,4.446093,4.435913
218000,3571712000,1.404454e+17,4.467547,4.438503
218100,3573350400,1.405099e+17,4.449923,4.436810
218200,3574988800,1.405743e+17,4.476744,4.436470
218300,3576627200,1.406387e+17,4.480070,4.434903
218400,3578265600,1.407031e+17,4.439799,4.435014
218500,3579904000,1.407676e+17,4.447574,4.436637
218600,3581542400,1.408320e+17,4.495295,4.437994
218700,3583180800,1.408964e+17,4.511059,4.436719
218800,3584819200,1.409608e+17,4.487490,4.435616
218900,3586457600,1.410253e+17,4.520759,4.437614
219000,3588096000,1.410897e+17,4.459613,4.436848
219100,3589734400,1.411541e+17,4.511227,4.436595
219200,3591372800,1.412185e+17,4.484436,4.435253
219300,3593011200,1.412829e+17,4.474340,4.436582
219400,3594649600,1.413474e+17,4.464335,4.434141
219500,3596288000,1.414118e+17,4.437882,4.436773
219600,3597926400,1.414762e+17,4.472021,4.434942
219700,3599564800,1.415406e+17,4.441829,4.433164
219800,3601203200,1.416051e+17,4.513213,4.432771
219900,3602841600,1.416695e+17,4.475241,4.433362
220000,3604480000,1.417339e+17,4.478906,4.433839
220100,3606118400,1.417983e+17,4.493671,4.434676
220200,3607756800,1.418628e+17,4.497746,4.432682
220300,3609395200,1.419272e+17,4.496830,4.432925
220400,3611033600,1.419916e+17,4.490361,4.434486
220500,3612672000,1.420560e+17,4.415218,4.433557
220600,3614310400,1.421205e+17,4.459824,4.432242
220700,3615948800,1.421849e+17,4.485974,4.430804
220800,3617587200,1.422493e+17,4.448655,4.431411
220900,3619225600,1.423137e+17,4.461059,4.432677
221000,3620864000,1.423782e+17,4.493390,4.432815
221100,3622502400,1.424426e+17,4.470276,4.431540
221200,3624140800,1.425070e+17,4.486714,4.431815
221300,3625779200,1.425714e+17,4.487234,4.432440
221400,3627417600,1.426359e+17,4.464414,4.431034
221500,3629056000,1.427003e+17,4.464090,4.430890
221600,3630694400,1.427647e+17,4.466781,4.431511
221700,3632332800,1.428291e+17,4.471594,4.429587
221800,3633971200,1.428936e+17,4.445637,4.429728
221900,3635609600,1.429580e+17,4.512911,4.431485
222000,3637248000,1.430224e+17,4.433835,4.431749
222100,3638886400,1.430868e+17,4.458827,4.433152
222200,3640524800,1.431513e+17,4.476319,4.429571
222300,3642163200,1.432157e+17,4.480902,4.430433
222400,3643801600,1.432801e+17,4.492462,4.430566
222500,3645440000,1.433445e+17,4.434875,4.431025
222600,3647078400,1.434090e+17,4.440133,4.430245
222700,3648716800,1.434734e+17,4.430955,4.428385
222800,3650355200,1.435378e+17,4.466080,4.431134
222900,3651993600,1.436022e+17,4.476955,4.429695
223000,3653632000,1.436667e+17,4.428871,4.430225
223100,3655270400,1.437311e+17,4.476076,4.431254
223200,3656908800,1.437955e+17,4.465553,4.429242
223300,3658547200,1.438599e+17,4.459522,4.430958
223400,3660185600,1.439244e+17,4.486978,4.429924
223500,3661824000,1.439888e+17,4.489127,4.430740
223600,3663462400,1.440532e+17,4.480359,4.429334
223700,3665100800,1.441176e+17,4.465611,4.428487
223800,3666739200,1.441821e+17,4.470034,4.427916
223900,3668377600,1.442465e+17,4.483522,4.428786
224000,3670016000,1.443109e+17,4.491865,4.426942
224100,3671654400,1.443753e+17,4.465294,4.427448
224200,3673292800,1.444398e+17,4.469056,4.426477
224300,3674931200,1.445042e+17,4.473554,4.427783
224400,3676569600,1.445686e+17,4.490203,4.427544
224500,3678208000,1.446330e+17,4.525196,4.427233
224600,3679846400,1.446974e+17,4.444919,4.428626
224700,3681484800,1.447619e+17,4.440856,4.426783
224800,3683123200,1.448263e+17,4.470810,4.425361
224900,3684761600,1.448907e+17,4.465487,4.425211
225000,3686400000,1.449551e+17,4.485372,4.426236
225100,3688038400,1.450196e+17,4.491569,4.425554
225200,3689676800,1.450840e+17,4.509028,4.426775
225300,3691315200,1.451484e+17,4.475677,4.427327
225400,3692953600,1.452128e+17,4.443334,4.427307
225500,3694592000,1.452773e+17,4.511306,4.427206
225600,3696230400,1.453417e+17,4.480696,4.426952
225700,3697868800,1.454061e+17,4.497443,4.425770
225800,3699507200,1.454705e+17,4.475188,4.426988
225900,3701145600,1.455350e+17,4.457973,4.425576
226000,3702784000,1.455994e+17,4.440166,4.425637
226100,3704422400,1.456638e+17,4.454685,4.424769
226200,3706060800,1.457282e+17,4.494629,4.425815
226300,3707699200,1.457927e+17,4.522052,4.427425
226400,3709337600,1.458571e+17,4.447295,4.426183
226500,3710976000,1.459215e+17,4.446443,4.426187
226600,3712614400,1.459859e+17,4.518426,4.425714
226700,3714252800,1.460504e+17,4.463203,4.425338
226800,3715891200,1.461148e+17,4.469645,4.424502
226900,3717529600,1.461792e+17,4.516713,4.425219
227000,3719168000,1.462436e+17,4.494631,4.422906
227100,3720806400,1.463081e+17,4.478240,4.423711
227200,3722444800,1.463725e+17,4.456323,4.424853
227300,3724083200,1.464369e+17,4.456691,4.422312
227400,3725721600,1.465013e+17,4.438231,4.423065
227500,3727360000,1.465658e+17,4.427303,4.422599
227600,3728998400,1.466302e+17,4.482574,4.422457
227700,3730636800,1.466946e+17,4.474004,4.421401
227800,3732275200,1.467590e+17,4.515852,4.422899
227900,3733913600,1.468235e+17,4.488832,4.423505
228000,3735552000,1.468879e+17,4.476856,4.424125
228100,3737190400,1.469523e+17,4.482637,4.421128
228200,3738828800,1.470167e+17,4.458000,4.422631
228300,3740467200,1.470812e+17,4.469934,4.422567
228400,3742105600,1.471456e+17,4.490458,4.421350
228500,3743744000,1.472100e+17,4.477833,4.419687
228600,3745382400,1.472744e+17,4.480970,4.421122
228700,3747020800,1.473389e+17,4.491872,4.419597
228800,3748659200,1.474033e+17,4.465946,4.420034
228900,3750297600,1.474677e+17,4.444955,4.422256
229000,3751936000,1.475321e+17,4.481930,4.420395
229100,3753574400,1.475966e+17,4.480182,4.421306
229200,3755212800,1.476610e+17,4.480518,4.421563
229300,3756851200,1.477254e+17,4.475631,4.421017
229400,3758489600,1.477898e+17,4.485096,4.420979
229500,3760128000,1.478542e+17,4.512276,4.420800
229600,3761766400,1.479187e+17,4.444320,4.418731
229700,3763404800,1.479831e+17,4.469405,4.419830
229800,3765043200,1.480475e+17,4.513343,4.420799
229900,3766681600,1.481119e+17,4.472482,4.419626
230000,3768320000,1.481764e+17,4.501049,4.419847
230100,3769958400,1.482408e+17,4.463596,4.419908
230200,3771596800,1.483052e+17,4.480933,4.418874
230300,3773235200,1.483696e+17,4.456304,4.419059
230400,3774873600,1.484341e+17,4.459048,4.420298
230500,3776512000,1.484985e+17,4.488527,4.419163
230600,3778150400,1.485629e+17,4.456295,4.419597
230700,3779788800,1.486273e+17,4.414263,4.418733
230800,3781427200,1.486918e+17,4.445413,4.417667
230900,3783065600,1.487562e+17,4.449156,4.417355
231000,3784704000,1.488206e+17,4.465933,4.418229
231100,3786342400,1.488850e+17,4.463990,4.419174
231200,3787980800,1.489495e+17,4.457202,4.419417
231300,3789619200,1.490139e+17,4.438463,4.418271
231400,3791257600,1.490783e+17,4.458792,4.418343
231500,3792896000,1.491427e+17,4.459215,4.417526
231600,3794534400,1.492072e+17,4.457231,4.418699
231700,3796172800,1.492716e+17,4.483986,4.416773
231800,3797811200,1.493360e+17,4.435790,4.419454
231900,3799449600,1.494004e+17,4.489829,4.417479
232000,3801088000,1.494649e+17,4.469807,4.416599
232100,3802726400,1.495293e+17,4.443266,4.416902
232200,3804364800,1.495937e+17,4.451805,4.417191
232300,3806003200,1.496581e+17,4.424807,4.417300
232400,3807641600,1.497226e+17,4.400027,4.417024
232500,3809280000,1.497870e+17,4.427647,4.417658
232600,3810918400,1.498514e+17,4.492405,4.415727
232700,3812556800,1.499158e+17,4.444008,4.415694
232800,3814195200,1.499803e+17,4.452044,4.416269
232900,3815833600,1.500447e+17,4.463744,4.415597
233000,3817472000,1.501091e+17,4.467036,4.416085
233100,3819110400,1.501735e+17,4.477904,4.417054
233200,3820748800,1.502380e+17,4.437504,4.416621
233300,3822387200,1.503024e+17,4.443260,4.415370
233400,3824025600,1.503668e+17,4.490083,4.415097
233500,3825664000,1.504312e+17,4.467264,4.417957
233600,3827302400,1.504957e+17,4.470608,4.417458
233700,3828940800,1.505601e+17,4.455225,4.417896
233800,3830579200,1.506245e+17,4.518326,4.416517
233900,3832217600,1.506889e+17,4.510571,4.416043
234000,3833856000,1.507534e+17,4.480657,4.416110
234100,3835494400,1.508178e+17,4.442435,4.415932
234200,3837132800,1.508822e+17,4.460717,4.415186
234300,3838771200,1.509466e+17,4.468668,4.416026
234400,3840409600,1.510111e+17,4.437134,4.417505
234500,3842048000,1.510755e+17,4.420013,4.416207
234600,3843686400,1.511399e+17,4.448875,4.417040
234700,3845324800,1.512043e+17,4.430539,4.416131
234800,3846963200,1.512687e+17,4.474340,4.415945
234900,3848601600,1.513332e+17,4.442712,4.414972
235000,3850240000,1.513976e+17,4.471426,4.415696
235100,3851878400,1.514620e+17,4.464343,4.416181
235200,3853516800,1.515264e+17,4.460641,4.415284
235300,3855155200,1.515909e+17,4.449391,4.415231
235400,3856793600,1.516553e+17,4.465432,4.417192
235500,3858432000,1.517197e+17,4.419903,4.414346
235600,3860070400,1.517841e+17,4.425938,4.414243
235700,3861708800,1.518486e+17,4.463663,4.414781
235800,3863347200,1.519130e+17,4.501708,4.414860
235900,3864985600,1.519774e+17,4.475683,4.414727
236000,3866624000,1.520418e+17,4.500473,4.413956
236100,3868262400,1.521063e+17,4.482138,4.411773
236200,3869900800,1.521707e+17,4.462529,4.413054
236300,3871539200,1.522351e+17,4.440134,4.414255
236400,3873177600,1.522995e+17,4.477621,4.415240
236500,3874816000,1.523640e+17,4.478094,4.414414
236600,3876454400,1.524284e+17,4.454218,4.413382
236700,3878092800,1.524928e+17,4.460696,4.413718
236800,3879731200,1.525572e+17,4.449814,4.415937
236900,3881369600,1.526217e+17,4.475277,4.415208
237000,3883008000,1.526861e+17,4.449372,4.414428
237100,3884646400,1.527505e+17,4.460672,4.414198
237200,3886284800,1.528149e+17,4.423594,4.413803
237300,3887923200,1.528794e+17,4.444505,4.413537
237400,3889561600,1.529438e+17,4.450677,4.414026
237500,3891200000,1.530082e+17,4.470194,4.412814
237600,3892838400,1.530726e+17,4.428792,4.411412
237700,3894476800,1.531371e+17,4.452011,4.410691
237800,3896115200,1.532015e+17,4.474887,4.410999
237900,3897753600,1.532659e+17,4.452019,4.409237
238000,3899392000,1.533303e+17,4.481335,4.410624
238100,3901030400,1.533948e+17,4.487006,4.411710
238200,3902668800,1.534592e+17,4.483810,4.410713
238300,3904307200,1.535236e+17,4.475840,4.411367
238400,3905945600,1.535880e+17,4.496894,4.410686
238500,3907584000,1.536525e+17,4.460051,4.410674
238600,3909222400,1.537169e+17,4.453947,4.410095
238700,3910860800,1.537813e+17,4.424691,4.410750
238800,3912499200,1.538457e+17,4.494405,4.412355
238900,3914137600,1.539102e+17,4.438375,4.410070
239000,3915776000,1.539746e+17,4.423634,4.409758
239100,3917414400,1.540390e+17,4.437827,4.408860
239200,3919052800,1.541034e+17,4.461896,4.408769
239300,3920691200,1.541679e+17,4.457222,4.408471
239400,3922329600,1.542323e+17,4.443013,4.406728
239500,3923968000,1.542967e+17,4.473019,4.408576
239600,3925606400,1.543611e+17,4.440318,4.406253
239700,3927244800,1.544255e+17,4.446899,4.407778
239800,3928883200,1.544900e+17,4.453629,4.408360
239900,3930521600,1.545544e+17,4.476481,4.407516
240000,3932160000,1.546188e+17,4.439100,4.406334
240100,3933798400,1.546832e+17,4.414388,4.408247
240200,3935436800,1.547477e+17,4.484567,4.410284
240300,3937075200,1.548121e+17,4.456781,4.408598
240400,3938713600,1.548765e+17,4.450477,4.408244
240500,3940352000,1.549409e+17,4.443556,4.408289
240600,3941990400,1.550054e+17,4.481494,4.407574
240700,3943628800,1.550698e+17,4.458757,4.407894
240800,3945267200,1.551342e+17,4.471075,4.408583
240900,3946905600,1.551986e+17,4.453080,4.408131
241000,3948544000,1.552631e+17,4.487338,4.409014
241100,3950182400,1.553275e+17,4.428963,4.408592
241200,3951820800,1.553919e+17,4.448141,4.407928
241300,3953459200,1.554563e+17,4.434109,4.407116
241400,3955097600,1.555208e+17,4.499223,4.407262
241500,3956736000,1.555852e+17,4.469093,4.407778
241600,3958374400,1.556496e+17,4.449120,4.408468
241700,3960012800,1.557140e+17,4.447670,4.407604
241800,3961651200,1.557785e+17,4.529534,4.408796
241900,3963289600,1.558429e+17,4.447543,4.409132
242000,3964928000,1.559073e+17,4.506917,4.412128
242100,3966566400,1.559717e+17,4.455173,4.410949
242200,3968204800,1.560362e+17,4.498680,4.409840
242300,3969843200,1.561006e+17,4.466398,4.409499
242400,3971481600,1.561650e+17,4.457242,4.407954
242500,3973120000,1.562294e+17,4.425907,4.409270
242600,3974758400,1.562939e+17,4.444863,4.408017
242700,3976396800,1.563583e+17,4.479188,4.409016
242800,3978035200,1.564227e+17,4.453046,4.408879
242900,3979673600,1.564871e+17,4.427675,4.408568
243000,3981312000,1.565516e+17,4.579231,4.409150
243100,3982950400,1.566160e+17,4.494402,4.406379
243200,3984588800,1.566804e+17,4.504821,4.408388
243300,3986227200,1.567448e+17,4.466009,4.405427
243400,3987865600,1.568093e+17,4.426660,4.405285
243500,3989504000,1.568737e+17,4.456960,4.405475
243600,3991142400,1.569381e+17,4.433597,4.406720
243700,3992780800,1.570025e+17,4.483547,4.407306
243800,3994419200,1.570670e+17,4.492989,4.405708
243900,3996057600,1.571314e+17,4.419880,4.405551
244000,3997696000,1.571958e+17,4.472253,4.406966
244100,3999334400,1.572602e+17,4.452657,4.405641
244200,4000972800,1.573247e+17,4.478272,4.405759
244300,4002611200,1.573891e+17,4.458581,4.406152
244400,4004249600,1.574535e+17,4.452731,4.405237
244500,4005888000,1.575179e+17,4.459626,4.406359
244600,4007526400,1.575824e+17,4.455887,4.404600
244700,4009164800,1.576468e+17,4.444461,4.405939
244800,4010803200,1.577112e+17,4.453757,4.404936
244900,4012441600,1.577756e+17,4.448321,4.406896
245000,4014080000,1.578400e+17,4.448264,4.405381
245100,4015718400,1.579045e+17,4.424252,4.406194
245200,4017356800,1.579689e+17,4.428960,4.405336
245300,4018995200,1.580333e+17,4.435107,4.402501
245400,4020633600,1.580977e+17,4.505634,4.406384
245500,4022272000,1.581622e+17,4.461892,4.404875
245600,4023910400,1.582266e+17,4.434499,4.403924
245700,4025548800,1.582910e+17,4.465907,4.406396
245800,4027187200,1.583554e+17,4.498957,4.404297
245900,4028825600,1.584199e+17,4.520431,4.404482
246000,4030464000,1.584843e+17,4.446324,4.406120
246100,4032102400,1.585487e+17,4.468848,4.405697
246200,4033740800,1.586131e+17,4.465382,4.406595
246300,4035379200,1.586776e+17,4.446344,4.404812
246400,4037017600,1.587420e+17,4.454858,4.406092
246500,4038656000,1.588064e+17,4.446502,4.405086
246600,4040294400,1.588708e+17,4.450939,4.404550
246700,4041932800,1.589353e+17,4.398734,4.404996
246800,4043571200,1.589997e+17,4.436657,4.403543
246900,4045209600,1.590641e+17,4.412494,4.403718
247000,4046848000,1.591285e+17,4.425683,4.404980
247100,4048486400,1.591930e+17,4.408400,4.406367
247200,4050124800,1.592574e+17,4.459341,4.404046
247300,4051763200,1.593218e+17,4.473036,4.405171
247400,4053401600,1.593862e+17,4.450552,4.405248
247500,4055040000,1.594507e+17,4.477085,4.404763
247600,4056678400,1.595151e+17,4.480673,4.404817
247700,4058316800,1.595795e+17,4.514315,4.404571
247800,4059955200,1.596439e+17,4.431174,4.403733
247900,4061593600,1.597084e+17,4.468469,4.403286
248000,4063232000,1.597728e+17,4.474532,4.403277
248100,4064870400,1.598372e+17,4.451922,4.403611
248200,4066508800,1.599016e+17,4.429980,4.403165
248300,4068147200,1.599661e+17,4.496315,4.403559
248400,4069785600,1.600305e+17,4.450073,4.402488
248500,4071424000,1.600949e+17,4.436469,4.402793
248536,4072013824,1.601181e+17,4.436469,4.444791
