step,tokens_seen,cumulative_flops,train_loss,eval_loss
100,1638400,6.442451e+13,304.275177,149.637220
200,3276800,1.288490e+14,92.325401,45.093430
300,4915200,1.932735e+14,45.955681,37.077471
400,6553600,2.576980e+14,35.569317,33.136688
500,8192000,3.221225e+14,31.087673,29.849961
600,9830400,3.865471e+14,27.824789,26.726156
700,11468800,4.509716e+14,24.700363,23.672444
800,13107200,5.153961e+14,21.766121,21.152507
900,14745600,5.798206e+14,19.585621,19.190768
1000,16384000,6.442451e+14,17.822346,17.254935
1100,18022400,7.086696e+14,16.076241,15.404990
1200,19660800,7.730941e+14,14.274094,13.781929
1300,21299200,8.375186e+14,13.054470,12.700416
1400,22937600,9.019431e+14,11.994218,11.634578
1500,24576000,9.663676e+14,11.046135,10.827729
1600,26214400,1.030792e+15,10.207485,10.128608
1700,27852800,1.095217e+15,9.716593,9.631662
1800,29491200,1.159641e+15,9.396133,9.211470
1900,31129600,1.224066e+15,8.949808,8.843273
2000,32768000,1.288490e+15,8.637921,8.642691
2100,34406400,1.352915e+15,8.238316,8.342538
2200,36044800,1.417339e+15,8.049026,8.167926
2300,37683200,1.481764e+15,7.907765,7.973091
2400,39321600,1.546188e+15,7.738919,7.838601
2500,40960000,1.610613e+15,7.698911,7.742320
2600,42598400,1.675037e+15,7.573914,7.653265
2700,44236800,1.739462e+15,7.508030,7.599873
2800,45875200,1.803886e+15,7.427831,7.488872
2900,47513600,1.868311e+15,7.346696,7.439309
3000,49152000,1.932735e+15,7.286161,7.387989
3100,50790400,1.997160e+15,7.246074,7.330294
3200,52428800,2.061584e+15,7.150228,7.266722
3300,54067200,2.126009e+15,7.163377,7.229987
3400,55705600,2.190433e+15,7.128006,7.203742
3500,57344000,2.254858e+15,7.054687,7.156919
3600,58982400,2.319282e+15,7.084888,7.127181
3700,60620800,2.383707e+15,6.998389,7.098540
3800,62259200,2.448131e+15,7.055201,7.055260
3900,63897600,2.512556e+15,6.968128,7.033485
4000,65536000,2.576980e+15,6.974743,7.004260
4100,67174400,2.641405e+15,6.917706,6.993188
4200,68812800,2.705829e+15,6.939796,6.984694
4300,70451200,2.770254e+15,6.912658,6.962509
4400,72089600,2.834678e+15,6.870287,6.931905
4500,73728000,2.899103e+15,6.841983,6.928184
4600,75366400,2.963527e+15,6.794094,6.925192
4700,77004800,3.027952e+15,6.766731,6.870205
4800,78643200,3.092376e+15,6.772586,6.873817
4900,80281600,3.156801e+15,6.787273,6.836986
5000,81920000,3.221225e+15,6.756629,6.833638
5100,83558400,3.285650e+15,6.754956,6.808719
5200,85196800,3.350074e+15,6.698143,6.794332
5300,86835200,3.414499e+15,6.729245,6.771600
5400,88473600,3.478924e+15,6.679591,6.787180
5500,90112000,3.543348e+15,6.707265,6.737428
5600,91750400,3.607773e+15,6.671500,6.751490
5700,93388800,3.672197e+15,6.682918,6.726751
5800,95027200,3.736622e+15,6.690369,6.710212
5900,96665600,3.801046e+15,6.694255,6.715368
6000,98304000,3.865471e+15,6.582011,6.689055
6100,99942400,3.929895e+15,6.574183,6.677042
6200,101580800,3.994320e+15,6.577765,6.669029
6300,103219200,4.058744e+15,6.590864,6.648492
6400,104857600,4.123169e+15,6.560774,6.638762
6500,106496000,4.187593e+15,6.583306,6.621410
6600,108134400,4.252018e+15,6.571689,6.620434
6700,109772800,4.316442e+15,6.539742,6.594762
6800,111411200,4.380867e+15,6.524986,6.583306
6900,113049600,4.445291e+15,6.509977,6.578710
7000,114688000,4.509716e+15,6.500539,6.563234
7100,116326400,4.574140e+15,6.479348,6.558983
7200,117964800,4.638565e+15,6.456860,6.528696
7300,119603200,4.702989e+15,6.456626,6.527535
7400,121241600,4.767414e+15,6.424695,6.542763
7500,122880000,4.831838e+15,6.442318,6.545642
7600,124518400,4.896263e+15,6.455195,6.510231
7700,126156800,4.960687e+15,6.421249,6.489438
7800,127795200,5.025112e+15,6.402275,6.474662
7900,129433600,5.089536e+15,6.429383,6.460544
8000,131072000,5.153961e+15,6.411452,6.464239
8100,132710400,5.218385e+15,6.346914,6.449940
8200,134348800,5.282810e+15,6.396486,6.444827
8300,135987200,5.347234e+15,6.367192,6.442671
8400,137625600,5.411659e+15,6.391510,6.423420
8500,139264000,5.476083e+15,6.278677,6.420696
8600,140902400,5.540508e+15,6.400390,6.417670
8700,142540800,5.604932e+15,6.335574,6.401692
8800,144179200,5.669357e+15,6.340423,6.382219
8900,145817600,5.733781e+15,6.300846,6.377163
9000,147456000,5.798206e+15,6.316898,6.369025
9100,149094400,5.862630e+15,6.292476,6.366089
9200,150732800,5.927055e+15,6.315941,6.382991
9300,152371200,5.991479e+15,6.262024,6.351248
9400,154009600,6.055904e+15,6.274255,6.350602
9500,155648000,6.120328e+15,6.298936,6.325537
9600,157286400,6.184753e+15,6.278626,6.311235
9700,158924800,6.249177e+15,6.265810,6.306529
9800,160563200,6.313602e+15,6.235446,6.296604
9900,162201600,6.378026e+15,6.218868,6.305380
10000,163840000,6.442451e+15,6.241201,6.297914
10100,165478400,6.506875e+15,6.240388,6.273692
10200,167116800,6.571300e+15,6.189483,6.277360
10300,168755200,6.635724e+15,6.178921,6.266113
10400,170393600,6.700149e+15,6.192648,6.258234
10500,172032000,6.764573e+15,6.187113,6.241251
10600,173670400,6.828998e+15,6.210118,6.240809
10700,175308800,6.893423e+15,6.185651,6.243047
10800,176947200,6.957847e+15,6.152487,6.251329
10900,178585600,7.022272e+15,6.209080,6.213268
11000,180224000,7.086696e+15,6.146786,6.208559
11100,181862400,7.151121e+15,6.123568,6.208691
11200,183500800,7.215545e+15,6.168997,6.212263
11300,185139200,7.279970e+15,6.117561,6.201124
11400,186777600,7.344394e+15,6.046052,6.204371
11500,188416000,7.408819e+15,6.081810,6.176499
11600,190054400,7.473243e+15,6.112881,6.168965
11700,191692800,7.537668e+15,6.100086,6.162076
11800,193331200,7.602092e+15,6.061646,6.149811
11900,194969600,7.666517e+15,6.104411,6.148224
12000,196608000,7.730941e+15,6.107788,6.139420
12100,198246400,7.795366e+15,6.013519,6.151119
12200,199884800,7.859790e+15,6.102696,6.137573
12300,201523200,7.924215e+15,6.045610,6.118526
12400,203161600,7.988639e+15,6.081506,6.123492
12500,204800000,8.053064e+15,6.058966,6.125543
12600,206438400,8.117488e+15,6.038363,6.099720
12700,208076800,8.181913e+15,6.045590,6.102975
12800,209715200,8.246337e+15,6.033307,6.102762
12900,211353600,8.310762e+15,6.008974,6.089837
13000,212992000,8.375186e+15,6.009035,6.085275
13100,214630400,8.439611e+15,6.002294,6.079841
13200,216268800,8.504035e+15,6.027162,6.081712
13300,217907200,8.568460e+15,5.987528,6.063383
13400,219545600,8.632884e+15,6.032587,6.059925
13500,221184000,8.697309e+15,6.037045,6.055519
13600,222822400,8.761733e+15,6.059473,6.066121
13700,224460800,8.826158e+15,6.000792,6.038548
13800,226099200,8.890582e+15,5.972654,6.040270
13900,227737600,8.955007e+15,5.997747,6.046300
14000,229376000,9.019431e+15,5.976542,6.025150
14100,231014400,9.083856e+15,5.943183,6.026890
14200,232652800,9.148280e+15,5.982057,6.029038
14300,234291200,9.212705e+15,5.957387,6.024825
14400,235929600,9.277129e+15,5.978796,6.007159
14500,237568000,9.341554e+15,5.934276,6.001521
14600,239206400,9.405978e+15,5.937280,5.997405
14700,240844800,9.470403e+15,5.920758,5.993046
14800,242483200,9.534827e+15,5.923920,5.986726
14900,244121600,9.599252e+15,5.940244,5.991178
15000,245760000,9.663676e+15,5.933457,5.982412
15100,247398400,9.728101e+15,5.917581,5.978368
15200,249036800,9.792525e+15,5.929473,5.974322
15300,250675200,9.856950e+15,5.928050,5.965173
15400,252313600,9.921374e+15,5.999821,5.967591
15500,253952000,9.985799e+15,5.896844,5.964957
15600,255590400,1.005022e+16,5.913690,5.958245
15700,257228800,1.011465e+16,5.892467,5.958154
15800,258867200,1.017907e+16,5.899323,5.943036
15900,260505600,1.024350e+16,5.883220,5.944197
16000,262144000,1.030792e+16,5.898715,5.950592
16100,263782400,1.037235e+16,5.850894,5.936696
16200,265420800,1.043677e+16,5.849217,5.931547
16300,267059200,1.050120e+16,5.928607,5.916757
16400,268697600,1.056562e+16,5.913891,5.953136
16500,270336000,1.063004e+16,5.919392,5.923650
16600,271974400,1.069447e+16,5.833039,5.913094
16700,273612800,1.075889e+16,5.968755,5.908296
16800,275251200,1.082332e+16,5.845888,5.906728
16900,276889600,1.088774e+16,5.870924,5.896758
17000,278528000,1.095217e+16,5.809697,5.900944
17100,280166400,1.101659e+16,5.750978,5.894267
17200,281804800,1.108102e+16,5.819146,5.897040
17300,283443200,1.114544e+16,5.821408,5.892763
17400,285081600,1.120986e+16,5.837496,5.887423
17500,286720000,1.127429e+16,5.844105,5.877657
17600,288358400,1.133871e+16,5.846560,5.874534
17700,289996800,1.140314e+16,5.834818,5.874943
17800,291635200,1.146756e+16,5.833157,5.865737
17900,293273600,1.153199e+16,5.814787,5.857943
18000,294912000,1.159641e+16,5.788788,5.858452
18100,296550400,1.166084e+16,5.828835,5.861392
18200,298188800,1.172526e+16,5.819373,5.866201
18300,299827200,1.178969e+16,5.796906,5.859801
18400,301465600,1.185411e+16,5.838188,5.845779
18500,303104000,1.191853e+16,5.810921,5.834738
18600,304742400,1.198296e+16,5.780475,5.843782
18700,306380800,1.204738e+16,5.837254,5.846157
18800,308019200,1.211181e+16,5.803979,5.837210
18900,309657600,1.217623e+16,5.807837,5.832277
19000,311296000,1.224066e+16,5.784605,5.825990
19100,312934400,1.230508e+16,5.758973,5.818127
19200,314572800,1.236951e+16,5.819790,5.819484
19300,316211200,1.243393e+16,5.776485,5.825374
19400,317849600,1.249835e+16,5.725781,5.811203
19500,319488000,1.256278e+16,5.706240,5.817732
19600,321126400,1.262720e+16,5.736630,5.803246
19700,322764800,1.269163e+16,5.760597,5.813039
19800,324403200,1.275605e+16,5.760629,5.798685
19900,326041600,1.282048e+16,5.749968,5.796181
20000,327680000,1.288490e+16,5.766482,5.795673
20100,329318400,1.294933e+16,5.728934,5.792332
20200,330956800,1.301375e+16,5.769785,5.788801
20300,332595200,1.307818e+16,5.749762,5.787108
20400,334233600,1.314260e+16,5.794322,5.787088
20500,335872000,1.320702e+16,5.727079,5.775572
20600,337510400,1.327145e+16,5.713134,5.779217
20700,339148800,1.333587e+16,5.686215,5.780819
20800,340787200,1.340030e+16,5.735567,5.764875
20900,342425600,1.346472e+16,5.722602,5.764456
21000,344064000,1.352915e+16,5.692182,5.767752
21100,345702400,1.359357e+16,5.763058,5.769213
21200,347340800,1.365800e+16,5.690032,5.762843
21300,348979200,1.372242e+16,5.719293,5.751951
21400,350617600,1.378685e+16,5.697134,5.751043
21500,352256000,1.385127e+16,5.706860,5.748919
21600,353894400,1.391569e+16,5.694862,5.753789
21700,355532800,1.398012e+16,5.693047,5.743039
21800,357171200,1.404454e+16,5.687761,5.745685
21900,358809600,1.410897e+16,5.737174,5.726991
22000,360448000,1.417339e+16,5.723334,5.745849
22100,362086400,1.423782e+16,5.702610,5.740887
22200,363724800,1.430224e+16,5.697611,5.739188
22300,365363200,1.436667e+16,5.681827,5.731037
22400,367001600,1.443109e+16,5.707435,5.729993
22500,368640000,1.449551e+16,5.696805,5.724934
22600,370278400,1.455994e+16,5.698888,5.718038
22700,371916800,1.462436e+16,5.668889,5.719544
22800,373555200,1.468879e+16,5.656297,5.710169
22900,375193600,1.475321e+16,5.671108,5.709446
23000,376832000,1.481764e+16,5.639595,5.716863
23100,378470400,1.488206e+16,5.648444,5.699123
23200,380108800,1.494649e+16,5.624043,5.700239
23300,381747200,1.501091e+16,5.675029,5.697026
23400,383385600,1.507534e+16,5.671077,5.699042
23500,385024000,1.513976e+16,5.632711,5.698314
23600,386662400,1.520418e+16,5.651235,5.694431
23700,388300800,1.526861e+16,5.675963,5.690236
23800,389939200,1.533303e+16,5.692410,5.690620
23900,391577600,1.539746e+16,5.624080,5.682501
24000,393216000,1.546188e+16,5.661121,5.691705
24100,394854400,1.552631e+16,5.656516,5.677465
24200,396492800,1.559073e+16,5.660881,5.675790
24300,398131200,1.565516e+16,5.640619,5.670965
24400,399769600,1.571958e+16,5.619675,5.667941
24500,401408000,1.578400e+16,5.656867,5.668512
24600,403046400,1.584843e+16,5.655999,5.668518
24700,404684800,1.591285e+16,5.640083,5.663438
24800,406323200,1.597728e+16,5.662602,5.660728
24900,407961600,1.604170e+16,5.645996,5.658833
25000,409600000,1.610613e+16,5.610238,5.646602
25100,411238400,1.617055e+16,5.624305,5.655029
25200,412876800,1.623498e+16,5.610320,5.656997
25300,414515200,1.629940e+16,5.632022,5.660888
25400,416153600,1.636383e+16,5.544882,5.655607
25500,417792000,1.642825e+16,5.589535,5.636595
25600,419430400,1.649267e+16,5.601301,5.640171
25700,421068800,1.655710e+16,5.612879,5.638456
25800,422707200,1.662152e+16,5.633782,5.646122
25900,424345600,1.668595e+16,5.641800,5.639833
26000,425984000,1.675037e+16,5.607783,5.628395
26100,427622400,1.681480e+16,5.595746,5.624026
26200,429260800,1.687922e+16,5.574867,5.629133
26300,430899200,1.694365e+16,5.580907,5.625493
26400,432537600,1.700807e+16,5.587594,5.623937
26500,434176000,1.707250e+16,5.590736,5.617491
26600,435814400,1.713692e+16,5.613540,5.616217
26700,437452800,1.720134e+16,5.602714,5.624250
26800,439091200,1.726577e+16,5.613772,5.614618
26900,440729600,1.733019e+16,5.559784,5.616342
27000,442368000,1.739462e+16,5.588400,5.613070
27100,444006400,1.745904e+16,5.602851,5.608969
27200,445644800,1.752347e+16,5.629383,5.601560
27300,447283200,1.758789e+16,5.575197,5.594325
27400,448921600,1.765232e+16,5.551294,5.604298
27500,450560000,1.771674e+16,5.578595,5.604987
27600,452198400,1.778116e+16,5.563756,5.600778
27700,453836800,1.784559e+16,5.595404,5.591386
27800,455475200,1.791001e+16,5.573555,5.593875
27900,457113600,1.797444e+16,5.562290,5.585315
28000,458752000,1.803886e+16,5.599343,5.581190
28100,460390400,1.810329e+16,5.551571,5.583749
28200,462028800,1.816771e+16,5.538587,5.584736
28300,463667200,1.823214e+16,5.565856,5.585732
28400,465305600,1.829656e+16,5.568206,5.577829
28500,466944000,1.836099e+16,5.515645,5.581805
28600,468582400,1.842541e+16,5.495966,5.586507
28700,470220800,1.848983e+16,5.557857,5.574868
28800,471859200,1.855426e+16,5.524168,5.579746
28900,473497600,1.861868e+16,5.518384,5.565672
29000,475136000,1.868311e+16,5.564109,5.566223
29100,476774400,1.874753e+16,5.551879,5.561855
29200,478412800,1.881196e+16,5.541925,5.560041
29300,480051200,1.887638e+16,5.526335,5.561276
29400,481689600,1.894081e+16,5.546073,5.560145
29500,483328000,1.900523e+16,5.596362,5.563991
29600,484966400,1.906965e+16,5.566401,5.552914
29700,486604800,1.913408e+16,5.564726,5.556242
29800,488243200,1.919850e+16,5.524218,5.553249
29900,489881600,1.926293e+16,5.504095,5.548403
30000,491520000,1.932735e+16,5.493916,5.551280
30100,493158400,1.939178e+16,5.556416,5.552998
30200,494796800,1.945620e+16,5.498515,5.543343
30300,496435200,1.952063e+16,5.561099,5.547675
30400,498073600,1.958505e+16,5.549544,5.539817
30500,499712000,1.964948e+16,5.578058,5.545825
30600,501350400,1.971390e+16,5.526545,5.535646
30700,502988800,1.977832e+16,5.541079,5.537540
30800,504627200,1.984275e+16,5.514266,5.526849
30900,506265600,1.990717e+16,5.511284,5.527827
31000,507904000,1.997160e+16,5.506843,5.523726
31100,509542400,2.003602e+16,5.499250,5.521504
31200,511180800,2.010045e+16,5.494127,5.513820
31300,512819200,2.016487e+16,5.506291,5.521970
31400,514457600,2.022930e+16,5.529381,5.522743
31500,516096000,2.029372e+16,5.537479,5.525912
31600,517734400,2.035814e+16,5.558043,5.513452
31700,519372800,2.042257e+16,5.525097,5.506673
31800,521011200,2.048699e+16,5.473298,5.511116
31900,522649600,2.055142e+16,5.487064,5.513067
32000,524288000,2.061584e+16,5.470870,5.513034
32100,525926400,2.068027e+16,5.447838,5.513455
32200,527564800,2.074469e+16,5.483274,5.510030
32300,529203200,2.080912e+16,5.437217,5.499219
32400,530841600,2.087354e+16,5.453075,5.501976
32500,532480000,2.093797e+16,5.506879,5.498526
32600,534118400,2.100239e+16,5.503995,5.497163
32700,535756800,2.106681e+16,5.502925,5.499560
32800,537395200,2.113124e+16,5.485357,5.497257
32900,539033600,2.119566e+16,5.459587,5.498443
33000,540672000,2.126009e+16,5.443752,5.492799
33100,542310400,2.132451e+16,5.505221,5.485767
33200,543948800,2.138894e+16,5.466963,5.490349
33300,545587200,2.145336e+16,5.451193,5.498197
33400,547225600,2.151779e+16,5.491420,5.483484
33500,548864000,2.158221e+16,5.484236,5.490467
33600,550502400,2.164664e+16,5.449475,5.477630
33700,552140800,2.171106e+16,5.460684,5.483208
33800,553779200,2.177548e+16,5.467490,5.478154
33900,555417600,2.183991e+16,5.426954,5.477838
34000,557056000,2.190433e+16,5.477224,5.474281
34100,558694400,2.196876e+16,5.402489,5.472809
34200,560332800,2.203318e+16,5.444284,5.464154
34300,561971200,2.209761e+16,5.441990,5.461504
34400,563609600,2.216203e+16,5.460199,5.469596
34500,565248000,2.222646e+16,5.443454,5.459492
34600,566886400,2.229088e+16,5.412155,5.454258
34700,568524800,2.235530e+16,5.421943,5.456317
34800,570163200,2.241973e+16,5.442385,5.453169
34900,571801600,2.248415e+16,5.520345,5.465262
35000,573440000,2.254858e+16,5.470125,5.458515
35100,575078400,2.261300e+16,5.439842,5.446817
35200,576716800,2.267743e+16,5.441560,5.454134
35300,578355200,2.274185e+16,5.497255,5.453419
35400,579993600,2.280628e+16,5.407746,5.449707
35500,581632000,2.287070e+16,5.376710,5.445416
35600,583270400,2.293513e+16,5.395710,5.449569
35700,584908800,2.299955e+16,5.468330,5.445185
35800,586547200,2.306397e+16,5.436021,5.444650
35900,588185600,2.312840e+16,5.402050,5.437952
36000,589824000,2.319282e+16,5.466048,5.445254
36100,591462400,2.325725e+16,5.438351,5.439821
36200,593100800,2.332167e+16,5.450269,5.434802
36300,594739200,2.338610e+16,5.414438,5.429244
36400,596377600,2.345052e+16,5.403602,5.427280
36500,598016000,2.351495e+16,5.413348,5.429609
36600,599654400,2.357937e+16,5.437306,5.429168
36700,601292800,2.364379e+16,5.419822,5.427646
36800,602931200,2.370822e+16,5.414458,5.417044
36900,604569600,2.377264e+16,5.363391,5.430732
37000,606208000,2.383707e+16,5.395560,5.419074
37100,607846400,2.390149e+16,5.390337,5.418950
37200,609484800,2.396592e+16,5.428154,5.402161
37300,611123200,2.403034e+16,5.401174,5.406612
37400,612761600,2.409477e+16,5.409719,5.405857
37500,614400000,2.415919e+16,5.360464,5.402524
37600,616038400,2.422362e+16,5.354250,5.401180
37700,617676800,2.428804e+16,5.407719,5.400441
37800,619315200,2.435246e+16,5.385242,5.401991
37900,620953600,2.441689e+16,5.410257,5.388755
38000,622592000,2.448131e+16,5.371362,5.397687
38100,624230400,2.454574e+16,5.346521,5.399344
38200,625868800,2.461016e+16,5.417228,5.402966
38300,627507200,2.467459e+16,5.373563,5.394242
38400,629145600,2.473901e+16,5.356799,5.391707
38500,630784000,2.480344e+16,5.387869,5.385888
38600,632422400,2.486786e+16,5.367868,5.383147
38700,634060800,2.493229e+16,5.330748,5.388582
38800,635699200,2.499671e+16,5.379869,5.393682
38900,637337600,2.506113e+16,5.381172,5.380591
39000,638976000,2.512556e+16,5.351424,5.378159
39100,640614400,2.518998e+16,5.379849,5.383921
39200,642252800,2.525441e+16,5.356809,5.378755
39300,643891200,2.531883e+16,5.385664,5.380876
39400,645529600,2.538326e+16,5.363030,5.370848
39500,647168000,2.544768e+16,5.356963,5.377136
39600,648806400,2.551211e+16,5.342511,5.364598
39700,650444800,2.557653e+16,5.357540,5.366228
39800,652083200,2.564095e+16,5.322367,5.361527
39900,653721600,2.570538e+16,5.324943,5.363164
40000,655360000,2.576980e+16,5.361028,5.366672
40100,656998400,2.583423e+16,5.393608,5.367821
40200,658636800,2.589865e+16,5.318925,5.358301
40300,660275200,2.596308e+16,5.351035,5.355477
40400,661913600,2.602750e+16,5.353593,5.364258
40500,663552000,2.609193e+16,5.335734,5.352781
40600,665190400,2.615635e+16,5.350266,5.357099
40700,666828800,2.622078e+16,5.347793,5.355110
40800,668467200,2.628520e+16,5.317269,5.357410
40900,670105600,2.634962e+16,5.355894,5.363406
41000,671744000,2.641405e+16,5.294940,5.354378
41100,673382400,2.647847e+16,5.353588,5.348742
41200,675020800,2.654290e+16,5.356669,5.346671
41300,676659200,2.660732e+16,5.365952,5.345833
41400,678297600,2.667175e+16,5.370865,5.350836
41500,679936000,2.673617e+16,5.332178,5.342916
41600,681574400,2.680060e+16,5.337945,5.339420
41700,683212800,2.686502e+16,5.321457,5.334034
41800,684851200,2.692944e+16,5.317259,5.331416
41900,686489600,2.699387e+16,5.337019,5.339753
42000,688128000,2.705829e+16,5.282444,5.322723
42100,689766400,2.712272e+16,5.331822,5.325098
42200,691404800,2.718714e+16,5.327391,5.321820
42300,693043200,2.725157e+16,5.284662,5.323875
42400,694681600,2.731599e+16,5.317174,5.323651
42500,696320000,2.738042e+16,5.327457,5.317142
42600,697958400,2.744484e+16,5.313337,5.320099
42700,699596800,2.750927e+16,5.351735,5.325858
42800,701235200,2.757369e+16,5.296266,5.316077
42900,702873600,2.763811e+16,5.330748,5.321491
43000,704512000,2.770254e+16,5.376187,5.327306
43100,706150400,2.776696e+16,5.306952,5.312276
43200,707788800,2.783139e+16,5.297318,5.313785
43300,709427200,2.789581e+16,5.315472,5.307496
43400,711065600,2.796024e+16,5.296426,5.316440
43500,712704000,2.802466e+16,5.297188,5.311006
43600,714342400,2.808909e+16,5.269533,5.303932
43700,715980800,2.815351e+16,5.299186,5.306307
43800,717619200,2.821794e+16,5.267984,5.311881
43900,719257600,2.828236e+16,5.251061,5.308281
44000,720896000,2.834678e+16,5.267517,5.302275
44100,722534400,2.841121e+16,5.303157,5.298464
44200,724172800,2.847563e+16,5.340801,5.296596
44300,725811200,2.854006e+16,5.238805,5.295121
44400,727449600,2.860448e+16,5.299375,5.303532
44500,729088000,2.866891e+16,5.267249,5.298510
44600,730726400,2.873333e+16,5.233613,5.293854
44700,732364800,2.879776e+16,5.264850,5.298745
44800,734003200,2.886218e+16,5.302452,5.294513
44900,735641600,2.892660e+16,5.296082,5.300128
45000,737280000,2.899103e+16,5.328891,5.294115
45100,738918400,2.905545e+16,5.260905,5.288563
45200,740556800,2.911988e+16,5.297996,5.290474
45300,742195200,2.918430e+16,5.263920,5.290508
45400,743833600,2.924873e+16,5.315252,5.280345
45500,745472000,2.931315e+16,5.296011,5.278384
45600,747110400,2.937758e+16,5.226139,5.272252
45700,748748800,2.944200e+16,5.236373,5.280379
45800,750387200,2.950643e+16,5.238669,5.274860
45900,752025600,2.957085e+16,5.253936,5.266354
46000,753664000,2.963527e+16,5.250546,5.264506
46100,755302400,2.969970e+16,5.270393,5.260785
46200,756940800,2.976412e+16,5.263137,5.264811
46300,758579200,2.982855e+16,5.244728,5.269335
46400,760217600,2.989297e+16,5.253757,5.258071
46500,761856000,2.995740e+16,5.204188,5.266031
46600,763494400,3.002182e+16,5.234484,5.255345
46700,765132800,3.008625e+16,5.208732,5.258929
46800,766771200,3.015067e+16,5.272580,5.260511
46900,768409600,3.021509e+16,5.245842,5.257254
47000,770048000,3.027952e+16,5.225408,5.253865
47100,771686400,3.034394e+16,5.237667,5.258436
47200,773324800,3.040837e+16,5.244502,5.248919
47300,774963200,3.047279e+16,5.220858,5.254598
47400,776601600,3.053722e+16,5.247590,5.245416
47500,778240000,3.060164e+16,5.226090,5.244169
47600,779878400,3.066607e+16,5.236316,5.246003
47700,781516800,3.073049e+16,5.214259,5.250596
47800,783155200,3.079492e+16,5.223576,5.244096
47900,784793600,3.085934e+16,5.216053,5.245861
48000,786432000,3.092376e+16,5.206412,5.243015
48100,788070400,3.098819e+16,5.212284,5.237053
48200,789708800,3.105261e+16,5.237435,5.239406
48300,791347200,3.111704e+16,5.238913,5.239281
48400,792985600,3.118146e+16,5.199828,5.238406
48500,794624000,3.124589e+16,5.237244,5.235800
48600,796262400,3.131031e+16,5.226351,5.239046
48700,797900800,3.137474e+16,5.226943,5.228356
48800,799539200,3.143916e+16,5.178478,5.231099
48900,801177600,3.150359e+16,5.234001,5.229407
49000,802816000,3.156801e+16,5.235849,5.221628
49100,804454400,3.163243e+16,5.182330,5.218001
49200,806092800,3.169686e+16,5.212459,5.218679
49300,807731200,3.176128e+16,5.208878,5.215122
49400,809369600,3.182571e+16,5.243225,5.226041
49500,811008000,3.189013e+16,5.214913,5.212608
49600,812646400,3.195456e+16,5.190196,5.215695
49700,814284800,3.201898e+16,5.212343,5.204374
49800,815923200,3.208341e+16,5.265554,5.214251
49900,817561600,3.214783e+16,5.232871,5.210888
50000,819200000,3.221225e+16,5.198970,5.211811
50100,820838400,3.227668e+16,5.238204,5.211823
50200,822476800,3.234110e+16,5.260451,5.210890
50300,824115200,3.240553e+16,5.188826,5.221130
50400,825753600,3.246995e+16,5.225791,5.208090
50500,827392000,3.253438e+16,5.200890,5.211256
50600,829030400,3.259880e+16,5.186101,5.201212
50700,830668800,3.266323e+16,5.172240,5.203723
50800,832307200,3.272765e+16,5.199193,5.196990
50900,833945600,3.279208e+16,5.176268,5.203692
51000,835584000,3.285650e+16,5.143418,5.195976
51100,837222400,3.292092e+16,5.214437,5.203025
51200,838860800,3.298535e+16,5.175088,5.196344
51300,840499200,3.304977e+16,5.167258,5.194698
51400,842137600,3.311420e+16,5.191715,5.179566
51500,843776000,3.317862e+16,5.159555,5.188789
51600,845414400,3.324305e+16,5.221430,5.188470
51700,847052800,3.330747e+16,5.156260,5.189333
51800,848691200,3.337190e+16,5.195037,5.183830
51900,850329600,3.343632e+16,5.182539,5.185718
52000,851968000,3.350074e+16,5.180257,5.183690
52100,853606400,3.356517e+16,5.149453,5.179848
52200,855244800,3.362959e+16,5.171689,5.173237
52300,856883200,3.369402e+16,5.147291,5.172034
52400,858521600,3.375844e+16,5.141361,5.171352
52500,860160000,3.382287e+16,5.131072,5.168423
52600,861798400,3.388729e+16,5.148297,5.164498
52700,863436800,3.395172e+16,5.150764,5.166631
52800,865075200,3.401614e+16,5.186156,5.160257
52900,866713600,3.408057e+16,5.149772,5.157582
53000,868352000,3.414499e+16,5.127546,5.154430
53100,869990400,3.420941e+16,5.148835,5.159875
53200,871628800,3.427384e+16,5.108867,5.158469
53300,873267200,3.433826e+16,5.147268,5.151666
53400,874905600,3.440269e+16,5.127341,5.154317
53500,876544000,3.446711e+16,5.118041,5.149130
53600,878182400,3.453154e+16,5.177929,5.160581
53700,879820800,3.459596e+16,5.117276,5.147420
53800,881459200,3.466039e+16,5.126574,5.154360
53900,883097600,3.472481e+16,5.165740,5.147209
54000,884736000,3.478924e+16,5.115392,5.152517
54100,886374400,3.485366e+16,5.097299,5.142635
54200,888012800,3.491808e+16,5.126993,5.147342
54300,889651200,3.498251e+16,5.116831,5.139967
54400,891289600,3.504693e+16,5.141294,5.146942
54500,892928000,3.511136e+16,5.149414,5.146783
54600,894566400,3.517578e+16,5.163997,5.138162
54700,896204800,3.524021e+16,5.142061,5.147228
54800,897843200,3.530463e+16,5.140794,5.135058
54900,899481600,3.536906e+16,5.135798,5.132388
55000,901120000,3.543348e+16,5.113318,5.131778
55100,902758400,3.549790e+16,5.138683,5.128030
55200,904396800,3.556233e+16,5.099841,5.128287
55300,906035200,3.562675e+16,5.133318,5.128274
55400,907673600,3.569118e+16,5.128998,5.123589
55500,909312000,3.575560e+16,5.117195,5.121778
55600,910950400,3.582003e+16,5.137819,5.124752
55700,912588800,3.588445e+16,5.126489,5.114383
55800,914227200,3.594888e+16,5.120066,5.118248
55900,915865600,3.601330e+16,5.114072,5.116398
56000,917504000,3.607773e+16,5.119863,5.112600
56100,919142400,3.614215e+16,5.091169,5.117138
56200,920780800,3.620657e+16,5.068645,5.107269
56300,922419200,3.627100e+16,5.105868,5.104917
56400,924057600,3.633542e+16,5.115687,5.116865
56500,925696000,3.639985e+16,5.080512,5.101642
56600,927334400,3.646427e+16,5.100675,5.101448
56700,928972800,3.652870e+16,5.083977,5.096889
56800,930611200,3.659312e+16,5.091683,5.104892
56900,932249600,3.665755e+16,5.092251,5.101447
57000,933888000,3.672197e+16,5.058654,5.108846
57100,935526400,3.678639e+16,5.117892,5.105826
57200,937164800,3.685082e+16,5.078957,5.101790
57300,938803200,3.691524e+16,5.090717,5.100604
57400,940441600,3.697967e+16,5.158314,5.106320
57500,942080000,3.704409e+16,5.117630,5.099103
57600,943718400,3.710852e+16,5.113728,5.106995
57700,945356800,3.717294e+16,5.102193,5.097886
57800,946995200,3.723737e+16,5.139700,5.102457
57900,948633600,3.730179e+16,5.062866,5.098657
58000,950272000,3.736622e+16,5.087543,5.085578
58100,951910400,3.743064e+16,5.091396,5.085082
58200,953548800,3.749506e+16,5.094339,5.088804
58300,955187200,3.755949e+16,5.073989,5.081700
58400,956825600,3.762391e+16,5.104057,5.082032
58500,958464000,3.768834e+16,5.077933,5.078299
58600,960102400,3.775276e+16,5.065504,5.074348
58700,961740800,3.781719e+16,5.052125,5.073198
58800,963379200,3.788161e+16,5.093424,5.074200
58900,965017600,3.794604e+16,5.073629,5.070270
59000,966656000,3.801046e+16,5.087664,5.073564
59100,968294400,3.807489e+16,5.083772,5.069531
59200,969932800,3.813931e+16,5.070899,5.074809
59300,971571200,3.820373e+16,5.178053,5.082017
59400,973209600,3.826816e+16,5.115426,5.067103
59500,974848000,3.833258e+16,5.062924,5.070493
59600,976486400,3.839701e+16,5.058660,5.068827
59700,978124800,3.846143e+16,5.091169,5.062061
59800,979763200,3.852586e+16,5.007101,5.065578
59900,981401600,3.859028e+16,5.053943,5.061740
60000,983040000,3.865471e+16,5.076052,5.062574
60100,984678400,3.871913e+16,5.074371,5.060331
60200,986316800,3.878355e+16,5.047307,5.060202
60300,987955200,3.884798e+16,5.057035,5.057005
60400,989593600,3.891240e+16,5.035818,5.059124
60500,991232000,3.897683e+16,5.160299,5.057024
60600,992870400,3.904125e+16,5.062156,5.052804
60700,994508800,3.910568e+16,5.042549,5.049440
60800,996147200,3.917010e+16,5.057426,5.053858
60900,997785600,3.923453e+16,5.001463,5.052086
61000,999424000,3.929895e+16,5.055223,5.050660
61100,1001062400,3.936338e+16,5.043355,5.048390
61200,1002700800,3.942780e+16,5.066885,5.045719
61300,1004339200,3.949222e+16,5.067381,5.044110
61400,1005977600,3.955665e+16,5.038162,5.044658
61500,1007616000,3.962107e+16,5.044442,5.047459
61600,1009254400,3.968550e+16,5.015484,5.035959
61700,1010892800,3.974992e+16,5.046252,5.051342
61800,1012531200,3.981435e+16,5.077356,5.042449
61900,1014169600,3.987877e+16,5.044635,5.046826
62000,1015808000,3.994320e+16,5.048656,5.041966
62100,1017446400,4.000762e+16,5.029150,5.041483
62200,1019084800,4.007204e+16,5.028543,5.039802
62300,1020723200,4.013647e+16,5.049969,5.038710
62400,1022361600,4.020089e+16,5.041587,5.039852
62500,1024000000,4.026532e+16,5.190202,5.045891
62600,1025638400,4.032974e+16,5.066287,5.035151
62700,1027276800,4.039417e+16,5.031295,5.027318
62800,1028915200,4.045859e+16,5.062142,5.038595
62900,1030553600,4.052302e+16,5.028055,5.027745
63000,1032192000,4.058744e+16,5.048113,5.029601
63100,1033830400,4.065187e+16,5.041059,5.026606
63200,1035468800,4.071629e+16,5.042794,5.018129
63300,1037107200,4.078071e+16,5.054331,5.017606
63400,1038745600,4.084514e+16,5.059933,5.019907
63500,1040384000,4.090956e+16,5.055595,5.015384
63600,1042022400,4.097399e+16,5.047637,5.015836
63700,1043660800,4.103841e+16,5.029387,5.019808
63800,1045299200,4.110284e+16,5.039163,5.016262
63900,1046937600,4.116726e+16,5.064818,5.019492
64000,1048576000,4.123169e+16,5.032254,5.020004
64100,1050214400,4.129611e+16,5.038508,5.013281
64200,1051852800,4.136054e+16,4.993289,5.018909
64300,1053491200,4.142496e+16,5.031791,5.011126
64400,1055129600,4.148938e+16,5.013669,5.015225
64500,1056768000,4.155381e+16,4.998590,5.009896
64600,1058406400,4.161823e+16,5.018065,5.016530
64700,1060044800,4.168266e+16,5.008040,5.010571
64800,1061683200,4.174708e+16,4.998733,5.008011
64900,1063321600,4.181151e+16,4.987818,5.010040
65000,1064960000,4.187593e+16,5.024902,5.002583
65100,1066598400,4.194036e+16,4.978192,5.003065
65200,1068236800,4.200478e+16,4.985830,5.002339
65300,1069875200,4.206920e+16,4.994961,4.996201
65400,1071513600,4.213363e+16,4.998003,4.996470
65500,1073152000,4.219805e+16,4.990859,5.004544
65600,1074790400,4.226248e+16,5.020433,4.998595
65700,1076428800,4.232690e+16,5.003098,5.006066
65800,1078067200,4.239133e+16,5.015311,5.002824
65900,1079705600,4.245575e+16,4.975103,4.993125
66000,1081344000,4.252018e+16,5.021500,4.990074
66100,1082982400,4.258460e+16,5.032158,4.991857
66200,1084620800,4.264903e+16,5.004735,4.987896
66300,1086259200,4.271345e+16,5.018761,4.991339
66400,1087897600,4.277787e+16,4.976998,4.992188
66500,1089536000,4.284230e+16,4.957329,4.994096
66600,1091174400,4.290672e+16,4.997026,4.991936
66700,1092812800,4.297115e+16,5.000741,4.984285
66800,1094451200,4.303557e+16,5.005263,4.989983
66900,1096089600,4.310000e+16,4.990337,4.984717
67000,1097728000,4.316442e+16,4.960919,4.988495
67100,1099366400,4.322885e+16,4.987013,4.983476
67200,1101004800,4.329327e+16,4.994185,4.977742
67300,1102643200,4.335769e+16,5.024981,4.977577
67400,1104281600,4.342212e+16,4.991255,4.979675
67500,1105920000,4.348654e+16,5.071571,4.981580
67600,1107558400,4.355097e+16,4.978391,4.987328
67700,1109196800,4.361539e+16,4.975380,4.979118
67800,1110835200,4.367982e+16,4.962845,4.972972
67900,1112473600,4.374424e+16,5.000654,4.973131
68000,1114112000,4.380867e+16,4.962679,4.971020
68100,1115750400,4.387309e+16,5.030659,4.970474
68200,1117388800,4.393752e+16,5.006606,4.968851
68300,1119027200,4.400194e+16,4.996558,4.975700
68400,1120665600,4.406636e+16,4.997165,4.971848
68500,1122304000,4.413079e+16,5.005483,4.973438
68600,1123942400,4.419521e+16,4.985541,4.967075
68700,1125580800,4.425964e+16,4.960629,4.966397
68800,1127219200,4.432406e+16,4.997400,4.962324
68900,1128857600,4.438849e+16,4.973013,4.961302
69000,1130496000,4.445291e+16,4.949142,4.968120
69100,1132134400,4.451734e+16,4.945385,4.956809
69200,1133772800,4.458176e+16,4.980138,4.956078
69300,1135411200,4.464619e+16,4.952895,4.962605
69400,1137049600,4.471061e+16,4.958201,4.956620
69500,1138688000,4.477503e+16,4.964206,4.954868
69600,1140326400,4.483946e+16,4.953438,4.958681
69700,1141964800,4.490388e+16,5.009446,4.957168
69800,1143603200,4.496831e+16,4.972747,4.950641
69900,1145241600,4.503273e+16,4.946413,4.953436
70000,1146880000,4.509716e+16,4.971286,4.950613
70100,1148518400,4.516158e+16,4.980806,4.951510
70200,1150156800,4.522601e+16,4.989863,4.943690
70300,1151795200,4.529043e+16,4.975400,4.947310
70400,1153433600,4.535485e+16,4.977703,4.946642
70500,1155072000,4.541928e+16,4.935959,4.945907
70600,1156710400,4.548370e+16,4.933267,4.950518
70700,1158348800,4.554813e+16,4.947636,4.944621
70800,1159987200,4.561255e+16,4.969065,4.941151
70900,1161625600,4.567698e+16,4.945199,4.945587
71000,1163264000,4.574140e+16,4.950666,4.941814
71100,1164902400,4.580583e+16,4.956174,4.947470
71200,1166540800,4.587025e+16,4.959477,4.939142
71300,1168179200,4.593468e+16,4.957748,4.937305
71400,1169817600,4.599910e+16,4.977309,4.938288
71500,1171456000,4.606352e+16,4.940285,4.939798
71600,1173094400,4.612795e+16,4.954275,4.930366
71700,1174732800,4.619237e+16,4.944251,4.932028
71800,1176371200,4.625680e+16,4.952668,4.929202
71900,1178009600,4.632122e+16,4.904488,4.933453
72000,1179648000,4.638565e+16,4.941932,4.932492
72100,1181286400,4.645007e+16,4.921354,4.931052
72200,1182924800,4.651450e+16,4.943348,4.927363
72300,1184563200,4.657892e+16,4.994765,4.933710
72400,1186201600,4.664334e+16,4.906870,4.931647
72500,1187840000,4.670777e+16,4.984623,4.932888
72600,1189478400,4.677219e+16,4.971521,4.929268
72700,1191116800,4.683662e+16,4.948420,4.927258
72800,1192755200,4.690104e+16,4.904464,4.926493
72900,1194393600,4.696547e+16,4.897955,4.926455
73000,1196032000,4.702989e+16,4.928128,4.923799
73100,1197670400,4.709432e+16,4.915910,4.918290
73200,1199308800,4.715874e+16,4.930172,4.919312
73300,1200947200,4.722317e+16,4.926462,4.918233
73400,1202585600,4.728759e+16,4.959569,4.917365
73500,1204224000,4.735201e+16,4.957320,4.927495
73600,1205862400,4.741644e+16,4.928347,4.928998
73700,1207500800,4.748086e+16,4.910992,4.922460
73800,1209139200,4.754529e+16,4.910080,4.916577
73900,1210777600,4.760971e+16,4.943213,4.921659
74000,1212416000,4.767414e+16,4.932274,4.913894
74100,1214054400,4.773856e+16,4.902646,4.910181
74200,1215692800,4.780299e+16,4.929232,4.921356
74300,1217331200,4.786741e+16,4.910986,4.909259
74400,1218969600,4.793184e+16,4.938591,4.913947
74500,1220608000,4.799626e+16,4.925855,4.910439
74600,1222246400,4.806068e+16,4.962252,4.907755
74700,1223884800,4.812511e+16,4.914476,4.910296
74800,1225523200,4.818953e+16,4.955501,4.905388
74900,1227161600,4.825396e+16,4.890709,4.908676
75000,1228800000,4.831838e+16,4.925683,4.906308
75100,1230438400,4.838281e+16,4.931789,4.904096
75200,1232076800,4.844723e+16,4.923248,4.901810
75300,1233715200,4.851166e+16,4.903186,4.902761
75400,1235353600,4.857608e+16,4.925632,4.901259
75500,1236992000,4.864050e+16,4.878836,4.900079
75600,1238630400,4.870493e+16,4.916445,4.900226
75700,1240268800,4.876935e+16,4.933727,4.898562
75800,1241907200,4.883378e+16,4.925696,4.891452
75900,1243545600,4.889820e+16,4.889662,4.903779
76000,1245184000,4.896263e+16,4.900322,4.897252
76100,1246822400,4.902705e+16,4.939414,4.891310
76200,1248460800,4.909148e+16,4.927038,4.892479
76300,1250099200,4.915590e+16,4.909295,4.890059
76400,1251737600,4.922033e+16,4.922144,4.893723
76500,1253376000,4.928475e+16,4.892395,4.892067
76600,1255014400,4.934917e+16,4.907549,4.888458
76700,1256652800,4.941360e+16,4.910674,4.888694
76800,1258291200,4.947802e+16,5.011925,4.900387
76900,1259929600,4.954245e+16,4.916766,4.893193
77000,1261568000,4.960687e+16,4.901256,4.888908
77100,1263206400,4.967130e+16,4.914558,4.889894
77200,1264844800,4.973572e+16,4.876774,4.888531
77300,1266483200,4.980015e+16,4.902328,4.881889
77400,1268121600,4.986457e+16,4.924899,4.888087
77500,1269760000,4.992899e+16,4.884940,4.886715
77600,1271398400,4.999342e+16,4.903692,4.883396
77700,1273036800,5.005784e+16,4.858558,4.880153
77800,1274675200,5.012227e+16,4.890420,4.880920
77900,1276313600,5.018669e+16,4.862740,4.881675
78000,1277952000,5.025112e+16,4.877061,4.873382
78100,1279590400,5.031554e+16,4.903749,4.881977
78200,1281228800,5.037997e+16,4.904927,4.879433
78300,1282867200,5.044439e+16,4.871953,4.881965
78400,1284505600,5.050882e+16,4.943914,4.881417
78500,1286144000,5.057324e+16,4.871732,4.872086
78600,1287782400,5.063766e+16,4.858728,4.875805
78700,1289420800,5.070209e+16,4.876050,4.872882
78800,1291059200,5.076651e+16,4.919132,4.875818
78900,1292697600,5.083094e+16,4.887918,4.872452
79000,1294336000,5.089536e+16,4.885180,4.865636
79100,1295974400,5.095979e+16,4.896607,4.867985
79200,1297612800,5.102421e+16,4.870858,4.864958
79300,1299251200,5.108864e+16,4.873828,4.869231
79400,1300889600,5.115306e+16,4.883433,4.863085
79500,1302528000,5.121749e+16,4.884604,4.861220
79600,1304166400,5.128191e+16,4.876048,4.865046
79700,1305804800,5.134633e+16,4.866219,4.867982
79800,1307443200,5.141076e+16,4.881374,4.869307
79900,1309081600,5.147518e+16,4.879291,4.857572
80000,1310720000,5.153961e+16,4.851472,4.862493
80100,1312358400,5.160403e+16,4.878969,4.859340
80200,1313996800,5.166846e+16,4.871871,4.867712
80300,1315635200,5.173288e+16,4.867267,4.859923
80400,1317273600,5.179731e+16,4.902112,4.859563
80500,1318912000,5.186173e+16,4.874732,4.864758
80600,1320550400,5.192615e+16,4.830547,4.864938
80700,1322188800,5.199058e+16,4.845452,4.862225
80800,1323827200,5.205500e+16,4.831656,4.861685
80900,1325465600,5.211943e+16,4.875471,4.861077
81000,1327104000,5.218385e+16,4.921996,4.856820
81100,1328742400,5.224828e+16,4.828505,4.853633
81200,1330380800,5.231270e+16,4.862435,4.852969
81300,1332019200,5.237713e+16,4.858033,4.864894
81400,1333657600,5.244155e+16,4.842969,4.850127
81500,1335296000,5.250598e+16,4.886412,4.851175
81600,1336934400,5.257040e+16,4.823149,4.853911
81700,1338572800,5.263482e+16,4.867744,4.852902
81800,1340211200,5.269925e+16,4.862442,4.848385
81900,1341849600,5.276367e+16,4.872044,4.849394
82000,1343488000,5.282810e+16,4.874723,4.848231
82100,1345126400,5.289252e+16,4.862566,4.841138
82200,1346764800,5.295695e+16,4.864998,4.840137
82300,1348403200,5.302137e+16,4.851077,4.843832
82400,1350041600,5.308580e+16,4.835492,4.845092
82500,1351680000,5.315022e+16,4.855907,4.838430
82600,1353318400,5.321464e+16,4.856034,4.838582
82700,1354956800,5.327907e+16,4.845659,4.840347
82800,1356595200,5.334349e+16,4.878273,4.836258
82900,1358233600,5.340792e+16,4.886199,4.838743
83000,1359872000,5.347234e+16,4.817211,4.842849
83100,1361510400,5.353677e+16,4.859101,4.834792
83200,1363148800,5.360119e+16,4.874780,4.832726
83300,1364787200,5.366562e+16,4.875426,4.833376
83400,1366425600,5.373004e+16,4.842925,4.835351
83500,1368064000,5.379447e+16,4.865033,4.832977
83600,1369702400,5.385889e+16,4.852789,4.829387
83700,1371340800,5.392331e+16,4.829688,4.832237
83800,1372979200,5.398774e+16,4.844600,4.835577
83900,1374617600,5.405216e+16,4.881413,4.825860
84000,1376256000,5.411659e+16,4.878539,4.828072
84100,1377894400,5.418101e+16,4.828251,4.830211
84200,1379532800,5.424544e+16,4.862124,4.828829
84300,1381171200,5.430986e+16,4.811893,4.823591
84400,1382809600,5.437429e+16,4.812604,4.827595
84500,1384448000,5.443871e+16,4.804643,4.834976
84600,1386086400,5.450313e+16,4.840081,4.825772
84700,1387724800,5.456756e+16,4.849184,4.828389
84800,1389363200,5.463198e+16,4.848446,4.822748
84900,1391001600,5.469641e+16,4.897861,4.828038
85000,1392640000,5.476083e+16,4.890848,4.815639
85100,1394278400,5.482526e+16,4.858931,4.818923
85200,1395916800,5.488968e+16,4.886660,4.823243
85300,1397555200,5.495411e+16,4.857346,4.825368
85400,1399193600,5.501853e+16,4.834170,4.821589
85500,1400832000,5.508296e+16,4.857936,4.821227
85600,1402470400,5.514738e+16,4.852736,4.826995
85700,1404108800,5.521180e+16,4.838764,4.817485
85800,1405747200,5.527623e+16,4.832612,4.819174
85900,1407385600,5.534065e+16,4.847664,4.816379
86000,1409024000,5.540508e+16,4.857539,4.822346
86100,1410662400,5.546950e+16,4.833748,4.822747
86200,1412300800,5.553393e+16,4.837345,4.822144
86300,1413939200,5.559835e+16,4.815027,4.817419
86400,1415577600,5.566278e+16,4.853538,4.816892
86500,1417216000,5.572720e+16,4.865837,4.812028
86600,1418854400,5.579163e+16,4.864760,4.805448
86700,1420492800,5.585605e+16,4.838345,4.815332
86800,1422131200,5.592047e+16,4.849185,4.809552
86900,1423769600,5.598490e+16,4.863129,4.816453
87000,1425408000,5.604932e+16,4.839317,4.804618
87100,1427046400,5.611375e+16,4.828623,4.811906
87200,1428684800,5.617817e+16,4.789672,4.807077
87300,1430323200,5.624260e+16,4.810079,4.805690
87400,1431961600,5.630702e+16,4.836942,4.809697
87500,1433600000,5.637145e+16,4.804329,4.805770
87600,1435238400,5.643587e+16,4.867026,4.805306
87700,1436876800,5.650029e+16,4.833183,4.799727
87800,1438515200,5.656472e+16,4.839612,4.804807
87900,1440153600,5.662914e+16,4.829161,4.798946
88000,1441792000,5.669357e+16,4.835569,4.796252
88100,1443430400,5.675799e+16,4.797550,4.793754
88200,1445068800,5.682242e+16,4.813255,4.792653
88300,1446707200,5.688684e+16,4.819718,4.790850
88400,1448345600,5.695127e+16,4.815405,4.794198
88500,1449984000,5.701569e+16,4.793431,4.793494
88600,1451622400,5.708012e+16,4.807001,4.796996
88700,1453260800,5.714454e+16,4.797318,4.798216
88800,1454899200,5.720896e+16,4.786724,4.796205
88900,1456537600,5.727339e+16,4.796913,4.798734
89000,1458176000,5.733781e+16,4.820054,4.794256
89100,1459814400,5.740224e+16,4.779551,4.796254
89200,1461452800,5.746666e+16,4.800712,4.797619
89300,1463091200,5.753109e+16,4.804402,4.798137
89400,1464729600,5.759551e+16,4.818178,4.795763
89500,1466368000,5.765994e+16,4.797211,4.794941
89600,1468006400,5.772436e+16,4.835760,4.794663
89700,1469644800,5.778878e+16,4.824615,4.791353
89800,1471283200,5.785321e+16,4.800957,4.793165
89900,1472921600,5.791763e+16,4.820977,4.787058
90000,1474560000,5.798206e+16,4.786141,4.786895
90100,1476198400,5.804648e+16,4.786983,4.788574
90200,1477836800,5.811091e+16,4.821502,4.787046
90300,1479475200,5.817533e+16,4.830818,4.783736
90400,1481113600,5.823976e+16,4.796952,4.782643
90500,1482752000,5.830418e+16,4.809145,4.781582
90600,1484390400,5.836861e+16,4.850305,4.790446
90700,1486028800,5.843303e+16,4.804118,4.780670
90800,1487667200,5.849745e+16,4.775246,4.779342
90900,1489305600,5.856188e+16,4.819224,4.785141
91000,1490944000,5.862630e+16,4.772696,4.780880
91100,1492582400,5.869073e+16,4.785341,4.776818
91200,1494220800,5.875515e+16,4.806501,4.775740
91300,1495859200,5.881958e+16,4.788625,4.775431
91400,1497497600,5.888400e+16,4.802507,4.780972
91500,1499136000,5.894843e+16,4.805689,4.778931
91600,1500774400,5.901285e+16,4.770993,4.779395
91700,1502412800,5.907728e+16,4.781018,4.771011
91800,1504051200,5.914170e+16,4.783631,4.776560
91900,1505689600,5.920612e+16,4.781182,4.776259
92000,1507328000,5.927055e+16,4.790193,4.776203
92100,1508966400,5.933497e+16,4.818989,4.774884
92200,1510604800,5.939940e+16,4.828014,4.777873
92300,1512243200,5.946382e+16,4.778066,4.771240
92400,1513881600,5.952825e+16,4.771584,4.767505
92500,1515520000,5.959267e+16,4.777214,4.765124
92600,1517158400,5.965710e+16,4.824744,4.769724
92700,1518796800,5.972152e+16,4.798939,4.772824
92800,1520435200,5.978594e+16,4.782094,4.769626
92900,1522073600,5.985037e+16,4.791169,4.766714
93000,1523712000,5.991479e+16,4.784429,4.769097
93100,1525350400,5.997922e+16,4.764996,4.760220
93200,1526988800,6.004364e+16,4.765227,4.765990
93300,1528627200,6.010807e+16,4.793134,4.762334
93400,1530265600,6.017249e+16,4.791226,4.764421
93500,1531904000,6.023692e+16,4.772149,4.765217
93600,1533542400,6.030134e+16,4.771587,4.759465
93700,1535180800,6.036577e+16,4.768849,4.752370
93800,1536819200,6.043019e+16,4.791445,4.758834
93900,1538457600,6.049461e+16,4.767930,4.762807
94000,1540096000,6.055904e+16,4.777413,4.757376
94100,1541734400,6.062346e+16,4.771315,4.754002
94200,1543372800,6.068789e+16,4.770779,4.755969
94300,1545011200,6.075231e+16,4.774602,4.755300
94400,1546649600,6.081674e+16,4.749225,4.757613
94500,1548288000,6.088116e+16,4.756705,4.749769
94600,1549926400,6.094559e+16,4.751834,4.748278
94700,1551564800,6.101001e+16,4.755202,4.751927
94800,1553203200,6.107443e+16,4.771481,4.744132
94900,1554841600,6.113886e+16,4.766202,4.747450
95000,1556480000,6.120328e+16,4.741505,4.745588
95100,1558118400,6.126771e+16,4.760934,4.746905
95200,1559756800,6.133213e+16,4.746592,4.745484
95300,1561395200,6.139656e+16,4.758310,4.743446
95400,1563033600,6.146098e+16,4.763431,4.743180
95500,1564672000,6.152541e+16,4.767359,4.739565
95600,1566310400,6.158983e+16,4.781362,4.745539
95700,1567948800,6.165426e+16,4.783361,4.742209
95800,1569587200,6.171868e+16,4.752541,4.738918
95900,1571225600,6.178310e+16,4.793007,4.750090
96000,1572864000,6.184753e+16,4.747920,4.740886
96100,1574502400,6.191195e+16,4.781596,4.746053
96200,1576140800,6.197638e+16,4.799884,4.739997
96300,1577779200,6.204080e+16,4.749062,4.746349
96400,1579417600,6.210523e+16,4.736148,4.745207
96500,1581056000,6.216965e+16,4.797580,4.740011
96600,1582694400,6.223408e+16,4.764000,4.740581
96700,1584332800,6.229850e+16,4.793200,4.736504
96800,1585971200,6.236293e+16,4.770479,4.737656
96900,1587609600,6.242735e+16,4.768021,4.737486
97000,1589248000,6.249177e+16,4.756252,4.737127
97100,1590886400,6.255620e+16,4.739118,4.738201
97200,1592524800,6.262062e+16,4.770080,4.732421
97300,1594163200,6.268505e+16,4.775908,4.728416
97400,1595801600,6.274947e+16,4.745713,4.733720
97500,1597440000,6.281390e+16,4.794998,4.731837
97600,1599078400,6.287832e+16,4.762750,4.730319
97700,1600716800,6.294275e+16,4.745175,4.729527
97800,1602355200,6.300717e+16,4.773594,4.726784
97900,1603993600,6.307159e+16,4.760810,4.725812
98000,1605632000,6.313602e+16,4.785105,4.732150
98100,1607270400,6.320044e+16,4.759037,4.726457
98200,1608908800,6.326487e+16,4.745665,4.731054
98300,1610547200,6.332929e+16,4.744069,4.727683
98400,1612185600,6.339372e+16,4.741377,4.723456
98500,1613824000,6.345814e+16,4.751631,4.725308
98600,1615462400,6.352257e+16,4.747038,4.726194
98700,1617100800,6.358699e+16,4.790944,4.728033
98800,1618739200,6.365142e+16,4.807857,4.724298
98900,1620377600,6.371584e+16,4.756680,4.723954
99000,1622016000,6.378026e+16,4.734788,4.722997
99100,1623654400,6.384469e+16,4.746586,4.719319
99200,1625292800,6.390911e+16,4.741446,4.719834
99300,1626931200,6.397354e+16,4.768924,4.722740
99400,1628569600,6.403796e+16,4.746545,4.718405
99500,1630208000,6.410239e+16,4.719132,4.719504
99600,1631846400,6.416681e+16,4.743096,4.721987
99700,1633484800,6.423124e+16,4.774003,4.717270
99800,1635123200,6.429566e+16,4.745224,4.714976
99900,1636761600,6.436008e+16,4.758393,4.713380
100000,1638400000,6.442451e+16,4.801662,4.721667
100100,1640038400,6.448893e+16,4.723541,4.712289
100200,1641676800,6.455336e+16,4.876700,4.722526
100300,1643315200,6.461778e+16,4.783078,4.711534
100400,1644953600,6.468221e+16,4.772616,4.716729
100500,1646592000,6.474663e+16,4.705883,4.709791
100600,1648230400,6.481106e+16,4.717448,4.707267
100700,1649868800,6.487548e+16,4.725135,4.714058
100800,1651507200,6.493991e+16,4.739765,4.714319
100900,1653145600,6.500433e+16,4.752442,4.710955
101000,1654784000,6.506875e+16,4.780637,4.712679
101100,1656422400,6.513318e+16,4.752236,4.712275
101200,1658060800,6.519760e+16,4.706378,4.711445
101300,1659699200,6.526203e+16,4.761467,4.712218
101400,1661337600,6.532645e+16,4.694614,4.708338
101500,1662976000,6.539088e+16,4.751624,4.706823
101600,1664614400,6.545530e+16,4.749377,4.703553
101700,1666252800,6.551973e+16,4.739131,4.709450
101800,1667891200,6.558415e+16,4.692543,4.704527
101900,1669529600,6.564858e+16,4.713025,4.705125
102000,1671168000,6.571300e+16,4.757271,4.706565
102100,1672806400,6.577742e+16,4.706988,4.707579
102200,1674444800,6.584185e+16,4.731606,4.701906
102300,1676083200,6.590627e+16,4.739281,4.703447
102400,1677721600,6.597070e+16,4.767622,4.702220
102500,1679360000,6.603512e+16,4.690723,4.701311
102600,1680998400,6.609955e+16,4.706425,4.693029
102700,1682636800,6.616397e+16,4.717420,4.692397
102800,1684275200,6.622840e+16,4.718148,4.693692
102900,1685913600,6.629282e+16,4.716303,4.692880
103000,1687552000,6.635724e+16,4.714084,4.694176
103100,1689190400,6.642167e+16,4.700809,4.696203
103200,1690828800,6.648609e+16,4.714744,4.697902
103300,1692467200,6.655052e+16,4.668624,4.696324
103400,1694105600,6.661494e+16,4.679976,4.692969
103500,1695744000,6.667937e+16,4.685324,4.691790
103600,1697382400,6.674379e+16,4.716054,4.691624
103700,1699020800,6.680822e+16,4.676346,4.701973
103800,1700659200,6.687264e+16,4.697158,4.695342
103900,1702297600,6.693707e+16,4.734370,4.688098
104000,1703936000,6.700149e+16,4.696443,4.689826
104100,1705574400,6.706591e+16,4.698809,4.686295
104200,1707212800,6.713034e+16,4.731353,4.680127
104300,1708851200,6.719476e+16,4.713143,4.684143
104400,1710489600,6.725919e+16,4.684171,4.677994
104500,1712128000,6.732361e+16,4.689186,4.683050
104600,1713766400,6.738804e+16,4.707705,4.678834
104700,1715404800,6.745246e+16,4.720458,4.681648
104800,1717043200,6.751689e+16,4.760405,4.681844
104900,1718681600,6.758131e+16,4.711595,4.679434
105000,1720320000,6.764573e+16,4.720836,4.682341
105100,1721958400,6.771016e+16,4.686680,4.679136
105200,1723596800,6.777458e+16,4.737402,4.678229
105300,1725235200,6.783901e+16,4.703030,4.676735
105400,1726873600,6.790343e+16,4.702583,4.677379
105500,1728512000,6.796786e+16,4.695032,4.677143
105600,1730150400,6.803228e+16,4.718125,4.673352
105700,1731788800,6.809671e+16,4.672515,4.671059
105800,1733427200,6.816113e+16,4.690253,4.672132
105900,1735065600,6.822556e+16,4.669273,4.667185
106000,1736704000,6.828998e+16,4.694203,4.666014
106100,1738342400,6.835440e+16,4.711853,4.669696
106200,1739980800,6.841883e+16,4.707008,4.664726
106300,1741619200,6.848325e+16,4.670969,4.667495
106400,1743257600,6.854768e+16,4.696211,4.664856
106500,1744896000,6.861210e+16,4.695347,4.665991
106600,1746534400,6.867653e+16,4.711523,4.670113
106700,1748172800,6.874095e+16,4.699574,4.662034
106800,1749811200,6.880538e+16,4.722140,4.665264
106900,1751449600,6.886980e+16,4.706185,4.662156
107000,1753088000,6.893423e+16,4.723931,4.661586
107100,1754726400,6.899865e+16,4.694345,4.660421
107200,1756364800,6.906307e+16,4.632002,4.665663
107300,1758003200,6.912750e+16,4.685461,4.665846
107400,1759641600,6.919192e+16,4.669058,4.662010
107500,1761280000,6.925635e+16,4.687121,4.666761
107600,1762918400,6.932077e+16,4.679447,4.664304
107700,1764556800,6.938520e+16,4.718177,4.665267
107800,1766195200,6.944962e+16,4.653115,4.665357
107900,1767833600,6.951405e+16,4.672554,4.654094
108000,1769472000,6.957847e+16,4.683156,4.658904
108100,1771110400,6.964289e+16,4.666299,4.658414
108200,1772748800,6.970732e+16,4.654518,4.654092
108300,1774387200,6.977174e+16,4.706591,4.658273
108400,1776025600,6.983617e+16,4.679173,4.656511
108500,1777664000,6.990059e+16,4.656012,4.659799
108600,1779302400,6.996502e+16,4.670097,4.658329
108700,1780940800,7.002944e+16,4.659143,4.659158
108800,1782579200,7.009387e+16,4.719300,4.656951
108900,1784217600,7.015829e+16,4.683949,4.654181
109000,1785856000,7.022272e+16,4.696043,4.656064
109100,1787494400,7.028714e+16,4.715308,4.655416
109200,1789132800,7.035156e+16,4.713523,4.654992
109300,1790771200,7.041599e+16,4.644917,4.650833
109400,1792409600,7.048041e+16,4.689955,4.650357
109500,1794048000,7.054484e+16,4.665289,4.651744
109600,1795686400,7.060926e+16,4.667899,4.655064
109700,1797324800,7.067369e+16,4.671030,4.647713
109800,1798963200,7.073811e+16,4.678792,4.643708
109900,1800601600,7.080254e+16,4.636807,4.648082
110000,1802240000,7.086696e+16,4.730899,4.649710
110100,1803878400,7.093138e+16,4.681764,4.646224
110200,1805516800,7.099581e+16,4.682210,4.644792
110300,1807155200,7.106023e+16,4.648067,4.648254
110400,1808793600,7.112466e+16,4.617579,4.646628
110500,1810432000,7.118908e+16,4.653834,4.648106
110600,1812070400,7.125351e+16,4.669007,4.641661
110700,1813708800,7.131793e+16,4.683208,4.638196
110800,1815347200,7.138236e+16,4.651422,4.646719
110900,1816985600,7.144678e+16,4.679911,4.646062
111000,1818624000,7.151121e+16,4.656332,4.642449
111100,1820262400,7.157563e+16,4.658627,4.643567
111200,1821900800,7.164005e+16,4.676082,4.644639
111300,1823539200,7.170448e+16,4.666496,4.646236
111400,1825177600,7.176890e+16,4.688214,4.643168
111500,1826816000,7.183333e+16,4.648873,4.646748
111600,1828454400,7.189775e+16,4.657013,4.638940
111700,1830092800,7.196218e+16,4.646776,4.643024
111800,1831731200,7.202660e+16,4.633086,4.644798
111900,1833369600,7.209103e+16,4.663008,4.636860
112000,1835008000,7.215545e+16,4.654626,4.636955
112100,1836646400,7.221988e+16,4.667506,4.634258
112200,1838284800,7.228430e+16,4.669264,4.635722
112300,1839923200,7.234872e+16,4.682363,4.636784
112400,1841561600,7.241315e+16,4.646178,4.636337
112500,1843200000,7.247757e+16,4.718447,4.638961
112600,1844838400,7.254200e+16,4.692236,4.640934
112700,1846476800,7.260642e+16,4.664151,4.631650
112800,1848115200,7.267085e+16,4.677599,4.628886
112900,1849753600,7.273527e+16,4.673322,4.627127
113000,1851392000,7.279970e+16,4.646788,4.632180
113100,1853030400,7.286412e+16,4.670481,4.626792
113200,1854668800,7.292854e+16,4.647240,4.629863
113300,1856307200,7.299297e+16,4.655910,4.626575
113400,1857945600,7.305739e+16,4.649471,4.624607
113500,1859584000,7.312182e+16,4.662248,4.629693
113600,1861222400,7.318624e+16,4.672669,4.627672
113700,1862860800,7.325067e+16,4.667671,4.633589
113800,1864499200,7.331509e+16,4.667320,4.627040
113900,1866137600,7.337952e+16,4.684309,4.634501
114000,1867776000,7.344394e+16,4.692072,4.628084
114100,1869414400,7.350837e+16,4.708860,4.629906
114200,1871052800,7.357279e+16,4.654238,4.632155
114300,1872691200,7.363721e+16,4.650336,4.624734
114400,1874329600,7.370164e+16,4.654963,4.622005
114500,1875968000,7.376606e+16,4.648626,4.623604
114600,1877606400,7.383049e+16,4.697264,4.623963
114700,1879244800,7.389491e+16,4.665478,4.627606
114800,1880883200,7.395934e+16,4.633649,4.623996
114900,1882521600,7.402376e+16,4.659030,4.618871
115000,1884160000,7.408819e+16,4.688064,4.622172
115100,1885798400,7.415261e+16,4.700084,4.625292
115200,1887436800,7.421703e+16,4.672664,4.619709
115300,1889075200,7.428146e+16,4.666517,4.624708
115400,1890713600,7.434588e+16,4.626737,4.621153
115500,1892352000,7.441031e+16,4.609076,4.621732
115600,1893990400,7.447473e+16,4.662497,4.618068
115700,1895628800,7.453916e+16,4.663767,4.617663
115800,1897267200,7.460358e+16,4.662793,4.613573
115900,1898905600,7.466801e+16,4.629277,4.613835
116000,1900544000,7.473243e+16,4.679456,4.613029
116100,1902182400,7.479686e+16,4.686329,4.613925
116200,1903820800,7.486128e+16,4.656588,4.620236
116300,1905459200,7.492570e+16,4.692124,4.617862
116400,1907097600,7.499013e+16,4.651673,4.616276
116500,1908736000,7.505455e+16,4.635198,4.614891
116600,1910374400,7.511898e+16,4.629467,4.612860
116700,1912012800,7.518340e+16,4.713646,4.610500
116800,1913651200,7.524783e+16,4.659322,4.604045
116900,1915289600,7.531225e+16,4.639229,4.597149
117000,1916928000,7.537668e+16,4.598731,4.603589
117100,1918566400,7.544110e+16,4.641449,4.605837
117200,1920204800,7.550553e+16,4.617589,4.599981
117300,1921843200,7.556995e+16,4.630319,4.598508
117400,1923481600,7.563437e+16,4.659431,4.600787
117500,1925120000,7.569880e+16,4.688702,4.600238
117600,1926758400,7.576322e+16,4.661397,4.602103
117700,1928396800,7.582765e+16,4.638736,4.602158
117800,1930035200,7.589207e+16,4.621740,4.601422
117900,1931673600,7.595650e+16,4.593600,4.601932
118000,1933312000,7.602092e+16,4.663917,4.605870
118100,1934950400,7.608535e+16,4.609923,4.601387
118200,1936588800,7.614977e+16,4.695640,4.600347
118300,1938227200,7.621419e+16,4.647691,4.604174
118400,1939865600,7.627862e+16,4.674415,4.604349
118500,1941504000,7.634304e+16,4.637851,4.602943
118600,1943142400,7.640747e+16,4.611735,4.599524
118700,1944780800,7.647189e+16,4.636496,4.599071
118800,1946419200,7.653632e+16,4.620907,4.605532
118900,1948057600,7.660074e+16,4.630105,4.603270
119000,1949696000,7.666517e+16,4.641401,4.597216
119100,1951334400,7.672959e+16,4.634581,4.594781
119200,1952972800,7.679402e+16,4.629868,4.594395
119300,1954611200,7.685844e+16,4.624146,4.592824
119400,1956249600,7.692286e+16,4.640387,4.590880
119500,1957888000,7.698729e+16,4.631890,4.591854
119600,1959526400,7.705171e+16,4.607307,4.595277
119700,1961164800,7.711614e+16,4.687978,4.594346
119800,1962803200,7.718056e+16,4.619492,4.589334
119900,1964441600,7.724499e+16,4.648774,4.589025
120000,1966080000,7.730941e+16,4.602133,4.596499
120100,1967718400,7.737384e+16,4.641786,4.597843
120200,1969356800,7.743826e+16,4.663795,4.591713
120300,1970995200,7.750268e+16,4.608777,4.586239
120400,1972633600,7.756711e+16,4.659582,4.583959
120500,1974272000,7.763153e+16,4.626066,4.587059
120600,1975910400,7.769596e+16,4.590094,4.587678
120700,1977548800,7.776038e+16,4.618532,4.589197
120800,1979187200,7.782481e+16,4.630234,4.584740
120900,1980825600,7.788923e+16,4.602023,4.585239
121000,1982464000,7.795366e+16,4.617985,4.586307
121100,1984102400,7.801808e+16,4.622951,4.585710
121200,1985740800,7.808251e+16,4.620666,4.581274
121300,1987379200,7.814693e+16,4.649488,4.580164
121400,1989017600,7.821135e+16,4.641227,4.583746
121500,1990656000,7.827578e+16,4.615932,4.582352
121600,1992294400,7.834020e+16,4.648873,4.588153
121700,1993932800,7.840463e+16,4.633449,4.582940
121800,1995571200,7.846905e+16,4.621260,4.578620
121900,1997209600,7.853348e+16,4.586025,4.580979
122000,1998848000,7.859790e+16,4.613157,4.580060
122100,2000486400,7.866233e+16,4.671213,4.584997
122200,2002124800,7.872675e+16,4.610036,4.577707
122300,2003763200,7.879118e+16,4.605912,4.576246
122400,2005401600,7.885560e+16,4.602552,4.577683
122500,2007040000,7.892002e+16,4.626232,4.580215
122600,2008678400,7.898445e+16,4.691095,4.583888
122700,2010316800,7.904887e+16,4.650676,4.576196
122800,2011955200,7.911330e+16,4.607758,4.577042
122900,2013593600,7.917772e+16,4.608844,4.575346
123000,2015232000,7.924215e+16,4.596177,4.574880
123100,2016870400,7.930657e+16,4.610586,4.579681
123200,2018508800,7.937100e+16,4.601372,4.578629
123300,2020147200,7.943542e+16,4.623762,4.579456
123400,2021785600,7.949984e+16,4.634259,4.572704
123500,2023424000,7.956427e+16,4.651139,4.576169
123600,2025062400,7.962869e+16,4.637928,4.571926
123700,2026700800,7.969312e+16,4.638412,4.578365
123800,2028339200,7.975754e+16,4.616247,4.580326
123900,2029977600,7.982197e+16,4.689829,4.572197
124000,2031616000,7.988639e+16,4.611896,4.569865
124100,2033254400,7.995082e+16,4.614019,4.573099
124200,2034892800,8.001524e+16,4.594008,4.571717
124300,2036531200,8.007967e+16,4.572143,4.568830
124400,2038169600,8.014409e+16,4.597123,4.564590
124500,2039808000,8.020851e+16,4.612860,4.570452
124600,2041446400,8.027294e+16,4.620055,4.567909
124700,2043084800,8.033736e+16,4.623967,4.570174
124800,2044723200,8.040179e+16,4.629334,4.566056
124900,2046361600,8.046621e+16,4.599719,4.565071
125000,2048000000,8.053064e+16,4.604342,4.568165
125100,2049638400,8.059506e+16,4.626959,4.570536
125200,2051276800,8.065949e+16,4.644429,4.563440
125300,2052915200,8.072391e+16,4.652392,4.562070
125400,2054553600,8.078833e+16,4.635849,4.561316
125500,2056192000,8.085276e+16,4.590095,4.564018
125600,2057830400,8.091718e+16,4.609519,4.566315
125700,2059468800,8.098161e+16,4.567830,4.560598
125800,2061107200,8.104603e+16,4.637624,4.559267
125900,2062745600,8.111046e+16,4.611878,4.558436
126000,2064384000,8.117488e+16,4.643292,4.562546
126100,2066022400,8.123931e+16,4.608669,4.563038
126200,2067660800,8.130373e+16,4.607215,4.557899
126300,2069299200,8.136816e+16,4.601605,4.566509
126400,2070937600,8.143258e+16,4.666245,4.562927
126500,2072576000,8.149700e+16,4.596500,4.560033
126600,2074214400,8.156143e+16,4.574020,4.560359
126700,2075852800,8.162585e+16,4.577754,4.559717
126800,2077491200,8.169028e+16,4.569469,4.556925
126900,2079129600,8.175470e+16,4.576600,4.559032
127000,2080768000,8.181913e+16,4.589521,4.559647
127100,2082406400,8.188355e+16,4.563019,4.557801
127200,2084044800,8.194798e+16,4.610715,4.553132
127300,2085683200,8.201240e+16,4.582726,4.549838
127400,2087321600,8.207683e+16,4.623046,4.553355
127500,2088960000,8.214125e+16,4.604518,4.559191
127600,2090598400,8.220567e+16,4.568893,4.552451
127700,2092236800,8.227010e+16,4.567200,4.554163
127800,2093875200,8.233452e+16,4.599317,4.551712
127900,2095513600,8.239895e+16,4.587058,4.554015
128000,2097152000,8.246337e+16,4.602129,4.552206
128100,2098790400,8.252780e+16,4.585497,4.557955
128200,2100428800,8.259222e+16,4.605147,4.553725
128300,2102067200,8.265665e+16,4.640344,4.551384
128400,2103705600,8.272107e+16,4.585991,4.550538
128500,2105344000,8.278549e+16,4.581989,4.555108
128600,2106982400,8.284992e+16,4.565282,4.549525
128700,2108620800,8.291434e+16,4.555813,4.548017
128800,2110259200,8.297877e+16,4.593745,4.543419
128900,2111897600,8.304319e+16,4.593923,4.547872
129000,2113536000,8.310762e+16,4.567197,4.542219
129100,2115174400,8.317204e+16,4.561924,4.547435
129200,2116812800,8.323647e+16,4.596824,4.542524
129300,2118451200,8.330089e+16,4.582071,4.543305
129400,2120089600,8.336532e+16,4.594919,4.544852
129500,2121728000,8.342974e+16,4.581112,4.546638
129600,2123366400,8.349416e+16,4.585048,4.542545
129700,2125004800,8.355859e+16,4.577259,4.543263
129800,2126643200,8.362301e+16,4.610810,4.542613
129900,2128281600,8.368744e+16,4.578435,4.539878
130000,2129920000,8.375186e+16,4.618334,4.544504
130100,2131558400,8.381629e+16,4.594069,4.540416
130200,2133196800,8.388071e+16,4.588705,4.538444
130300,2134835200,8.394514e+16,4.570600,4.536202
130400,2136473600,8.400956e+16,4.575199,4.539767
130500,2138112000,8.407398e+16,4.583763,4.536223
130600,2139750400,8.413841e+16,4.589550,4.532519
130700,2141388800,8.420283e+16,4.553350,4.535973
130800,2143027200,8.426726e+16,4.568501,4.535506
130900,2144665600,8.433168e+16,4.606395,4.533976
131000,2146304000,8.439611e+16,4.582580,4.534694
131100,2147942400,8.446053e+16,4.562373,4.531546
131200,2149580800,8.452496e+16,4.607618,4.531947
131300,2151219200,8.458938e+16,4.561838,4.529700
131400,2152857600,8.465381e+16,4.582471,4.527719
131500,2154496000,8.471823e+16,4.576626,4.527603
131600,2156134400,8.478265e+16,4.587311,4.530126
131700,2157772800,8.484708e+16,4.598706,4.534280
131800,2159411200,8.491150e+16,4.645688,4.538050
131900,2161049600,8.497593e+16,4.637043,4.535649
132000,2162688000,8.504035e+16,4.580998,4.532215
132100,2164326400,8.510478e+16,4.530036,4.532136
132200,2165964800,8.516920e+16,4.648916,4.531981
132300,2167603200,8.523363e+16,4.575918,4.531486
132400,2169241600,8.529805e+16,4.585930,4.531848
132500,2170880000,8.536248e+16,4.541863,4.528230
132600,2172518400,8.542690e+16,4.564885,4.527006
132700,2174156800,8.549132e+16,4.558776,4.528717
132800,2175795200,8.555575e+16,4.592284,4.530128
132900,2177433600,8.562017e+16,4.602347,4.531866
133000,2179072000,8.568460e+16,4.562798,4.528576
133100,2180710400,8.574902e+16,4.533837,4.529957
133200,2182348800,8.581345e+16,4.574251,4.528080
133300,2183987200,8.587787e+16,4.550783,4.528797
133400,2185625600,8.594230e+16,4.590286,4.524067
133500,2187264000,8.600672e+16,4.555035,4.522555
133600,2188902400,8.607114e+16,4.528908,4.525221
133700,2190540800,8.613557e+16,4.524730,4.523770
133800,2192179200,8.619999e+16,4.543638,4.521076
133900,2193817600,8.626442e+16,4.588464,4.522824
134000,2195456000,8.632884e+16,4.590672,4.513874
134100,2197094400,8.639327e+16,4.540154,4.521751
134200,2198732800,8.645769e+16,4.562063,4.525820
134300,2200371200,8.652212e+16,4.567566,4.521424
134400,2202009600,8.658654e+16,4.543210,4.519959
134500,2203648000,8.665097e+16,4.521879,4.518876
134600,2205286400,8.671539e+16,4.542017,4.514778
134700,2206924800,8.677981e+16,4.556725,4.515535
134800,2208563200,8.684424e+16,4.555959,4.513854
134900,2210201600,8.690866e+16,4.520480,4.518122
135000,2211840000,8.697309e+16,4.521028,4.513368
135100,2213478400,8.703751e+16,4.569749,4.515115
135200,2215116800,8.710194e+16,4.560630,4.512978
135300,2216755200,8.716636e+16,4.562078,4.513692
135400,2218393600,8.723079e+16,4.545685,4.511421
135500,2220032000,8.729521e+16,4.554037,4.512546
135600,2221670400,8.735963e+16,4.538473,4.511489
135700,2223308800,8.742406e+16,4.539905,4.514170
135800,2224947200,8.748848e+16,4.577311,4.510086
135900,2226585600,8.755291e+16,4.575592,4.507171
136000,2228224000,8.761733e+16,4.595814,4.507448
136100,2229862400,8.768176e+16,4.584214,4.505449
136200,2231500800,8.774618e+16,4.532734,4.511103
136300,2233139200,8.781061e+16,4.482138,4.511405
136400,2234777600,8.787503e+16,4.543292,4.507731
136500,2236416000,8.793946e+16,4.549085,4.507301
136600,2238054400,8.800388e+16,4.591321,4.506725
136700,2239692800,8.806830e+16,4.547766,4.508719
136800,2241331200,8.813273e+16,4.587591,4.511143
136900,2242969600,8.819715e+16,4.541693,4.510317
137000,2244608000,8.826158e+16,4.572115,4.506101
137100,2246246400,8.832600e+16,4.558985,4.507592
137200,2247884800,8.839043e+16,4.574835,4.507160
137300,2249523200,8.845485e+16,4.507184,4.508230
137400,2251161600,8.851928e+16,4.545757,4.506722
137500,2252800000,8.858370e+16,4.586162,4.503561
137600,2254438400,8.864812e+16,4.543581,4.499259
137700,2256076800,8.871255e+16,4.564788,4.503143
137800,2257715200,8.877697e+16,4.522085,4.500968
137900,2259353600,8.884140e+16,4.524549,4.502343
138000,2260992000,8.890582e+16,4.516014,4.504203
138100,2262630400,8.897025e+16,4.556266,4.504280
138200,2264268800,8.903467e+16,4.561071,4.505295
138300,2265907200,8.909910e+16,4.538885,4.507915
138400,2267545600,8.916352e+16,4.556320,4.502617
138500,2269184000,8.922795e+16,4.561733,4.503067
138600,2270822400,8.929237e+16,4.512488,4.499409
138700,2272460800,8.935679e+16,4.522524,4.496491
138800,2274099200,8.942122e+16,4.541354,4.496666
138900,2275737600,8.948564e+16,4.524080,4.499431
139000,2277376000,8.955007e+16,4.516689,4.501019
139100,2279014400,8.961449e+16,4.573956,4.497797
139200,2280652800,8.967892e+16,4.560362,4.498829
139300,2282291200,8.974334e+16,4.543738,4.498369
139400,2283929600,8.980777e+16,4.546825,4.493472
139500,2285568000,8.987219e+16,4.509488,4.496769
139600,2287206400,8.993662e+16,4.536665,4.497624
139700,2288844800,9.000104e+16,4.539003,4.494124
139800,2290483200,9.006546e+16,4.547122,4.493204
139900,2292121600,9.012989e+16,4.522479,4.493126
140000,2293760000,9.019431e+16,4.540464,4.493874
140100,2295398400,9.025874e+16,4.505944,4.493254
140200,2297036800,9.032316e+16,4.535689,4.492904
140300,2298675200,9.038759e+16,4.552896,4.493182
140400,2300313600,9.045201e+16,4.531538,4.496151
140500,2301952000,9.051644e+16,4.515818,4.491996
140600,2303590400,9.058086e+16,4.527943,4.494205
140700,2305228800,9.064528e+16,4.517108,4.491057
140800,2306867200,9.070971e+16,4.514043,4.492528
140900,2308505600,9.077413e+16,4.547457,4.491103
141000,2310144000,9.083856e+16,4.544621,4.489092
141100,2311782400,9.090298e+16,4.506473,4.483968
141200,2313420800,9.096741e+16,4.543652,4.488258
141300,2315059200,9.103183e+16,4.566360,4.491363
141400,2316697600,9.109626e+16,4.550507,4.490175
141500,2318336000,9.116068e+16,4.544492,4.491552
141600,2319974400,9.122511e+16,4.497341,4.485177
141700,2321612800,9.128953e+16,4.562923,4.483624
141800,2323251200,9.135395e+16,4.575632,4.488583
141900,2324889600,9.141838e+16,4.536107,4.485476
142000,2326528000,9.148280e+16,4.593787,4.489100
142100,2328166400,9.154723e+16,4.596839,4.488771
142200,2329804800,9.161165e+16,4.527351,4.483434
142300,2331443200,9.167608e+16,4.537858,4.486999
142400,2333081600,9.174050e+16,4.492182,4.481284
142500,2334720000,9.180493e+16,4.544124,4.482416
142600,2336358400,9.186935e+16,4.551625,4.481857
142700,2337996800,9.193377e+16,4.530442,4.476226
142800,2339635200,9.199820e+16,4.530402,4.480908
142900,2341273600,9.206262e+16,4.545335,4.481538
143000,2342912000,9.212705e+16,4.485040,4.480846
143100,2344550400,9.219147e+16,4.527733,4.480128
143200,2346188800,9.225590e+16,4.526310,4.477567
143300,2347827200,9.232032e+16,4.561092,4.478761
143400,2349465600,9.238475e+16,4.538721,4.475542
143500,2351104000,9.244917e+16,4.503316,4.473029
143600,2352742400,9.251360e+16,4.543379,4.477278
143700,2354380800,9.257802e+16,4.563444,4.478935
143800,2356019200,9.264244e+16,4.532150,4.477746
143900,2357657600,9.270687e+16,4.513253,4.472171
144000,2359296000,9.277129e+16,4.467062,4.477353
144100,2360934400,9.283572e+16,4.533460,4.477308
144200,2362572800,9.290014e+16,4.512582,4.479240
144300,2364211200,9.296457e+16,4.520065,4.471271
144400,2365849600,9.302899e+16,4.511449,4.476484
144500,2367488000,9.309342e+16,4.496563,4.477064
144600,2369126400,9.315784e+16,4.532879,4.473481
144700,2370764800,9.322227e+16,4.604367,4.473867
144800,2372403200,9.328669e+16,4.536756,4.472006
144900,2374041600,9.335111e+16,4.536504,4.472754
145000,2375680000,9.341554e+16,4.505219,4.468581
145100,2377318400,9.347996e+16,4.578569,4.473192
145200,2378956800,9.354439e+16,4.550755,4.471216
145300,2380595200,9.360881e+16,4.521861,4.469886
145400,2382233600,9.367324e+16,4.543755,4.472471
145500,2383872000,9.373766e+16,4.557796,4.471934
145600,2385510400,9.380209e+16,4.549445,4.470039
145700,2387148800,9.386651e+16,4.498053,4.468848
145800,2388787200,9.393093e+16,4.503004,4.467495
145900,2390425600,9.399536e+16,4.566934,4.467742
146000,2392064000,9.405978e+16,4.516683,4.468807
146100,2393702400,9.412421e+16,4.492208,4.471977
146200,2395340800,9.418863e+16,4.561473,4.468956
146300,2396979200,9.425306e+16,4.488758,4.467143
146400,2398617600,9.431748e+16,4.534982,4.465438
146500,2400256000,9.438191e+16,4.550111,4.469106
146600,2401894400,9.444633e+16,4.482303,4.467194
146700,2403532800,9.451076e+16,4.501334,4.466854
146800,2405171200,9.457518e+16,4.530947,4.465621
146900,2406809600,9.463960e+16,4.499875,4.466749
147000,2408448000,9.470403e+16,4.519464,4.466509
147100,2410086400,9.476845e+16,4.525692,4.468676
147200,2411724800,9.483288e+16,4.508070,4.466675
147300,2413363200,9.489730e+16,4.529227,4.468410
147400,2415001600,9.496173e+16,4.506802,4.466673
147500,2416640000,9.502615e+16,4.493639,4.469008
147600,2418278400,9.509058e+16,4.535658,4.468751
147700,2419916800,9.515500e+16,4.535129,4.467686
147800,2421555200,9.521942e+16,4.509074,4.463211
147900,2423193600,9.528385e+16,4.491280,4.462692
148000,2424832000,9.534827e+16,4.526379,4.463813
148100,2426470400,9.541270e+16,4.561484,4.464746
148200,2428108800,9.547712e+16,4.526164,4.464454
148300,2429747200,9.554155e+16,4.504570,4.462760
148400,2431385600,9.560597e+16,4.507703,4.465828
148500,2433024000,9.567040e+16,4.503475,4.462989
148600,2434662400,9.573482e+16,4.530105,4.464083
148700,2436300800,9.579925e+16,4.511384,4.464526
148800,2437939200,9.586367e+16,4.495636,4.460627
148900,2439577600,9.592809e+16,4.552188,4.459794
149000,2441216000,9.599252e+16,4.501070,4.460045
149100,2442854400,9.605694e+16,4.508461,4.454374
149200,2444492800,9.612137e+16,4.483523,4.453627
149300,2446131200,9.618579e+16,4.533330,4.454592
149400,2447769600,9.625022e+16,4.490204,4.454828
149500,2449408000,9.631464e+16,4.458023,4.458643
149600,2451046400,9.637907e+16,4.545829,4.457028
149700,2452684800,9.644349e+16,4.513339,4.456377
149800,2454323200,9.650792e+16,4.493397,4.454711
149900,2455961600,9.657234e+16,4.528630,4.452262
150000,2457600000,9.663676e+16,4.495728,4.455359
150100,2459238400,9.670119e+16,4.479509,4.454130
150200,2460876800,9.676561e+16,4.488620,4.455442
150300,2462515200,9.683004e+16,4.492980,4.452569
150400,2464153600,9.689446e+16,4.489277,4.451028
150500,2465792000,9.695889e+16,4.590216,4.455603
150600,2467430400,9.702331e+16,4.510601,4.451875
150700,2469068800,9.708774e+16,4.497484,4.453260
150800,2470707200,9.715216e+16,4.479474,4.452304
150900,2472345600,9.721658e+16,4.507658,4.450173
151000,2473984000,9.728101e+16,4.488235,4.453601
151100,2475622400,9.734543e+16,4.495769,4.449129
151200,2477260800,9.740986e+16,4.492006,4.452250
151300,2478899200,9.747428e+16,4.497386,4.454115
151400,2480537600,9.753871e+16,4.527807,4.448216
151500,2482176000,9.760313e+16,4.505907,4.446591
151600,2483814400,9.766756e+16,4.480871,4.448882
151700,2485452800,9.773198e+16,4.520765,4.449072
151800,2487091200,9.779641e+16,4.524887,4.449524
151900,2488729600,9.786083e+16,4.500957,4.446916
152000,2490368000,9.792525e+16,4.507739,4.444868
152100,2492006400,9.798968e+16,4.501019,4.444218
152200,2493644800,9.805410e+16,4.468548,4.447938
152300,2495283200,9.811853e+16,4.518602,4.449670
152400,2496921600,9.818295e+16,4.503015,4.448811
152500,2498560000,9.824738e+16,4.521556,4.449002
152600,2500198400,9.831180e+16,4.498720,4.443284
152700,2501836800,9.837623e+16,4.493129,4.444194
152800,2503475200,9.844065e+16,4.483019,4.448339
152900,2505113600,9.850507e+16,4.463770,4.443315
153000,2506752000,9.856950e+16,4.471758,4.440455
153100,2508390400,9.863392e+16,4.505302,4.442651
153200,2510028800,9.869835e+16,4.485465,4.442139
153300,2511667200,9.876277e+16,4.500010,4.440793
153400,2513305600,9.882720e+16,4.483287,4.442624
153500,2514944000,9.889162e+16,4.490511,4.438242
153600,2516582400,9.895605e+16,4.490807,4.440807
153700,2518220800,9.902047e+16,4.486459,4.439602
153800,2519859200,9.908490e+16,4.492323,4.439770
153900,2521497600,9.914932e+16,4.517603,4.440107
154000,2523136000,9.921374e+16,4.495116,4.438105
154100,2524774400,9.927817e+16,4.534945,4.437607
154200,2526412800,9.934259e+16,4.505295,4.434680
154300,2528051200,9.940702e+16,4.490445,4.436153
154400,2529689600,9.947144e+16,4.448052,4.434275
154500,2531328000,9.953587e+16,4.465537,4.436651
154600,2532966400,9.960029e+16,4.501407,4.435147
154700,2534604800,9.966472e+16,4.506248,4.430490
154800,2536243200,9.972914e+16,4.501426,4.435877
154900,2537881600,9.979357e+16,4.485154,4.433873
155000,2539520000,9.985799e+16,4.494364,4.434514
155100,2541158400,9.992241e+16,4.497817,4.431018
155200,2542796800,9.998684e+16,4.471508,4.430577
155300,2544435200,1.000513e+17,4.494626,4.433883
155400,2546073600,1.001157e+17,4.480331,4.434436
155500,2547712000,1.001801e+17,4.468246,4.431811
155600,2549350400,1.002445e+17,4.469499,4.431334
155700,2550988800,1.003090e+17,4.498855,4.427404
155800,2552627200,1.003734e+17,4.478523,4.432893
155900,2554265600,1.004378e+17,4.441217,4.431914
156000,2555904000,1.005022e+17,4.439923,4.426874
156100,2557542400,1.005667e+17,4.452082,4.427930
156200,2559180800,1.006311e+17,4.479564,4.428976
156300,2560819200,1.006955e+17,4.460771,4.424869
156400,2562457600,1.007599e+17,4.451953,4.430063
156500,2564096000,1.008244e+17,4.466781,4.426112
156600,2565734400,1.008888e+17,4.459859,4.423614
156700,2567372800,1.009532e+17,4.458245,4.423554
156800,2569011200,1.010176e+17,4.489936,4.423588
156900,2570649600,1.010821e+17,4.457440,4.424115
157000,2572288000,1.011465e+17,4.450798,4.425534
157100,2573926400,1.012109e+17,4.451171,4.425389
157200,2575564800,1.012753e+17,4.494398,4.424071
157300,2577203200,1.013398e+17,4.459409,4.422358
157400,2578841600,1.014042e+17,4.448977,4.424085
157500,2580480000,1.014686e+17,4.448983,4.424466
157600,2582118400,1.015330e+17,4.470859,4.422958
157700,2583756800,1.015975e+17,4.456243,4.418846
157800,2585395200,1.016619e+17,4.467840,4.421468
157900,2587033600,1.017263e+17,4.457589,4.417812
158000,2588672000,1.017907e+17,4.480879,4.418359
158100,2590310400,1.018551e+17,4.444884,4.416908
158200,2591948800,1.019196e+17,4.477862,4.418107
158300,2593587200,1.019840e+17,4.450477,4.416269
158400,2595225600,1.020484e+17,4.484654,4.412876
158500,2596864000,1.021128e+17,4.433118,4.412385
158600,2598502400,1.021773e+17,4.450771,4.413188
158700,2600140800,1.022417e+17,4.457438,4.413944
158800,2601779200,1.023061e+17,4.486778,4.414067
158900,2603417600,1.023705e+17,4.473186,4.413640
159000,2605056000,1.024350e+17,4.471141,4.417111
159100,2606694400,1.024994e+17,4.457219,4.411375
159200,2608332800,1.025638e+17,4.448485,4.411077
159300,2609971200,1.026282e+17,4.445526,4.411902
159400,2611609600,1.026927e+17,4.434946,4.408560
159500,2613248000,1.027571e+17,4.476489,4.412972
159600,2614886400,1.028215e+17,4.421003,4.412981
159700,2616524800,1.028859e+17,4.466377,4.411923
159800,2618163200,1.029504e+17,4.485283,4.411830
159900,2619801600,1.030148e+17,4.462682,4.410840
160000,2621440000,1.030792e+17,4.425250,4.407950
160100,2623078400,1.031436e+17,4.455820,4.413035
160200,2624716800,1.032081e+17,4.416661,4.407657
160300,2626355200,1.032725e+17,4.443615,4.405046
160400,2627993600,1.033369e+17,4.449795,4.410591
160500,2629632000,1.034013e+17,4.472245,4.411087
160600,2631270400,1.034658e+17,4.456260,4.410098
160700,2632908800,1.035302e+17,4.474092,4.411456
160800,2634547200,1.035946e+17,4.436655,4.409349
160900,2636185600,1.036590e+17,4.440088,4.410664
161000,2637824000,1.037235e+17,4.450567,4.409764
161100,2639462400,1.037879e+17,4.468230,4.408122
161200,2641100800,1.038523e+17,4.435479,4.406855
161300,2642739200,1.039167e+17,4.437127,4.407967
161400,2644377600,1.039812e+17,4.464231,4.409526
161500,2646016000,1.040456e+17,4.449681,4.405804
161600,2647654400,1.041100e+17,4.451461,4.409584
161700,2649292800,1.041744e+17,4.436931,4.406378
161800,2650931200,1.042389e+17,4.446789,4.406380
161900,2652569600,1.043033e+17,4.445093,4.406995
162000,2654208000,1.043677e+17,4.450153,4.402293
162100,2655846400,1.044321e+17,4.428705,4.405570
162200,2657484800,1.044966e+17,4.455279,4.405285
162300,2659123200,1.045610e+17,4.403626,4.399562
162400,2660761600,1.046254e+17,4.429612,4.401742
162500,2662400000,1.046898e+17,4.417482,4.399883
162600,2664038400,1.047543e+17,4.441070,4.398649
162700,2665676800,1.048187e+17,4.399533,4.399953
162800,2667315200,1.048831e+17,4.442517,4.400557
162900,2668953600,1.049475e+17,4.428318,4.399300
163000,2670592000,1.050120e+17,4.411535,4.397877
163100,2672230400,1.050764e+17,4.472099,4.396305
163200,2673868800,1.051408e+17,4.449024,4.397023
163300,2675507200,1.052052e+17,4.439203,4.397460
163400,2677145600,1.052696e+17,4.434868,4.396189
163500,2678784000,1.053341e+17,4.458417,4.393659
163600,2680422400,1.053985e+17,4.457931,4.393252
163700,2682060800,1.054629e+17,4.421886,4.396132
163800,2683699200,1.055273e+17,4.433101,4.394517
163900,2685337600,1.055918e+17,4.420575,4.396403
164000,2686976000,1.056562e+17,4.435416,4.393325
164100,2688614400,1.057206e+17,4.467160,4.392144
164200,2690252800,1.057850e+17,4.421718,4.392641
164300,2691891200,1.058495e+17,4.432796,4.390395
164400,2693529600,1.059139e+17,4.429506,4.391500
164500,2695168000,1.059783e+17,4.469522,4.392832
164600,2696806400,1.060427e+17,4.425483,4.392017
164700,2698444800,1.061072e+17,4.417852,4.396900
164800,2700083200,1.061716e+17,4.494626,4.394314
164900,2701721600,1.062360e+17,4.438684,4.388377
165000,2703360000,1.063004e+17,4.462551,4.391607
165100,2704998400,1.063649e+17,4.433429,4.390095
165200,2706636800,1.064293e+17,4.428552,4.389663
165300,2708275200,1.064937e+17,4.410064,4.387984
165400,2709913600,1.065581e+17,4.402704,4.394338
165500,2711552000,1.066226e+17,4.430317,4.388372
165600,2713190400,1.066870e+17,4.441885,4.391492
165700,2714828800,1.067514e+17,4.443747,4.389634
165800,2716467200,1.068158e+17,4.412041,4.389250
165900,2718105600,1.068803e+17,4.420903,4.390398
166000,2719744000,1.069447e+17,4.466372,4.390140
166100,2721382400,1.070091e+17,4.452237,4.390697
166200,2723020800,1.070735e+17,4.444746,4.387166
166300,2724659200,1.071380e+17,4.402095,4.384539
166400,2726297600,1.072024e+17,4.413743,4.386966
166500,2727936000,1.072668e+17,4.452847,4.384920
166600,2729574400,1.073312e+17,4.428493,4.384963
166700,2731212800,1.073957e+17,4.428817,4.384877
166800,2732851200,1.074601e+17,4.453390,4.387707
166900,2734489600,1.075245e+17,4.427394,4.382745
167000,2736128000,1.075889e+17,4.410879,4.384635
167100,2737766400,1.076534e+17,4.413962,4.380168
167200,2739404800,1.077178e+17,4.424117,4.383156
167300,2741043200,1.077822e+17,4.480589,4.383728
167400,2742681600,1.078466e+17,4.462103,4.382492
167500,2744320000,1.079111e+17,4.431209,4.381862
167600,2745958400,1.079755e+17,4.412038,4.384392
167700,2747596800,1.080399e+17,4.411900,4.380949
167800,2749235200,1.081043e+17,4.430924,4.382130
167900,2750873600,1.081688e+17,4.442618,4.380101
168000,2752512000,1.082332e+17,4.433070,4.380974
168100,2754150400,1.082976e+17,4.429855,4.384068
168200,2755788800,1.083620e+17,4.414551,4.378585
168300,2757427200,1.084264e+17,4.381111,4.379759
168400,2759065600,1.084909e+17,4.419307,4.380620
168500,2760704000,1.085553e+17,4.394706,4.380127
168600,2762342400,1.086197e+17,4.436215,4.379880
168700,2763980800,1.086841e+17,4.444420,4.378516
168800,2765619200,1.087486e+17,4.410128,4.379317
168900,2767257600,1.088130e+17,4.450887,4.381150
169000,2768896000,1.088774e+17,4.442989,4.377525
169100,2770534400,1.089418e+17,4.445359,4.377678
169200,2772172800,1.090063e+17,4.463643,4.376503
169300,2773811200,1.090707e+17,4.416731,4.375022
169400,2775449600,1.091351e+17,4.398730,4.374416
169500,2777088000,1.091995e+17,4.419869,4.377354
169600,2778726400,1.092640e+17,4.421421,4.376704
169700,2780364800,1.093284e+17,4.396753,4.378594
169800,2782003200,1.093928e+17,4.406722,4.377319
169900,2783641600,1.094572e+17,4.401694,4.375938
170000,2785280000,1.095217e+17,4.441805,4.374486
170100,2786918400,1.095861e+17,4.423918,4.375525
170200,2788556800,1.096505e+17,4.453135,4.375521
170300,2790195200,1.097149e+17,4.394799,4.372542
170400,2791833600,1.097794e+17,4.433147,4.372206
170500,2793472000,1.098438e+17,4.415383,4.372663
170600,2795110400,1.099082e+17,4.406407,4.372289
170700,2796748800,1.099726e+17,4.416401,4.372593
170800,2798387200,1.100371e+17,4.406599,4.372071
170900,2800025600,1.101015e+17,4.371933,4.372301
171000,2801664000,1.101659e+17,4.399456,4.374692
171100,2803302400,1.102303e+17,4.444523,4.369950
171200,2804940800,1.102948e+17,4.438968,4.372279
171300,2806579200,1.103592e+17,4.410666,4.368237
171400,2808217600,1.104236e+17,4.446163,4.368082
171500,2809856000,1.104880e+17,4.429461,4.368182
171600,2811494400,1.105525e+17,4.419384,4.367588
171700,2813132800,1.106169e+17,4.448416,4.370168
171800,2814771200,1.106813e+17,4.430466,4.366845
171900,2816409600,1.107457e+17,4.460793,4.366475
172000,2818048000,1.108102e+17,4.421823,4.360695
172100,2819686400,1.108746e+17,4.409551,4.366201
172200,2821324800,1.109390e+17,4.406785,4.361452
172300,2822963200,1.110034e+17,4.423929,4.365755
172400,2824601600,1.110679e+17,4.429986,4.366150
172500,2826240000,1.111323e+17,4.469660,4.368802
172600,2827878400,1.111967e+17,4.411621,4.365949
172700,2829516800,1.112611e+17,4.379001,4.367016
172800,2831155200,1.113256e+17,4.409250,4.367886
172900,2832793600,1.113900e+17,4.392179,4.367481
173000,2834432000,1.114544e+17,4.415810,4.364767
173100,2836070400,1.115188e+17,4.408195,4.366750
173200,2837708800,1.115833e+17,4.435463,4.363691
173300,2839347200,1.116477e+17,4.437809,4.361231
173400,2840985600,1.117121e+17,4.399768,4.362980
173500,2842624000,1.117765e+17,4.409302,4.362168
173600,2844262400,1.118409e+17,4.425936,4.362807
173700,2845900800,1.119054e+17,4.450681,4.362358
173800,2847539200,1.119698e+17,4.423717,4.362156
173900,2849177600,1.120342e+17,4.387916,4.358630
174000,2850816000,1.120986e+17,4.417605,4.358898
174100,2852454400,1.121631e+17,4.390135,4.359177
174200,2854092800,1.122275e+17,4.397967,4.355807
174300,2855731200,1.122919e+17,4.403613,4.356932
174400,2857369600,1.123563e+17,4.395850,4.360230
174500,2859008000,1.124208e+17,4.404718,4.358904
174600,2860646400,1.124852e+17,4.398458,4.358305
174700,2862284800,1.125496e+17,4.390946,4.358998
174800,2863923200,1.126140e+17,4.420816,4.359487
174900,2865561600,1.126785e+17,4.436199,4.359430
175000,2867200000,1.127429e+17,4.403883,4.358262
175100,2868838400,1.128073e+17,4.409251,4.361793
175200,2870476800,1.128717e+17,4.393786,4.357120
175300,2872115200,1.129362e+17,4.443088,4.358846
175400,2873753600,1.130006e+17,4.405432,4.358090
175500,2875392000,1.130650e+17,4.358297,4.358197
175600,2877030400,1.131294e+17,4.390967,4.356288
175700,2878668800,1.131939e+17,4.406855,4.356813
175800,2880307200,1.132583e+17,4.408909,4.356230
175900,2881945600,1.133227e+17,4.424244,4.360657
176000,2883584000,1.133871e+17,4.408617,4.354630
176100,2885222400,1.134516e+17,4.424200,4.355950
176200,2886860800,1.135160e+17,4.379572,4.356660
176300,2888499200,1.135804e+17,4.419056,4.358083
176400,2890137600,1.136448e+17,4.416546,4.355935
176500,2891776000,1.137093e+17,4.414514,4.355136
176600,2893414400,1.137737e+17,4.425121,4.353042
176700,2895052800,1.138381e+17,4.394075,4.352537
176800,2896691200,1.139025e+17,4.397744,4.357385
176900,2898329600,1.139670e+17,4.432302,4.354160
177000,2899968000,1.140314e+17,4.378891,4.357176
177100,2901606400,1.140958e+17,4.405304,4.352896
177200,2903244800,1.141602e+17,4.427437,4.355199
177300,2904883200,1.142247e+17,4.415102,4.355025
177400,2906521600,1.142891e+17,4.397801,4.353659
177500,2908160000,1.143535e+17,4.446014,4.349860
177600,2909798400,1.144179e+17,4.348785,4.351766
177700,2911436800,1.144824e+17,4.394222,4.351315
177800,2913075200,1.145468e+17,4.385664,4.350699
177900,2914713600,1.146112e+17,4.413697,4.348598
178000,2916352000,1.146756e+17,4.388148,4.347158
178100,2917990400,1.147401e+17,4.381129,4.346941
178200,2919628800,1.148045e+17,4.373695,4.352156
178300,2921267200,1.148689e+17,4.366732,4.350516
178400,2922905600,1.149333e+17,4.407890,4.348050
178500,2924544000,1.149977e+17,4.437555,4.348333
178600,2926182400,1.150622e+17,4.439991,4.346526
178700,2927820800,1.151266e+17,4.402612,4.347320
178800,2929459200,1.151910e+17,4.431500,4.349093
178900,2931097600,1.152554e+17,4.420880,4.347044
179000,2932736000,1.153199e+17,4.423524,4.352888
179100,2934374400,1.153843e+17,4.411042,4.350096
179200,2936012800,1.154487e+17,4.425377,4.346275
179300,2937651200,1.155131e+17,4.383400,4.346170
179400,2939289600,1.155776e+17,4.380656,4.346944
179500,2940928000,1.156420e+17,4.411116,4.343586
179600,2942566400,1.157064e+17,4.385819,4.344268
179700,2944204800,1.157708e+17,4.358317,4.345736
179800,2945843200,1.158353e+17,4.386954,4.346382
179900,2947481600,1.158997e+17,4.419720,4.348777
180000,2949120000,1.159641e+17,4.353143,4.346031
180100,2950758400,1.160285e+17,4.392886,4.346043
180200,2952396800,1.160930e+17,4.403258,4.349891
180300,2954035200,1.161574e+17,4.401000,4.345449
180400,2955673600,1.162218e+17,4.419259,4.349822
180500,2957312000,1.162862e+17,4.381427,4.342712
180600,2958950400,1.163507e+17,4.432140,4.345056
180700,2960588800,1.164151e+17,4.427638,4.345303
180800,2962227200,1.164795e+17,4.386543,4.341551
180900,2963865600,1.165439e+17,4.395581,4.343122
181000,2965504000,1.166084e+17,4.381692,4.343018
181100,2967142400,1.166728e+17,4.413445,4.343459
181200,2968780800,1.167372e+17,4.402181,4.343890
181300,2970419200,1.168016e+17,4.383343,4.342051
181400,2972057600,1.168661e+17,4.405238,4.343916
181500,2973696000,1.169305e+17,4.377470,4.340254
181600,2975334400,1.169949e+17,4.415965,4.344691
181700,2976972800,1.170593e+17,4.405328,4.346178
181800,2978611200,1.171238e+17,4.408400,4.343386
181900,2980249600,1.171882e+17,4.431101,4.341824
182000,2981888000,1.172526e+17,4.400051,4.339451
182100,2983526400,1.173170e+17,4.427773,4.338359
182200,2985164800,1.173815e+17,4.414861,4.340733
182300,2986803200,1.174459e+17,4.454623,4.338695
182400,2988441600,1.175103e+17,4.397793,4.338630
182500,2990080000,1.175747e+17,4.369821,4.337121
182600,2991718400,1.176392e+17,4.421216,4.335950
182700,2993356800,1.177036e+17,4.394670,4.339368
182800,2994995200,1.177680e+17,4.410972,4.341368
182900,2996633600,1.178324e+17,4.353611,4.336911
183000,2998272000,1.178969e+17,4.364163,4.334063
183100,2999910400,1.179613e+17,4.370136,4.335308
183200,3001548800,1.180257e+17,4.424462,4.342558
183300,3003187200,1.180901e+17,4.441837,4.341333
183400,3004825600,1.181546e+17,4.412499,4.338439
183500,3006464000,1.182190e+17,4.384792,4.336726
183600,3008102400,1.182834e+17,4.384900,4.337019
183700,3009740800,1.183478e+17,4.340916,4.336459
183800,3011379200,1.184122e+17,4.397115,4.337078
183900,3013017600,1.184767e+17,4.368865,4.334409
184000,3014656000,1.185411e+17,4.374810,4.334139
184100,3016294400,1.186055e+17,4.406658,4.336164
184200,3017932800,1.186699e+17,4.433362,4.334506
184300,3019571200,1.187344e+17,4.360776,4.334264
184400,3021209600,1.187988e+17,4.371128,4.332329
184500,3022848000,1.188632e+17,4.390858,4.334347
184600,3024486400,1.189276e+17,4.442187,4.337002
184700,3026124800,1.189921e+17,4.377787,4.332246
184800,3027763200,1.190565e+17,4.379499,4.330454
184900,3029401600,1.191209e+17,4.378809,4.332381
185000,3031040000,1.191853e+17,4.368583,4.330699
185100,3032678400,1.192498e+17,4.381985,4.329615
185200,3034316800,1.193142e+17,4.404921,4.330757
185300,3035955200,1.193786e+17,4.377640,4.330402
185400,3037593600,1.194430e+17,4.376202,4.325878
185500,3039232000,1.195075e+17,4.387494,4.325978
185600,3040870400,1.195719e+17,4.398742,4.330015
185700,3042508800,1.196363e+17,4.369629,4.328027
185800,3044147200,1.197007e+17,4.384160,4.324631
185900,3045785600,1.197652e+17,4.389034,4.322887
186000,3047424000,1.198296e+17,4.385539,4.323654
186100,3049062400,1.198940e+17,4.367100,4.326204
186200,3050700800,1.199584e+17,4.408887,4.325979
186300,3052339200,1.200229e+17,4.377999,4.328630
186400,3053977600,1.200873e+17,4.378384,4.330380
186500,3055616000,1.201517e+17,4.421221,4.328833
186600,3057254400,1.202161e+17,4.384150,4.323937
186700,3058892800,1.202806e+17,4.379191,4.324911
186800,3060531200,1.203450e+17,4.352903,4.325500
186900,3062169600,1.204094e+17,4.387580,4.322950
187000,3063808000,1.204738e+17,4.426532,4.323184
187100,3065446400,1.205383e+17,4.401201,4.324289
187200,3067084800,1.206027e+17,4.373861,4.322952
187300,3068723200,1.206671e+17,4.370646,4.324019
187400,3070361600,1.207315e+17,4.384101,4.324929
187500,3072000000,1.207960e+17,4.353198,4.324322
187600,3073638400,1.208604e+17,4.411485,4.322197
187700,3075276800,1.209248e+17,4.394890,4.319557
187800,3076915200,1.209892e+17,4.334540,4.324043
187900,3078553600,1.210537e+17,4.377892,4.322135
188000,3080192000,1.211181e+17,4.375802,4.325090
188100,3081830400,1.211825e+17,4.396198,4.324139
188200,3083468800,1.212469e+17,4.368079,4.324245
188300,3085107200,1.213114e+17,4.387241,4.322331
188400,3086745600,1.213758e+17,4.396262,4.325896
188500,3088384000,1.214402e+17,4.407018,4.322044
188600,3090022400,1.215046e+17,4.357234,4.319681
188700,3091660800,1.215690e+17,4.382120,4.319120
188800,3093299200,1.216335e+17,4.350507,4.320985
188900,3094937600,1.216979e+17,4.351744,4.320096
189000,3096576000,1.217623e+17,4.432290,4.322272
189100,3098214400,1.218267e+17,4.360973,4.318823
189200,3099852800,1.218912e+17,4.382719,4.318192
189300,3101491200,1.219556e+17,4.386155,4.315498
189400,3103129600,1.220200e+17,4.364463,4.315684
189500,3104768000,1.220844e+17,4.354546,4.315373
189600,3106406400,1.221489e+17,4.355258,4.318911
189700,3108044800,1.222133e+17,4.379676,4.319097
189800,3109683200,1.222777e+17,4.347833,4.318715
189900,3111321600,1.223421e+17,4.324410,4.318434
190000,3112960000,1.224066e+17,4.390227,4.321650
190100,3114598400,1.224710e+17,4.401597,4.318051
190200,3116236800,1.225354e+17,4.378732,4.314923
190300,3117875200,1.225998e+17,4.416127,4.316665
190400,3119513600,1.226643e+17,4.371787,4.313947
190500,3121152000,1.227287e+17,4.383353,4.314516
190600,3122790400,1.227931e+17,4.402070,4.317442
190700,3124428800,1.228575e+17,4.354540,4.314529
190800,3126067200,1.229220e+17,4.375574,4.313591
190900,3127705600,1.229864e+17,4.389606,4.315531
191000,3129344000,1.230508e+17,4.395953,4.314125
191100,3130982400,1.231152e+17,4.370359,4.312244
191200,3132620800,1.231797e+17,4.358665,4.314851
191300,3134259200,1.232441e+17,4.380720,4.314935
191400,3135897600,1.233085e+17,4.407878,4.313883
191500,3137536000,1.233729e+17,4.388392,4.313224
191600,3139174400,1.234374e+17,4.377852,4.314117
191700,3140812800,1.235018e+17,4.370418,4.310044
191800,3142451200,1.235662e+17,4.345197,4.308523
191900,3144089600,1.236306e+17,4.360466,4.311560
192000,3145728000,1.236951e+17,4.422470,4.313062
192100,3147366400,1.237595e+17,4.390793,4.314926
192200,3149004800,1.238239e+17,4.426614,4.312034
192300,3150643200,1.238883e+17,4.388600,4.310408
192400,3152281600,1.239528e+17,4.359676,4.312357
192500,3153920000,1.240172e+17,4.331363,4.308184
192600,3155558400,1.240816e+17,4.361147,4.308915
192700,3157196800,1.241460e+17,4.371626,4.310586
192800,3158835200,1.242105e+17,4.353175,4.308253
192900,3160473600,1.242749e+17,4.519747,4.311437
193000,3162112000,1.243393e+17,4.405008,4.306464
193100,3163750400,1.244037e+17,4.355416,4.308342
193200,3165388800,1.244682e+17,4.370169,4.307480
193300,3167027200,1.245326e+17,4.347427,4.309548
193400,3168665600,1.245970e+17,4.373243,4.311972
193500,3170304000,1.246614e+17,4.431152,4.309523
193600,3171942400,1.247259e+17,4.419121,4.310654
193700,3173580800,1.247903e+17,4.360592,4.310610
193800,3175219200,1.248547e+17,4.374516,4.308735
193900,3176857600,1.249191e+17,4.347907,4.305020
194000,3178496000,1.249835e+17,4.367912,4.305224
194100,3180134400,1.250480e+17,4.402024,4.307743
194200,3181772800,1.251124e+17,4.360749,4.310220
194300,3183411200,1.251768e+17,4.402359,4.306957
194400,3185049600,1.252412e+17,4.334846,4.305878
194500,3186688000,1.253057e+17,4.352890,4.305708
194600,3188326400,1.253701e+17,4.361009,4.304798
194700,3189964800,1.254345e+17,4.363669,4.306269
194800,3191603200,1.254989e+17,4.363884,4.307136
194900,3193241600,1.255634e+17,4.409244,4.306650
195000,3194880000,1.256278e+17,4.391061,4.307697
195100,3196518400,1.256922e+17,4.342041,4.303359
195200,3198156800,1.257566e+17,4.357842,4.304141
195300,3199795200,1.258211e+17,4.331542,4.301626
195400,3201433600,1.258855e+17,4.386766,4.301785
195500,3203072000,1.259499e+17,4.372957,4.301628
195600,3204710400,1.260143e+17,4.368736,4.304344
195700,3206348800,1.260788e+17,4.343019,4.305160
195800,3207987200,1.261432e+17,4.343506,4.301530
195900,3209625600,1.262076e+17,4.363975,4.302238
196000,3211264000,1.262720e+17,4.358869,4.304192
196100,3212902400,1.263365e+17,4.354953,4.303371
196200,3214540800,1.264009e+17,4.340754,4.300589
196300,3216179200,1.264653e+17,4.344084,4.302283
196400,3217817600,1.265297e+17,4.325749,4.302202
196500,3219456000,1.265942e+17,4.346877,4.299065
196600,3221094400,1.266586e+17,4.336240,4.297810
196700,3222732800,1.267230e+17,4.355953,4.301200
196800,3224371200,1.267874e+17,4.344116,4.297930
196900,3226009600,1.268519e+17,4.362522,4.300457
197000,3227648000,1.269163e+17,4.375369,4.298317
197100,3229286400,1.269807e+17,4.367637,4.298529
197200,3230924800,1.270451e+17,4.345556,4.297362
197300,3232563200,1.271096e+17,4.353359,4.298877
197400,3234201600,1.271740e+17,4.351747,4.298484
197500,3235840000,1.272384e+17,4.350493,4.296630
197600,3237478400,1.273028e+17,4.352609,4.297809
197700,3239116800,1.273673e+17,4.324037,4.294625
197800,3240755200,1.274317e+17,4.347983,4.299006
197900,3242393600,1.274961e+17,4.389071,4.296872
198000,3244032000,1.275605e+17,4.349342,4.297514
198100,3245670400,1.276250e+17,4.343033,4.298478
198200,3247308800,1.276894e+17,4.329194,4.296424
198300,3248947200,1.277538e+17,4.315537,4.302677
198400,3250585600,1.278182e+17,4.343895,4.296855
198500,3252224000,1.278827e+17,4.388119,4.297860
198600,3253862400,1.279471e+17,4.360456,4.294742
198700,3255500800,1.280115e+17,4.339711,4.295188
198800,3257139200,1.280759e+17,4.347529,4.293300
198900,3258777600,1.281403e+17,4.352231,4.293829
199000,3260416000,1.282048e+17,4.351298,4.295552
199100,3262054400,1.282692e+17,4.341815,4.296067
199200,3263692800,1.283336e+17,4.372360,4.294442
199300,3265331200,1.283980e+17,4.376163,4.294550
199400,3266969600,1.284625e+17,4.346896,4.294278
199500,3268608000,1.285269e+17,4.358428,4.296301
199600,3270246400,1.285913e+17,4.374003,4.293926
199700,3271884800,1.286557e+17,4.328719,4.293055
199800,3273523200,1.287202e+17,4.341012,4.290737
199900,3275161600,1.287846e+17,4.361639,4.292948
200000,3276800000,1.288490e+17,4.379826,4.293848
200100,3278438400,1.289134e+17,4.339672,4.293917
200200,3280076800,1.289779e+17,4.352066,4.290029
200300,3281715200,1.290423e+17,4.347249,4.290297
200400,3283353600,1.291067e+17,4.342923,4.289242
200500,3284992000,1.291711e+17,4.339096,4.289789
200600,3286630400,1.292356e+17,4.340122,4.287702
200700,3288268800,1.293000e+17,4.357712,4.290004
200800,3289907200,1.293644e+17,4.375137,4.289709
200900,3291545600,1.294288e+17,4.387488,4.293492
201000,3293184000,1.294933e+17,4.343907,4.290422
201100,3294822400,1.295577e+17,4.344476,4.290186
201200,3296460800,1.296221e+17,4.362649,4.291868
201300,3298099200,1.296865e+17,4.339954,4.290579
201400,3299737600,1.297510e+17,4.341029,4.287527
201500,3301376000,1.298154e+17,4.364323,4.289620
201600,3303014400,1.298798e+17,4.344217,4.287651
201700,3304652800,1.299442e+17,4.340914,4.289484
201800,3306291200,1.300087e+17,4.332453,4.285877
201900,3307929600,1.300731e+17,4.377137,4.287339
202000,3309568000,1.301375e+17,4.377942,4.284994
202100,3311206400,1.302019e+17,4.376585,4.289356
202200,3312844800,1.302664e+17,4.492429,4.289798
202300,3314483200,1.303308e+17,4.367955,4.288988
202400,3316121600,1.303952e+17,4.346482,4.286618
202500,3317760000,1.304596e+17,4.348068,4.287444
202600,3319398400,1.305241e+17,4.325122,4.287300
202700,3321036800,1.305885e+17,4.383059,4.288717
202800,3322675200,1.306529e+17,4.359120,4.286829
202900,3324313600,1.307173e+17,4.349475,4.287838
203000,3325952000,1.307818e+17,4.325794,4.287624
203100,3327590400,1.308462e+17,4.383820,4.286694
203200,3329228800,1.309106e+17,4.362010,4.284884
203300,3330867200,1.309750e+17,4.353279,4.284859
203400,3332505600,1.310395e+17,4.349912,4.283543
203500,3334144000,1.311039e+17,4.335806,4.282285
203600,3335782400,1.311683e+17,4.324264,4.283448
203700,3337420800,1.312327e+17,4.341325,4.282286
203800,3339059200,1.312972e+17,4.338609,4.283375
203900,3340697600,1.313616e+17,4.315117,4.284401
204000,3342336000,1.314260e+17,4.372949,4.281525
204100,3343974400,1.314904e+17,4.327253,4.281331
204200,3345612800,1.315548e+17,4.333838,4.283419
204300,3347251200,1.316193e+17,4.331649,4.282512
204400,3348889600,1.316837e+17,4.334223,4.282126
204500,3350528000,1.317481e+17,4.357164,4.279505
204600,3352166400,1.318125e+17,4.320426,4.280905
204700,3353804800,1.318770e+17,4.371010,4.283983
204800,3355443200,1.319414e+17,4.366909,4.280043
204900,3357081600,1.320058e+17,4.360639,4.282698
205000,3358720000,1.320702e+17,4.363335,4.280302
205100,3360358400,1.321347e+17,4.418664,4.283915
205200,3361996800,1.321991e+17,4.363552,4.282836
205300,3363635200,1.322635e+17,4.332800,4.283120
205400,3365273600,1.323279e+17,4.349144,4.281734
205500,3366912000,1.323924e+17,4.294322,4.281843
205600,3368550400,1.324568e+17,4.334394,4.280368
205700,3370188800,1.325212e+17,4.347658,4.280590
205800,3371827200,1.325856e+17,4.390447,4.282174
205900,3373465600,1.326501e+17,4.374725,4.282590
206000,3375104000,1.327145e+17,4.433826,4.282874
206100,3376742400,1.327789e+17,4.361844,4.281606
206200,3378380800,1.328433e+17,4.320378,4.279123
206300,3380019200,1.329078e+17,4.346945,4.279078
206400,3381657600,1.329722e+17,4.302374,4.279650
206500,3383296000,1.330366e+17,4.307340,4.278228
206600,3384934400,1.331010e+17,4.350288,4.278717
206700,3386572800,1.331655e+17,4.339932,4.276725
206800,3388211200,1.332299e+17,4.340590,4.277964
206900,3389849600,1.332943e+17,4.355136,4.277758
207000,3391488000,1.333587e+17,4.324915,4.278828
207100,3393126400,1.334232e+17,4.345545,4.276104
207200,3394764800,1.334876e+17,4.315642,4.273990
207300,3396403200,1.335520e+17,4.305250,4.276652
207400,3398041600,1.336164e+17,4.285113,4.273879
207500,3399680000,1.336809e+17,4.305315,4.274956
207600,3401318400,1.337453e+17,4.323099,4.275665
207700,3402956800,1.338097e+17,4.365590,4.275344
207800,3404595200,1.338741e+17,4.322511,4.274324
207900,3406233600,1.339386e+17,4.298694,4.274690
208000,3407872000,1.340030e+17,4.327248,4.274846
208100,3409510400,1.340674e+17,4.307571,4.275131
208200,3411148800,1.341318e+17,4.304204,4.275410
208300,3412787200,1.341963e+17,4.343116,4.274400
208400,3414425600,1.342607e+17,4.323209,4.273890
208500,3416064000,1.343251e+17,4.311235,4.273524
208600,3417702400,1.343895e+17,4.296875,4.272437
208700,3419340800,1.344540e+17,4.325532,4.271196
208800,3420979200,1.345184e+17,4.307735,4.270306
208900,3422617600,1.345828e+17,4.291324,4.267539
209000,3424256000,1.346472e+17,4.348860,4.268127
209100,3425894400,1.347116e+17,4.285490,4.265771
209200,3427532800,1.347761e+17,4.281474,4.269142
209300,3429171200,1.348405e+17,4.287838,4.269936
209400,3430809600,1.349049e+17,4.311397,4.268745
209500,3432448000,1.349693e+17,4.315573,4.266255
209600,3434086400,1.350338e+17,4.301884,4.268559
209700,3435724800,1.350982e+17,4.302077,4.268078
209800,3437363200,1.351626e+17,4.302245,4.268051
209900,3439001600,1.352270e+17,4.299680,4.268434
210000,3440640000,1.352915e+17,4.296245,4.267764
210100,3442278400,1.353559e+17,4.288766,4.264710
210200,3443916800,1.354203e+17,4.277387,4.267414
210300,3445555200,1.354847e+17,4.309807,4.266952
210400,3447193600,1.355492e+17,4.306279,4.266964
210500,3448832000,1.356136e+17,4.307211,4.264673
210600,3450470400,1.356780e+17,4.338608,4.263082
210700,3452108800,1.357424e+17,4.364601,4.265054
210800,3453747200,1.358069e+17,4.299181,4.264437
210900,3455385600,1.358713e+17,4.297060,4.263692
211000,3457024000,1.359357e+17,4.284495,4.265675
211100,3458662400,1.360001e+17,4.322991,4.267358
211200,3460300800,1.360646e+17,4.309647,4.263128
211300,3461939200,1.361290e+17,4.266240,4.265279
211400,3463577600,1.361934e+17,4.298677,4.266349
211500,3465216000,1.362578e+17,4.304085,4.263562
211600,3466854400,1.363223e+17,4.277267,4.263770
211700,3468492800,1.363867e+17,4.301598,4.260750
211800,3470131200,1.364511e+17,4.268699,4.262367
211900,3471769600,1.365155e+17,4.287278,4.261010
212000,3473408000,1.365800e+17,4.342577,4.263637
212100,3475046400,1.366444e+17,4.283134,4.262811
212200,3476684800,1.367088e+17,4.252388,4.260273
212300,3478323200,1.367732e+17,4.313318,4.260108
212400,3479961600,1.368377e+17,4.279031,4.259503
212500,3481600000,1.369021e+17,4.313903,4.258923
212600,3483238400,1.369665e+17,4.314945,4.260667
212700,3484876800,1.370309e+17,4.313379,4.260181
212800,3486515200,1.370954e+17,4.277433,4.261197
212900,3488153600,1.371598e+17,4.294688,4.261389
213000,3489792000,1.372242e+17,4.298649,4.259757
213100,3491430400,1.372886e+17,4.284184,4.259116
213200,3493068800,1.373531e+17,4.297186,4.259367
213300,3494707200,1.374175e+17,4.318494,4.260336
213400,3496345600,1.374819e+17,4.299036,4.259733
213500,3497984000,1.375463e+17,4.293262,4.258240
213600,3499622400,1.376108e+17,4.303176,4.260868
213700,3501260800,1.376752e+17,4.297093,4.259655
213800,3502899200,1.377396e+17,4.323741,4.261176
213900,3504537600,1.378040e+17,4.275568,4.259026
214000,3506176000,1.378685e+17,4.317248,4.258820
214100,3507814400,1.379329e+17,4.305490,4.259307
214200,3509452800,1.379973e+17,4.277244,4.259502
214300,3511091200,1.380617e+17,4.290956,4.257282
214400,3512729600,1.381261e+17,4.308841,4.256863
214500,3514368000,1.381906e+17,4.303308,4.255212
214600,3516006400,1.382550e+17,4.321538,4.254368
214700,3517644800,1.383194e+17,4.319886,4.257093
214800,3519283200,1.383838e+17,4.302362,4.258473
214900,3520921600,1.384483e+17,4.324934,4.256656
215000,3522560000,1.385127e+17,4.298584,4.257461
215100,3524198400,1.385771e+17,4.281219,4.257000
215200,3525836800,1.386415e+17,4.273787,4.257149
215300,3527475200,1.387060e+17,4.297298,4.257942
215400,3529113600,1.387704e+17,4.293363,4.259093
215500,3530752000,1.388348e+17,4.286081,4.255341
215600,3532390400,1.388992e+17,4.336086,4.256684
215700,3534028800,1.389637e+17,4.286654,4.254450
215800,3535667200,1.390281e+17,4.348821,4.257835
215900,3537305600,1.390925e+17,4.289591,4.255835
216000,3538944000,1.391569e+17,4.274117,4.255854
216100,3540582400,1.392214e+17,4.314718,4.256093
216200,3542220800,1.392858e+17,4.299234,4.256185
216300,3543859200,1.393502e+17,4.297582,4.256872
216400,3545497600,1.394146e+17,4.260816,4.257558
216500,3547136000,1.394791e+17,4.306758,4.253884
216600,3548774400,1.395435e+17,4.297371,4.253690
216700,3550412800,1.396079e+17,4.290581,4.253117
216800,3552051200,1.396723e+17,4.376290,4.256483
216900,3553689600,1.397368e+17,4.281988,4.254004
217000,3555328000,1.398012e+17,4.282623,4.253499
217100,3556966400,1.398656e+17,4.273627,4.252814
217200,3558604800,1.399300e+17,4.269850,4.253394
217300,3560243200,1.399945e+17,4.268826,4.250731
217400,3561881600,1.400589e+17,4.298282,4.249764
217500,3563520000,1.401233e+17,4.309885,4.249865
217600,3565158400,1.401877e+17,4.286473,4.250722
217700,3566796800,1.402522e+17,4.283462,4.251752
217800,3568435200,1.403166e+17,4.301954,4.250714
217900,3570073600,1.403810e+17,4.269866,4.250954
218000,3571712000,1.404454e+17,4.290285,4.254098
218100,3573350400,1.405099e+17,4.266937,4.250854
218200,3574988800,1.405743e+17,4.295148,4.251851
218300,3576627200,1.406387e+17,4.296796,4.247498
218400,3578265600,1.407031e+17,4.259534,4.245896
218500,3579904000,1.407676e+17,4.268889,4.248039
218600,3581542400,1.408320e+17,4.308057,4.247691
218700,3583180800,1.408964e+17,4.321122,4.247671
218800,3584819200,1.409608e+17,4.298667,4.247104
218900,3586457600,1.410253e+17,4.331798,4.250335
219000,3588096000,1.410897e+17,4.274562,4.248447
219100,3589734400,1.411541e+17,4.325189,4.248567
219200,3591372800,1.412185e+17,4.302851,4.247177
219300,3593011200,1.412829e+17,4.293020,4.245324
219400,3594649600,1.413474e+17,4.283853,4.246178
219500,3596288000,1.414118e+17,4.262042,4.249240
219600,3597926400,1.414762e+17,4.294097,4.246340
219700,3599564800,1.415406e+17,4.257330,4.246530
219800,3601203200,1.416051e+17,4.327650,4.247044
219900,3602841600,1.416695e+17,4.294937,4.246797
220000,3604480000,1.417339e+17,4.287241,4.246585
220100,3606118400,1.417983e+17,4.307577,4.246657
220200,3607756800,1.418628e+17,4.316886,4.246583
220300,3609395200,1.419272e+17,4.313381,4.247969
220400,3611033600,1.419916e+17,4.307787,4.247467
220500,3612672000,1.420560e+17,4.243186,4.246254
220600,3614310400,1.421205e+17,4.281352,4.246303
220700,3615948800,1.421849e+17,4.299621,4.246007
220800,3617587200,1.422493e+17,4.268820,4.246352
220900,3619225600,1.423137e+17,4.280437,4.250117
221000,3620864000,1.423782e+17,4.305608,4.247992
221100,3622502400,1.424426e+17,4.288009,4.247379
221200,3624140800,1.425070e+17,4.308843,4.247156
221300,3625779200,1.425714e+17,4.303534,4.246149
221400,3627417600,1.426359e+17,4.280681,4.246115
221500,3629056000,1.427003e+17,4.277553,4.246948
221600,3630694400,1.427647e+17,4.281188,4.248390
221700,3632332800,1.428291e+17,4.288099,4.244993
221800,3633971200,1.428936e+17,4.261498,4.246728
221900,3635609600,1.429580e+17,4.329517,4.247859
222000,3637248000,1.430224e+17,4.255383,4.246933
222100,3638886400,1.430868e+17,4.281029,4.248979
222200,3640524800,1.431513e+17,4.290886,4.246588
222300,3642163200,1.432157e+17,4.298218,4.247598
222400,3643801600,1.432801e+17,4.306201,4.247019
222500,3645440000,1.433445e+17,4.252627,4.246417
222600,3647078400,1.434090e+17,4.260488,4.245134
222700,3648716800,1.434734e+17,4.250603,4.243056
222800,3650355200,1.435378e+17,4.291176,4.243979
222900,3651993600,1.436022e+17,4.289217,4.243821
223000,3653632000,1.436667e+17,4.245152,4.243682
223100,3655270400,1.437311e+17,4.291789,4.244122
223200,3656908800,1.437955e+17,4.288306,4.243397
223300,3658547200,1.438599e+17,4.274413,4.245419
223400,3660185600,1.439244e+17,4.304128,4.242499
223500,3661824000,1.439888e+17,4.298412,4.244679
223600,3663462400,1.440532e+17,4.299989,4.241622
223700,3665100800,1.441176e+17,4.285095,4.242598
223800,3666739200,1.441821e+17,4.288025,4.242653
223900,3668377600,1.442465e+17,4.301284,4.242832
224000,3670016000,1.443109e+17,4.308250,4.242569
224100,3671654400,1.443753e+17,4.278329,4.242204
224200,3673292800,1.444398e+17,4.285872,4.241569
224300,3674931200,1.445042e+17,4.285407,4.240861
224400,3676569600,1.445686e+17,4.303311,4.241315
224500,3678208000,1.446330e+17,4.344630,4.240957
224600,3679846400,1.446974e+17,4.264097,4.242436
224700,3681484800,1.447619e+17,4.260865,4.240990
224800,3683123200,1.448263e+17,4.284357,4.240653
224900,3684761600,1.448907e+17,4.281568,4.240185
225000,3686400000,1.449551e+17,4.298750,4.240360
225100,3688038400,1.450196e+17,4.309868,4.240275
225200,3689676800,1.450840e+17,4.319429,4.241112
225300,3691315200,1.451484e+17,4.292134,4.240368
225400,3692953600,1.452128e+17,4.264542,4.240949
225500,3694592000,1.452773e+17,4.326203,4.242773
225600,3696230400,1.453417e+17,4.295742,4.239344
225700,3697868800,1.454061e+17,4.311676,4.240633
225800,3699507200,1.454705e+17,4.288081,4.241507
225900,3701145600,1.455350e+17,4.275520,4.240591
226000,3702784000,1.455994e+17,4.255471,4.239959
226100,3704422400,1.456638e+17,4.275369,4.239840
226200,3706060800,1.457282e+17,4.313087,4.241061
226300,3707699200,1.457927e+17,4.331263,4.242079
226400,3709337600,1.458571e+17,4.260702,4.241521
226500,3710976000,1.459215e+17,4.263441,4.243685
226600,3712614400,1.459859e+17,4.322036,4.241338
226700,3714252800,1.460504e+17,4.278992,4.239913
226800,3715891200,1.461148e+17,4.279593,4.241975
226900,3717529600,1.461792e+17,4.332033,4.242022
227000,3719168000,1.462436e+17,4.316973,4.240018
227100,3720806400,1.463081e+17,4.296027,4.240883
227200,3722444800,1.463725e+17,4.275025,4.240298
227300,3724083200,1.464369e+17,4.276785,4.240355
227400,3725721600,1.465013e+17,4.259578,4.240280
227500,3727360000,1.465658e+17,4.242284,4.241288
227600,3728998400,1.466302e+17,4.304498,4.240477
227700,3730636800,1.466946e+17,4.292054,4.239408
227800,3732275200,1.467590e+17,4.323030,4.240470
227900,3733913600,1.468235e+17,4.304800,4.238696
228000,3735552000,1.468879e+17,4.288432,4.238386
228100,3737190400,1.469523e+17,4.294641,4.237766
228200,3738828800,1.470167e+17,4.270394,4.237421
228300,3740467200,1.470812e+17,4.288765,4.238488
228400,3742105600,1.471456e+17,4.298710,4.238252
228500,3743744000,1.472100e+17,4.297586,4.236511
228600,3745382400,1.472744e+17,4.295016,4.236728
228700,3747020800,1.473389e+17,4.312024,4.235575
228800,3748659200,1.474033e+17,4.288074,4.237618
228900,3750297600,1.474677e+17,4.257324,4.238762
229000,3751936000,1.475321e+17,4.300330,4.236461
229100,3753574400,1.475966e+17,4.296816,4.235443
229200,3755212800,1.476610e+17,4.299075,4.236887
229300,3756851200,1.477254e+17,4.291713,4.236516
229400,3758489600,1.477898e+17,4.304148,4.238709
229500,3760128000,1.478542e+17,4.328201,4.236962
229600,3761766400,1.479187e+17,4.270532,4.236916
229700,3763404800,1.479831e+17,4.285392,4.237443
229800,3765043200,1.480475e+17,4.320445,4.236461
229900,3766681600,1.481119e+17,4.285633,4.234836
230000,3768320000,1.481764e+17,4.307246,4.236739
230100,3769958400,1.482408e+17,4.280103,4.236148
230200,3771596800,1.483052e+17,4.296793,4.234709
230300,3773235200,1.483696e+17,4.274188,4.234781
230400,3774873600,1.484341e+17,4.279346,4.235899
230500,3776512000,1.484985e+17,4.307031,4.234367
230600,3778150400,1.485629e+17,4.269244,4.232848
230700,3779788800,1.486273e+17,4.231667,4.232833
230800,3781427200,1.486918e+17,4.259863,4.231414
230900,3783065600,1.487562e+17,4.266221,4.230686
231000,3784704000,1.488206e+17,4.279976,4.231939
231100,3786342400,1.488850e+17,4.284728,4.231665
231200,3787980800,1.489495e+17,4.272547,4.231419
231300,3789619200,1.490139e+17,4.257123,4.231110
231400,3791257600,1.490783e+17,4.277304,4.230607
231500,3792896000,1.491427e+17,4.270809,4.230521
231600,3794534400,1.492072e+17,4.268586,4.231225
231700,3796172800,1.492716e+17,4.296611,4.231938
231800,3797811200,1.493360e+17,4.254748,4.231843
231900,3799449600,1.494004e+17,4.292109,4.230905
232000,3801088000,1.494649e+17,4.284719,4.229964
232100,3802726400,1.495293e+17,4.262274,4.231418
232200,3804364800,1.495937e+17,4.272771,4.230053
232300,3806003200,1.496581e+17,4.246132,4.230355
232400,3807641600,1.497226e+17,4.227606,4.229947
232500,3809280000,1.497870e+17,4.242643,4.231255
232600,3810918400,1.498514e+17,4.302860,4.230564
232700,3812556800,1.499158e+17,4.267041,4.229557
232800,3814195200,1.499803e+17,4.266706,4.230985
232900,3815833600,1.500447e+17,4.282130,4.229136
233000,3817472000,1.501091e+17,4.276925,4.230365
233100,3819110400,1.501735e+17,4.291219,4.229524
233200,3820748800,1.502380e+17,4.255817,4.227814
233300,3822387200,1.503024e+17,4.259253,4.227615
233400,3824025600,1.503668e+17,4.303802,4.230214
233500,3825664000,1.504312e+17,4.283965,4.230114
233600,3827302400,1.504957e+17,4.291233,4.230091
233700,3828940800,1.505601e+17,4.284220,4.230592
233800,3830579200,1.506245e+17,4.336235,4.229942
233900,3832217600,1.506889e+17,4.333195,4.229148
234000,3833856000,1.507534e+17,4.292210,4.229063
234100,3835494400,1.508178e+17,4.261499,4.229118
234200,3837132800,1.508822e+17,4.278074,4.228185
234300,3838771200,1.509466e+17,4.286817,4.226013
234400,3840409600,1.510111e+17,4.246624,4.229078
234500,3842048000,1.510755e+17,4.237800,4.227594
234600,3843686400,1.511399e+17,4.266457,4.225813
234700,3845324800,1.512043e+17,4.249374,4.225550
234800,3846963200,1.512687e+17,4.284946,4.226038
234900,3848601600,1.513332e+17,4.259272,4.225975
235000,3850240000,1.513976e+17,4.287499,4.225017
235100,3851878400,1.514620e+17,4.284391,4.224616
235200,3853516800,1.515264e+17,4.281973,4.226389
235300,3855155200,1.515909e+17,4.264129,4.225481
235400,3856793600,1.516553e+17,4.277030,4.224749
235500,3858432000,1.517197e+17,4.240694,4.224393
235600,3860070400,1.517841e+17,4.244493,4.225292
235700,3861708800,1.518486e+17,4.281142,4.226654
235800,3863347200,1.519130e+17,4.307002,4.226390
235900,3864985600,1.519774e+17,4.293152,4.224817
236000,3866624000,1.520418e+17,4.312200,4.224934
236100,3868262400,1.521063e+17,4.292454,4.224280
236200,3869900800,1.521707e+17,4.279590,4.223281
236300,3871539200,1.522351e+17,4.257430,4.222655
236400,3873177600,1.522995e+17,4.288091,4.224923
236500,3874816000,1.523640e+17,4.295118,4.224289
236600,3876454400,1.524284e+17,4.272278,4.223723
236700,3878092800,1.524928e+17,4.275998,4.223864
236800,3879731200,1.525572e+17,4.267602,4.227154
236900,3881369600,1.526217e+17,4.290921,4.225865
237000,3883008000,1.526861e+17,4.269060,4.225697
237100,3884646400,1.527505e+17,4.282462,4.224890
237200,3886284800,1.528149e+17,4.239200,4.224198
237300,3887923200,1.528794e+17,4.257435,4.223382
237400,3889561600,1.529438e+17,4.269928,4.223983
237500,3891200000,1.530082e+17,4.281445,4.225195
237600,3892838400,1.530726e+17,4.242219,4.221779
237700,3894476800,1.531371e+17,4.269007,4.221403
237800,3896115200,1.532015e+17,4.288373,4.222180
237900,3897753600,1.532659e+17,4.271713,4.221964
238000,3899392000,1.533303e+17,4.290578,4.221814
238100,3901030400,1.533948e+17,4.300994,4.223339
238200,3902668800,1.534592e+17,4.293653,4.223750
238300,3904307200,1.535236e+17,4.289142,4.223166
238400,3905945600,1.535880e+17,4.309982,4.222935
238500,3907584000,1.536525e+17,4.273233,4.222187
238600,3909222400,1.537169e+17,4.270342,4.221805
238700,3910860800,1.537813e+17,4.239545,4.224215
238800,3912499200,1.538457e+17,4.310627,4.225867
238900,3914137600,1.539102e+17,4.259051,4.222667
239000,3915776000,1.539746e+17,4.234299,4.221143
239100,3917414400,1.540390e+17,4.257675,4.220742
239200,3919052800,1.541034e+17,4.276824,4.220432
239300,3920691200,1.541679e+17,4.270350,4.221606
239400,3922329600,1.542323e+17,4.260611,4.219587
239500,3923968000,1.542967e+17,4.285029,4.224399
239600,3925606400,1.543611e+17,4.258477,4.221202
239700,3927244800,1.544255e+17,4.267290,4.220808
239800,3928883200,1.544900e+17,4.268380,4.221484
239900,3930521600,1.545544e+17,4.287858,4.223317
240000,3932160000,1.546188e+17,4.258220,4.221127
240100,3933798400,1.546832e+17,4.230480,4.221070
240200,3935436800,1.547477e+17,4.299488,4.223678
240300,3937075200,1.548121e+17,4.275235,4.222274
240400,3938713600,1.548765e+17,4.272647,4.223263
240500,3940352000,1.549409e+17,4.264670,4.221495
240600,3941990400,1.550054e+17,4.298541,4.223739
240700,3943628800,1.550698e+17,4.278760,4.221720
240800,3945267200,1.551342e+17,4.276788,4.222368
240900,3946905600,1.551986e+17,4.261958,4.222418
241000,3948544000,1.552631e+17,4.300145,4.223384
241100,3950182400,1.553275e+17,4.251351,4.220664
241200,3951820800,1.553919e+17,4.265256,4.222249
241300,3953459200,1.554563e+17,4.251602,4.221324
241400,3955097600,1.555208e+17,4.312992,4.221695
241500,3956736000,1.555852e+17,4.281306,4.221167
241600,3958374400,1.556496e+17,4.267820,4.220970
241700,3960012800,1.557140e+17,4.267821,4.218388
241800,3961651200,1.557785e+17,4.332907,4.220348
241900,3963289600,1.558429e+17,4.265650,4.217526
242000,3964928000,1.559073e+17,4.312137,4.221499
242100,3966566400,1.559717e+17,4.271738,4.221352
242200,3968204800,1.560362e+17,4.310963,4.220612
242300,3969843200,1.561006e+17,4.281920,4.219476
242400,3971481600,1.561650e+17,4.275832,4.218679
242500,3973120000,1.562294e+17,4.245007,4.218430
242600,3974758400,1.562939e+17,4.259555,4.219005
242700,3976396800,1.563583e+17,4.299851,4.219555
242800,3978035200,1.564227e+17,4.268939,4.218640
242900,3979673600,1.564871e+17,4.247714,4.218875
243000,3981312000,1.565516e+17,4.392004,4.220302
243100,3982950400,1.566160e+17,4.305739,4.219797
243200,3984588800,1.566804e+17,4.321649,4.220487
243300,3986227200,1.567448e+17,4.277170,4.218582
243400,3987865600,1.568093e+17,4.247758,4.218440
243500,3989504000,1.568737e+17,4.272923,4.218811
243600,3991142400,1.569381e+17,4.247823,4.221646
243700,3992780800,1.570025e+17,4.300252,4.217852
243800,3994419200,1.570670e+17,4.306581,4.216709
243900,3996057600,1.571314e+17,4.238282,4.217526
244000,3997696000,1.571958e+17,4.289971,4.219007
244100,3999334400,1.572602e+17,4.263449,4.219554
244200,4000972800,1.573247e+17,4.290377,4.219027
244300,4002611200,1.573891e+17,4.283474,4.218396
244400,4004249600,1.574535e+17,4.271251,4.217535
244500,4005888000,1.575179e+17,4.278780,4.217799
244600,4007526400,1.575824e+17,4.269722,4.218553
244700,4009164800,1.576468e+17,4.258861,4.219065
244800,4010803200,1.577112e+17,4.270865,4.219263
244900,4012441600,1.577756e+17,4.263718,4.218618
245000,4014080000,1.578400e+17,4.265071,4.218318
245100,4015718400,1.579045e+17,4.244109,4.218500
245200,4017356800,1.579689e+17,4.248261,4.216507
245300,4018995200,1.580333e+17,4.250830,4.215038
245400,4020633600,1.580977e+17,4.315808,4.218717
245500,4022272000,1.581622e+17,4.276275,4.217979
245600,4023910400,1.582266e+17,4.255328,4.216002
245700,4025548800,1.582910e+17,4.281580,4.216793
245800,4027187200,1.583554e+17,4.309800,4.214235
245900,4028825600,1.584199e+17,4.332674,4.215847
246000,4030464000,1.584843e+17,4.262385,4.216025
246100,4032102400,1.585487e+17,4.285924,4.215693
246200,4033740800,1.586131e+17,4.283074,4.217913
246300,4035379200,1.586776e+17,4.254903,4.215466
246400,4037017600,1.587420e+17,4.269868,4.217871
246500,4038656000,1.588064e+17,4.265270,4.215298
246600,4040294400,1.588708e+17,4.266627,4.216069
246700,4041932800,1.589353e+17,4.222548,4.215636
246800,4043571200,1.589997e+17,4.258394,4.216301
246900,4045209600,1.590641e+17,4.236009,4.215693
247000,4046848000,1.591285e+17,4.252720,4.214262
247100,4048486400,1.591930e+17,4.229372,4.215212
247200,4050124800,1.592574e+17,4.268247,4.214130
247300,4051763200,1.593218e+17,4.289236,4.216063
247400,4053401600,1.593862e+17,4.271469,4.216120
247500,4055040000,1.594507e+17,4.289315,4.216504
247600,4056678400,1.595151e+17,4.296346,4.215746
247700,4058316800,1.595795e+17,4.320104,4.217161
247800,4059955200,1.596439e+17,4.252980,4.216489
247900,4061593600,1.597084e+17,4.279644,4.215487
248000,4063232000,1.597728e+17,4.287944,4.215967
248100,4064870400,1.598372e+17,4.274187,4.216576
248200,4066508800,1.599016e+17,4.249754,4.214856
248300,4068147200,1.599661e+17,4.310534,4.214133
248400,4069785600,1.600305e+17,4.267728,4.215337
248500,4071424000,1.600949e+17,4.254455,4.216095
248536,4072013824,1.601181e+17,4.254455,4.264605
