step,tokens_seen,cumulative_flops,train_loss,eval_loss
10,983040,3.865471e+13,200.798087,199.387501
20,1966080,7.730941e+13,200.274517,195.228516
30,2949120,1.159641e+14,198.746186,187.126358
40,3932160,1.546188e+14,195.497179,173.625159
50,4915200,1.932735e+14,189.822997,153.875119
60,5898240,2.319282e+14,181.068696,129.637015
70,6881280,2.705829e+14,169.560582,106.304127
80,7864320,3.092376e+14,156.391675,89.205203
90,8847360,3.478924e+14,142.988089,77.454262
100,9830400,3.865471e+14,130.168525,68.611453
110,10813440,4.252018e+14,118.246605,61.889728
120,11796480,4.638565e+14,107.432033,56.709218
130,12779520,5.025112e+14,97.766852,52.627705
140,13762560,5.411659e+14,89.198815,49.351990
150,14745600,5.798206e+14,81.634770,46.548424
160,15728640,6.184753e+14,74.949295,44.222475
170,16711680,6.571300e+14,69.124249,42.425123
180,17694720,6.957847e+14,64.091688,41.013015
190,18677760,7.344394e+14,59.719005,39.828102
200,19660800,7.730941e+14,55.972578,38.809663
210,20643840,8.117488e+14,52.717006,37.959354
220,21626880,8.504035e+14,49.909063,37.240430
230,22609920,8.890582e+14,47.511352,36.620921
240,23592960,9.277129e+14,45.423634,36.069091
250,24576000,9.663676e+14,43.614329,35.560919
260,25559040,1.005022e+15,42.025792,35.096842
270,26542080,1.043677e+15,40.687180,34.669921
280,27525120,1.082332e+15,39.500162,34.280778
290,28508160,1.120986e+15,38.481134,33.926415
300,29491200,1.159641e+15,37.588268,33.569971
310,30474240,1.198296e+15,36.775173,33.220433
320,31457280,1.236951e+15,36.064347,32.877000
330,32440320,1.275605e+15,35.410604,32.555284
340,33423360,1.314260e+15,34.818758,32.253111
350,34406400,1.352915e+15,34.262504,31.952039
360,35389440,1.391569e+15,33.766795,31.642273
370,36372480,1.430224e+15,33.306222,31.343675
380,37355520,1.468879e+15,32.864571,31.041242
390,38338560,1.507534e+15,32.464161,30.745784
400,39321600,1.546188e+15,32.075777,30.458035
410,40304640,1.584843e+15,31.745263,30.184106
420,41287680,1.623498e+15,31.412085,29.890069
430,42270720,1.662152e+15,31.072700,29.590744
440,43253760,1.700807e+15,30.746963,29.306241
450,44236800,1.739462e+15,30.419882,29.017072
460,45219840,1.778116e+15,30.094264,28.700653
470,46202880,1.816771e+15,29.797008,28.380368
480,47185920,1.855426e+15,29.490713,28.061306
490,48168960,1.894081e+15,29.157784,27.730706
500,49152000,1.932735e+15,28.808257,27.408523
510,50135040,1.971390e+15,28.481438,27.084575
520,51118080,2.010045e+15,28.141658,26.794942
530,52101120,2.048699e+15,27.828181,26.507658
540,53084160,2.087354e+15,27.506780,26.211069
550,54067200,2.126009e+15,27.186220,25.903138
560,55050240,2.164664e+15,26.890854,25.601035
570,56033280,2.203318e+15,26.579023,25.302268
580,57016320,2.241973e+15,26.283076,24.996023
590,57999360,2.280628e+15,25.964790,24.702624
600,58982400,2.319282e+15,25.667645,24.416660
610,59965440,2.357937e+15,25.387121,24.130844
620,60948480,2.396592e+15,25.103797,23.848629
630,61931520,2.435246e+15,24.825254,23.552836
640,62914560,2.473901e+15,24.522745,23.279193
650,63897600,2.512556e+15,24.213420,22.983690
660,64880640,2.551211e+15,23.946061,22.715666
670,65863680,2.589865e+15,23.696010,22.429597
680,66846720,2.628520e+15,23.389377,22.136335
690,67829760,2.667175e+15,23.077436,21.828823
700,68812800,2.705829e+15,22.797008,21.624748
710,69795840,2.744484e+15,22.522194,21.320221
720,70778880,2.783139e+15,22.225552,21.096510
730,71761920,2.821794e+15,21.944573,20.856856
740,72744960,2.860448e+15,21.687229,20.631201
750,73728000,2.899103e+15,21.450925,20.431944
760,74711040,2.937758e+15,21.212340,20.238222
770,75694080,2.976412e+15,20.960136,20.005713
780,76677120,3.015067e+15,20.734950,19.770615
790,77660160,3.053722e+15,20.518449,19.506729
800,78643200,3.092376e+15,20.276873,19.240614
810,79626240,3.131031e+15,20.049814,18.998349
820,80609280,3.169686e+15,19.791934,18.773168
830,81592320,3.208341e+15,19.566239,18.532530
840,82575360,3.246995e+15,19.310940,18.286853
850,83558400,3.285650e+15,19.080086,18.030592
860,84541440,3.324305e+15,18.829324,17.779407
870,85524480,3.362959e+15,18.588091,17.516966
880,86507520,3.401614e+15,18.331839,17.274359
890,87490560,3.440269e+15,18.089643,17.042603
900,88473600,3.478924e+15,17.857202,16.811873
910,89456640,3.517578e+15,17.606603,16.610190
920,90439680,3.556233e+15,17.374785,16.425943
930,91422720,3.594888e+15,17.154123,16.233491
940,92405760,3.633542e+15,16.937677,16.064590
950,93388800,3.672197e+15,16.719941,15.910741
960,94371840,3.710852e+15,16.521992,15.739434
970,95354880,3.749506e+15,16.333650,15.499436
980,96337920,3.788161e+15,16.123013,15.276805
990,97320960,3.826816e+15,15.933912,15.048981
1000,98304000,3.865471e+15,15.733727,14.856688
1010,99287040,3.904125e+15,15.518341,14.660305
1020,100270080,3.942780e+15,15.314254,14.475658
1030,101253120,3.981435e+15,15.125062,14.298572
1040,102236160,4.020089e+15,14.934904,14.151378
1050,103219200,4.058744e+15,14.748587,13.955674
1060,104202240,4.097399e+15,14.541392,13.766559
1070,105185280,4.136054e+15,14.360209,13.577223
1080,106168320,4.174708e+15,14.175999,13.406915
1090,107151360,4.213363e+15,13.977870,13.253000
1100,108134400,4.252018e+15,13.807917,13.082241
1110,109117440,4.290672e+15,13.630814,12.958281
1120,110100480,4.329327e+15,13.463626,12.798489
1130,111083520,4.367982e+15,13.292832,12.635126
1140,112066560,4.406636e+15,13.133505,12.557404
1150,113049600,4.445291e+15,12.980229,12.417369
1160,114032640,4.483946e+15,12.837266,12.287789
1170,115015680,4.522601e+15,12.710855,12.167991
1180,115998720,4.561255e+15,12.583444,12.030766
1190,116981760,4.599910e+15,12.449506,11.898436
1200,117964800,4.638565e+15,12.309181,11.828092
1210,118947840,4.677219e+15,12.175729,11.690824
1220,119930880,4.715874e+15,12.037328,11.568422
1230,120913920,4.754529e+15,11.910177,11.470638
1240,121896960,4.793184e+15,11.804885,11.360075
1250,122880000,4.831838e+15,11.691985,11.267245
1260,123863040,4.870493e+15,11.591161,11.240284
1270,124846080,4.909148e+15,11.490036,11.127575
1280,125829120,4.947802e+15,11.383955,11.023325
1290,126812160,4.986457e+15,11.278788,10.911462
1300,127795200,5.025112e+15,11.175952,10.816991
1310,128778240,5.063766e+15,11.083949,10.720765
1320,129761280,5.102421e+15,10.977517,10.619060
1330,130744320,5.141076e+15,10.874796,10.533346
1340,131727360,5.179731e+15,10.788552,10.467139
1350,132710400,5.218385e+15,10.700004,10.363754
1360,133693440,5.257040e+15,10.612929,10.297922
1370,134676480,5.295695e+15,10.527414,10.232973
1380,135659520,5.334349e+15,10.461845,10.126682
1390,136642560,5.373004e+15,10.369389,10.056246
1400,137625600,5.411659e+15,10.285011,9.973559
1410,138608640,5.450313e+15,10.201396,9.893856
1420,139591680,5.488968e+15,10.137141,9.847855
1430,140574720,5.527623e+15,10.073745,9.824296
1440,141557760,5.566278e+15,10.000948,9.744554
1450,142540800,5.604932e+15,9.922829,9.683536
1460,143523840,5.643587e+15,9.853792,9.662014
1470,144506880,5.682242e+15,9.794698,9.559589
1480,145489920,5.720896e+15,9.732646,9.542966
1490,146472960,5.759551e+15,9.664813,9.451406
1500,147456000,5.798206e+15,9.601624,9.394653
1510,148439040,5.836861e+15,9.531726,9.332530
1520,149422080,5.875515e+15,9.486690,9.422407
1530,150405120,5.914170e+15,9.456199,9.314967
1540,151388160,5.952825e+15,9.405943,9.242133
1550,152371200,5.991479e+15,9.357763,9.172668
1560,153354240,6.030134e+15,9.302295,9.170679
1570,154337280,6.068789e+15,9.244452,9.093893
1580,155320320,6.107443e+15,9.203261,9.057925
1590,156303360,6.146098e+15,9.166926,9.022298
1600,157286400,6.184753e+15,9.125709,8.958182
1610,158269440,6.223408e+15,9.075656,8.950195
1620,159252480,6.262062e+15,9.024513,8.923292
1630,160235520,6.300717e+15,8.974725,8.849722
1640,161218560,6.339372e+15,8.934496,8.854113
1650,162201600,6.378026e+15,8.900600,8.798220
1660,163184640,6.416681e+15,8.860841,8.731886
1670,164167680,6.455336e+15,8.825717,8.706970
1680,165150720,6.493991e+15,8.782066,8.745755
1690,166133760,6.532645e+15,8.752410,8.650624
1700,167116800,6.571300e+15,8.712724,8.601158
1710,168099840,6.609955e+15,8.665682,8.652933
1720,169082880,6.648609e+15,8.633434,8.538397
1730,170065920,6.687264e+15,8.599849,8.500413
1740,171048960,6.725919e+15,8.560297,8.487078
1750,172032000,6.764573e+15,8.529435,8.414723
1760,173015040,6.803228e+15,8.489773,8.408521
1770,173998080,6.841883e+15,8.461864,8.371332
1780,174981120,6.880538e+15,8.424658,8.335134
1790,175964160,6.919192e+15,8.399373,8.294535
1800,176947200,6.957847e+15,8.365992,8.297964
1810,177930240,6.996502e+15,8.337415,8.255470
1820,178913280,7.035156e+15,8.314627,8.230002
1830,179896320,7.073811e+15,8.300397,8.276598
1840,180879360,7.112466e+15,8.273124,8.183497
1850,181862400,7.151121e+15,8.244104,8.270470
1860,182845440,7.189775e+15,8.221226,8.174653
1870,183828480,7.228430e+15,8.197105,8.122434
1880,184811520,7.267085e+15,8.176758,8.104764
1890,185794560,7.305739e+15,8.144913,8.070982
1900,186777600,7.344394e+15,8.122356,8.068478
1910,187760640,7.383049e+15,8.101696,8.176022
1920,188743680,7.421703e+15,8.087120,8.015822
1930,189726720,7.460358e+15,8.064883,8.010947
1940,190709760,7.499013e+15,8.031631,7.960708
1950,191692800,7.537668e+15,8.013773,7.982185
1960,192675840,7.576322e+15,7.999232,7.953590
1970,193658880,7.614977e+15,7.982339,7.925046
1980,194641920,7.653632e+15,7.960120,7.959791
1990,195624960,7.692286e+15,7.937255,7.956590
2000,196608000,7.730941e+15,7.919875,7.870496
2010,197591040,7.769596e+15,7.893475,7.874227
2020,198574080,7.808251e+15,7.870768,7.860717
2030,199557120,7.846905e+15,7.854878,7.818931
2040,200540160,7.885560e+15,7.844674,7.821356
2050,201523200,7.924215e+15,7.824307,7.820771
2060,202506240,7.962869e+15,7.813630,7.788539
2070,203489280,8.001524e+15,7.800673,7.794678
2080,204472320,8.040179e+15,7.786444,7.777220
2090,205455360,8.078833e+15,7.770698,7.760292
2100,206438400,8.117488e+15,7.755152,7.729795
2110,207421440,8.156143e+15,7.736486,7.712242
2120,208404480,8.194798e+15,7.719570,7.709086
2130,209387520,8.233452e+15,7.702524,7.699939
2140,210370560,8.272107e+15,7.694043,7.666903
2150,211353600,8.310762e+15,7.681457,7.734303
2160,212336640,8.349416e+15,7.666649,7.671382
2170,213319680,8.388071e+15,7.650705,7.662177
2180,214302720,8.426726e+15,7.636371,7.629536
2190,215285760,8.465381e+15,7.626695,7.626230
2200,216268800,8.504035e+15,7.612846,7.610450
2210,217251840,8.542690e+15,7.602046,7.629159
2220,218234880,8.581345e+15,7.594744,7.621850
2230,219217920,8.619999e+15,7.587851,7.569376
2240,220200960,8.658654e+15,7.573440,7.568547
2250,221184000,8.697309e+15,7.560997,7.578125
2260,222167040,8.735963e+15,7.549525,7.553793
2270,223150080,8.774618e+15,7.542757,7.556536
2280,224133120,8.813273e+15,7.531854,7.530458
2290,225116160,8.851928e+15,7.529373,7.564254
2300,226099200,8.890582e+15,7.521830,7.532384
2310,227082240,8.929237e+15,7.515869,7.529882
2320,228065280,8.967892e+15,7.504939,7.626384
2330,229048320,9.006546e+15,7.508664,7.491257
2340,230031360,9.045201e+15,7.509208,7.543737
2350,231014400,9.083856e+15,7.501176,7.518694
2360,231997440,9.122511e+15,7.491991,7.512179
2370,232980480,9.161165e+15,7.485487,7.493369
2380,233963520,9.199820e+15,7.470205,7.498773
2390,234946560,9.238475e+15,7.460307,7.468133
2400,235929600,9.277129e+15,7.452829,7.454489
2410,236912640,9.315784e+15,7.443508,7.460348
2420,237895680,9.354439e+15,7.432324,7.446802
2430,238878720,9.393093e+15,7.420612,7.442380
2440,239861760,9.431748e+15,7.415372,7.442394
2450,240844800,9.470403e+15,7.407802,7.476476
2460,241827840,9.509058e+15,7.404288,7.430039
2470,242810880,9.547712e+15,7.399974,7.445021
2480,243793920,9.586367e+15,7.397189,7.400190
2490,244776960,9.625022e+15,7.390397,7.418494
2500,245760000,9.663676e+15,7.387264,7.416931
2510,246743040,9.702331e+15,7.385800,7.432640
2520,247726080,9.740986e+15,7.372672,7.387520
2530,248709120,9.779641e+15,7.362484,7.380728
2540,249692160,9.818295e+15,7.358947,7.388877
2550,250675200,9.856950e+15,7.353445,7.383063
2560,251658240,9.895605e+15,7.347948,7.386303
2570,252641280,9.934259e+15,7.345800,7.376557
2580,253624320,9.972914e+15,7.332424,7.369874
2590,254607360,1.001157e+16,7.323658,7.447686
2600,255590400,1.005022e+16,7.329256,7.367213
2610,256573440,1.008888e+16,7.324431,7.362133
2620,257556480,1.012753e+16,7.318407,7.371415
2630,258539520,1.016619e+16,7.311935,7.343490
2640,259522560,1.020484e+16,7.309816,7.334150
2650,260505600,1.024350e+16,7.305546,7.353521
2660,261488640,1.028215e+16,7.300645,7.327468
2670,262471680,1.032081e+16,7.286964,7.357787
2680,263454720,1.035946e+16,7.279954,7.304208
2690,264437760,1.039812e+16,7.273467,7.290434
2700,265420800,1.043677e+16,7.265942,7.318142
2710,266403840,1.047543e+16,7.271206,7.338941
2720,267386880,1.051408e+16,7.271303,7.315105
2730,268369920,1.055273e+16,7.263832,7.280124
2740,269352960,1.059139e+16,7.262719,7.287284
2750,270336000,1.063004e+16,7.258740,7.278397
2760,271319040,1.066870e+16,7.255740,7.283381
2770,272302080,1.070735e+16,7.248168,7.291193
2780,273285120,1.074601e+16,7.242637,7.263946
2790,274268160,1.078466e+16,7.244370,7.291688
2800,275251200,1.082332e+16,7.241145,7.269226
2810,276234240,1.086197e+16,7.235203,7.261395
2820,277217280,1.090063e+16,7.229106,7.269521
2830,278200320,1.093928e+16,7.223689,7.257695
2840,279183360,1.097794e+16,7.219219,7.247287
2850,280166400,1.101659e+16,7.219720,7.244787
2860,281149440,1.105525e+16,7.216734,7.274437
2870,282132480,1.109390e+16,7.215380,7.233226
2880,283115520,1.113256e+16,7.210690,7.249800
2890,284098560,1.117121e+16,7.211032,7.239778
2900,285081600,1.120986e+16,7.210305,7.217679
2910,286064640,1.124852e+16,7.206215,7.250408
2920,287047680,1.128717e+16,7.201953,7.214998
2930,288030720,1.132583e+16,7.196886,7.221362
2940,289013760,1.136448e+16,7.193553,7.241938
2950,289996800,1.140314e+16,7.196452,7.232334
2960,290979840,1.144179e+16,7.192253,7.210170
2970,291962880,1.148045e+16,7.182438,7.212631
2980,292945920,1.151910e+16,7.171901,7.193217
2990,293928960,1.155776e+16,7.165741,7.207886
3000,294912000,1.159641e+16,7.158202,7.213160
3010,295895040,1.163507e+16,7.162207,7.203970
3020,296878080,1.167372e+16,7.156031,7.199510
3030,297861120,1.171238e+16,7.161631,7.230221
3040,298844160,1.175103e+16,7.159261,7.200358
3050,299827200,1.178969e+16,7.160629,7.184156
3060,300810240,1.182834e+16,7.155602,7.173161
3070,301793280,1.186699e+16,7.156157,7.174324
3080,302776320,1.190565e+16,7.155220,7.187411
3090,303759360,1.194430e+16,7.152644,7.173246
3100,304742400,1.198296e+16,7.146474,7.185077
3110,305725440,1.202161e+16,7.134812,7.196144
3120,306708480,1.206027e+16,7.132060,7.204068
3130,307691520,1.209892e+16,7.127780,7.161686
3140,308674560,1.213758e+16,7.123030,7.174599
3150,309657600,1.217623e+16,7.122151,7.174850
3160,310640640,1.221489e+16,7.122489,7.157108
3170,311623680,1.225354e+16,7.115381,7.154612
3180,312606720,1.229220e+16,7.108880,7.153123
3190,313589760,1.233085e+16,7.103387,7.149381
3200,314572800,1.236951e+16,7.103270,7.148779
3210,315555840,1.240816e+16,7.101095,7.149115
3220,316538880,1.244682e+16,7.094879,7.146075
3230,317521920,1.248547e+16,7.097075,7.146914
3240,318504960,1.252412e+16,7.091735,7.137310
3250,319488000,1.256278e+16,7.096114,7.146868
3260,320471040,1.260143e+16,7.093226,7.139934
3270,321454080,1.264009e+16,7.089933,7.125258
3280,322437120,1.267874e+16,7.081850,7.142811
3290,323420160,1.271740e+16,7.082962,7.122540
3300,324403200,1.275605e+16,7.082760,7.145795
3310,325386240,1.279471e+16,7.080296,7.136038
3320,326369280,1.283336e+16,7.083663,7.141388
3330,327352320,1.287202e+16,7.077919,7.139841
3340,328335360,1.291067e+16,7.079448,7.108758
3350,329318400,1.294933e+16,7.077490,7.114514
3360,330301440,1.298798e+16,7.070307,7.140120
3370,331284480,1.302664e+16,7.070876,7.122361
3380,332267520,1.306529e+16,7.075629,7.124584
3390,333250560,1.310395e+16,7.078653,7.110112
3400,334233600,1.314260e+16,7.082257,7.106736
3410,335216640,1.318125e+16,7.074007,7.096453
3420,336199680,1.321991e+16,7.063314,7.098967
3430,337182720,1.325856e+16,7.057565,7.085034
3440,338165760,1.329722e+16,7.063142,7.112424
3450,339148800,1.333587e+16,7.061088,7.101785
3460,340131840,1.337453e+16,7.058060,7.084943
3470,341114880,1.341318e+16,7.056943,7.099352
3480,342097920,1.345184e+16,7.049795,7.078232
3490,343080960,1.349049e+16,7.047473,7.089832
3500,344064000,1.352915e+16,7.046664,7.084017
3510,345047040,1.356780e+16,7.043392,7.081453
3520,346030080,1.360646e+16,7.041087,7.074763
3530,347013120,1.364511e+16,7.043885,7.074166
3540,347996160,1.368377e+16,7.043008,7.086033
3550,348979200,1.372242e+16,7.037538,7.080704
3560,349962240,1.376108e+16,7.038657,7.067505
3570,350945280,1.379973e+16,7.036917,7.061887
3580,351928320,1.383838e+16,7.037217,7.077977
3590,352911360,1.387704e+16,7.033825,7.062701
3600,353894400,1.391569e+16,7.027911,7.059575
3610,354877440,1.395435e+16,7.021200,7.081379
3620,355860480,1.399300e+16,7.027106,7.073475
3630,356843520,1.403166e+16,7.025416,7.049112
3640,357826560,1.407031e+16,7.022791,7.053502
3650,358809600,1.410897e+16,7.028058,7.049468
3660,359792640,1.414762e+16,7.022262,7.056524
3670,360775680,1.418628e+16,7.022211,7.061345
3680,361758720,1.422493e+16,7.018938,7.043917
3690,362741760,1.426359e+16,7.012357,7.072147
3700,363724800,1.430224e+16,7.011807,7.056574
3710,364707840,1.434090e+16,7.010221,7.046767
3720,365690880,1.437955e+16,7.005494,7.039696
3730,366673920,1.441821e+16,7.000177,7.051833
3740,367656960,1.445686e+16,6.998646,7.049250
3750,368640000,1.449551e+16,7.000333,7.044141
3760,369623040,1.453417e+16,6.997187,7.042295
3770,370606080,1.457282e+16,6.997254,7.027580
3780,371589120,1.461148e+16,6.997601,7.029391
3790,372572160,1.465013e+16,7.000102,7.044159
3800,373555200,1.468879e+16,6.998081,7.029109
3810,374538240,1.472744e+16,6.997761,7.028772
3820,375521280,1.476610e+16,6.993564,7.022184
3830,376504320,1.480475e+16,6.989321,7.022176
3840,377487360,1.484341e+16,6.987713,7.030532
3850,378470400,1.488206e+16,6.983265,7.033151
3860,379453440,1.492072e+16,6.991298,7.021786
3870,380436480,1.495937e+16,6.986777,7.024135
3880,381419520,1.499803e+16,6.984186,7.020443
3890,382402560,1.503668e+16,6.982322,7.030731
3900,383385600,1.507534e+16,6.975976,7.017132
3910,384368640,1.511399e+16,6.980237,7.027238
3920,385351680,1.515264e+16,6.979047,7.018994
3930,386334720,1.519130e+16,6.973939,7.005826
3940,387317760,1.522995e+16,6.971863,7.004010
3950,388300800,1.526861e+16,6.968431,7.002244
3960,389283840,1.530726e+16,6.962317,7.021017
3970,390266880,1.534592e+16,6.965726,7.020787
3980,391249920,1.538457e+16,6.960522,7.000286
3990,392232960,1.542323e+16,6.958419,6.999082
4000,393216000,1.546188e+16,6.960561,6.998923
4010,394199040,1.550054e+16,6.956190,6.989933
4020,395182080,1.553919e+16,6.950680,6.992883
4030,396165120,1.557785e+16,6.952598,7.001409
4040,397148160,1.561650e+16,6.951729,7.008856
4050,398131200,1.565516e+16,6.955598,6.990042
4060,399114240,1.569381e+16,6.949450,6.987507
4070,400097280,1.573247e+16,6.941834,6.986553
4080,401080320,1.577112e+16,6.943760,6.977806
4090,402063360,1.580977e+16,6.938797,6.971571
4100,403046400,1.584843e+16,6.942273,6.982531
4110,404029440,1.588708e+16,6.942744,6.984907
4120,405012480,1.592574e+16,6.942842,6.975834
4130,405995520,1.596439e+16,6.938062,6.985163
4140,406978560,1.600305e+16,6.941903,6.981569
4150,407961600,1.604170e+16,6.936612,6.961045
4160,408944640,1.608036e+16,6.932676,6.978317
4170,409927680,1.611901e+16,6.933180,6.974846
4180,410910720,1.615767e+16,6.928622,6.968477
4190,411893760,1.619632e+16,6.925130,6.972672
4200,412876800,1.623498e+16,6.921952,6.971557
4210,413859840,1.627363e+16,6.918817,6.972731
4220,414842880,1.631229e+16,6.911390,6.967816
4230,415825920,1.635094e+16,6.909864,6.959512
4240,416808960,1.638960e+16,6.913198,6.954511
4250,417792000,1.642825e+16,6.911655,6.952150
4260,418775040,1.646690e+16,6.912398,6.949334
4270,419758080,1.650556e+16,6.909463,6.949721
4280,420741120,1.654421e+16,6.906356,6.943148
4290,421724160,1.658287e+16,6.903702,6.942759
4300,422707200,1.662152e+16,6.902528,6.942418
4310,423690240,1.666018e+16,6.898181,6.952469
4320,424673280,1.669883e+16,6.897769,6.951573
4330,425656320,1.673749e+16,6.896800,6.950912
4340,426639360,1.677614e+16,6.894906,6.971505
4350,427622400,1.681480e+16,6.902135,6.936323
4360,428605440,1.685345e+16,6.900394,6.933094
4370,429588480,1.689211e+16,6.900806,6.936955
4380,430571520,1.693076e+16,6.900146,6.931673
4390,431554560,1.696942e+16,6.898839,6.931098
4400,432537600,1.700807e+16,6.899753,6.930151
4410,433520640,1.704673e+16,6.895436,6.937197
4420,434503680,1.708538e+16,6.888879,6.921317
4430,435486720,1.712403e+16,6.890578,6.922404
4440,436469760,1.716269e+16,6.889499,6.927313
4450,437452800,1.720134e+16,6.885702,6.951925
4460,438435840,1.724000e+16,6.886194,6.930083
4470,439418880,1.727865e+16,6.884886,6.920337
4480,440401920,1.731731e+16,6.883842,6.916979
4490,441384960,1.735596e+16,6.885529,6.921555
4500,442368000,1.739462e+16,6.882767,6.931110
4510,443351040,1.743327e+16,6.881719,6.910306
4520,444334080,1.747193e+16,6.881297,6.916069
4530,445317120,1.751058e+16,6.882203,6.921394
4540,446300160,1.754924e+16,6.878778,6.913163
4550,447283200,1.758789e+16,6.875058,6.907093
4560,448266240,1.762655e+16,6.873462,6.902849
4570,449249280,1.766520e+16,6.870684,6.910113
4580,450232320,1.770386e+16,6.865193,6.910801
4590,451215360,1.774251e+16,6.857825,6.900777
4600,452198400,1.778116e+16,6.851292,6.894937
4610,453181440,1.781982e+16,6.852572,6.913124
4620,454164480,1.785847e+16,6.853975,6.899204
4630,455147520,1.789713e+16,6.858876,6.908738
4640,456130560,1.793578e+16,6.857117,6.901155
4650,457113600,1.797444e+16,6.851157,6.892686
4660,458096640,1.801309e+16,6.852513,6.892675
4670,459079680,1.805175e+16,6.852799,6.902904
4680,460062720,1.809040e+16,6.852168,6.897604
4690,461045760,1.812906e+16,6.850536,6.887200
4700,462028800,1.816771e+16,6.848841,6.888204
4710,463011840,1.820637e+16,6.848908,6.881727
4720,463994880,1.824502e+16,6.846309,6.881520
4730,464977920,1.828368e+16,6.839858,6.880696
4740,465960960,1.832233e+16,6.837886,6.884950
4750,466944000,1.836099e+16,6.837288,6.886230
4760,467927040,1.839964e+16,6.840432,6.884617
4770,468910080,1.843829e+16,6.840533,6.883943
4780,469893120,1.847695e+16,6.845389,6.885580
4790,470876160,1.851560e+16,6.841928,6.873185
4800,471859200,1.855426e+16,6.836503,6.868347
4810,472842240,1.859291e+16,6.826370,6.863275
4820,473825280,1.863157e+16,6.825651,6.873056
4830,474808320,1.867022e+16,6.822645,6.859120
4840,475791360,1.870888e+16,6.819381,6.863326
4850,476774400,1.874753e+16,6.815398,6.856447
4860,477757440,1.878619e+16,6.819041,6.855414
4870,478740480,1.882484e+16,6.814497,6.857538
4880,479723520,1.886350e+16,6.813225,6.857316
4890,480706560,1.890215e+16,6.812946,6.853190
4900,481689600,1.894081e+16,6.814236,6.858539
4910,482672640,1.897946e+16,6.814806,6.860745
4920,483655680,1.901812e+16,6.813142,6.856650
4930,484638720,1.905677e+16,6.811246,6.850142
4940,485621760,1.909542e+16,6.813229,6.851825
4950,486604800,1.913408e+16,6.811293,6.846277
4960,487587840,1.917273e+16,6.806299,6.842638
4970,488570880,1.921139e+16,6.804127,6.841530
4980,489553920,1.925004e+16,6.799613,6.835289
4990,490536960,1.928870e+16,6.797125,6.854951
5000,491520000,1.932735e+16,6.798323,6.846485
5010,492503040,1.936601e+16,6.797914,6.844164
5020,493486080,1.940466e+16,6.794872,6.845921
5030,494469120,1.944332e+16,6.799785,6.835580
5040,495452160,1.948197e+16,6.799219,6.849617
5050,496435200,1.952063e+16,6.796032,6.839339
5060,497418240,1.955928e+16,6.791861,6.837182
5070,498401280,1.959794e+16,6.790359,6.837590
5080,499384320,1.963659e+16,6.794426,6.836179
5090,500367360,1.967525e+16,6.795741,6.828124
5100,501350400,1.971390e+16,6.790885,6.829602
5110,502333440,1.975255e+16,6.788039,6.829162
5120,503316480,1.979121e+16,6.784545,6.822823
5130,504299520,1.982986e+16,6.787876,6.825604
5140,505282560,1.986852e+16,6.790514,6.824402
5150,506265600,1.990717e+16,6.784518,6.818682
5160,507248640,1.994583e+16,6.782567,6.815816
5170,508231680,1.998448e+16,6.780463,6.811307
5180,509214720,2.002314e+16,6.778134,6.820041
5190,510197760,2.006179e+16,6.770763,6.819403
5200,511180800,2.010045e+16,6.769372,6.808821
5210,512163840,2.013910e+16,6.768272,6.816229
5220,513146880,2.017776e+16,6.771126,6.805917
5230,514129920,2.021641e+16,6.771293,6.811589
5240,515112960,2.025507e+16,6.771984,6.805303
5250,516096000,2.029372e+16,6.771969,6.806980
5260,517079040,2.033238e+16,6.772327,6.804382
5270,518062080,2.037103e+16,6.770821,6.806125
5280,519045120,2.040968e+16,6.769654,6.816108
5290,520028160,2.044834e+16,6.764667,6.799448
5300,521011200,2.048699e+16,6.761561,6.790607
5310,521994240,2.052565e+16,6.761637,6.801991
5320,522977280,2.056430e+16,6.755282,6.803359
5330,523960320,2.060296e+16,6.755523,6.803938
5340,524943360,2.064161e+16,6.758535,6.803107
5350,525926400,2.068027e+16,6.761117,6.804514
5360,526909440,2.071892e+16,6.761137,6.791220
5370,527892480,2.075758e+16,6.759757,6.782537
5380,528875520,2.079623e+16,6.757283,6.787632
5390,529858560,2.083489e+16,6.757522,6.785905
5400,530841600,2.087354e+16,6.753933,6.789786
5410,531824640,2.091220e+16,6.756115,6.790813
5420,532807680,2.095085e+16,6.755276,6.783515
5430,533790720,2.098951e+16,6.749661,6.781648
5440,534773760,2.102816e+16,6.744626,6.773761
5450,535756800,2.106681e+16,6.742857,6.772477
5460,536739840,2.110547e+16,6.743492,6.777353
5470,537722880,2.114412e+16,6.737977,6.770466
5480,538705920,2.118278e+16,6.738608,6.775938
5490,539688960,2.122143e+16,6.731081,6.789027
5500,540672000,2.126009e+16,6.727125,6.787072
5510,541655040,2.129874e+16,6.726490,6.780004
5520,542638080,2.133740e+16,6.724157,6.775181
5530,543621120,2.137605e+16,6.723069,6.778022
5540,544604160,2.141471e+16,6.723136,6.771514
5550,545587200,2.145336e+16,6.726018,6.766640
5560,546570240,2.149202e+16,6.722718,6.756630
5570,547553280,2.153067e+16,6.718824,6.757760
5580,548536320,2.156933e+16,6.718001,6.754515
5590,549519360,2.160798e+16,6.717460,6.754089
5600,550502400,2.164664e+16,6.709933,6.752848
5610,551485440,2.168529e+16,6.712425,6.758484
5620,552468480,2.172394e+16,6.706822,6.750093
5630,553451520,2.176260e+16,6.701446,6.755796
5640,554434560,2.180125e+16,6.699026,6.752566
5650,555417600,2.183991e+16,6.696464,6.746633
5660,556400640,2.187856e+16,6.699913,6.745798
5670,557383680,2.191722e+16,6.701297,6.748100
5680,558366720,2.195587e+16,6.702243,6.761113
5690,559349760,2.199453e+16,6.705875,6.746806
5700,560332800,2.203318e+16,6.703609,6.743707
5710,561315840,2.207184e+16,6.699556,6.738292
5720,562298880,2.211049e+16,6.697475,6.730640
5730,563281920,2.214915e+16,6.693698,6.731807
5740,564264960,2.218780e+16,6.697286,6.734421
5750,565248000,2.222646e+16,6.698249,6.731842
5760,566231040,2.226511e+16,6.692283,6.730281
5770,567214080,2.230377e+16,6.694133,6.738761
5780,568197120,2.234242e+16,6.696280,6.732902
5790,569180160,2.238107e+16,6.694711,6.724311
5800,570163200,2.241973e+16,6.689880,6.720234
5810,571146240,2.245838e+16,6.687993,6.719961
5820,572129280,2.249704e+16,6.691479,6.719332
5830,573112320,2.253569e+16,6.684644,6.719611
5840,574095360,2.257435e+16,6.679015,6.716541
5850,575078400,2.261300e+16,6.686086,6.719372
5860,576061440,2.265166e+16,6.680981,6.728428
5870,577044480,2.269031e+16,6.675954,6.726686
5880,578027520,2.272897e+16,6.672683,6.717330
5890,579010560,2.276762e+16,6.669390,6.723502
5900,579993600,2.280628e+16,6.671177,6.712121
5910,580976640,2.284493e+16,6.676454,6.714953
5920,581959680,2.288359e+16,6.676409,6.713366
5930,582942720,2.292224e+16,6.669626,6.715286
5940,583925760,2.296090e+16,6.671082,6.714161
5950,584908800,2.299955e+16,6.668167,6.713863
5960,585891840,2.303820e+16,6.666409,6.712036
5970,586874880,2.307686e+16,6.665030,6.705176
5980,587857920,2.311551e+16,6.663613,6.706913
5990,588840960,2.315417e+16,6.663764,6.700515
6000,589824000,2.319282e+16,6.658439,6.698857
6010,590807040,2.323148e+16,6.653343,6.698086
6020,591790080,2.327013e+16,6.649848,6.700669
6030,592773120,2.330879e+16,6.649564,6.698975
6040,593756160,2.334744e+16,6.642618,6.701152
6050,594739200,2.338610e+16,6.647071,6.697356
6060,595722240,2.342475e+16,6.646361,6.687490
6070,596705280,2.346341e+16,6.645084,6.698550
6080,597688320,2.350206e+16,6.642467,6.695218
6090,598671360,2.354072e+16,6.639109,6.685860
6100,599654400,2.357937e+16,6.636190,6.685487
6110,600637440,2.361803e+16,6.640446,6.687074
6120,601620480,2.365668e+16,6.644819,6.683531
6130,602603520,2.369533e+16,6.636515,6.682072
6140,603586560,2.373399e+16,6.643045,6.681364
6150,604569600,2.377264e+16,6.653195,6.685353
6160,605552640,2.381130e+16,6.642200,6.684138
6170,606535680,2.384995e+16,6.640810,6.683011
6180,607518720,2.388861e+16,6.646194,6.684319
6190,608501760,2.392726e+16,6.648571,6.673256
6200,609484800,2.396592e+16,6.641465,6.679768
6210,610467840,2.400457e+16,6.641163,6.676669
6220,611450880,2.404323e+16,6.638174,6.674990
6230,612433920,2.408188e+16,6.637448,6.666633
6240,613416960,2.412054e+16,6.635137,6.666331
6250,614400000,2.415919e+16,6.627493,6.665732
6260,615383040,2.419785e+16,6.624350,6.670501
6270,616366080,2.423650e+16,6.625375,6.669078
6280,617349120,2.427516e+16,6.621855,6.665762
6290,618332160,2.431381e+16,6.621303,6.662179
6300,619315200,2.435246e+16,6.617608,6.661206
6310,620298240,2.439112e+16,6.617907,6.656477
6320,621281280,2.442977e+16,6.614333,6.653698
6330,622264320,2.446843e+16,6.611285,6.667030
6340,623247360,2.450708e+16,6.618936,6.653501
6350,624230400,2.454574e+16,6.615541,6.649695
6360,625213440,2.458439e+16,6.614894,6.653657
6370,626196480,2.462305e+16,6.610641,6.653282
6380,627179520,2.466170e+16,6.608460,6.650193
6390,628162560,2.470036e+16,6.609712,6.653924
6400,629145600,2.473901e+16,6.606815,6.652455
6410,630128640,2.477767e+16,6.601933,6.641791
6420,631111680,2.481632e+16,6.604950,6.635823
6430,632094720,2.485498e+16,6.611434,6.642276
6440,633077760,2.489363e+16,6.607727,6.638375
6450,634060800,2.493229e+16,6.609694,6.632202
6460,635043840,2.497094e+16,6.611730,6.638649
6470,636026880,2.500959e+16,6.609820,6.634373
6480,637009920,2.504825e+16,6.606017,6.636271
6490,637992960,2.508690e+16,6.603208,6.632484
6500,638976000,2.512556e+16,6.601045,6.639624
6510,639959040,2.516421e+16,6.597145,6.626225
6520,640942080,2.520287e+16,6.594706,6.618369
6530,641925120,2.524152e+16,6.590248,6.629735
6540,642908160,2.528018e+16,6.589871,6.627601
6550,643891200,2.531883e+16,6.591222,6.629801
6560,644874240,2.535749e+16,6.590438,6.627417
6570,645857280,2.539614e+16,6.593229,6.626291
6580,646840320,2.543480e+16,6.591822,6.624614
6590,647823360,2.547345e+16,6.595365,6.628877
6600,648806400,2.551211e+16,6.591998,6.620470
6610,649789440,2.555076e+16,6.596323,6.617819
6620,650772480,2.558942e+16,6.587775,6.618737
6630,651755520,2.562807e+16,6.587097,6.624740
6640,652738560,2.566672e+16,6.585843,6.620768
6650,653721600,2.570538e+16,6.581073,6.616482
6660,654704640,2.574403e+16,6.575644,6.613678
6670,655687680,2.578269e+16,6.573494,6.615988
6680,656670720,2.582134e+16,6.571619,6.611158
6690,657653760,2.586000e+16,6.570571,6.608916
6700,658636800,2.589865e+16,6.572130,6.607272
6710,659619840,2.593731e+16,6.576450,6.606062
6720,660602880,2.597596e+16,6.573906,6.599199
6730,661585920,2.601462e+16,6.575850,6.603992
6740,662568960,2.605327e+16,6.574304,6.602289
6750,663552000,2.609193e+16,6.573335,6.600540
6760,664535040,2.613058e+16,6.567345,6.594642
6770,665518080,2.616924e+16,6.568673,6.595058
6780,666501120,2.620789e+16,6.561716,6.599764
6790,667484160,2.624655e+16,6.552671,6.599037
6800,668467200,2.628520e+16,6.557569,6.592101
6810,669450240,2.632385e+16,6.550384,6.594067
6820,670433280,2.636251e+16,6.549688,6.592384
6830,671416320,2.640116e+16,6.548718,6.590803
6840,672399360,2.643982e+16,6.551961,6.590485
6850,673382400,2.647847e+16,6.548213,6.588753
6860,674365440,2.651713e+16,6.544788,6.588127
6870,675348480,2.655578e+16,6.544805,6.586604
6880,676331520,2.659444e+16,6.540363,6.592146
6890,677314560,2.663309e+16,6.537528,6.583639
6900,678297600,2.667175e+16,6.541819,6.577090
6910,679280640,2.671040e+16,6.542505,6.576453
6920,680263680,2.674906e+16,6.542551,6.579643
6930,681246720,2.678771e+16,6.542307,6.583612
6940,682229760,2.682637e+16,6.541228,6.579789
6950,683212800,2.686502e+16,6.541055,6.570047
6960,684195840,2.690368e+16,6.535945,6.575768
6970,685178880,2.694233e+16,6.536010,6.581331
6980,686161920,2.698098e+16,6.535850,6.577552
6990,687144960,2.701964e+16,6.537409,6.575171
7000,688128000,2.705829e+16,6.530549,6.566178
7010,689111040,2.709695e+16,6.532618,6.577717
7020,690094080,2.713560e+16,6.537250,6.568459
7030,691077120,2.717426e+16,6.532024,6.575807
7040,692060160,2.721291e+16,6.527424,6.560051
7050,693043200,2.725157e+16,6.527679,6.570727
7060,694026240,2.729022e+16,6.527108,6.563340
7070,695009280,2.732888e+16,6.527624,6.564561
7080,695992320,2.736753e+16,6.524636,6.557051
7090,696975360,2.740619e+16,6.521854,6.553199
7100,697958400,2.744484e+16,6.526877,6.554795
7110,698941440,2.748350e+16,6.518473,6.556195
7120,699924480,2.752215e+16,6.518172,6.553276
7130,700907520,2.756081e+16,6.514782,6.551060
7140,701890560,2.759946e+16,6.510580,6.549770
7150,702873600,2.763811e+16,6.510489,6.547620
7160,703856640,2.767677e+16,6.506205,6.550628
7170,704839680,2.771542e+16,6.506465,6.549767
7180,705822720,2.775408e+16,6.503996,6.557662
7190,706805760,2.779273e+16,6.501396,6.552310
7200,707788800,2.783139e+16,6.510876,6.548221
7210,708771840,2.787004e+16,6.509359,6.545450
7220,709754880,2.790870e+16,6.502772,6.543390
7230,710737920,2.794735e+16,6.499467,6.541807
7240,711720960,2.798601e+16,6.493473,6.540113
7250,712704000,2.802466e+16,6.493280,6.535577
7260,713687040,2.806332e+16,6.497296,6.534692
7270,714670080,2.810197e+16,6.492440,6.526973
7280,715653120,2.814063e+16,6.491294,6.534264
7290,716636160,2.817928e+16,6.492367,6.540988
7300,717619200,2.821794e+16,6.491938,6.539157
7310,718602240,2.825659e+16,6.484997,6.536847
7320,719585280,2.829524e+16,6.482580,6.530038
7330,720568320,2.833390e+16,6.488252,6.531281
7340,721551360,2.837255e+16,6.485706,6.526091
7350,722534400,2.841121e+16,6.480206,6.523085
7360,723517440,2.844986e+16,6.479658,6.525800
7370,724500480,2.848852e+16,6.478806,6.523804
7380,725483520,2.852717e+16,6.476734,6.526824
7390,726466560,2.856583e+16,6.473092,6.527215
7400,727449600,2.860448e+16,6.472968,6.520427
7410,728432640,2.864314e+16,6.470960,6.517409
7420,729415680,2.868179e+16,6.475663,6.517170
7430,730398720,2.872045e+16,6.476575,6.516905
7440,731381760,2.875910e+16,6.475411,6.525055
7450,732364800,2.879776e+16,6.478212,6.518429
7460,733347840,2.883641e+16,6.477598,6.512349
7470,734330880,2.887507e+16,6.473672,6.507291
7480,735313920,2.891372e+16,6.466306,6.509939
7490,736296960,2.895237e+16,6.467314,6.508222
7500,737280000,2.899103e+16,6.462544,6.502765
7510,738263040,2.902968e+16,6.459543,6.500206
7520,739246080,2.906834e+16,6.454705,6.499693
7530,740229120,2.910699e+16,6.454597,6.498612
7540,741212160,2.914565e+16,6.453834,6.495060
7550,742195200,2.918430e+16,6.452402,6.502538
7560,743178240,2.922296e+16,6.456552,6.498806
7570,744161280,2.926161e+16,6.458197,6.507504
7580,745144320,2.930027e+16,6.457501,6.504376
7590,746127360,2.933892e+16,6.460948,6.499396
7600,747110400,2.937758e+16,6.455735,6.500916
7610,748093440,2.941623e+16,6.460598,6.492688
7620,749076480,2.945489e+16,6.460568,6.489465
7630,750059520,2.949354e+16,6.454616,6.485542
7640,751042560,2.953220e+16,6.447281,6.489302
7650,752025600,2.957085e+16,6.446767,6.484479
7660,753008640,2.960950e+16,6.444837,6.495494
7670,753991680,2.964816e+16,6.442234,6.490012
7680,754974720,2.968681e+16,6.441280,6.487267
7690,755957760,2.972547e+16,6.437312,6.482718
7700,756940800,2.976412e+16,6.438973,6.485936
7710,757923840,2.980278e+16,6.435072,6.482446
7720,758906880,2.984143e+16,6.441166,6.483099
7730,759889920,2.988009e+16,6.441329,6.479916
7740,760872960,2.991874e+16,6.444164,6.485708
7750,761856000,2.995740e+16,6.440005,6.481371
7760,762839040,2.999605e+16,6.436173,6.483402
7770,763822080,3.003471e+16,6.436038,6.478547
7780,764805120,3.007336e+16,6.438753,6.471206
7790,765788160,3.011202e+16,6.431492,6.463602
7800,766771200,3.015067e+16,6.428358,6.468741
7810,767754240,3.018933e+16,6.430195,6.471372
7820,768737280,3.022798e+16,6.427735,6.474184
7830,769720320,3.026663e+16,6.424504,6.476143
7840,770703360,3.030529e+16,6.424077,6.468145
7850,771686400,3.034394e+16,6.423271,6.460101
7860,772669440,3.038260e+16,6.422083,6.463976
7870,773652480,3.042125e+16,6.418496,6.467054
7880,774635520,3.045991e+16,6.425053,6.464517
7890,775618560,3.049856e+16,6.421885,6.460049
7900,776601600,3.053722e+16,6.420508,6.457169
7910,777584640,3.057587e+16,6.416067,6.453844
7920,778567680,3.061453e+16,6.412266,6.455408
7930,779550720,3.065318e+16,6.413107,6.451970
7940,780533760,3.069184e+16,6.415477,6.450219
7950,781516800,3.073049e+16,6.409577,6.452398
7960,782499840,3.076915e+16,6.408176,6.452583
7970,783482880,3.080780e+16,6.413557,6.451078
7980,784465920,3.084646e+16,6.413786,6.452482
7990,785448960,3.088511e+16,6.408040,6.453356
8000,786432000,3.092376e+16,6.404597,6.447499
8010,787415040,3.096242e+16,6.407671,6.442510
8020,788398080,3.100107e+16,6.403017,6.440649
8030,789381120,3.103973e+16,6.408579,6.442266
8040,790364160,3.107838e+16,6.407549,6.442439
8050,791347200,3.111704e+16,6.407331,6.439552
8060,792330240,3.115569e+16,6.404239,6.439451
8070,793313280,3.119435e+16,6.403642,6.440643
8080,794296320,3.123300e+16,6.399577,6.437856
8090,795279360,3.127166e+16,6.399089,6.433877
8100,796262400,3.131031e+16,6.400505,6.441924
8110,797245440,3.134897e+16,6.392410,6.435712
8120,798228480,3.138762e+16,6.389242,6.434866
8130,799211520,3.142628e+16,6.389602,6.431180
8140,800194560,3.146493e+16,6.393796,6.435719
8150,801177600,3.150359e+16,6.392573,6.436766
8160,802160640,3.154224e+16,6.386635,6.428654
8170,803143680,3.158089e+16,6.388912,6.431166
8180,804126720,3.161955e+16,6.384153,6.425518
8190,805109760,3.165820e+16,6.383011,6.430789
8200,806092800,3.169686e+16,6.382303,6.427074
8210,807075840,3.173551e+16,6.378682,6.423428
8220,808058880,3.177417e+16,6.374933,6.421811
8230,809041920,3.181282e+16,6.375834,6.422864
8240,810024960,3.185148e+16,6.379898,6.429599
8250,811008000,3.189013e+16,6.380602,6.419349
8260,811991040,3.192879e+16,6.384041,6.416864
8270,812974080,3.196744e+16,6.383554,6.415775
8280,813957120,3.200610e+16,6.381770,6.422903
8290,814940160,3.204475e+16,6.378767,6.415445
8300,815923200,3.208341e+16,6.374381,6.409579
8310,816906240,3.212206e+16,6.371800,6.413652
8320,817889280,3.216072e+16,6.364740,6.411643
8330,818872320,3.219937e+16,6.361883,6.413361
8340,819855360,3.223802e+16,6.368826,6.405965
8350,820838400,3.227668e+16,6.370326,6.411201
8360,821821440,3.231533e+16,6.368191,6.407728
8370,822804480,3.235399e+16,6.362557,6.409190
8380,823787520,3.239264e+16,6.360586,6.411026
8390,824770560,3.243130e+16,6.367668,6.412836
8400,825753600,3.246995e+16,6.362852,6.402318
8410,826736640,3.250861e+16,6.365327,6.400481
8420,827719680,3.254726e+16,6.359755,6.401255
8430,828702720,3.258592e+16,6.355696,6.396111
8440,829685760,3.262457e+16,6.353685,6.397974
8450,830668800,3.266323e+16,6.352231,6.402364
8460,831651840,3.270188e+16,6.354227,6.398953
8470,832634880,3.274054e+16,6.352823,6.398923
8480,833617920,3.277919e+16,6.349075,6.392758
8490,834600960,3.281785e+16,6.347542,6.393462
8500,835584000,3.285650e+16,6.346975,6.394108
8510,836567040,3.289515e+16,6.348394,6.397326
8520,837550080,3.293381e+16,6.348946,6.400525
8530,838533120,3.297246e+16,6.352380,6.397866
8540,839516160,3.301112e+16,6.349352,6.390545
8550,840499200,3.304977e+16,6.347885,6.386367
8560,841482240,3.308843e+16,6.347835,6.382165
8570,842465280,3.312708e+16,6.341611,6.387377
8580,843448320,3.316574e+16,6.336399,6.385548
8590,844431360,3.320439e+16,6.335641,6.385986
8600,845414400,3.324305e+16,6.337051,6.376821
8610,846397440,3.328170e+16,6.331942,6.375662
8620,847380480,3.332036e+16,6.331536,6.377371
8630,848363520,3.335901e+16,6.331715,6.375576
8640,849346560,3.339767e+16,6.334315,6.381605
8650,850329600,3.343632e+16,6.330001,6.376697
8660,851312640,3.347498e+16,6.326721,6.380077
8670,852295680,3.351363e+16,6.326958,6.378246
8680,853278720,3.355228e+16,6.326156,6.373812
8690,854261760,3.359094e+16,6.325054,6.371109
8700,855244800,3.362959e+16,6.325525,6.367742
8710,856227840,3.366825e+16,6.325529,6.374064
8720,857210880,3.370690e+16,6.320405,6.372184
8730,858193920,3.374556e+16,6.319293,6.370675
8740,859176960,3.378421e+16,6.318875,6.373995
8750,860160000,3.382287e+16,6.326136,6.374283
8760,861143040,3.386152e+16,6.322176,6.369016
8770,862126080,3.390018e+16,6.325141,6.366760
8780,863109120,3.393883e+16,6.326498,6.358501
8790,864092160,3.397749e+16,6.326250,6.361712
8800,865075200,3.401614e+16,6.324881,6.362553
8810,866058240,3.405480e+16,6.320143,6.354520
8820,867041280,3.409345e+16,6.321683,6.354981
8830,868024320,3.413211e+16,6.321042,6.353687
8840,869007360,3.417076e+16,6.320942,6.358418
8850,869990400,3.420941e+16,6.322974,6.362665
8860,870973440,3.424807e+16,6.317140,6.356598
8870,871956480,3.428672e+16,6.313110,6.360918
8880,872939520,3.432538e+16,6.315333,6.350143
8890,873922560,3.436403e+16,6.313910,6.355705
8900,874905600,3.440269e+16,6.318930,6.355158
8910,875888640,3.444134e+16,6.320164,6.358174
8920,876871680,3.448000e+16,6.319654,6.351421
8930,877854720,3.451865e+16,6.313843,6.347571
8940,878837760,3.455731e+16,6.311916,6.348483
8950,879820800,3.459596e+16,6.303731,6.342092
8960,880803840,3.463462e+16,6.300321,6.344245
8970,881786880,3.467327e+16,6.292498,6.344882
8980,882769920,3.471193e+16,6.286538,6.343466
8990,883752960,3.475058e+16,6.292343,6.343526
9000,884736000,3.478924e+16,6.296754,6.335191
9010,885719040,3.482789e+16,6.292693,6.340947
9020,886702080,3.486654e+16,6.289906,6.333911
9030,887685120,3.490520e+16,6.294260,6.336774
9040,888668160,3.494385e+16,6.293594,6.339285
9050,889651200,3.498251e+16,6.290722,6.339862
9060,890634240,3.502116e+16,6.285540,6.333310
9070,891617280,3.505982e+16,6.288779,6.326136
9080,892600320,3.509847e+16,6.284964,6.332652
9090,893583360,3.513713e+16,6.286998,6.331469
9100,894566400,3.517578e+16,6.281767,6.325178
9110,895549440,3.521444e+16,6.281118,6.331841
9120,896532480,3.525309e+16,6.279502,6.323200
9130,897515520,3.529175e+16,6.271347,6.324595
9140,898498560,3.533040e+16,6.273833,6.324643
9150,899481600,3.536906e+16,6.277833,6.323411
9160,900464640,3.540771e+16,6.281460,6.329598
9170,901447680,3.544637e+16,6.281614,6.327817
9180,902430720,3.548502e+16,6.284228,6.319549
9190,903413760,3.552367e+16,6.282405,6.319564
9200,904396800,3.556233e+16,6.280603,6.326838
9210,905379840,3.560098e+16,6.284587,6.322580
9220,906362880,3.563964e+16,6.288009,6.321507
9230,907345920,3.567829e+16,6.291058,6.310468
9240,908328960,3.571695e+16,6.286644,6.312409
9250,909312000,3.575560e+16,6.278194,6.317575
9260,910295040,3.579426e+16,6.272031,6.318957
9270,911278080,3.583291e+16,6.274223,6.314098
9280,912261120,3.587157e+16,6.272191,6.314727
9290,913244160,3.591022e+16,6.275697,6.313954
9300,914227200,3.594888e+16,6.273594,6.315561
9310,915210240,3.598753e+16,6.272437,6.320241
9320,916193280,3.602619e+16,6.268829,6.318704
9330,917176320,3.606484e+16,6.267977,6.312086
9340,918159360,3.610350e+16,6.266481,6.307913
9350,919142400,3.614215e+16,6.266842,6.306144
9360,920125440,3.618080e+16,6.264338,6.305646
9370,921108480,3.621946e+16,6.257308,6.303982
9380,922091520,3.625811e+16,6.259400,6.305605
9390,923074560,3.629677e+16,6.253778,6.300586
9400,924057600,3.633542e+16,6.259327,6.298012
9410,925040640,3.637408e+16,6.265289,6.309048
9420,926023680,3.641273e+16,6.260129,6.302649
9430,927006720,3.645139e+16,6.260562,6.300396
9440,927989760,3.649004e+16,6.256058,6.300064
9450,928972800,3.652870e+16,6.258957,6.299352
9460,929955840,3.656735e+16,6.253216,6.296026
9470,930938880,3.660601e+16,6.259392,6.301266
9480,931921920,3.664466e+16,6.254938,6.300450
9490,932904960,3.668332e+16,6.262810,6.296333
9500,933888000,3.672197e+16,6.256726,6.301539
9510,934871040,3.676063e+16,6.253954,6.295383
9520,935854080,3.679928e+16,6.250314,6.287676
9530,936837120,3.683793e+16,6.247578,6.285170
9540,937820160,3.687659e+16,6.243915,6.284835
9550,938803200,3.691524e+16,6.246845,6.290746
9560,939786240,3.695390e+16,6.246993,6.290698
9570,940769280,3.699255e+16,6.243069,6.289435
9580,941752320,3.703121e+16,6.244116,6.292147
9590,942735360,3.706986e+16,6.243986,6.285153
9600,943718400,3.710852e+16,6.240726,6.281213
9610,944701440,3.714717e+16,6.246021,6.289258
9620,945684480,3.718583e+16,6.246717,6.285297
9630,946667520,3.722448e+16,6.247955,6.288538
9640,947650560,3.726314e+16,6.245381,6.285483
9650,948633600,3.730179e+16,6.244202,6.284102
9660,949616640,3.734045e+16,6.242635,6.273964
9670,950599680,3.737910e+16,6.236795,6.275400
9680,951582720,3.741776e+16,6.236095,6.275206
9690,952565760,3.745641e+16,6.233786,6.275884
9700,953548800,3.749506e+16,6.231976,6.280087
9710,954531840,3.753372e+16,6.229432,6.273141
9720,955514880,3.757237e+16,6.228045,6.268451
9730,956497920,3.761103e+16,6.226653,6.272110
9740,957480960,3.764968e+16,6.228418,6.274863
9750,958464000,3.768834e+16,6.226004,6.270062
9760,959447040,3.772699e+16,6.225508,6.266521
9770,960430080,3.776565e+16,6.227736,6.262087
9780,961413120,3.780430e+16,6.226595,6.266321
9790,962396160,3.784296e+16,6.227001,6.269278
9800,963379200,3.788161e+16,6.225969,6.262400
9810,964362240,3.792027e+16,6.227039,6.263454
9820,965345280,3.795892e+16,6.216829,6.266663
9830,966328320,3.799758e+16,6.220841,6.263400
9840,967311360,3.803623e+16,6.219906,6.262001
9850,968294400,3.807489e+16,6.220232,6.269173
9860,969277440,3.811354e+16,6.217478,6.267225
9870,970260480,3.815219e+16,6.224219,6.260346
9880,971243520,3.819085e+16,6.220283,6.259012
9890,972226560,3.822950e+16,6.219602,6.259928
9900,973209600,3.826816e+16,6.217712,6.259146
9910,974192640,3.830681e+16,6.215430,6.259456
9920,975175680,3.834547e+16,6.216213,6.262810
9930,976158720,3.838412e+16,6.213409,6.257388
9940,977141760,3.842278e+16,6.217016,6.252048
9950,978124800,3.846143e+16,6.216939,6.250340
9960,979107840,3.850009e+16,6.206552,6.249168
9970,980090880,3.853874e+16,6.204101,6.250425
9980,981073920,3.857740e+16,6.210476,6.251305
9990,982056960,3.861605e+16,6.210812,6.247513
10000,983040000,3.865471e+16,6.208408,6.246809
10010,984023040,3.869336e+16,6.206354,6.249280
10020,985006080,3.873202e+16,6.207648,6.247824
10030,985989120,3.877067e+16,6.204770,6.242130
10040,986972160,3.880932e+16,6.207736,6.241372
10050,987955200,3.884798e+16,6.199324,6.240819
10060,988938240,3.888663e+16,6.206254,6.241817
10070,989921280,3.892529e+16,6.207541,6.239895
10080,990904320,3.896394e+16,6.204394,6.242404
10090,991887360,3.900260e+16,6.201851,6.242868
10100,992870400,3.904125e+16,6.201723,6.235679
10110,993853440,3.907991e+16,6.195503,6.239689
10120,994836480,3.911856e+16,6.195313,6.232301
10130,995819520,3.915722e+16,6.195942,6.232239
10140,996802560,3.919587e+16,6.194518,6.232523
10150,997785600,3.923453e+16,6.189716,6.237887
10160,998768640,3.927318e+16,6.185035,6.235752
10170,999751680,3.931184e+16,6.191116,6.232125
10180,1000734720,3.935049e+16,6.190600,6.230119
10190,1001717760,3.938915e+16,6.187785,6.231004
10200,1002700800,3.942780e+16,6.189441,6.229824
10210,1003683840,3.946645e+16,6.186858,6.233206
10220,1004666880,3.950511e+16,6.183292,6.232424
10230,1005649920,3.954376e+16,6.182927,6.227852
10240,1006632960,3.958242e+16,6.184409,6.229950
10250,1007616000,3.962107e+16,6.190416,6.224641
10260,1008599040,3.965973e+16,6.191873,6.220717
10270,1009582080,3.969838e+16,6.190349,6.221899
10280,1010565120,3.973704e+16,6.190399,6.225099
10290,1011548160,3.977569e+16,6.188053,6.224493
10300,1012531200,3.981435e+16,6.187752,6.227243
10310,1013514240,3.985300e+16,6.177960,6.224499
10320,1014497280,3.989166e+16,6.179945,6.220957
10330,1015480320,3.993031e+16,6.178091,6.214341
10340,1016463360,3.996897e+16,6.173164,6.216004
10350,1017446400,4.000762e+16,6.170856,6.213811
10360,1018429440,4.004628e+16,6.167777,6.217998
10370,1019412480,4.008493e+16,6.171309,6.220859
10380,1020395520,4.012358e+16,6.171391,6.216977
10390,1021378560,4.016224e+16,6.170200,6.212320
10400,1022361600,4.020089e+16,6.169627,6.214078
10410,1023344640,4.023955e+16,6.169212,6.209451
10420,1024327680,4.027820e+16,6.166095,6.210772
10430,1025310720,4.031686e+16,6.174875,6.210916
10440,1026293760,4.035551e+16,6.178395,6.211080
10450,1027276800,4.039417e+16,6.175072,6.209260
10460,1028259840,4.043282e+16,6.177681,6.208011
10470,1029242880,4.047148e+16,6.174342,6.207946
10480,1030225920,4.051013e+16,6.172960,6.204001
10490,1031208960,4.054879e+16,6.171794,6.199519
10500,1032192000,4.058744e+16,6.168831,6.200624
10510,1033175040,4.062610e+16,6.162007,6.198788
10520,1034158080,4.066475e+16,6.161552,6.198038
10530,1035141120,4.070341e+16,6.159190,6.199749
10540,1036124160,4.074206e+16,6.157024,6.202770
10550,1037107200,4.078071e+16,6.159372,6.207885
10560,1038090240,4.081937e+16,6.158077,6.199995
10570,1039073280,4.085802e+16,6.158851,6.199999
10580,1040056320,4.089668e+16,6.156252,6.200424
10590,1041039360,4.093533e+16,6.155212,6.197730
10600,1042022400,4.097399e+16,6.149921,6.198251
10610,1043005440,4.101264e+16,6.146537,6.195638
10620,1043988480,4.105130e+16,6.144161,6.193668
10630,1044971520,4.108995e+16,6.140073,6.191173
10640,1045954560,4.112861e+16,6.139440,6.195458
10650,1046937600,4.116726e+16,6.139488,6.191880
10660,1047920640,4.120592e+16,6.143114,6.192082
10670,1048903680,4.124457e+16,6.142004,6.192374
10680,1049886720,4.128323e+16,6.144167,6.192135
10690,1050869760,4.132188e+16,6.141366,6.190376
10700,1051852800,4.136054e+16,6.143289,6.188337
10710,1052835840,4.139919e+16,6.138867,6.187260
10720,1053818880,4.143784e+16,6.140233,6.187737
10730,1054801920,4.147650e+16,6.138176,6.186070
10740,1055784960,4.151515e+16,6.139300,6.187370
10750,1056768000,4.155381e+16,6.143753,6.183182
10760,1057751040,4.159246e+16,6.140562,6.185883
10770,1058734080,4.163112e+16,6.138864,6.186841
10780,1059717120,4.166977e+16,6.138364,6.179576
10790,1060700160,4.170843e+16,6.135408,6.176296
10800,1061683200,4.174708e+16,6.135135,6.178287
10810,1062666240,4.178574e+16,6.133022,6.178207
10820,1063649280,4.182439e+16,6.132925,6.176783
10830,1064632320,4.186305e+16,6.133916,6.173966
10840,1065615360,4.190170e+16,6.131908,6.178268
10850,1066598400,4.194036e+16,6.130991,6.178928
10860,1067581440,4.197901e+16,6.125886,6.175222
10870,1068564480,4.201767e+16,6.122628,6.170826
10880,1069547520,4.205632e+16,6.118866,6.169778
10890,1070530560,4.209497e+16,6.118291,6.173919
10900,1071513600,4.213363e+16,6.118335,6.174666
10910,1072496640,4.217228e+16,6.120328,6.170974
10920,1073479680,4.221094e+16,6.117537,6.169568
10930,1074462720,4.224959e+16,6.117340,6.164344
10940,1075445760,4.228825e+16,6.111856,6.165428
10950,1076428800,4.232690e+16,6.112701,6.166969
10960,1077411840,4.236556e+16,6.112019,6.166075
10970,1078394880,4.240421e+16,6.110968,6.163397
10980,1079377920,4.244287e+16,6.108412,6.162534
10990,1080360960,4.248152e+16,6.108815,6.161168
11000,1081344000,4.252018e+16,6.106646,6.162439
11010,1082327040,4.255883e+16,6.107021,6.160806
11020,1083310080,4.259749e+16,6.108394,6.161768
11030,1084293120,4.263614e+16,6.109757,6.159058
11040,1085276160,4.267480e+16,6.113497,6.158979
11050,1086259200,4.271345e+16,6.112304,6.157300
11060,1087242240,4.275210e+16,6.110686,6.152477
11070,1088225280,4.279076e+16,6.107635,6.159243
11080,1089208320,4.282941e+16,6.112893,6.158488
11090,1090191360,4.286807e+16,6.117172,6.157490
11100,1091174400,4.290672e+16,6.115124,6.158196
11110,1092157440,4.294538e+16,6.114072,6.160422
11120,1093140480,4.298403e+16,6.115182,6.157387
11130,1094123520,4.302269e+16,6.111542,6.154579
11140,1095106560,4.306134e+16,6.108258,6.148079
11150,1096089600,4.310000e+16,6.107764,6.150656
11160,1097072640,4.313865e+16,6.104299,6.148848
11170,1098055680,4.317731e+16,6.104709,6.146322
11180,1099038720,4.321596e+16,6.100647,6.147238
11190,1100021760,4.325462e+16,6.101819,6.150855
11200,1101004800,4.329327e+16,6.107112,6.148592
11210,1101987840,4.333193e+16,6.107181,6.145387
11220,1102970880,4.337058e+16,6.102006,6.146131
11230,1103953920,4.340923e+16,6.098020,6.142483
11240,1104936960,4.344789e+16,6.100344,6.144982
11250,1105920000,4.348654e+16,6.098007,6.143403
11260,1106903040,4.352520e+16,6.099433,6.144204
11270,1107886080,4.356385e+16,6.097194,6.146034
11280,1108869120,4.360251e+16,6.091553,6.140932
11290,1109852160,4.364116e+16,6.091304,6.138940
11300,1110835200,4.367982e+16,6.085638,6.140917
11310,1111818240,4.371847e+16,6.084225,6.135549
11320,1112801280,4.375713e+16,6.086162,6.134740
11330,1113784320,4.379578e+16,6.088384,6.135987
11340,1114767360,4.383444e+16,6.088814,6.134351
11350,1115750400,4.387309e+16,6.089808,6.134830
11360,1116733440,4.391175e+16,6.092074,6.138618
11370,1117716480,4.395040e+16,6.090879,6.130777
11380,1118699520,4.398906e+16,6.092640,6.129581
11390,1119682560,4.402771e+16,6.087224,6.132755
11400,1120665600,4.406636e+16,6.085705,6.132268
11410,1121648640,4.410502e+16,6.084027,6.129066
11420,1122631680,4.414367e+16,6.079858,6.131882
11430,1123614720,4.418233e+16,6.082139,6.125403
11440,1124597760,4.422098e+16,6.078457,6.123144
11450,1125580800,4.425964e+16,6.080537,6.128875
11460,1126563840,4.429829e+16,6.082533,6.127281
11470,1127546880,4.433695e+16,6.086641,6.125755
11480,1128529920,4.437560e+16,6.088756,6.124464
11490,1129512960,4.441426e+16,6.086338,6.131487
11500,1130496000,4.445291e+16,6.085781,6.122686
11510,1131479040,4.449157e+16,6.084055,6.127103
11520,1132462080,4.453022e+16,6.081803,6.126734
11530,1133445120,4.456888e+16,6.080392,6.127152
11540,1134428160,4.460753e+16,6.082532,6.119412
11550,1135411200,4.464619e+16,6.075467,6.119154
11560,1136394240,4.468484e+16,6.077862,6.119071
11570,1137377280,4.472349e+16,6.078767,6.115937
11580,1138360320,4.476215e+16,6.076411,6.118305
11590,1139343360,4.480080e+16,6.073235,6.116507
11600,1140326400,4.483946e+16,6.071901,6.117964
11610,1141309440,4.487811e+16,6.073080,6.118265
11620,1142292480,4.491677e+16,6.070474,6.111358
11630,1143275520,4.495542e+16,6.072208,6.113175
11640,1144258560,4.499408e+16,6.075582,6.113057
11650,1145241600,4.503273e+16,6.073171,6.111382
11660,1146224640,4.507139e+16,6.069410,6.110874
11670,1147207680,4.511004e+16,6.061091,6.113838
11680,1148190720,4.514870e+16,6.057739,6.113142
11690,1149173760,4.518735e+16,6.063603,6.112262
11700,1150156800,4.522601e+16,6.065440,6.110759
11710,1151139840,4.526466e+16,6.062236,6.105782
11720,1152122880,4.530332e+16,6.064589,6.106871
11730,1153105920,4.534197e+16,6.067017,6.108069
11740,1154088960,4.538062e+16,6.067623,6.107848
11750,1155072000,4.541928e+16,6.072407,6.107556
11760,1156055040,4.545793e+16,6.072332,6.107848
11770,1157038080,4.549659e+16,6.076795,6.106375
11780,1158021120,4.553524e+16,6.069136,6.106660
11790,1159004160,4.557390e+16,6.065527,6.106071
11800,1159987200,4.561255e+16,6.064914,6.103452
11810,1160970240,4.565121e+16,6.063516,6.098775
11820,1161953280,4.568986e+16,6.063406,6.098269
11830,1162936320,4.572852e+16,6.062532,6.098638
11840,1163919360,4.576717e+16,6.060986,6.099443
11850,1164902400,4.580583e+16,6.057243,6.098808
11860,1165885440,4.584448e+16,6.053761,6.100859
11870,1166868480,4.588314e+16,6.059222,6.096004
11880,1167851520,4.592179e+16,6.057250,6.095795
11890,1168834560,4.596045e+16,6.052592,6.098670
11900,1169817600,4.599910e+16,6.050305,6.095509
11910,1170800640,4.603775e+16,6.051821,6.090906
11920,1171783680,4.607641e+16,6.053639,6.090717
11930,1172766720,4.611506e+16,6.058815,6.089935
11940,1173749760,4.615372e+16,6.058340,6.092542
11950,1174732800,4.619237e+16,6.056647,6.087234
11960,1175715840,4.623103e+16,6.052387,6.084414
11970,1176698880,4.626968e+16,6.045940,6.083362
11980,1177681920,4.630834e+16,6.050189,6.085301
11990,1178664960,4.634699e+16,6.045211,6.083934
12000,1179648000,4.638565e+16,6.048142,6.082867
12010,1180631040,4.642430e+16,6.045615,6.084351
12020,1181614080,4.646296e+16,6.043692,6.087270
12030,1182597120,4.650161e+16,6.049277,6.084580
12040,1183580160,4.654027e+16,6.051274,6.084685
12050,1184563200,4.657892e+16,6.053844,6.081546
12060,1185546240,4.661758e+16,6.045323,6.080681
12070,1186529280,4.665623e+16,6.048933,6.079320
12080,1187512320,4.669488e+16,6.046862,6.082485
12090,1188495360,4.673354e+16,6.046773,6.081295
12100,1189478400,4.677219e+16,6.039451,6.077205
12110,1190461440,4.681085e+16,6.034364,6.078189
12120,1191444480,4.684950e+16,6.032266,6.072955
12130,1192427520,4.688816e+16,6.028711,6.073956
12140,1193410560,4.692681e+16,6.026496,6.074942
12150,1194393600,4.696547e+16,6.026276,6.075567
12160,1195376640,4.700412e+16,6.023673,6.074093
12170,1196359680,4.704278e+16,6.025750,6.069824
12180,1197342720,4.708143e+16,6.028716,6.073168
12190,1198325760,4.712009e+16,6.026360,6.077000
12200,1199308800,4.715874e+16,6.024749,6.071591
12210,1200291840,4.719740e+16,6.026257,6.066603
12220,1201274880,4.723605e+16,6.019056,6.070122
12230,1202257920,4.727471e+16,6.020226,6.070762
12240,1203240960,4.731336e+16,6.019222,6.064921
12250,1204224000,4.735201e+16,6.015245,6.065751
12260,1205207040,4.739067e+16,6.017703,6.065312
12270,1206190080,4.742932e+16,6.020244,6.068028
12280,1207173120,4.746798e+16,6.022877,6.065410
12290,1208156160,4.750663e+16,6.026548,6.065977
12300,1209139200,4.754529e+16,6.025238,6.059191
12310,1210122240,4.758394e+16,6.023421,6.061325
12320,1211105280,4.762260e+16,6.024976,6.063072
12330,1212088320,4.766125e+16,6.026063,6.060562
12340,1213071360,4.769991e+16,6.027166,6.057551
12350,1214054400,4.773856e+16,6.029199,6.063060
12360,1215037440,4.777722e+16,6.024922,6.070614
12370,1216020480,4.781587e+16,6.019968,6.058914
12380,1217003520,4.785453e+16,6.012332,6.063722
12390,1217986560,4.789318e+16,6.010900,6.058368
12400,1218969600,4.793184e+16,6.011881,6.058250
12410,1219952640,4.797049e+16,6.014935,6.056040
12420,1220935680,4.800914e+16,6.011987,6.060526
12430,1221918720,4.804780e+16,6.011205,6.063218
12440,1222901760,4.808645e+16,6.006489,6.053128
12450,1223884800,4.812511e+16,6.005290,6.049348
12460,1224867840,4.816376e+16,6.008182,6.054317
12470,1225850880,4.820242e+16,6.008206,6.051822
12480,1226833920,4.824107e+16,6.006614,6.050289
12490,1227816960,4.827973e+16,6.005295,6.052324
12500,1228800000,4.831838e+16,6.009493,6.055728
12510,1229783040,4.835704e+16,6.007317,6.053449
12520,1230766080,4.839569e+16,6.004791,6.051338
12530,1231749120,4.843435e+16,6.002757,6.051389
12540,1232732160,4.847300e+16,6.003151,6.047909
12550,1233715200,4.851166e+16,6.004149,6.042799
12560,1234698240,4.855031e+16,6.004331,6.044933
12570,1235681280,4.858897e+16,6.005305,6.045351
12580,1236664320,4.862762e+16,6.007236,6.049725
12590,1237647360,4.866627e+16,6.006514,6.044214
12600,1238630400,4.870493e+16,6.001871,6.042566
12610,1239613440,4.874358e+16,6.002826,6.044786
12620,1240596480,4.878224e+16,5.999245,6.045675
12630,1241579520,4.882089e+16,5.999467,6.039412
12640,1242562560,4.885955e+16,5.994355,6.040937
12650,1243545600,4.889820e+16,5.998670,6.041266
12660,1244528640,4.893686e+16,5.997355,6.040237
12670,1245511680,4.897551e+16,6.000323,6.042896
12680,1246494720,4.901417e+16,5.995691,6.041875
12690,1247477760,4.905282e+16,5.997864,6.038580
12700,1248460800,4.909148e+16,5.996709,6.039244
12710,1249443840,4.913013e+16,5.993296,6.040648
12720,1250426880,4.916879e+16,5.990009,6.042006
12730,1251409920,4.920744e+16,5.992637,6.036242
12740,1252392960,4.924610e+16,5.993351,6.031428
12750,1253376000,4.928475e+16,5.996168,6.035027
12760,1254359040,4.932340e+16,5.992374,6.031613
12770,1255342080,4.936206e+16,5.992402,6.035609
12780,1256325120,4.940071e+16,5.994901,6.033949
12790,1257308160,4.943937e+16,5.988454,6.034861
12800,1258291200,4.947802e+16,5.989269,6.032782
12810,1259274240,4.951668e+16,5.990013,6.031410
12820,1260257280,4.955533e+16,5.986851,6.029171
12830,1261240320,4.959399e+16,5.987539,6.028293
12840,1262223360,4.963264e+16,5.983072,6.031808
12850,1263206400,4.967130e+16,5.988079,6.028594
12860,1264189440,4.970995e+16,5.990391,6.032008
12870,1265172480,4.974861e+16,5.987490,6.029865
12880,1266155520,4.978726e+16,5.987647,6.022128
12890,1267138560,4.982592e+16,5.984966,6.025418
12900,1268121600,4.986457e+16,5.987701,6.026574
12910,1269104640,4.990323e+16,5.988849,6.023973
12920,1270087680,4.994188e+16,5.993700,6.024109
12930,1271070720,4.998053e+16,5.991368,6.024994
12940,1272053760,5.001919e+16,5.990535,6.025657
12950,1273036800,5.005784e+16,5.988374,6.019434
12960,1274019840,5.009650e+16,5.984448,6.024098
12970,1275002880,5.013515e+16,5.983660,6.019997
12980,1275985920,5.017381e+16,5.982500,6.020482
12990,1276968960,5.021246e+16,5.977245,6.017224
13000,1277952000,5.025112e+16,5.977715,6.015358
13010,1278935040,5.028977e+16,5.976420,6.016964
13020,1279918080,5.032843e+16,5.977654,6.018722
13030,1280901120,5.036708e+16,5.977309,6.018460
13040,1281884160,5.040574e+16,5.980227,6.017171
13050,1282867200,5.044439e+16,5.979764,6.012356
13060,1283850240,5.048305e+16,5.982478,6.013920
13070,1284833280,5.052170e+16,5.978691,6.018201
13080,1285816320,5.056036e+16,5.979139,6.014786
13090,1286799360,5.059901e+16,5.976808,6.007701
13100,1287782400,5.063766e+16,5.972535,6.007868
13110,1288765440,5.067632e+16,5.970563,6.008206
13120,1289748480,5.071497e+16,5.967047,6.007979
13130,1290731520,5.075363e+16,5.962652,6.005678
13140,1291714560,5.079228e+16,5.966768,6.008165
13150,1292697600,5.083094e+16,5.964540,6.006937
13160,1293680640,5.086959e+16,5.967109,6.006174
13170,1294663680,5.090825e+16,5.970614,6.006989
13180,1295646720,5.094690e+16,5.969608,6.008100
13190,1296629760,5.098556e+16,5.964140,6.003898
13200,1297612800,5.102421e+16,5.959246,6.002376
13210,1298595840,5.106287e+16,5.958829,6.004675
13220,1299578880,5.110152e+16,5.958765,6.001326
13230,1300561920,5.114018e+16,5.958777,6.000126
13240,1301544960,5.117883e+16,5.960344,5.999275
13250,1302528000,5.121749e+16,5.955134,5.996780
13260,1303511040,5.125614e+16,5.957390,6.000649
13270,1304494080,5.129479e+16,5.956999,5.997201
13280,1305477120,5.133345e+16,5.954816,5.997124
13290,1306460160,5.137210e+16,5.961963,5.997913
13300,1307443200,5.141076e+16,5.962763,5.997731
13310,1308426240,5.144941e+16,5.959892,5.998182
13320,1309409280,5.148807e+16,5.958310,5.996515
13330,1310392320,5.152672e+16,5.960337,5.996584
13340,1311375360,5.156538e+16,5.960266,5.992260
13350,1312358400,5.160403e+16,5.957240,5.993904
13360,1313341440,5.164269e+16,5.949947,5.994584
13370,1314324480,5.168134e+16,5.952450,5.990894
13380,1315307520,5.172000e+16,5.953430,5.990345
13390,1316290560,5.175865e+16,5.955504,5.992280
13400,1317273600,5.179731e+16,5.951467,5.990743
13410,1318256640,5.183596e+16,5.947922,5.989336
13420,1319239680,5.187462e+16,5.947294,5.990562
13430,1320222720,5.191327e+16,5.953362,5.985207
13440,1321205760,5.195192e+16,5.943043,5.981899
13450,1322188800,5.199058e+16,5.940278,5.987043
13460,1323171840,5.202923e+16,5.941785,5.980812
13470,1324154880,5.206789e+16,5.941804,5.980158
13480,1325137920,5.210654e+16,5.939792,5.981785
13490,1326120960,5.214520e+16,5.940180,5.982975
13500,1327104000,5.218385e+16,5.939453,5.983623
13510,1328087040,5.222251e+16,5.938418,5.982387
13520,1329070080,5.226116e+16,5.934717,5.983024
13530,1330053120,5.229982e+16,5.937498,5.985314
13540,1331036160,5.233847e+16,5.938999,5.982616
13550,1332019200,5.237713e+16,5.935975,5.982524
13560,1333002240,5.241578e+16,5.933931,5.982459
13570,1333985280,5.245444e+16,5.933562,5.976729
13580,1334968320,5.249309e+16,5.929347,5.983017
13590,1335951360,5.253174e+16,5.933216,5.981636
13600,1336934400,5.257040e+16,5.934920,5.980690
13610,1337917440,5.260905e+16,5.933327,5.982428
13620,1338900480,5.264771e+16,5.932792,5.979080
13630,1339883520,5.268636e+16,5.932146,5.976086
13640,1340866560,5.272502e+16,5.933651,5.975727
13650,1341849600,5.276367e+16,5.932920,5.978980
13660,1342832640,5.280233e+16,5.929260,5.977212
13670,1343815680,5.284098e+16,5.935161,5.974734
13680,1344798720,5.287964e+16,5.934518,5.977384
13690,1345781760,5.291829e+16,5.932876,5.973047
13700,1346764800,5.295695e+16,5.932975,5.974724
13710,1347747840,5.299560e+16,5.930004,5.974157
13720,1348730880,5.303426e+16,5.931510,5.973703
13730,1349713920,5.307291e+16,5.932342,5.970453
13740,1350696960,5.311157e+16,5.932869,5.970126
13750,1351680000,5.315022e+16,5.931671,5.970298
13760,1352663040,5.318887e+16,5.928036,5.971829
13770,1353646080,5.322753e+16,5.925788,5.970594
13780,1354629120,5.326618e+16,5.926273,5.966220
13790,1355612160,5.330484e+16,5.929588,5.970535
13800,1356595200,5.334349e+16,5.930714,5.967305
13810,1357578240,5.338215e+16,5.932698,5.969820
13820,1358561280,5.342080e+16,5.934282,5.968540
13830,1359544320,5.345946e+16,5.930570,5.968617
13840,1360527360,5.349811e+16,5.929084,5.966055
13850,1361510400,5.353677e+16,5.922615,5.966756
13860,1362493440,5.357542e+16,5.922950,5.968538
13870,1363476480,5.361408e+16,5.925921,5.965301
13880,1364459520,5.365273e+16,5.926682,5.959546
13890,1365442560,5.369139e+16,5.928433,5.961565
13900,1366425600,5.373004e+16,5.927926,5.964315
13910,1367408640,5.376870e+16,5.925689,5.964046
13920,1368391680,5.380735e+16,5.928789,5.962361
13930,1369374720,5.384600e+16,5.933477,5.959246
13940,1370357760,5.388466e+16,5.926729,5.958007
13950,1371340800,5.392331e+16,5.924716,5.953986
13960,1372323840,5.396197e+16,5.924393,5.953814
13970,1373306880,5.400062e+16,5.922866,5.955220
13980,1374289920,5.403928e+16,5.924344,5.959138
13990,1375272960,5.407793e+16,5.924705,5.959122
14000,1376256000,5.411659e+16,5.921186,5.959603
14010,1377239040,5.415524e+16,5.923459,5.953734
14020,1378222080,5.419390e+16,5.922895,5.949641
14030,1379205120,5.423255e+16,5.916865,5.947785
14040,1380188160,5.427121e+16,5.918388,5.943433
14050,1381171200,5.430986e+16,5.908105,5.946069
14060,1382154240,5.434852e+16,5.911589,5.949948
14070,1383137280,5.438717e+16,5.910406,5.949034
14080,1384120320,5.442583e+16,5.902347,5.949354
14090,1385103360,5.446448e+16,5.898210,5.947758
14100,1386086400,5.450313e+16,5.893050,5.946482
14110,1387069440,5.454179e+16,5.892011,5.943780
14120,1388052480,5.458044e+16,5.886167,5.947175
14130,1389035520,5.461910e+16,5.882791,5.946222
14140,1390018560,5.465775e+16,5.887503,5.950513
14150,1391001600,5.469641e+16,5.890644,5.950228
14160,1391984640,5.473506e+16,5.894187,5.946879
14170,1392967680,5.477372e+16,5.895231,5.945198
14180,1393950720,5.481237e+16,5.898929,5.942179
14190,1394933760,5.485103e+16,5.897360,5.947281
14200,1395916800,5.488968e+16,5.901965,5.947049
14210,1396899840,5.492834e+16,5.897581,5.942110
14220,1397882880,5.496699e+16,5.903071,5.940360
14230,1398865920,5.500565e+16,5.902378,5.941356
14240,1399848960,5.504430e+16,5.903456,5.941527
14250,1400832000,5.508296e+16,5.900120,5.943615
14260,1401815040,5.512161e+16,5.901372,5.939905
14270,1402798080,5.516026e+16,5.896526,5.943313
14280,1403781120,5.519892e+16,5.898283,5.939275
14290,1404764160,5.523757e+16,5.897184,5.938389
14300,1405747200,5.527623e+16,5.897230,5.936373
14310,1406730240,5.531488e+16,5.897903,5.941273
14320,1407713280,5.535354e+16,5.898845,5.937775
14330,1408696320,5.539219e+16,5.895434,5.938500
14340,1409679360,5.543085e+16,5.894922,5.937146
14350,1410662400,5.546950e+16,5.893007,5.933061
14360,1411645440,5.550816e+16,5.890735,5.932120
14370,1412628480,5.554681e+16,5.888557,5.934225
14380,1413611520,5.558547e+16,5.887029,5.930330
14390,1414594560,5.562412e+16,5.886059,5.931115
14400,1415577600,5.566278e+16,5.889204,5.932158
14410,1416560640,5.570143e+16,5.890051,5.935129
14420,1417543680,5.574009e+16,5.886578,5.932555
14430,1418526720,5.577874e+16,5.884640,5.926129
14440,1419509760,5.581739e+16,5.883850,5.927183
14450,1420492800,5.585605e+16,5.884546,5.926825
14460,1421475840,5.589470e+16,5.881505,5.925340
14470,1422458880,5.593336e+16,5.884461,5.927935
14480,1423441920,5.597201e+16,5.886224,5.928456
14490,1424424960,5.601067e+16,5.889922,5.927052
14500,1425408000,5.604932e+16,5.888957,5.925090
14510,1426391040,5.608798e+16,5.884556,5.924040
14520,1427374080,5.612663e+16,5.879164,5.918656
14530,1428357120,5.616529e+16,5.879368,5.922456
14540,1429340160,5.620394e+16,5.879647,5.921446
14550,1430323200,5.624260e+16,5.882668,5.923831
14560,1431306240,5.628125e+16,5.884365,5.923048
14570,1432289280,5.631991e+16,5.885787,5.924125
14580,1433272320,5.635856e+16,5.881327,5.924076
14590,1434255360,5.639722e+16,5.882849,5.920221
14600,1435238400,5.643587e+16,5.883044,5.914945
14610,1436221440,5.647452e+16,5.883755,5.916396
14620,1437204480,5.651318e+16,5.883154,5.918248
14630,1438187520,5.655183e+16,5.880063,5.916953
14640,1439170560,5.659049e+16,5.878000,5.912979
14650,1440153600,5.662914e+16,5.875327,5.911647
14660,1441136640,5.666780e+16,5.870337,5.916759
14670,1442119680,5.670645e+16,5.869720,5.912657
14680,1443102720,5.674511e+16,5.872237,5.914951
14690,1444085760,5.678376e+16,5.870737,5.915298
14700,1445068800,5.682242e+16,5.869565,5.917218
14710,1446051840,5.686107e+16,5.865680,5.914134
14720,1447034880,5.689973e+16,5.868068,5.912575
14730,1448017920,5.693838e+16,5.871473,5.913149
14740,1449000960,5.697704e+16,5.869279,5.916418
14750,1449984000,5.701569e+16,5.865824,5.914138
14760,1450967040,5.705435e+16,5.868439,5.910003
14770,1451950080,5.709300e+16,5.868914,5.909524
14780,1452933120,5.713165e+16,5.862427,5.912949
14790,1453916160,5.717031e+16,5.861830,5.908379
14800,1454899200,5.720896e+16,5.860317,5.909298
14810,1455882240,5.724762e+16,5.856920,5.910033
14820,1456865280,5.728627e+16,5.861791,5.908418
14830,1457848320,5.732493e+16,5.858953,5.909549
14840,1458831360,5.736358e+16,5.858005,5.908324
14850,1459814400,5.740224e+16,5.854902,5.906372
14860,1460797440,5.744089e+16,5.853457,5.903536
14870,1461780480,5.747955e+16,5.855503,5.904063
14880,1462763520,5.751820e+16,5.855775,5.904586
14890,1463746560,5.755686e+16,5.854276,5.905817
14900,1464729600,5.759551e+16,5.852565,5.904488
14910,1465712640,5.763417e+16,5.855689,5.907639
14920,1466695680,5.767282e+16,5.864993,5.906411
14930,1467678720,5.771148e+16,5.866730,5.901474
14940,1468661760,5.775013e+16,5.861478,5.898541
14950,1469644800,5.778878e+16,5.859596,5.897280
14960,1470627840,5.782744e+16,5.858504,5.894691
14970,1471610880,5.786609e+16,5.857777,5.897748
14980,1472593920,5.790475e+16,5.855267,5.898305
14990,1473576960,5.794340e+16,5.854551,5.891359
15000,1474560000,5.798206e+16,5.855259,5.891148
15010,1475543040,5.802071e+16,5.861237,5.896708
15020,1476526080,5.805937e+16,5.855252,5.903166
15030,1477509120,5.809802e+16,5.857930,5.898843
15040,1478492160,5.813668e+16,5.853500,5.894419
15050,1479475200,5.817533e+16,5.852565,5.893515
15060,1480458240,5.821399e+16,5.851640,5.893356
15070,1481441280,5.825264e+16,5.850593,5.893774
15080,1482424320,5.829130e+16,5.851834,5.894505
15090,1483407360,5.832995e+16,5.851461,5.894470
15100,1484390400,5.836861e+16,5.855123,5.893296
15110,1485373440,5.840726e+16,5.856636,5.894105
15120,1486356480,5.844591e+16,5.857902,5.895407
15130,1487339520,5.848457e+16,5.854802,5.894370
15140,1488322560,5.852322e+16,5.853764,5.893128
15150,1489305600,5.856188e+16,5.851081,5.890574
15160,1490288640,5.860053e+16,5.853440,5.888836
15170,1491271680,5.863919e+16,5.850486,5.891299
15180,1492254720,5.867784e+16,5.843278,5.886888
15190,1493237760,5.871650e+16,5.839597,5.888212
15200,1494220800,5.875515e+16,5.840470,5.889268
15210,1495203840,5.879381e+16,5.841050,5.889997
15220,1496186880,5.883246e+16,5.844989,5.884251
15230,1497169920,5.887112e+16,5.847398,5.883278
15240,1498152960,5.890977e+16,5.845406,5.882041
15250,1499136000,5.894843e+16,5.844512,5.881474
15260,1500119040,5.898708e+16,5.848042,5.881880
15270,1501102080,5.902574e+16,5.840986,5.881857
15280,1502085120,5.906439e+16,5.840126,5.878219
15290,1503068160,5.910304e+16,5.837011,5.884037
15300,1504051200,5.914170e+16,5.835342,5.878827
15310,1505034240,5.918035e+16,5.833817,5.881917
15320,1506017280,5.921901e+16,5.836807,5.875668
15330,1507000320,5.925766e+16,5.832418,5.876069
15340,1507983360,5.929632e+16,5.833462,5.876869
15350,1508966400,5.933497e+16,5.835786,5.876931
15360,1509949440,5.937363e+16,5.836938,5.873682
15370,1510932480,5.941228e+16,5.837056,5.874573
15380,1511915520,5.945094e+16,5.835887,5.875901
15390,1512898560,5.948959e+16,5.835015,5.876277
15400,1513881600,5.952825e+16,5.839343,5.876114
15410,1514864640,5.956690e+16,5.836525,5.872617
15420,1515847680,5.960556e+16,5.834504,5.872665
15430,1516830720,5.964421e+16,5.830194,5.872307
15440,1517813760,5.968287e+16,5.832863,5.873702
15450,1518796800,5.972152e+16,5.832764,5.876424
15460,1519779840,5.976017e+16,5.836606,5.877128
15470,1520762880,5.979883e+16,5.834437,5.877228
15480,1521745920,5.983748e+16,5.835394,5.874469
15490,1522728960,5.987614e+16,5.834583,5.873758
15500,1523712000,5.991479e+16,5.830203,5.876069
15510,1524695040,5.995345e+16,5.833166,5.875856
15520,1525678080,5.999210e+16,5.833256,5.874284
15530,1526661120,6.003076e+16,5.836313,5.870954
15540,1527644160,6.006941e+16,5.830132,5.866864
15550,1528627200,6.010807e+16,5.828287,5.868980
15560,1529610240,6.014672e+16,5.824147,5.864619
15570,1530593280,6.018538e+16,5.822514,5.863764
15580,1531576320,6.022403e+16,5.822020,5.868466
15590,1532559360,6.026269e+16,5.820702,5.865107
15600,1533542400,6.030134e+16,5.823078,5.867288
15610,1534525440,6.034000e+16,5.821974,5.864985
15620,1535508480,6.037865e+16,5.823171,5.863479
15630,1536491520,6.041730e+16,5.822092,5.862386
15640,1537474560,6.045596e+16,5.818046,5.865954
15650,1538457600,6.049461e+16,5.821513,5.863674
15660,1539440640,6.053327e+16,5.826935,5.859423
15670,1540423680,6.057192e+16,5.824898,5.859700
15680,1541406720,6.061058e+16,5.823861,5.862278
15690,1542389760,6.064923e+16,5.822370,5.857707
15700,1543372800,6.068789e+16,5.822843,5.863331
15710,1544355840,6.072654e+16,5.820960,5.862779
15720,1545338880,6.076520e+16,5.820357,5.859677
15730,1546321920,6.080385e+16,5.818055,5.858790
15740,1547304960,6.084251e+16,5.819709,5.863383
15750,1548288000,6.088116e+16,5.820649,5.861948
15760,1549271040,6.091982e+16,5.816381,5.860374
15770,1550254080,6.095847e+16,5.811690,5.860528
15780,1551237120,6.099713e+16,5.811147,5.855142
15790,1552220160,6.103578e+16,5.810154,5.855163
15800,1553203200,6.107443e+16,5.807404,5.855394
15810,1554186240,6.111309e+16,5.807670,5.856840
15820,1555169280,6.115174e+16,5.801463,5.854507
15830,1556152320,6.119040e+16,5.799627,5.851615
15840,1557135360,6.122905e+16,5.799769,5.853369
15850,1558118400,6.126771e+16,5.798953,5.850281
15860,1559101440,6.130636e+16,5.804648,5.849885
15870,1560084480,6.134502e+16,5.805509,5.845878
15880,1561067520,6.138367e+16,5.802188,5.843882
15890,1562050560,6.142233e+16,5.802703,5.845772
15900,1563033600,6.146098e+16,5.799829,5.843547
15910,1564016640,6.149964e+16,5.797530,5.842950
15920,1564999680,6.153829e+16,5.793877,5.846731
15930,1565982720,6.157695e+16,5.799713,5.848068
15940,1566965760,6.161560e+16,5.799719,5.847429
15950,1567948800,6.165426e+16,5.793340,5.847221
15960,1568931840,6.169291e+16,5.793447,5.848302
15970,1569914880,6.173156e+16,5.795188,5.845634
15980,1570897920,6.177022e+16,5.794954,5.847736
15990,1571880960,6.180887e+16,5.793934,5.844942
16000,1572864000,6.184753e+16,5.793902,5.843320
16010,1573847040,6.188618e+16,5.793931,5.842436
16020,1574830080,6.192484e+16,5.788656,5.842698
16030,1575813120,6.196349e+16,5.797415,5.840329
16040,1576796160,6.200215e+16,5.799653,5.842142
16050,1577779200,6.204080e+16,5.797737,5.841211
16060,1578762240,6.207946e+16,5.801869,5.840683
16070,1579745280,6.211811e+16,5.804963,5.838283
16080,1580728320,6.215677e+16,5.797387,5.837454
16090,1581711360,6.219542e+16,5.796006,5.835006
16100,1582694400,6.223408e+16,5.798098,5.836375
16110,1583677440,6.227273e+16,5.795987,5.838475
16120,1584660480,6.231139e+16,5.799939,5.838347
16130,1585643520,6.235004e+16,5.795420,5.836312
16140,1586626560,6.238869e+16,5.792427,5.832761
16150,1587609600,6.242735e+16,5.790259,5.832071
16160,1588592640,6.246600e+16,5.786604,5.838014
16170,1589575680,6.250466e+16,5.790667,5.835361
16180,1590558720,6.254331e+16,5.788552,5.834895
16190,1591541760,6.258197e+16,5.791832,5.832612
16200,1592524800,6.262062e+16,5.795151,5.834572
16210,1593507840,6.265928e+16,5.794377,5.831713
16220,1594490880,6.269793e+16,5.794864,5.832242
16230,1595473920,6.273659e+16,5.791721,5.831260
16240,1596456960,6.277524e+16,5.795539,5.835846
16250,1597440000,6.281390e+16,5.796085,5.835841
16260,1598423040,6.285255e+16,5.796520,5.830953
16270,1599406080,6.289121e+16,5.794784,5.827679
16280,1600389120,6.292986e+16,5.792176,5.831067
16290,1601372160,6.296852e+16,5.788974,5.828193
16300,1602355200,6.300717e+16,5.787023,5.827938
16310,1603338240,6.304582e+16,5.787850,5.826920
16320,1604321280,6.308448e+16,5.790226,5.825994
16330,1605304320,6.312313e+16,5.792047,5.824535
16340,1606287360,6.316179e+16,5.784484,5.826020
16350,1607270400,6.320044e+16,5.781925,5.824024
16360,1608253440,6.323910e+16,5.782663,5.823595
16370,1609236480,6.327775e+16,5.785490,5.822508
16380,1610219520,6.331641e+16,5.787759,5.825465
16390,1611202560,6.335506e+16,5.785777,5.823990
16400,1612185600,6.339372e+16,5.778383,5.826178
16410,1613168640,6.343237e+16,5.782326,5.823429
16420,1614151680,6.347103e+16,5.785853,5.821839
16430,1615134720,6.350968e+16,5.786382,5.819942
16440,1616117760,6.354834e+16,5.782821,5.819375
16450,1617100800,6.358699e+16,5.779404,5.821213
16460,1618083840,6.362565e+16,5.777287,5.820243
16470,1619066880,6.366430e+16,5.775377,5.821561
16480,1620049920,6.370295e+16,5.773805,5.815993
16490,1621032960,6.374161e+16,5.773522,5.818069
16500,1622016000,6.378026e+16,5.776176,5.815177
16510,1622999040,6.381892e+16,5.775230,5.817946
16520,1623982080,6.385757e+16,5.777386,5.817151
16530,1624965120,6.389623e+16,5.773610,5.815373
16540,1625948160,6.393488e+16,5.770880,5.814593
16550,1626931200,6.397354e+16,5.774626,5.816551
16560,1627914240,6.401219e+16,5.774386,5.817018
16570,1628897280,6.405085e+16,5.770065,5.815736
16580,1629880320,6.408950e+16,5.769683,5.810422
16590,1630863360,6.412816e+16,5.767752,5.813716
16600,1631846400,6.416681e+16,5.775535,5.810743
16610,1632829440,6.420547e+16,5.767081,5.810403
16620,1633812480,6.424412e+16,5.768975,5.812785
16630,1634795520,6.428278e+16,5.765640,5.815578
16640,1635778560,6.432143e+16,5.769378,5.815507
16650,1636761600,6.436008e+16,5.770333,5.810822
16660,1637744640,6.439874e+16,5.769830,5.807526
16670,1638727680,6.443739e+16,5.767634,5.811614
16680,1639710720,6.447605e+16,5.767511,5.809677
16690,1640693760,6.451470e+16,5.766018,5.808001
16700,1641676800,6.455336e+16,5.767882,5.809753
16710,1642659840,6.459201e+16,5.765471,5.811550
16720,1643642880,6.463067e+16,5.767340,5.808559
16730,1644625920,6.466932e+16,5.764249,5.810462
16740,1645608960,6.470798e+16,5.764368,5.808267
16750,1646592000,6.474663e+16,5.766391,5.807481
16760,1647575040,6.478529e+16,5.764296,5.810295
16770,1648558080,6.482394e+16,5.763714,5.808396
16780,1649541120,6.486260e+16,5.761339,5.811205
16790,1650524160,6.490125e+16,5.763237,5.803904
16800,1651507200,6.493991e+16,5.761346,5.802367
16810,1652490240,6.497856e+16,5.759073,5.800217
16820,1653473280,6.501721e+16,5.756491,5.801663
16830,1654456320,6.505587e+16,5.751445,5.802827
16840,1655439360,6.509452e+16,5.748917,5.801836
16850,1656422400,6.513318e+16,5.752095,5.800949
16860,1657405440,6.517183e+16,5.752265,5.800095
16870,1658388480,6.521049e+16,5.751993,5.803091
16880,1659371520,6.524914e+16,5.752840,5.800452
16890,1660354560,6.528780e+16,5.750339,5.799169
16900,1661337600,6.532645e+16,5.757671,5.800596
16910,1662320640,6.536511e+16,5.752839,5.798724
16920,1663303680,6.540376e+16,5.757381,5.796250
16930,1664286720,6.544242e+16,5.753200,5.791716
16940,1665269760,6.548107e+16,5.754946,5.794049
16950,1666252800,6.551973e+16,5.757163,5.792539
16960,1667235840,6.555838e+16,5.751383,5.790983
16970,1668218880,6.559704e+16,5.747521,5.794641
16980,1669201920,6.563569e+16,5.749848,5.794496
16990,1670184960,6.567434e+16,5.749501,5.793409
17000,1671168000,6.571300e+16,5.746959,5.793381
17010,1672151040,6.575165e+16,5.753570,5.789830
17020,1673134080,6.579031e+16,5.755396,5.788634
17030,1674117120,6.582896e+16,5.750903,5.791105
17040,1675100160,6.586762e+16,5.752330,5.791047
17050,1676083200,6.590627e+16,5.747458,5.789872
17060,1677066240,6.594493e+16,5.745905,5.789539
17070,1678049280,6.598358e+16,5.751547,5.790561
17080,1679032320,6.602224e+16,5.752024,5.790492
17090,1680015360,6.606089e+16,5.747304,5.787214
17100,1680998400,6.609955e+16,5.741266,5.784711
17110,1681981440,6.613820e+16,5.745765,5.785506
17120,1682964480,6.617686e+16,5.746715,5.787030
17130,1683947520,6.621551e+16,5.741672,5.791271
17140,1684930560,6.625417e+16,5.739715,5.790937
17150,1685913600,6.629282e+16,5.739700,5.790859
17160,1686896640,6.633147e+16,5.746654,5.789759
17170,1687879680,6.637013e+16,5.747461,5.790383
17180,1688862720,6.640878e+16,5.747209,5.790843
17190,1689845760,6.644744e+16,5.743412,5.787733
17200,1690828800,6.648609e+16,5.747711,5.784545
17210,1691811840,6.652475e+16,5.740877,5.787189
17220,1692794880,6.656340e+16,5.737033,5.781703
17230,1693777920,6.660206e+16,5.738405,5.785154
17240,1694760960,6.664071e+16,5.740193,5.785897
17250,1695744000,6.667937e+16,5.741962,5.785238
17260,1696727040,6.671802e+16,5.738451,5.782235
17270,1697710080,6.675668e+16,5.737655,5.785677
17280,1698693120,6.679533e+16,5.740053,5.784245
17290,1699676160,6.683399e+16,5.735575,5.783138
17300,1700659200,6.687264e+16,5.737455,5.777321
17310,1701642240,6.691130e+16,5.739518,5.773737
17320,1702625280,6.694995e+16,5.740539,5.772425
17330,1703608320,6.698860e+16,5.740747,5.776722
17340,1704591360,6.702726e+16,5.738041,5.776469
17350,1705574400,6.706591e+16,5.735562,5.776328
17360,1706557440,6.710457e+16,5.736043,5.775472
17370,1707540480,6.714322e+16,5.736501,5.778393
17380,1708523520,6.718188e+16,5.731034,5.777462
17390,1709506560,6.722053e+16,5.732704,5.779263
17400,1710489600,6.725919e+16,5.730336,5.772404
17410,1711472640,6.729784e+16,5.728483,5.771290
17420,1712455680,6.733650e+16,5.725765,5.775593
17430,1713438720,6.737515e+16,5.726617,5.772491
17440,1714421760,6.741381e+16,5.722896,5.770433
17450,1715404800,6.745246e+16,5.723444,5.773806
17460,1716387840,6.749112e+16,5.722078,5.774277
17470,1717370880,6.752977e+16,5.722179,5.770814
17480,1718353920,6.756843e+16,5.722172,5.769806
17490,1719336960,6.760708e+16,5.719283,5.774698
17500,1720320000,6.764573e+16,5.721348,5.771346
17510,1721303040,6.768439e+16,5.719280,5.771382
17520,1722286080,6.772304e+16,5.723315,5.771499
17530,1723269120,6.776170e+16,5.720321,5.770981
17540,1724252160,6.780035e+16,5.719077,5.769863
17550,1725235200,6.783901e+16,5.716222,5.772083
17560,1726218240,6.787766e+16,5.720296,5.771669
17570,1727201280,6.791632e+16,5.716657,5.767756
17580,1728184320,6.795497e+16,5.718393,5.769342
17590,1729167360,6.799363e+16,5.717331,5.767658
17600,1730150400,6.803228e+16,5.720425,5.768907
17610,1731133440,6.807094e+16,5.716489,5.769242
17620,1732116480,6.810959e+16,5.724073,5.767605
17630,1733099520,6.814825e+16,5.726853,5.768151
17640,1734082560,6.818690e+16,5.724789,5.765457
17650,1735065600,6.822556e+16,5.719822,5.768563
17660,1736048640,6.826421e+16,5.721740,5.764799
17670,1737031680,6.830286e+16,5.714698,5.761422
17680,1738014720,6.834152e+16,5.721266,5.760322
17690,1738997760,6.838017e+16,5.716532,5.758780
17700,1739980800,6.841883e+16,5.714835,5.761367
17710,1740963840,6.845748e+16,5.716972,5.759955
17720,1741946880,6.849614e+16,5.718092,5.760020
17730,1742929920,6.853479e+16,5.718938,5.762871
17740,1743912960,6.857345e+16,5.718213,5.760949
17750,1744896000,6.861210e+16,5.715365,5.761132
17760,1745879040,6.865076e+16,5.711903,5.760914
17770,1746862080,6.868941e+16,5.708213,5.758766
17780,1747845120,6.872807e+16,5.711595,5.756756
17790,1748828160,6.876672e+16,5.712207,5.757726
17800,1749811200,6.880538e+16,5.717792,5.760118
17810,1750794240,6.884403e+16,5.722392,5.758670
17820,1751777280,6.888269e+16,5.715948,5.756532
17830,1752760320,6.892134e+16,5.717286,5.759514
17840,1753743360,6.895999e+16,5.718076,5.756176
17850,1754726400,6.899865e+16,5.719962,5.755491
17860,1755709440,6.903730e+16,5.720782,5.752822
17870,1756692480,6.907596e+16,5.719676,5.750038
17880,1757675520,6.911461e+16,5.715370,5.750606
17890,1758658560,6.915327e+16,5.716489,5.752500
17900,1759641600,6.919192e+16,5.711212,5.752666
17910,1760624640,6.923058e+16,5.707395,5.753931
17920,1761607680,6.926923e+16,5.704258,5.754720
17930,1762590720,6.930789e+16,5.704400,5.756089
17940,1763573760,6.934654e+16,5.708513,5.754334
17950,1764556800,6.938520e+16,5.707350,5.752120
17960,1765539840,6.942385e+16,5.708832,5.751812
17970,1766522880,6.946251e+16,5.706336,5.752171
17980,1767505920,6.950116e+16,5.705907,5.745084
17990,1768488960,6.953982e+16,5.706545,5.745217
18000,1769472000,6.957847e+16,5.704136,5.745360
18010,1770455040,6.961712e+16,5.695704,5.749282
18020,1771438080,6.965578e+16,5.698650,5.747902
18030,1772421120,6.969443e+16,5.701992,5.750647
18040,1773404160,6.973309e+16,5.706803,5.747827
18050,1774387200,6.977174e+16,5.706337,5.746177
18060,1775370240,6.981040e+16,5.708360,5.745692
18070,1776353280,6.984905e+16,5.705317,5.745948
18080,1777336320,6.988771e+16,5.704704,5.743916
18090,1778319360,6.992636e+16,5.706167,5.743846
18100,1779302400,6.996502e+16,5.704814,5.745259
18110,1780285440,7.000367e+16,5.704100,5.744874
18120,1781268480,7.004233e+16,5.705388,5.746198
18130,1782251520,7.008098e+16,5.707342,5.745476
18140,1783234560,7.011964e+16,5.707685,5.740812
18150,1784217600,7.015829e+16,5.704508,5.743088
18160,1785200640,7.019695e+16,5.695520,5.740107
18170,1786183680,7.023560e+16,5.690908,5.740219
18180,1787166720,7.027425e+16,5.694387,5.739635
18190,1788149760,7.031291e+16,5.695409,5.740033
18200,1789132800,7.035156e+16,5.700129,5.737711
18210,1790115840,7.039022e+16,5.700304,5.738630
18220,1791098880,7.042887e+16,5.701865,5.736297
18230,1792081920,7.046753e+16,5.701499,5.734733
18240,1793064960,7.050618e+16,5.700106,5.735236
18250,1794048000,7.054484e+16,5.706720,5.736131
18260,1795031040,7.058349e+16,5.704935,5.736194
18270,1796014080,7.062215e+16,5.702784,5.736997
18280,1796997120,7.066080e+16,5.700813,5.737574
18290,1797980160,7.069946e+16,5.699404,5.736377
18300,1798963200,7.073811e+16,5.698119,5.734930
18310,1799946240,7.077677e+16,5.699097,5.736031
18320,1800929280,7.081542e+16,5.697991,5.733959
18330,1801912320,7.085408e+16,5.692072,5.733112
18340,1802895360,7.089273e+16,5.690098,5.736252
18350,1803878400,7.093138e+16,5.693089,5.730496
18360,1804861440,7.097004e+16,5.692521,5.730887
18370,1805844480,7.100869e+16,5.697851,5.731732
18380,1806827520,7.104735e+16,5.695166,5.731187
18390,1807810560,7.108600e+16,5.696519,5.731857
18400,1808793600,7.112466e+16,5.696655,5.729910
18410,1809776640,7.116331e+16,5.694996,5.730347
18420,1810759680,7.120197e+16,5.690819,5.729358
18430,1811742720,7.124062e+16,5.689026,5.726799
18440,1812725760,7.127928e+16,5.686584,5.728012
18450,1813708800,7.131793e+16,5.685061,5.724859
18460,1814691840,7.135659e+16,5.684242,5.725101
18470,1815674880,7.139524e+16,5.680468,5.724208
18480,1816657920,7.143390e+16,5.683297,5.727555
18490,1817640960,7.147255e+16,5.686649,5.728615
18500,1818624000,7.151121e+16,5.684513,5.726713
18510,1819607040,7.154986e+16,5.680149,5.722280
18520,1820590080,7.158851e+16,5.684556,5.725199
18530,1821573120,7.162717e+16,5.684182,5.727791
18540,1822556160,7.166582e+16,5.682951,5.726274
18550,1823539200,7.170448e+16,5.682794,5.721448
18560,1824522240,7.174313e+16,5.678317,5.718594
18570,1825505280,7.178179e+16,5.678398,5.718711
18580,1826488320,7.182044e+16,5.686016,5.720845
18590,1827471360,7.185910e+16,5.682505,5.722190
18600,1828454400,7.189775e+16,5.682127,5.720544
18610,1829437440,7.193641e+16,5.678083,5.724400
18620,1830420480,7.197506e+16,5.678371,5.721665
18630,1831403520,7.201372e+16,5.673634,5.720241
18640,1832386560,7.205237e+16,5.670338,5.721209
18650,1833369600,7.209103e+16,5.673378,5.717442
18660,1834352640,7.212968e+16,5.675912,5.716196
18670,1835335680,7.216834e+16,5.678447,5.719379
18680,1836318720,7.220699e+16,5.678401,5.717893
18690,1837301760,7.224564e+16,5.678367,5.716525
18700,1838284800,7.228430e+16,5.676018,5.716321
18710,1839267840,7.232295e+16,5.678109,5.718804
18720,1840250880,7.236161e+16,5.678311,5.720974
18730,1841233920,7.240026e+16,5.677742,5.717254
18740,1842216960,7.243892e+16,5.676384,5.711561
18750,1843200000,7.247757e+16,5.680354,5.713048
18760,1844183040,7.251623e+16,5.675188,5.710609
18770,1845166080,7.255488e+16,5.675256,5.711401
18780,1846149120,7.259354e+16,5.677079,5.713759
18790,1847132160,7.263219e+16,5.676838,5.715558
18800,1848115200,7.267085e+16,5.674131,5.713900
18810,1849098240,7.270950e+16,5.674388,5.713896
18820,1850081280,7.274816e+16,5.671158,5.712869
18830,1851064320,7.278681e+16,5.673881,5.711202
18840,1852047360,7.282547e+16,5.677283,5.709159
18850,1853030400,7.286412e+16,5.684262,5.708242
18860,1854013440,7.290277e+16,5.682619,5.708729
18870,1854996480,7.294143e+16,5.684849,5.708736
18880,1855979520,7.298008e+16,5.687315,5.707728
18890,1856962560,7.301874e+16,5.680214,5.707939
18900,1857945600,7.305739e+16,5.675478,5.708657
18910,1858928640,7.309605e+16,5.680832,5.707516
18920,1859911680,7.313470e+16,5.677839,5.706015
18930,1860894720,7.317336e+16,5.671768,5.708049
18940,1861877760,7.321201e+16,5.665731,5.703698
18950,1862860800,7.325067e+16,5.660339,5.706453
18960,1863843840,7.328932e+16,5.659983,5.702667
18970,1864826880,7.332798e+16,5.664025,5.703681
18980,1865809920,7.336663e+16,5.664318,5.707811
18990,1866792960,7.340529e+16,5.664013,5.705437
19000,1867776000,7.344394e+16,5.661308,5.701976
19010,1868759040,7.348260e+16,5.667118,5.704553
19020,1869742080,7.352125e+16,5.663200,5.707933
19030,1870725120,7.355990e+16,5.656535,5.706352
19040,1871708160,7.359856e+16,5.662219,5.704482
19050,1872691200,7.363721e+16,5.663419,5.705327
19060,1873674240,7.367587e+16,5.659984,5.704758
19070,1874657280,7.371452e+16,5.661261,5.702624
19080,1875640320,7.375318e+16,5.659059,5.702489
19090,1876623360,7.379183e+16,5.663028,5.701751
19100,1877606400,7.383049e+16,5.662083,5.698802
19110,1878589440,7.386914e+16,5.658973,5.698285
19120,1879572480,7.390780e+16,5.661792,5.698370
19130,1880555520,7.394645e+16,5.667720,5.700133
19140,1881538560,7.398511e+16,5.668678,5.701160
19150,1882521600,7.402376e+16,5.664637,5.699732
19160,1883504640,7.406242e+16,5.659729,5.699509
19170,1884487680,7.410107e+16,5.656858,5.698437
19180,1885470720,7.413973e+16,5.659731,5.697371
19190,1886453760,7.417838e+16,5.655815,5.698162
19200,1887436800,7.421703e+16,5.657964,5.696073
19210,1888419840,7.425569e+16,5.654399,5.696916
19220,1889402880,7.429434e+16,5.650475,5.698222
19230,1890385920,7.433300e+16,5.646727,5.697125
19240,1891368960,7.437165e+16,5.646836,5.695957
19250,1892352000,7.441031e+16,5.650574,5.697490
19260,1893335040,7.444896e+16,5.650258,5.693102
19270,1894318080,7.448762e+16,5.648623,5.692331
19280,1895301120,7.452627e+16,5.649682,5.691784
19290,1896284160,7.456493e+16,5.650602,5.694965
19300,1897267200,7.460358e+16,5.650625,5.694545
19310,1898250240,7.464224e+16,5.651910,5.694524
19320,1899233280,7.468089e+16,5.654014,5.695163
19330,1900216320,7.471955e+16,5.654147,5.693985
19340,1901199360,7.475820e+16,5.653918,5.693348
19350,1902182400,7.479686e+16,5.654895,5.694514
19360,1903165440,7.483551e+16,5.650947,5.689634
19370,1904148480,7.487416e+16,5.648228,5.688448
19380,1905131520,7.491282e+16,5.641259,5.691644
19390,1906114560,7.495147e+16,5.639459,5.687175
19400,1907097600,7.499013e+16,5.642145,5.685767
19410,1908080640,7.502878e+16,5.643723,5.688072
19420,1909063680,7.506744e+16,5.641463,5.684933
19430,1910046720,7.510609e+16,5.641130,5.685426
19440,1911029760,7.514475e+16,5.640408,5.691285
19450,1912012800,7.518340e+16,5.640303,5.691391
19460,1912995840,7.522206e+16,5.641301,5.687859
19470,1913978880,7.526071e+16,5.642123,5.688290
19480,1914961920,7.529937e+16,5.639275,5.689166
19490,1915944960,7.533802e+16,5.636686,5.691777
19500,1916928000,7.537668e+16,5.638777,5.688101
19510,1917911040,7.541533e+16,5.637736,5.683720
19520,1918894080,7.545399e+16,5.641457,5.682947
19530,1919877120,7.549264e+16,5.639259,5.683796
19540,1920860160,7.553129e+16,5.638519,5.684776
19550,1921843200,7.556995e+16,5.636416,5.683282
19560,1922826240,7.560860e+16,5.633800,5.680065
19570,1923809280,7.564726e+16,5.633231,5.681202
19580,1924792320,7.568591e+16,5.636122,5.682724
19590,1925775360,7.572457e+16,5.638358,5.683877
19600,1926758400,7.576322e+16,5.637956,5.681726
19610,1927741440,7.580188e+16,5.641406,5.680936
19620,1928724480,7.584053e+16,5.645588,5.681590
19630,1929707520,7.587919e+16,5.644878,5.680066
19640,1930690560,7.591784e+16,5.641543,5.682280
19650,1931673600,7.595650e+16,5.642289,5.679611
19660,1932656640,7.599515e+16,5.643926,5.677008
19670,1933639680,7.603381e+16,5.645073,5.678463
19680,1934622720,7.607246e+16,5.638612,5.674747
19690,1935605760,7.611112e+16,5.636255,5.676121
19700,1936588800,7.614977e+16,5.638055,5.674859
19710,1937571840,7.618842e+16,5.635202,5.672466
19720,1938554880,7.622708e+16,5.635172,5.674244
19730,1939537920,7.626573e+16,5.638437,5.677460
19740,1940520960,7.630439e+16,5.643033,5.674802
19750,1941504000,7.634304e+16,5.646787,5.674254
19760,1942487040,7.638170e+16,5.646676,5.676904
19770,1943470080,7.642035e+16,5.641817,5.674762
19780,1944453120,7.645901e+16,5.639485,5.673724
19790,1945436160,7.649766e+16,5.641967,5.671656
19800,1946419200,7.653632e+16,5.637846,5.669113
19810,1947402240,7.657497e+16,5.640098,5.669571
19820,1948385280,7.661363e+16,5.637819,5.672689
19830,1949368320,7.665228e+16,5.636411,5.672835
19840,1950351360,7.669094e+16,5.639351,5.671419
19850,1951334400,7.672959e+16,5.638897,5.670677
19860,1952317440,7.676825e+16,5.636239,5.671053
19870,1953300480,7.680690e+16,5.632288,5.667840
19880,1954283520,7.684555e+16,5.632073,5.669910
19890,1955266560,7.688421e+16,5.631720,5.671316
19900,1956249600,7.692286e+16,5.632967,5.670221
19910,1957232640,7.696152e+16,5.628456,5.669524
19920,1958215680,7.700017e+16,5.626359,5.670741
19930,1959198720,7.703883e+16,5.628231,5.669526
19940,1960181760,7.707748e+16,5.632208,5.668571
19950,1961164800,7.711614e+16,5.632002,5.667111
19960,1962147840,7.715479e+16,5.631183,5.669835
19970,1963130880,7.719345e+16,5.627506,5.669119
19980,1964113920,7.723210e+16,5.625669,5.668439
19990,1965096960,7.727076e+16,5.624062,5.669175
20000,1966080000,7.730941e+16,5.621136,5.669115
20010,1967063040,7.734807e+16,5.624642,5.670848
20020,1968046080,7.738672e+16,5.628817,5.665039
20030,1969029120,7.742538e+16,5.634044,5.668255
20040,1970012160,7.746403e+16,5.631122,5.664162
20050,1970995200,7.750268e+16,5.621609,5.666149
20060,1971978240,7.754134e+16,5.633109,5.665751
20070,1972961280,7.757999e+16,5.629330,5.663125
20080,1973944320,7.761865e+16,5.626736,5.663488
20090,1974927360,7.765730e+16,5.622249,5.663627
20100,1975910400,7.769596e+16,5.623061,5.665664
20110,1976893440,7.773461e+16,5.622090,5.664038
20120,1977876480,7.777327e+16,5.625592,5.662997
20130,1978859520,7.781192e+16,5.621308,5.664071
20140,1979842560,7.785058e+16,5.621497,5.662784
20150,1980825600,7.788923e+16,5.620099,5.662994
20160,1981808640,7.792789e+16,5.616298,5.660517
20170,1982791680,7.796654e+16,5.616049,5.659190
20180,1983774720,7.800520e+16,5.613276,5.659984
20190,1984757760,7.804385e+16,5.621129,5.659090
20200,1985740800,7.808251e+16,5.620288,5.659166
20210,1986723840,7.812116e+16,5.622404,5.656942
20220,1987706880,7.815981e+16,5.626785,5.658526
20230,1988689920,7.819847e+16,5.631730,5.658548
20240,1989672960,7.823712e+16,5.629154,5.657242
20250,1990656000,7.827578e+16,5.630655,5.656486
20260,1991639040,7.831443e+16,5.625461,5.654860
20270,1992622080,7.835309e+16,5.631213,5.653156
20280,1993605120,7.839174e+16,5.631409,5.652907
20290,1994588160,7.843040e+16,5.629312,5.651742
20300,1995571200,7.846905e+16,5.627094,5.653928
20310,1996554240,7.850771e+16,5.624694,5.650165
20320,1997537280,7.854636e+16,5.614208,5.646728
20330,1998520320,7.858502e+16,5.614723,5.649635
20340,1999503360,7.862367e+16,5.611808,5.651666
20350,2000486400,7.866233e+16,5.611506,5.650597
20360,2001469440,7.870098e+16,5.613396,5.649861
20370,2002452480,7.873964e+16,5.616977,5.654177
20380,2003435520,7.877829e+16,5.618010,5.652827
20390,2004418560,7.881694e+16,5.609025,5.652292
20400,2005401600,7.885560e+16,5.609740,5.651392
20410,2006384640,7.889425e+16,5.609010,5.650248
20420,2007367680,7.893291e+16,5.608624,5.650726
20430,2008350720,7.897156e+16,5.610162,5.646666
20440,2009333760,7.901022e+16,5.608211,5.646251
20450,2010316800,7.904887e+16,5.606745,5.645744
20460,2011299840,7.908753e+16,5.604938,5.649748
20470,2012282880,7.912618e+16,5.608275,5.649487
20480,2013265920,7.916484e+16,5.611088,5.647452
20490,2014248960,7.920349e+16,5.607084,5.654823
20500,2015232000,7.924215e+16,5.605601,5.648007
20510,2016215040,7.928080e+16,5.607970,5.650323
20520,2017198080,7.931946e+16,5.610506,5.646319
20530,2018181120,7.935811e+16,5.605041,5.643600
20540,2019164160,7.939677e+16,5.606798,5.644375
20550,2020147200,7.943542e+16,5.601949,5.642686
20560,2021130240,7.947407e+16,5.603041,5.645001
20570,2022113280,7.951273e+16,5.600322,5.641932
20580,2023096320,7.955138e+16,5.598936,5.646031
20590,2024079360,7.959004e+16,5.597698,5.640958
20600,2025062400,7.962869e+16,5.595199,5.641549
20610,2026045440,7.966735e+16,5.595822,5.640701
20620,2027028480,7.970600e+16,5.600743,5.639920
20630,2028011520,7.974466e+16,5.601393,5.639946
20640,2028994560,7.978331e+16,5.599119,5.641267
20650,2029977600,7.982197e+16,5.596034,5.642048
20660,2030960640,7.986062e+16,5.596857,5.638249
20670,2031943680,7.989928e+16,5.597532,5.637470
20680,2032926720,7.993793e+16,5.601750,5.640525
20690,2033909760,7.997659e+16,5.600837,5.641426
20700,2034892800,8.001524e+16,5.602867,5.638971
20710,2035875840,8.005390e+16,5.601043,5.637133
20720,2036858880,8.009255e+16,5.601311,5.635111
20730,2037841920,8.013120e+16,5.600352,5.638200
20740,2038824960,8.016986e+16,5.603344,5.634521
20750,2039808000,8.020851e+16,5.597457,5.634807
20760,2040791040,8.024717e+16,5.593541,5.635527
20770,2041774080,8.028582e+16,5.588180,5.632100
20780,2042757120,8.032448e+16,5.586907,5.631453
20790,2043740160,8.036313e+16,5.582985,5.635494
20800,2044723200,8.040179e+16,5.589564,5.635892
20810,2045706240,8.044044e+16,5.595156,5.633801
20820,2046689280,8.047910e+16,5.597772,5.632580
20830,2047672320,8.051775e+16,5.598908,5.632799
20840,2048655360,8.055641e+16,5.595456,5.632484
20850,2049638400,8.059506e+16,5.595405,5.632223
20860,2050621440,8.063372e+16,5.591409,5.631723
20870,2051604480,8.067237e+16,5.587324,5.627539
20880,2052587520,8.071103e+16,5.589714,5.627678
20890,2053570560,8.074968e+16,5.591324,5.626115
20900,2054553600,8.078833e+16,5.588117,5.626851
20910,2055536640,8.082699e+16,5.586310,5.628802
20920,2056519680,8.086564e+16,5.584944,5.629143
20930,2057502720,8.090430e+16,5.584452,5.630579
20940,2058485760,8.094295e+16,5.590387,5.631579
20950,2059468800,8.098161e+16,5.587224,5.631149
20960,2060451840,8.102026e+16,5.581589,5.629693
20970,2061434880,8.105892e+16,5.581588,5.627314
20980,2062417920,8.109757e+16,5.584078,5.627565
20990,2063400960,8.113623e+16,5.588167,5.628688
21000,2064384000,8.117488e+16,5.589017,5.627946
21010,2065367040,8.121354e+16,5.587884,5.625774
21020,2066350080,8.125219e+16,5.586755,5.627234
21030,2067333120,8.129085e+16,5.587787,5.623859
21040,2068316160,8.132950e+16,5.583504,5.623131
21050,2069299200,8.136816e+16,5.582104,5.621718
21060,2070282240,8.140681e+16,5.583370,5.623583
21070,2071265280,8.144546e+16,5.583214,5.625376
21080,2072248320,8.148412e+16,5.585731,5.624791
21090,2073231360,8.152277e+16,5.588794,5.628247
21100,2074214400,8.156143e+16,5.589505,5.623922
21110,2075197440,8.160008e+16,5.586971,5.623678
21120,2076180480,8.163874e+16,5.585118,5.622577
21130,2077163520,8.167739e+16,5.583961,5.622055
21140,2078146560,8.171605e+16,5.589390,5.622544
21150,2079129600,8.175470e+16,5.589072,5.619464
21160,2080112640,8.179336e+16,5.589951,5.618342
21170,2081095680,8.183201e+16,5.588173,5.620604
21180,2082078720,8.187067e+16,5.583835,5.621346
21190,2083061760,8.190932e+16,5.578040,5.618033
21200,2084044800,8.194798e+16,5.579979,5.620001
21210,2085027840,8.198663e+16,5.577708,5.619278
21220,2086010880,8.202529e+16,5.576960,5.619657
21230,2086993920,8.206394e+16,5.573231,5.613977
21240,2087976960,8.210259e+16,5.570091,5.615210
21250,2088960000,8.214125e+16,5.572492,5.615995
21260,2089943040,8.217990e+16,5.573307,5.616911
21270,2090926080,8.221856e+16,5.569295,5.617489
21280,2091909120,8.225721e+16,5.571387,5.616825
21290,2092892160,8.229587e+16,5.571552,5.616140
21300,2093875200,8.233452e+16,5.567219,5.616178
21310,2094858240,8.237318e+16,5.570279,5.614876
21320,2095841280,8.241183e+16,5.567213,5.616266
21330,2096824320,8.245049e+16,5.564937,5.615606
21340,2097807360,8.248914e+16,5.566108,5.615396
21350,2098790400,8.252780e+16,5.570836,5.614407
21360,2099773440,8.256645e+16,5.571406,5.616299
21370,2100756480,8.260511e+16,5.571499,5.613618
21380,2101739520,8.264376e+16,5.571612,5.614754
21390,2102722560,8.268242e+16,5.569593,5.613783
21400,2103705600,8.272107e+16,5.570971,5.614621
21410,2104688640,8.275972e+16,5.571407,5.615776
21420,2105671680,8.279838e+16,5.566344,5.613079
21430,2106654720,8.283703e+16,5.563453,5.610872
21440,2107637760,8.287569e+16,5.563359,5.609877
21450,2108620800,8.291434e+16,5.564657,5.609749
21460,2109603840,8.295300e+16,5.563292,5.611289
21470,2110586880,8.299165e+16,5.562833,5.612961
21480,2111569920,8.303031e+16,5.565215,5.606904
21490,2112552960,8.306896e+16,5.564938,5.608196
21500,2113536000,8.310762e+16,5.565484,5.608899
21510,2114519040,8.314627e+16,5.566601,5.608816
21520,2115502080,8.318493e+16,5.570545,5.609612
21530,2116485120,8.322358e+16,5.572341,5.606352
21540,2117468160,8.326224e+16,5.566322,5.609927
21550,2118451200,8.330089e+16,5.564929,5.607536
21560,2119434240,8.333955e+16,5.566928,5.607201
21570,2120417280,8.337820e+16,5.570873,5.608730
21580,2121400320,8.341685e+16,5.572362,5.608884
21590,2122383360,8.345551e+16,5.571366,5.608982
21600,2123366400,8.349416e+16,5.571570,5.607988
21610,2124349440,8.353282e+16,5.570651,5.606553
21620,2125332480,8.357147e+16,5.576927,5.605378
21630,2126315520,8.361013e+16,5.572838,5.608086
21640,2127298560,8.364878e+16,5.572380,5.603342
21650,2128281600,8.368744e+16,5.569023,5.601485
21660,2129264640,8.372609e+16,5.570838,5.601602
21670,2130247680,8.376475e+16,5.570860,5.601553
21680,2131230720,8.380340e+16,5.568668,5.602179
21690,2132213760,8.384206e+16,5.564769,5.601064
21700,2133196800,8.388071e+16,5.560487,5.600216
21710,2134179840,8.391937e+16,5.561405,5.600996
21720,2135162880,8.395802e+16,5.560838,5.601493
21730,2136145920,8.399668e+16,5.563289,5.601682
21740,2137128960,8.403533e+16,5.562498,5.601902
21750,2138112000,8.407398e+16,5.560540,5.601660
21760,2139095040,8.411264e+16,5.558279,5.599563
21770,2140078080,8.415129e+16,5.561937,5.599576
21780,2141061120,8.418995e+16,5.555136,5.602021
21790,2142044160,8.422860e+16,5.559414,5.596805
21800,2143027200,8.426726e+16,5.561354,5.597155
21810,2144010240,8.430591e+16,5.558980,5.593589
21820,2144993280,8.434457e+16,5.559413,5.597304
21830,2145976320,8.438322e+16,5.554585,5.596176
21840,2146959360,8.442188e+16,5.552629,5.595391
21850,2147942400,8.446053e+16,5.550088,5.596296
21860,2148925440,8.449919e+16,5.554843,5.596437
21870,2149908480,8.453784e+16,5.554836,5.596211
21880,2150891520,8.457650e+16,5.564391,5.595513
21890,2151874560,8.461515e+16,5.564557,5.593915
21900,2152857600,8.465381e+16,5.562016,5.595806
21910,2153840640,8.469246e+16,5.563436,5.595648
21920,2154823680,8.473111e+16,5.560341,5.593205
21930,2155806720,8.476977e+16,5.560023,5.595394
21940,2156789760,8.480842e+16,5.560183,5.593480
21950,2157772800,8.484708e+16,5.556916,5.592599
21960,2158755840,8.488573e+16,5.558155,5.594070
21970,2159738880,8.492439e+16,5.559196,5.595878
21980,2160721920,8.496304e+16,5.557001,5.593974
21990,2161704960,8.500170e+16,5.556372,5.592136
22000,2162688000,8.504035e+16,5.553862,5.592520
22010,2163671040,8.507901e+16,5.549084,5.595152
22020,2164654080,8.511766e+16,5.549775,5.591941
22030,2165637120,8.515632e+16,5.546632,5.593478
22040,2166620160,8.519497e+16,5.539811,5.589439
22050,2167603200,8.523363e+16,5.539474,5.588568
22060,2168586240,8.527228e+16,5.543711,5.587534
22070,2169569280,8.531094e+16,5.544493,5.588658
22080,2170552320,8.534959e+16,5.550568,5.588546
22090,2171535360,8.538824e+16,5.548017,5.591608
22100,2172518400,8.542690e+16,5.548879,5.590185
22110,2173501440,8.546555e+16,5.552932,5.587091
22120,2174484480,8.550421e+16,5.551818,5.587502
22130,2175467520,8.554286e+16,5.551200,5.585847
22140,2176450560,8.558152e+16,5.550062,5.587112
22150,2177433600,8.562017e+16,5.548936,5.586817
22160,2178416640,8.565883e+16,5.547272,5.586602
22170,2179399680,8.569748e+16,5.548782,5.587762
22180,2180382720,8.573614e+16,5.546032,5.584191
22190,2181365760,8.577479e+16,5.545851,5.586933
22200,2182348800,8.581345e+16,5.544283,5.584254
22210,2183331840,8.585210e+16,5.546140,5.583304
22220,2184314880,8.589076e+16,5.548692,5.582128
22230,2185297920,8.592941e+16,5.544181,5.581616
22240,2186280960,8.596807e+16,5.548052,5.584988
22250,2187264000,8.600672e+16,5.552031,5.585303
22260,2188247040,8.604537e+16,5.551884,5.580983
22270,2189230080,8.608403e+16,5.548661,5.580499
22280,2190213120,8.612268e+16,5.545800,5.579899
22290,2191196160,8.616134e+16,5.539594,5.580533
22300,2192179200,8.619999e+16,5.537254,5.580186
22310,2193162240,8.623865e+16,5.537544,5.581352
22320,2194145280,8.627730e+16,5.535764,5.582020
22330,2195128320,8.631596e+16,5.541963,5.579914
22340,2196111360,8.635461e+16,5.546753,5.583889
22350,2197094400,8.639327e+16,5.547156,5.584169
22360,2198077440,8.643192e+16,5.542139,5.582471
22370,2199060480,8.647058e+16,5.545678,5.581623
22380,2200043520,8.650923e+16,5.547184,5.580629
22390,2201026560,8.654789e+16,5.547839,5.582051
22400,2202009600,8.658654e+16,5.542113,5.581679
22410,2202992640,8.662520e+16,5.540752,5.580613
22420,2203975680,8.666385e+16,5.541915,5.578829
22430,2204958720,8.670250e+16,5.542779,5.575692
22440,2205941760,8.674116e+16,5.541148,5.579996
22450,2206924800,8.677981e+16,5.538490,5.577163
22460,2207907840,8.681847e+16,5.536379,5.577661
22470,2208890880,8.685712e+16,5.536477,5.579466
22480,2209873920,8.689578e+16,5.534439,5.578195
22490,2210856960,8.693443e+16,5.532273,5.576623
22500,2211840000,8.697309e+16,5.541986,5.575314
22510,2212823040,8.701174e+16,5.547413,5.576568
22520,2213806080,8.705040e+16,5.549428,5.576592
22530,2214789120,8.708905e+16,5.547615,5.577607
22540,2215772160,8.712771e+16,5.548045,5.576279
22550,2216755200,8.716636e+16,5.548757,5.572081
22560,2217738240,8.720502e+16,5.552624,5.572932
22570,2218721280,8.724367e+16,5.550714,5.573558
22580,2219704320,8.728233e+16,5.547536,5.575510
22590,2220687360,8.732098e+16,5.539738,5.574371
22600,2221670400,8.735963e+16,5.540715,5.574261
22610,2222653440,8.739829e+16,5.536045,5.576361
22620,2223636480,8.743694e+16,5.536334,5.574223
22630,2224619520,8.747560e+16,5.533330,5.572936
22640,2225602560,8.751425e+16,5.535679,5.572192
22650,2226585600,8.755291e+16,5.534072,5.569732
22660,2227568640,8.759156e+16,5.535835,5.570358
22670,2228551680,8.763022e+16,5.538753,5.572972
22680,2229534720,8.766887e+16,5.541103,5.568981
22690,2230517760,8.770753e+16,5.536470,5.567401
22700,2231500800,8.774618e+16,5.536475,5.567458
22710,2232483840,8.778484e+16,5.527961,5.567038
22720,2233466880,8.782349e+16,5.526366,5.567933
22730,2234449920,8.786215e+16,5.527660,5.565947
22740,2235432960,8.790080e+16,5.526347,5.566431
22750,2236416000,8.793946e+16,5.523582,5.565988
22760,2237399040,8.797811e+16,5.529924,5.563834
22770,2238382080,8.801676e+16,5.530379,5.565391
22780,2239365120,8.805542e+16,5.526586,5.565843
22790,2240348160,8.809407e+16,5.525133,5.565828
22800,2241331200,8.813273e+16,5.527931,5.562896
22810,2242314240,8.817138e+16,5.527583,5.562377
22820,2243297280,8.821004e+16,5.525389,5.562302
22830,2244280320,8.824869e+16,5.526871,5.562573
22840,2245263360,8.828735e+16,5.528547,5.564598
22850,2246246400,8.832600e+16,5.530647,5.563021
22860,2247229440,8.836466e+16,5.525788,5.563667
22870,2248212480,8.840331e+16,5.527040,5.564845
22880,2249195520,8.844197e+16,5.527297,5.565236
22890,2250178560,8.848062e+16,5.534149,5.564323
22900,2251161600,8.851928e+16,5.536614,5.563796
22910,2252144640,8.855793e+16,5.534947,5.562277
22920,2253127680,8.859659e+16,5.529552,5.562763
22930,2254110720,8.863524e+16,5.525391,5.565013
22940,2255093760,8.867389e+16,5.521882,5.562679
22950,2256076800,8.871255e+16,5.523103,5.562933
22960,2257059840,8.875120e+16,5.519621,5.562547
22970,2258042880,8.878986e+16,5.521336,5.562256
22980,2259025920,8.882851e+16,5.518433,5.562184
22990,2260008960,8.886717e+16,5.522630,5.562009
23000,2260992000,8.890582e+16,5.521441,5.559640
23010,2261975040,8.894448e+16,5.517651,5.557978
23020,2262958080,8.898313e+16,5.518583,5.558861
23030,2263941120,8.902179e+16,5.513974,5.559413
23040,2264924160,8.906044e+16,5.513292,5.560681
23050,2265907200,8.909910e+16,5.515958,5.562379
23060,2266890240,8.913775e+16,5.519793,5.560165
23070,2267873280,8.917641e+16,5.523637,5.561644
23080,2268856320,8.921506e+16,5.524761,5.561493
23090,2269839360,8.925372e+16,5.519700,5.558361
23100,2270822400,8.929237e+16,5.518571,5.556113
23110,2271805440,8.933102e+16,5.516438,5.558298
23120,2272788480,8.936968e+16,5.517039,5.557741
23130,2273771520,8.940833e+16,5.518001,5.559123
23140,2274754560,8.944699e+16,5.519680,5.556748
23150,2275737600,8.948564e+16,5.521507,5.557118
23160,2276720640,8.952430e+16,5.522669,5.555442
23170,2277703680,8.956295e+16,5.521659,5.554822
23180,2278686720,8.960161e+16,5.520497,5.553577
23190,2279669760,8.964026e+16,5.522044,5.554851
23200,2280652800,8.967892e+16,5.521245,5.555087
23210,2281635840,8.971757e+16,5.517764,5.555073
23220,2282618880,8.975623e+16,5.520004,5.556848
23230,2283601920,8.979488e+16,5.520415,5.557336
23240,2284584960,8.983354e+16,5.523069,5.555093
23250,2285568000,8.987219e+16,5.521980,5.553841
23260,2286551040,8.991085e+16,5.517926,5.554034
23270,2287534080,8.994950e+16,5.511840,5.551454
23280,2288517120,8.998815e+16,5.513666,5.550745
23290,2289500160,9.002681e+16,5.511689,5.551648
23300,2290483200,9.006546e+16,5.514298,5.551883
23310,2291466240,9.010412e+16,5.511004,5.549431
23320,2292449280,9.014277e+16,5.514082,5.551857
23330,2293432320,9.018143e+16,5.507991,5.550984
23340,2294415360,9.022008e+16,5.510487,5.549889
23350,2295398400,9.025874e+16,5.510962,5.548470
23360,2296381440,9.029739e+16,5.509527,5.551159
23370,2297364480,9.033605e+16,5.509119,5.549911
23380,2298347520,9.037470e+16,5.506065,5.548196
23390,2299330560,9.041336e+16,5.505698,5.546735
23400,2300313600,9.045201e+16,5.501386,5.549744
23410,2301296640,9.049067e+16,5.507347,5.546800
23420,2302279680,9.052932e+16,5.507347,5.547240
23430,2303262720,9.056798e+16,5.506060,5.546436
23440,2304245760,9.060663e+16,5.502261,5.545341
23450,2305228800,9.064528e+16,5.502045,5.544466
23460,2306211840,9.068394e+16,5.501983,5.545117
23470,2307194880,9.072259e+16,5.502298,5.548623
23480,2308177920,9.076125e+16,5.510953,5.546437
23490,2309160960,9.079990e+16,5.511622,5.546628
23500,2310144000,9.083856e+16,5.514733,5.546838
23510,2311127040,9.087721e+16,5.516013,5.547364
23520,2312110080,9.091587e+16,5.508647,5.545881
23530,2313093120,9.095452e+16,5.504580,5.546639
23540,2314076160,9.099318e+16,5.505244,5.543516
23550,2315059200,9.103183e+16,5.500688,5.545454
23560,2316042240,9.107049e+16,5.503971,5.544442
23570,2317025280,9.110914e+16,5.508067,5.543893
23580,2318008320,9.114780e+16,5.507662,5.542253
23590,2318991360,9.118645e+16,5.506212,5.542010
23600,2319974400,9.122511e+16,5.509232,5.541605
23610,2320957440,9.126376e+16,5.510667,5.540870
23620,2321940480,9.130241e+16,5.508838,5.538906
23630,2322923520,9.134107e+16,5.505301,5.536778
23640,2323906560,9.137972e+16,5.504753,5.539406
23650,2324889600,9.141838e+16,5.506032,5.539173
23660,2325872640,9.145703e+16,5.503578,5.539898
23670,2326855680,9.149569e+16,5.500059,5.540822
23680,2327838720,9.153434e+16,5.502844,5.537056
23690,2328821760,9.157300e+16,5.499389,5.537648
23700,2329804800,9.161165e+16,5.497071,5.536984
23710,2330787840,9.165031e+16,5.498892,5.537759
23720,2331770880,9.168896e+16,5.499962,5.540485
23730,2332753920,9.172762e+16,5.502348,5.538601
23740,2333736960,9.176627e+16,5.498709,5.535783
23750,2334720000,9.180493e+16,5.498140,5.536658
23760,2335703040,9.184358e+16,5.496377,5.534232
23770,2336686080,9.188224e+16,5.499730,5.536119
23780,2337669120,9.192089e+16,5.499309,5.535199
23790,2338652160,9.195954e+16,5.501938,5.533575
23800,2339635200,9.199820e+16,5.505005,5.534753
23810,2340618240,9.203685e+16,5.501624,5.536503
23820,2341601280,9.207551e+16,5.498282,5.537513
23830,2342584320,9.211416e+16,5.498749,5.536668
23840,2343567360,9.215282e+16,5.497935,5.532327
23850,2344550400,9.219147e+16,5.501306,5.531285
23860,2345533440,9.223013e+16,5.501155,5.532303
23870,2346516480,9.226878e+16,5.496763,5.534306
23880,2347499520,9.230744e+16,5.494738,5.531640
23890,2348482560,9.234609e+16,5.494245,5.533420
23900,2349465600,9.238475e+16,5.498208,5.534047
23910,2350448640,9.242340e+16,5.499341,5.535402
23920,2351431680,9.246206e+16,5.492324,5.534682
23930,2352414720,9.250071e+16,5.489764,5.533840
23940,2353397760,9.253937e+16,5.494148,5.532319
23950,2354380800,9.257802e+16,5.492793,5.532042
23960,2355363840,9.261667e+16,5.497326,5.531192
23970,2356346880,9.265533e+16,5.495995,5.529767
23980,2357329920,9.269398e+16,5.496250,5.531506
23990,2358312960,9.273264e+16,5.491826,5.533047
24000,2359296000,9.277129e+16,5.490286,5.527654
24010,2360279040,9.280995e+16,5.490915,5.525836
24020,2361262080,9.284860e+16,5.493890,5.527940
24030,2362245120,9.288726e+16,5.489261,5.527021
24040,2363228160,9.292591e+16,5.493326,5.529841
24050,2364211200,9.296457e+16,5.495269,5.531286
24060,2365194240,9.300322e+16,5.496556,5.530134
24070,2366177280,9.304188e+16,5.495335,5.530067
24080,2367160320,9.308053e+16,5.492582,5.526013
24090,2368143360,9.311919e+16,5.490215,5.529032
24100,2369126400,9.315784e+16,5.489571,5.526248
24110,2370109440,9.319650e+16,5.484501,5.525560
24120,2371092480,9.323515e+16,5.475665,5.522527
24130,2372075520,9.327380e+16,5.480599,5.527543
24140,2373058560,9.331246e+16,5.479461,5.525237
24150,2374041600,9.335111e+16,5.473546,5.527014
24160,2375024640,9.338977e+16,5.476104,5.525034
24170,2376007680,9.342842e+16,5.480291,5.523237
24180,2376990720,9.346708e+16,5.481269,5.524245
24190,2377973760,9.350573e+16,5.483730,5.522959
24200,2378956800,9.354439e+16,5.482189,5.524729
24210,2379939840,9.358304e+16,5.480841,5.524772
24220,2380922880,9.362170e+16,5.481978,5.524504
24230,2381905920,9.366035e+16,5.486643,5.524253
24240,2382888960,9.369901e+16,5.479845,5.524961
24250,2383872000,9.373766e+16,5.477418,5.521528
24260,2384855040,9.377632e+16,5.484572,5.521415
24270,2385838080,9.381497e+16,5.486723,5.520629
24280,2386821120,9.385363e+16,5.487292,5.521179
24290,2387804160,9.389228e+16,5.489581,5.523757
24300,2388787200,9.393093e+16,5.491215,5.520984
24310,2389770240,9.396959e+16,5.482762,5.520371
24320,2390753280,9.400824e+16,5.481439,5.521517
24330,2391736320,9.404690e+16,5.483390,5.521483
24340,2392719360,9.408555e+16,5.482358,5.520734
24350,2393702400,9.412421e+16,5.481696,5.519245
24360,2394685440,9.416286e+16,5.482303,5.519751
24370,2395668480,9.420152e+16,5.479134,5.522637
24380,2396651520,9.424017e+16,5.484279,5.518587
24390,2397634560,9.427883e+16,5.484326,5.521690
24400,2398617600,9.431748e+16,5.483322,5.518332
24410,2399600640,9.435614e+16,5.481673,5.518156
24420,2400583680,9.439479e+16,5.478968,5.518708
24430,2401566720,9.443345e+16,5.481282,5.519849
24440,2402549760,9.447210e+16,5.486393,5.517834
24450,2403532800,9.451076e+16,5.485573,5.518368
24460,2404515840,9.454941e+16,5.487177,5.519003
24470,2405498880,9.458806e+16,5.476408,5.518094
24480,2406481920,9.462672e+16,5.475551,5.519051
24490,2407464960,9.466537e+16,5.474501,5.518287
24500,2408448000,9.470403e+16,5.477455,5.517834
24510,2409431040,9.474268e+16,5.481483,5.519157
24520,2410414080,9.478134e+16,5.477771,5.518663
24530,2411397120,9.481999e+16,5.475326,5.516582
24540,2412380160,9.485865e+16,5.475452,5.516685
24550,2413363200,9.489730e+16,5.468902,5.517524
24560,2414346240,9.493596e+16,5.464423,5.517205
24570,2415329280,9.497461e+16,5.465848,5.515638
24580,2416312320,9.501327e+16,5.469801,5.513737
24590,2417295360,9.505192e+16,5.475041,5.511550
24600,2418278400,9.509058e+16,5.473415,5.512493
24610,2419261440,9.512923e+16,5.475338,5.511527
24620,2420244480,9.516789e+16,5.472696,5.510614
24630,2421227520,9.520654e+16,5.476385,5.508422
24640,2422210560,9.524519e+16,5.479053,5.510009
24650,2423193600,9.528385e+16,5.478698,5.511448
24660,2424176640,9.532250e+16,5.474638,5.513786
24670,2425159680,9.536116e+16,5.473641,5.510964
24680,2426142720,9.539981e+16,5.479271,5.510764
24690,2427125760,9.543847e+16,5.477395,5.511066
24700,2428108800,9.547712e+16,5.475579,5.510509
24710,2429091840,9.551578e+16,5.469103,5.509101
24720,2430074880,9.555443e+16,5.471900,5.510326
24730,2431057920,9.559309e+16,5.472119,5.508979
24740,2432040960,9.563174e+16,5.471185,5.507869
24750,2433024000,9.567040e+16,5.476335,5.507077
24760,2434007040,9.570905e+16,5.481167,5.506998
24770,2434990080,9.574771e+16,5.478920,5.509025
24780,2435973120,9.578636e+16,5.480056,5.507924
24790,2436956160,9.582502e+16,5.475544,5.505813
24800,2437939200,9.586367e+16,5.476438,5.507277
24810,2438922240,9.590232e+16,5.476782,5.507268
24820,2439905280,9.594098e+16,5.471413,5.506992
24830,2440888320,9.597963e+16,5.468712,5.508067
24840,2441871360,9.601829e+16,5.468537,5.506243
24850,2442854400,9.605694e+16,5.468843,5.506949
24860,2443837440,9.609560e+16,5.463071,5.507909
24870,2444820480,9.613425e+16,5.460721,5.505620
24880,2445803520,9.617291e+16,5.462718,5.504589
24890,2446786560,9.621156e+16,5.461702,5.504609
24900,2447769600,9.625022e+16,5.460462,5.502151
24910,2448752640,9.628887e+16,5.461759,5.505005
24920,2449735680,9.632753e+16,5.465453,5.502461
24930,2450718720,9.636618e+16,5.470512,5.500529
24940,2451701760,9.640484e+16,5.470389,5.500712
24950,2452684800,9.644349e+16,5.469006,5.501241
24960,2453667840,9.648215e+16,5.468123,5.502483
24970,2454650880,9.652080e+16,5.471189,5.503178
24980,2455633920,9.655945e+16,5.474366,5.502657
24990,2456616960,9.659811e+16,5.472033,5.504241
25000,2457600000,9.663676e+16,5.472842,5.504068
25010,2458583040,9.667542e+16,5.470192,5.505803
25020,2459566080,9.671407e+16,5.466307,5.502803
25030,2460549120,9.675273e+16,5.460617,5.502344
25040,2461532160,9.679138e+16,5.460589,5.501916
25050,2462515200,9.683004e+16,5.462010,5.500954
25060,2463498240,9.686869e+16,5.459661,5.500946
25070,2464481280,9.690735e+16,5.462186,5.500706
25080,2465464320,9.694600e+16,5.455505,5.497131
25090,2466447360,9.698466e+16,5.453618,5.497235
25100,2467430400,9.702331e+16,5.454549,5.497472
25110,2468413440,9.706197e+16,5.451584,5.496780
25120,2469396480,9.710062e+16,5.453629,5.495909
25130,2470379520,9.713928e+16,5.448051,5.496099
25140,2471362560,9.717793e+16,5.452329,5.495080
25150,2472345600,9.721658e+16,5.454080,5.495736
25160,2473328640,9.725524e+16,5.451669,5.497167
25170,2474311680,9.729389e+16,5.447878,5.496927
25180,2475294720,9.733255e+16,5.452569,5.496870
25190,2476277760,9.737120e+16,5.454488,5.494673
25200,2477260800,9.740986e+16,5.452977,5.497310
25210,2478243840,9.744851e+16,5.451138,5.495415
25220,2479226880,9.748717e+16,5.454327,5.497257
25230,2480209920,9.752582e+16,5.459741,5.498562
25240,2481192960,9.756448e+16,5.455943,5.495827
25250,2482176000,9.760313e+16,5.449937,5.494651
25260,2483159040,9.764179e+16,5.450635,5.496324
25270,2484142080,9.768044e+16,5.451625,5.494933
25280,2485125120,9.771910e+16,5.453901,5.495332
25290,2486108160,9.775775e+16,5.456510,5.493669
25300,2487091200,9.779641e+16,5.457245,5.496932
25310,2488074240,9.783506e+16,5.458734,5.494955
25320,2489057280,9.787371e+16,5.461041,5.491424
25330,2490040320,9.791237e+16,5.464724,5.491126
25340,2491023360,9.795102e+16,5.461067,5.493099
25350,2492006400,9.798968e+16,5.466770,5.490917
25360,2492989440,9.802833e+16,5.460287,5.492664
25370,2493972480,9.806699e+16,5.460617,5.490976
25380,2494955520,9.810564e+16,5.456030,5.491678
25390,2495938560,9.814430e+16,5.454114,5.493074
25400,2496921600,9.818295e+16,5.452956,5.489015
25410,2497904640,9.822161e+16,5.457975,5.488205
25420,2498887680,9.826026e+16,5.456276,5.491670
25430,2499870720,9.829892e+16,5.456778,5.489058
25440,2500853760,9.833757e+16,5.455003,5.488993
25450,2501836800,9.837623e+16,5.456933,5.489424
25460,2502819840,9.841488e+16,5.455398,5.489476
25470,2503802880,9.845354e+16,5.451650,5.488794
25480,2504785920,9.849219e+16,5.455141,5.488271
25490,2505768960,9.853084e+16,5.454565,5.486263
25500,2506752000,9.856950e+16,5.458365,5.485031
25510,2507735040,9.860815e+16,5.452399,5.488197
25520,2508718080,9.864681e+16,5.456602,5.484559
25530,2509701120,9.868546e+16,5.450808,5.485033
25540,2510684160,9.872412e+16,5.454347,5.486190
25550,2511667200,9.876277e+16,5.457159,5.485476
25560,2512650240,9.880143e+16,5.450199,5.484791
25570,2513633280,9.884008e+16,5.453894,5.485280
25580,2514616320,9.887874e+16,5.450984,5.482386
25590,2515599360,9.891739e+16,5.449598,5.482306
25600,2516582400,9.895605e+16,5.446963,5.483874
25610,2517565440,9.899470e+16,5.448217,5.484418
25620,2518548480,9.903336e+16,5.442523,5.481799
25630,2519531520,9.907201e+16,5.442204,5.482103
25640,2520514560,9.911067e+16,5.448044,5.482565
25650,2521497600,9.914932e+16,5.447348,5.483989
25660,2522480640,9.918797e+16,5.448635,5.481662
25670,2523463680,9.922663e+16,5.448497,5.481935
25680,2524446720,9.926528e+16,5.450365,5.480669
25690,2525429760,9.930394e+16,5.447615,5.480898
25700,2526412800,9.934259e+16,5.448675,5.481448
25710,2527395840,9.938125e+16,5.448954,5.483878
25720,2528378880,9.941990e+16,5.446749,5.479705
25730,2529361920,9.945856e+16,5.450739,5.480487
25740,2530344960,9.949721e+16,5.447528,5.480013
25750,2531328000,9.953587e+16,5.448206,5.481191
25760,2532311040,9.957452e+16,5.446056,5.484389
25770,2533294080,9.961318e+16,5.442096,5.482470
25780,2534277120,9.965183e+16,5.440455,5.482238
25790,2535260160,9.969049e+16,5.442898,5.478365
25800,2536243200,9.972914e+16,5.438877,5.478384
25810,2537226240,9.976780e+16,5.440818,5.477777
25820,2538209280,9.980645e+16,5.444355,5.476355
25830,2539192320,9.984510e+16,5.441020,5.477192
25840,2540175360,9.988376e+16,5.438553,5.477775
25850,2541158400,9.992241e+16,5.436286,5.475792
25860,2542141440,9.996107e+16,5.433640,5.475846
25870,2543124480,9.999972e+16,5.436788,5.475236
25880,2544107520,1.000384e+17,5.436950,5.474749
25890,2545090560,1.000770e+17,5.435826,5.476355
25900,2546073600,1.001157e+17,5.435069,5.475086
25910,2547056640,1.001543e+17,5.442251,5.476414
25920,2548039680,1.001930e+17,5.438157,5.476241
25930,2549022720,1.002317e+17,5.439926,5.476650
25940,2550005760,1.002703e+17,5.439404,5.476244
25950,2550988800,1.003090e+17,5.442513,5.477168
25960,2551971840,1.003476e+17,5.435392,5.475768
25970,2552954880,1.003863e+17,5.434297,5.475403
25980,2553937920,1.004249e+17,5.430282,5.474375
25990,2554920960,1.004636e+17,5.433783,5.475837
26000,2555904000,1.005022e+17,5.440943,5.473846
26010,2556887040,1.005409e+17,5.442945,5.473699
26020,2557870080,1.005795e+17,5.437164,5.475237
26030,2558853120,1.006182e+17,5.431284,5.472737
26040,2559836160,1.006569e+17,5.434516,5.473463
26050,2560819200,1.006955e+17,5.432493,5.472994
26060,2561802240,1.007342e+17,5.427506,5.472749
26070,2562785280,1.007728e+17,5.425533,5.474231
26080,2563768320,1.008115e+17,5.427580,5.472009
26090,2564751360,1.008501e+17,5.429275,5.472843
26100,2565734400,1.008888e+17,5.429213,5.472082
26110,2566717440,1.009274e+17,5.429455,5.473519
26120,2567700480,1.009661e+17,5.424136,5.473504
26130,2568683520,1.010047e+17,5.429605,5.471521
26140,2569666560,1.010434e+17,5.428746,5.469986
26150,2570649600,1.010821e+17,5.430666,5.472363
26160,2571632640,1.011207e+17,5.434212,5.469518
26170,2572615680,1.011594e+17,5.438602,5.471028
26180,2573598720,1.011980e+17,5.440539,5.471055
26190,2574581760,1.012367e+17,5.437829,5.469382
26200,2575564800,1.012753e+17,5.433343,5.468517
26210,2576547840,1.013140e+17,5.434140,5.467950
26220,2577530880,1.013526e+17,5.427429,5.468000
26230,2578513920,1.013913e+17,5.431842,5.470103
26240,2579496960,1.014299e+17,5.426763,5.468623
26250,2580480000,1.014686e+17,5.426877,5.467228
26260,2581463040,1.015073e+17,5.432198,5.469161
26270,2582446080,1.015459e+17,5.433768,5.467954
26280,2583429120,1.015846e+17,5.427180,5.469532
26290,2584412160,1.016232e+17,5.429505,5.467324
26300,2585395200,1.016619e+17,5.429186,5.465974
26310,2586378240,1.017005e+17,5.431802,5.468105
26320,2587361280,1.017392e+17,5.424993,5.466506
26330,2588344320,1.017778e+17,5.422425,5.466171
26340,2589327360,1.018165e+17,5.428284,5.465827
26350,2590310400,1.018551e+17,5.434527,5.466801
26360,2591293440,1.018938e+17,5.436021,5.467470
26370,2592276480,1.019325e+17,5.436946,5.466707
26380,2593259520,1.019711e+17,5.429911,5.465007
26390,2594242560,1.020098e+17,5.432648,5.467158
26400,2595225600,1.020484e+17,5.428201,5.465760
26410,2596208640,1.020871e+17,5.425524,5.463731
26420,2597191680,1.021257e+17,5.424484,5.464848
26430,2598174720,1.021644e+17,5.430916,5.463728
26440,2599157760,1.022030e+17,5.425640,5.465089
26450,2600140800,1.022417e+17,5.426421,5.462592
26460,2601123840,1.022804e+17,5.424810,5.462903
26470,2602106880,1.023190e+17,5.426174,5.460103
26480,2603089920,1.023577e+17,5.432949,5.460733
26490,2604072960,1.023963e+17,5.436697,5.462092
26500,2605056000,1.024350e+17,5.433613,5.461129
26510,2606039040,1.024736e+17,5.434190,5.461502
26520,2607022080,1.025123e+17,5.432979,5.464116
26530,2608005120,1.025509e+17,5.435222,5.458396
26540,2608988160,1.025896e+17,5.430109,5.457429
26550,2609971200,1.026282e+17,5.429773,5.458012
26560,2610954240,1.026669e+17,5.427933,5.459323
26570,2611937280,1.027056e+17,5.424669,5.459340
26580,2612920320,1.027442e+17,5.423704,5.459504
26590,2613903360,1.027829e+17,5.420972,5.459950
26600,2614886400,1.028215e+17,5.425809,5.458840
26610,2615869440,1.028602e+17,5.425275,5.458841
26620,2616852480,1.028988e+17,5.427227,5.458280
26630,2617835520,1.029375e+17,5.421563,5.458231
26640,2618818560,1.029761e+17,5.418177,5.459084
26650,2619801600,1.030148e+17,5.422396,5.456523
26660,2620784640,1.030534e+17,5.421152,5.455596
26670,2621767680,1.030921e+17,5.424968,5.455485
26680,2622750720,1.031308e+17,5.429163,5.457903
26690,2623733760,1.031694e+17,5.434097,5.459560
26700,2624716800,1.032081e+17,5.432375,5.458100
26710,2625699840,1.032467e+17,5.427767,5.458083
26720,2626682880,1.032854e+17,5.426643,5.456492
26730,2627665920,1.033240e+17,5.427489,5.456100
26740,2628648960,1.033627e+17,5.426882,5.455930
26750,2629632000,1.034013e+17,5.424373,5.455495
26760,2630615040,1.034400e+17,5.424304,5.457783
26770,2631598080,1.034786e+17,5.424889,5.454617
26780,2632581120,1.035173e+17,5.423824,5.452838
26790,2633564160,1.035560e+17,5.420068,5.455797
26800,2634547200,1.035946e+17,5.421404,5.453177
26810,2635530240,1.036333e+17,5.424916,5.452750
26820,2636513280,1.036719e+17,5.424547,5.452693
26830,2637496320,1.037106e+17,5.421993,5.454415
26840,2638479360,1.037492e+17,5.423942,5.452545
26850,2639462400,1.037879e+17,5.414588,5.452166
26860,2640445440,1.038265e+17,5.416684,5.453401
26870,2641428480,1.038652e+17,5.417355,5.454676
26880,2642411520,1.039038e+17,5.420395,5.453681
26890,2643394560,1.039425e+17,5.426137,5.451248
26900,2644377600,1.039812e+17,5.424277,5.449997
26910,2645360640,1.040198e+17,5.426372,5.451738
26920,2646343680,1.040585e+17,5.422863,5.451772
26930,2647326720,1.040971e+17,5.422383,5.452193
26940,2648309760,1.041358e+17,5.419748,5.449139
26950,2649292800,1.041744e+17,5.415230,5.449365
26960,2650275840,1.042131e+17,5.415425,5.450771
26970,2651258880,1.042517e+17,5.416672,5.449304
26980,2652241920,1.042904e+17,5.422265,5.448897
26990,2653224960,1.043291e+17,5.417849,5.448875
27000,2654208000,1.043677e+17,5.415742,5.450384
27010,2655191040,1.044064e+17,5.418318,5.446966
27020,2656174080,1.044450e+17,5.415296,5.446970
27030,2657157120,1.044837e+17,5.412614,5.445957
27040,2658140160,1.045223e+17,5.409084,5.446692
27050,2659123200,1.045610e+17,5.408108,5.448056
27060,2660106240,1.045996e+17,5.413189,5.446600
27070,2661089280,1.046383e+17,5.413375,5.446386
27080,2662072320,1.046769e+17,5.414270,5.447251
27090,2663055360,1.047156e+17,5.414886,5.446545
27100,2664038400,1.047543e+17,5.413999,5.447511
27110,2665021440,1.047929e+17,5.415507,5.447551
27120,2666004480,1.048316e+17,5.421536,5.447820
27130,2666987520,1.048702e+17,5.412725,5.445738
27140,2667970560,1.049089e+17,5.412186,5.443473
27150,2668953600,1.049475e+17,5.405399,5.444501
27160,2669936640,1.049862e+17,5.406688,5.442615
27170,2670919680,1.050248e+17,5.408221,5.442227
27180,2671902720,1.050635e+17,5.408057,5.443641
27190,2672885760,1.051021e+17,5.410417,5.443631
27200,2673868800,1.051408e+17,5.403185,5.443147
27210,2674851840,1.051795e+17,5.405491,5.442916
27220,2675834880,1.052181e+17,5.406335,5.441827
27230,2676817920,1.052568e+17,5.411074,5.442671
27240,2677800960,1.052954e+17,5.408861,5.441660
27250,2678784000,1.053341e+17,5.412590,5.441714
27260,2679767040,1.053727e+17,5.412584,5.443170
27270,2680750080,1.054114e+17,5.412821,5.441743
27280,2681733120,1.054500e+17,5.414179,5.442625
27290,2682716160,1.054887e+17,5.413606,5.439866
27300,2683699200,1.055273e+17,5.414800,5.440188
27310,2684682240,1.055660e+17,5.413763,5.441332
27320,2685665280,1.056047e+17,5.408332,5.440638
27330,2686648320,1.056433e+17,5.411219,5.441331
27340,2687631360,1.056820e+17,5.411918,5.441752
27350,2688614400,1.057206e+17,5.409612,5.438661
27360,2689597440,1.057593e+17,5.410359,5.439677
27370,2690580480,1.057979e+17,5.413166,5.440617
27380,2691563520,1.058366e+17,5.412947,5.436781
27390,2692546560,1.058752e+17,5.408897,5.439673
27400,2693529600,1.059139e+17,5.405893,5.439594
27410,2694512640,1.059525e+17,5.405332,5.438853
27420,2695495680,1.059912e+17,5.405609,5.438816
27430,2696478720,1.060299e+17,5.404598,5.439228
27440,2697461760,1.060685e+17,5.408655,5.438025
27450,2698444800,1.061072e+17,5.405403,5.438408
27460,2699427840,1.061458e+17,5.406967,5.436750
27470,2700410880,1.061845e+17,5.406271,5.436950
27480,2701393920,1.062231e+17,5.400838,5.437553
27490,2702376960,1.062618e+17,5.400251,5.438329
27500,2703360000,1.063004e+17,5.405015,5.437385
27510,2704343040,1.063391e+17,5.405844,5.436621
27520,2705326080,1.063777e+17,5.400919,5.436327
27530,2706309120,1.064164e+17,5.400366,5.436803
27540,2707292160,1.064551e+17,5.392836,5.438353
27550,2708275200,1.064937e+17,5.392574,5.436878
27560,2709258240,1.065324e+17,5.398663,5.437533
27570,2710241280,1.065710e+17,5.398214,5.436730
27580,2711224320,1.066097e+17,5.400597,5.434966
27590,2712207360,1.066483e+17,5.406866,5.436084
27600,2713190400,1.066870e+17,5.407058,5.436633
27610,2714173440,1.067256e+17,5.406611,5.434514
27620,2715156480,1.067643e+17,5.406186,5.434381
27630,2716139520,1.068030e+17,5.401915,5.431797
27640,2717122560,1.068416e+17,5.400092,5.431107
27650,2718105600,1.068803e+17,5.398982,5.432116
27660,2719088640,1.069189e+17,5.398443,5.432324
27670,2720071680,1.069576e+17,5.398648,5.434288
27680,2721054720,1.069962e+17,5.399013,5.430982
27690,2722037760,1.070349e+17,5.400608,5.431369
27700,2723020800,1.070735e+17,5.402001,5.431502
27710,2724003840,1.071122e+17,5.399475,5.431360
27720,2724986880,1.071508e+17,5.401068,5.431397
27730,2725969920,1.071895e+17,5.403102,5.431883
27740,2726952960,1.072282e+17,5.402514,5.431347
27750,2727936000,1.072668e+17,5.401881,5.429496
27760,2728919040,1.073055e+17,5.398588,5.429803
27770,2729902080,1.073441e+17,5.400646,5.427907
27780,2730885120,1.073828e+17,5.401532,5.427257
27790,2731868160,1.074214e+17,5.399174,5.428073
27800,2732851200,1.074601e+17,5.396596,5.429930
27810,2733834240,1.074987e+17,5.395984,5.428958
27820,2734817280,1.075374e+17,5.388416,5.427795
27830,2735800320,1.075760e+17,5.386986,5.427986
27840,2736783360,1.076147e+17,5.386160,5.428903
27850,2737766400,1.076534e+17,5.385579,5.428795
27860,2738749440,1.076920e+17,5.391350,5.427889
27870,2739732480,1.077307e+17,5.392945,5.426529
27880,2740715520,1.077693e+17,5.392402,5.427702
27890,2741698560,1.078080e+17,5.395716,5.426708
27900,2742681600,1.078466e+17,5.398324,5.429474
27910,2743664640,1.078853e+17,5.398961,5.429497
27920,2744647680,1.079239e+17,5.397614,5.428007
27930,2745630720,1.079626e+17,5.394257,5.427161
27940,2746613760,1.080012e+17,5.390207,5.426792
27950,2747596800,1.080399e+17,5.390483,5.425819
27960,2748579840,1.080786e+17,5.387247,5.427958
27970,2749562880,1.081172e+17,5.391131,5.427776
27980,2750545920,1.081559e+17,5.388698,5.428318
27990,2751528960,1.081945e+17,5.390504,5.426172
28000,2752512000,1.082332e+17,5.392136,5.426634
28010,2753495040,1.082718e+17,5.391509,5.424143
28020,2754478080,1.083105e+17,5.389752,5.426549
28030,2755461120,1.083491e+17,5.385439,5.425301
28040,2756444160,1.083878e+17,5.386773,5.424883
28050,2757427200,1.084264e+17,5.386389,5.424364
28060,2758410240,1.084651e+17,5.391959,5.424742
28070,2759393280,1.085038e+17,5.394963,5.423797
28080,2760376320,1.085424e+17,5.391797,5.422620
28090,2761359360,1.085811e+17,5.392902,5.421622
28100,2762342400,1.086197e+17,5.395645,5.422845
28110,2763325440,1.086584e+17,5.396206,5.423602
28120,2764308480,1.086970e+17,5.392020,5.420639
28130,2765291520,1.087357e+17,5.388175,5.420239
28140,2766274560,1.087743e+17,5.388606,5.420834
28150,2767257600,1.088130e+17,5.383505,5.422394
28160,2768240640,1.088517e+17,5.389730,5.422796
28170,2769223680,1.088903e+17,5.382668,5.420898
28180,2770206720,1.089290e+17,5.389244,5.422645
28190,2771189760,1.089676e+17,5.386236,5.419246
28200,2772172800,1.090063e+17,5.383202,5.420164
28210,2773155840,1.090449e+17,5.379677,5.420040
28220,2774138880,1.090836e+17,5.380190,5.419415
28230,2775121920,1.091222e+17,5.380056,5.418222
28240,2776104960,1.091609e+17,5.380045,5.417858
28250,2777088000,1.091995e+17,5.377761,5.417254
28260,2778071040,1.092382e+17,5.381233,5.418113
28270,2779054080,1.092769e+17,5.382162,5.418301
28280,2780037120,1.093155e+17,5.379996,5.419726
28290,2781020160,1.093542e+17,5.383842,5.418143
28300,2782003200,1.093928e+17,5.389043,5.420237
28310,2782986240,1.094315e+17,5.390844,5.417571
28320,2783969280,1.094701e+17,5.387639,5.416995
28330,2784952320,1.095088e+17,5.385289,5.417147
28340,2785935360,1.095474e+17,5.380581,5.419139
28350,2786918400,1.095861e+17,5.384074,5.418367
28360,2787901440,1.096247e+17,5.384747,5.418155
28370,2788884480,1.096634e+17,5.381032,5.416066
28380,2789867520,1.097021e+17,5.382065,5.417215
28390,2790850560,1.097407e+17,5.387883,5.415004
28400,2791833600,1.097794e+17,5.385821,5.416311
28410,2792816640,1.098180e+17,5.379567,5.415760
28420,2793799680,1.098567e+17,5.381482,5.413730
28430,2794782720,1.098953e+17,5.385961,5.416361
28440,2795765760,1.099340e+17,5.380393,5.414741
28450,2796748800,1.099726e+17,5.380368,5.414853
28460,2797731840,1.100113e+17,5.380909,5.414894
28470,2798714880,1.100499e+17,5.378752,5.413908
28480,2799697920,1.100886e+17,5.377920,5.415045
28490,2800680960,1.101273e+17,5.381683,5.413969
28500,2801664000,1.101659e+17,5.378866,5.412725
28510,2802647040,1.102046e+17,5.378745,5.412843
28520,2803630080,1.102432e+17,5.382505,5.412084
28530,2804613120,1.102819e+17,5.383436,5.411912
28540,2805596160,1.103205e+17,5.384597,5.413713
28550,2806579200,1.103592e+17,5.383297,5.412590
28560,2807562240,1.103978e+17,5.384980,5.413332
28570,2808545280,1.104365e+17,5.383345,5.414314
28580,2809528320,1.104751e+17,5.378770,5.411686
28590,2810511360,1.105138e+17,5.377158,5.409826
28600,2811494400,1.105525e+17,5.378809,5.410294
28610,2812477440,1.105911e+17,5.375203,5.411544
28620,2813460480,1.106298e+17,5.379075,5.410646
28630,2814443520,1.106684e+17,5.378385,5.412026
28640,2815426560,1.107071e+17,5.374057,5.411918
28650,2816409600,1.107457e+17,5.373265,5.411704
28660,2817392640,1.107844e+17,5.369125,5.409745
28670,2818375680,1.108230e+17,5.369044,5.411533
28680,2819358720,1.108617e+17,5.371606,5.410024
28690,2820341760,1.109004e+17,5.372497,5.410825
28700,2821324800,1.109390e+17,5.375130,5.410050
28710,2822307840,1.109777e+17,5.371414,5.409610
28720,2823290880,1.110163e+17,5.374588,5.409681
28730,2824273920,1.110550e+17,5.376207,5.409374
28740,2825256960,1.110936e+17,5.377733,5.409537
28750,2826240000,1.111323e+17,5.379400,5.409412
28760,2827223040,1.111709e+17,5.379995,5.409869
28770,2828206080,1.112096e+17,5.381449,5.407637
28780,2829189120,1.112482e+17,5.380228,5.407030
28790,2830172160,1.112869e+17,5.373296,5.407055
28800,2831155200,1.113256e+17,5.371801,5.407743
28810,2832138240,1.113642e+17,5.367703,5.410955
28820,2833121280,1.114029e+17,5.369401,5.409144
28830,2834104320,1.114415e+17,5.370953,5.408166
28840,2835087360,1.114802e+17,5.370011,5.407188
28850,2836070400,1.115188e+17,5.365826,5.407921
28860,2837053440,1.115575e+17,5.372649,5.406261
28870,2838036480,1.115961e+17,5.368120,5.405926
28880,2839019520,1.116348e+17,5.365324,5.404675
28890,2840002560,1.116734e+17,5.368259,5.405030
28900,2840985600,1.117121e+17,5.367097,5.405087
28910,2841968640,1.117508e+17,5.365586,5.405367
28920,2842951680,1.117894e+17,5.368400,5.404933
28930,2843934720,1.118281e+17,5.367015,5.404701
28940,2844917760,1.118667e+17,5.369218,5.403987
28950,2845900800,1.119054e+17,5.371622,5.403718
28960,2846883840,1.119440e+17,5.376751,5.404172
28970,2847866880,1.119827e+17,5.375551,5.405016
28980,2848849920,1.120213e+17,5.371537,5.404713
28990,2849832960,1.120600e+17,5.368388,5.403761
29000,2850816000,1.120986e+17,5.369254,5.402468
29010,2851799040,1.121373e+17,5.369505,5.404455
29020,2852782080,1.121760e+17,5.372731,5.405425
29030,2853765120,1.122146e+17,5.378860,5.403113
29040,2854748160,1.122533e+17,5.376663,5.402432
29050,2855731200,1.122919e+17,5.376367,5.403347
29060,2856714240,1.123306e+17,5.368407,5.404698
29070,2857697280,1.123692e+17,5.369417,5.403188
29080,2858680320,1.124079e+17,5.369104,5.402394
29090,2859663360,1.124465e+17,5.364196,5.402133
29100,2860646400,1.124852e+17,5.361972,5.402414
29110,2861629440,1.125238e+17,5.364018,5.406517
29120,2862612480,1.125625e+17,5.366376,5.403657
29130,2863595520,1.126012e+17,5.361553,5.401767
29140,2864578560,1.126398e+17,5.360179,5.399986
29150,2865561600,1.126785e+17,5.361420,5.399791
29160,2866544640,1.127171e+17,5.363245,5.398375
29170,2867527680,1.127558e+17,5.367658,5.399995
29180,2868510720,1.127944e+17,5.369437,5.400240
29190,2869493760,1.128331e+17,5.370001,5.399021
29200,2870476800,1.128717e+17,5.368050,5.398921
29210,2871459840,1.129104e+17,5.369965,5.397498
29220,2872442880,1.129490e+17,5.370222,5.399275
29230,2873425920,1.129877e+17,5.370474,5.398833
29240,2874408960,1.130264e+17,5.370044,5.397658
29250,2875392000,1.130650e+17,5.365475,5.397582
29260,2876375040,1.131037e+17,5.368598,5.397433
29270,2877358080,1.131423e+17,5.371898,5.398415
29280,2878341120,1.131810e+17,5.378947,5.397831
29290,2879324160,1.132196e+17,5.380413,5.397627
29300,2880307200,1.132583e+17,5.380280,5.398769
29310,2881290240,1.132969e+17,5.369565,5.396388
29320,2882273280,1.133356e+17,5.365484,5.396996
29330,2883256320,1.133743e+17,5.359597,5.398576
29340,2884239360,1.134129e+17,5.359070,5.396623
29350,2885222400,1.134516e+17,5.355502,5.396316
29360,2886205440,1.134902e+17,5.357412,5.396543
29370,2887188480,1.135289e+17,5.360398,5.396438
29380,2888171520,1.135675e+17,5.358701,5.397365
29390,2889154560,1.136062e+17,5.358941,5.395669
29400,2890137600,1.136448e+17,5.359409,5.396484
29410,2891120640,1.136835e+17,5.359385,5.397011
29420,2892103680,1.137221e+17,5.360534,5.394684
29430,2893086720,1.137608e+17,5.367664,5.393612
29440,2894069760,1.137995e+17,5.364484,5.394502
29450,2895052800,1.138381e+17,5.366637,5.395758
29460,2896035840,1.138768e+17,5.362792,5.394859
29470,2897018880,1.139154e+17,5.359515,5.395321
29480,2898001920,1.139541e+17,5.358995,5.395215
29490,2898984960,1.139927e+17,5.357350,5.394190
29500,2899968000,1.140314e+17,5.353476,5.393336
29510,2900951040,1.140700e+17,5.352253,5.393961
29520,2901934080,1.141087e+17,5.358574,5.393691
29530,2902917120,1.141473e+17,5.357322,5.392029
29540,2903900160,1.141860e+17,5.360372,5.392440
29550,2904883200,1.142247e+17,5.356708,5.392671
29560,2905866240,1.142633e+17,5.358554,5.393216
29570,2906849280,1.143020e+17,5.355223,5.392584
29580,2907832320,1.143406e+17,5.355924,5.392900
29590,2908815360,1.143793e+17,5.354508,5.390233
29600,2909798400,1.144179e+17,5.353509,5.390114
29610,2910781440,1.144566e+17,5.350068,5.390645
29620,2911764480,1.144952e+17,5.356486,5.392164
29630,2912747520,1.145339e+17,5.359276,5.391812
29640,2913730560,1.145725e+17,5.357473,5.392213
29650,2914713600,1.146112e+17,5.360434,5.391254
29660,2915696640,1.146499e+17,5.357161,5.391070
29670,2916679680,1.146885e+17,5.360121,5.389729
29680,2917662720,1.147272e+17,5.364872,5.390838
29690,2918645760,1.147658e+17,5.360317,5.388144
29700,2919628800,1.148045e+17,5.359516,5.388949
29710,2920611840,1.148431e+17,5.354517,5.388986
29720,2921594880,1.148818e+17,5.354682,5.387030
29730,2922577920,1.149204e+17,5.356988,5.385689
29740,2923560960,1.149591e+17,5.351933,5.386751
29750,2924544000,1.149977e+17,5.356132,5.387836
29760,2925527040,1.150364e+17,5.353999,5.387991
29770,2926510080,1.150751e+17,5.353520,5.387948
29780,2927493120,1.151137e+17,5.351079,5.387633
29790,2928476160,1.151524e+17,5.348664,5.386353
29800,2929459200,1.151910e+17,5.350628,5.385316
29810,2930442240,1.152297e+17,5.348143,5.385507
29820,2931425280,1.152683e+17,5.345627,5.385236
29830,2932408320,1.153070e+17,5.344722,5.384485
29840,2933391360,1.153456e+17,5.345107,5.386779
29850,2934374400,1.153843e+17,5.342002,5.387024
29860,2935357440,1.154230e+17,5.345468,5.386039
29870,2936340480,1.154616e+17,5.349786,5.385286
29880,2937323520,1.155003e+17,5.350969,5.384989
29890,2938306560,1.155389e+17,5.357173,5.385862
29900,2939289600,1.155776e+17,5.353767,5.385114
29910,2940272640,1.156162e+17,5.351620,5.384082
29920,2941255680,1.156549e+17,5.347316,5.384895
29930,2942238720,1.156935e+17,5.348131,5.385730
29940,2943221760,1.157322e+17,5.350074,5.384224
29950,2944204800,1.157708e+17,5.351830,5.383959
29960,2945187840,1.158095e+17,5.350803,5.384138
29970,2946170880,1.158482e+17,5.354442,5.382717
29980,2947153920,1.158868e+17,5.347958,5.382331
29990,2948136960,1.159255e+17,5.347016,5.383376
30000,2949120000,1.159641e+17,5.349244,5.381275
30010,2950103040,1.160028e+17,5.350443,5.382127
30020,2951086080,1.160414e+17,5.350420,5.383340
30030,2952069120,1.160801e+17,5.353654,5.382950
30040,2953052160,1.161187e+17,5.349253,5.381855
30050,2954035200,1.161574e+17,5.348035,5.380907
30060,2955018240,1.161960e+17,5.348981,5.380373
30070,2956001280,1.162347e+17,5.343604,5.381578
30080,2956984320,1.162734e+17,5.346860,5.382283
30090,2957967360,1.163120e+17,5.352367,5.381329
30100,2958950400,1.163507e+17,5.348611,5.383297
30110,2959933440,1.163893e+17,5.351111,5.381780
30120,2960916480,1.164280e+17,5.352659,5.381461
30130,2961899520,1.164666e+17,5.351848,5.381199
30140,2962882560,1.165053e+17,5.354957,5.381218
30150,2963865600,1.165439e+17,5.357866,5.380663
30160,2964848640,1.165826e+17,5.349489,5.379488
30170,2965831680,1.166212e+17,5.346884,5.379477
30180,2966814720,1.166599e+17,5.344148,5.380532
30190,2967797760,1.166986e+17,5.344168,5.381774
30200,2968780800,1.167372e+17,5.339573,5.378377
30210,2969763840,1.167759e+17,5.339354,5.377459
30220,2970746880,1.168145e+17,5.337791,5.377550
30230,2971729920,1.168532e+17,5.340046,5.378103
30240,2972712960,1.168918e+17,5.346807,5.376055
30250,2973696000,1.169305e+17,5.344856,5.376303
30260,2974679040,1.169691e+17,5.347740,5.375540
30270,2975662080,1.170078e+17,5.342809,5.376935
30280,2976645120,1.170464e+17,5.352099,5.376204
30290,2977628160,1.170851e+17,5.352352,5.377239
30300,2978611200,1.171238e+17,5.347073,5.377417
30310,2979594240,1.171624e+17,5.349779,5.377643
30320,2980577280,1.172011e+17,5.347027,5.378209
30330,2981560320,1.172397e+17,5.344944,5.378639
30340,2982543360,1.172784e+17,5.343800,5.376826
30350,2983526400,1.173170e+17,5.345044,5.375919
30360,2984509440,1.173557e+17,5.346557,5.375235
30370,2985492480,1.173943e+17,5.346525,5.375654
30380,2986475520,1.174330e+17,5.348510,5.376447
30390,2987458560,1.174717e+17,5.349555,5.376898
30400,2988441600,1.175103e+17,5.351245,5.376122
30410,2989424640,1.175490e+17,5.347049,5.375853
30420,2990407680,1.175876e+17,5.344346,5.374408
30430,2991390720,1.176263e+17,5.347877,5.375278
30440,2992373760,1.176649e+17,5.344502,5.376446
30450,2993356800,1.177036e+17,5.340470,5.373529
30460,2994339840,1.177422e+17,5.340406,5.373992
30470,2995322880,1.177809e+17,5.339028,5.373568
30480,2996305920,1.178195e+17,5.336278,5.374223
30490,2997288960,1.178582e+17,5.337962,5.372707
30500,2998272000,1.178969e+17,5.334945,5.371031
30510,2999255040,1.179355e+17,5.339289,5.372278
30520,3000238080,1.179742e+17,5.338313,5.372291
30530,3001221120,1.180128e+17,5.340435,5.371330
30540,3002204160,1.180515e+17,5.338971,5.372313
30550,3003187200,1.180901e+17,5.335101,5.371953
30560,3004170240,1.181288e+17,5.337461,5.370910
30570,3005153280,1.181674e+17,5.339009,5.372145
30580,3006136320,1.182061e+17,5.337218,5.372283
30590,3007119360,1.182447e+17,5.338278,5.373259
30600,3008102400,1.182834e+17,5.337671,5.371610
30610,3009085440,1.183221e+17,5.334651,5.371291
30620,3010068480,1.183607e+17,5.340065,5.371332
30630,3011051520,1.183994e+17,5.339464,5.371618
30640,3012034560,1.184380e+17,5.339497,5.372644
30650,3013017600,1.184767e+17,5.334619,5.371284
30660,3014000640,1.185153e+17,5.334530,5.371118
30670,3014983680,1.185540e+17,5.335858,5.370895
30680,3015966720,1.185926e+17,5.330718,5.371215
30690,3016949760,1.186313e+17,5.336554,5.369099
30700,3017932800,1.186699e+17,5.337494,5.369167
30710,3018915840,1.187086e+17,5.338947,5.368934
30720,3019898880,1.187473e+17,5.340747,5.370794
30730,3020881920,1.187859e+17,5.342883,5.370201
30740,3021864960,1.188246e+17,5.339634,5.367749
30750,3022848000,1.188632e+17,5.338781,5.369368
30760,3023831040,1.189019e+17,5.339459,5.369285
30770,3024814080,1.189405e+17,5.338809,5.369083
30780,3025797120,1.189792e+17,5.335211,5.367940
30790,3026780160,1.190178e+17,5.337545,5.367482
30800,3027763200,1.190565e+17,5.337259,5.366761
30810,3028746240,1.190951e+17,5.340368,5.366732
30820,3029729280,1.191338e+17,5.339285,5.366697
30830,3030712320,1.191725e+17,5.336687,5.367015
30840,3031695360,1.192111e+17,5.334906,5.366160
30850,3032678400,1.192498e+17,5.335840,5.366500
30860,3033661440,1.192884e+17,5.337018,5.365749
30870,3034644480,1.193271e+17,5.335378,5.366018
30880,3035627520,1.193657e+17,5.337658,5.365325
30890,3036610560,1.194044e+17,5.337345,5.366394
30900,3037593600,1.194430e+17,5.341481,5.366309
30910,3038576640,1.194817e+17,5.338781,5.365398
30920,3039559680,1.195203e+17,5.337458,5.366100
30930,3040542720,1.195590e+17,5.333882,5.364649
30940,3041525760,1.195977e+17,5.334451,5.364507
30950,3042508800,1.196363e+17,5.330052,5.365335
30960,3043491840,1.196750e+17,5.338378,5.365412
30970,3044474880,1.197136e+17,5.338501,5.365615
30980,3045457920,1.197523e+17,5.329470,5.364657
30990,3046440960,1.197909e+17,5.330792,5.364313
31000,3047424000,1.198296e+17,5.333826,5.365064
31010,3048407040,1.198682e+17,5.334282,5.364817
31020,3049390080,1.199069e+17,5.336100,5.364367
31030,3050373120,1.199456e+17,5.336915,5.363361
31040,3051356160,1.199842e+17,5.334025,5.363482
31050,3052339200,1.200229e+17,5.335179,5.364618
31060,3053322240,1.200615e+17,5.335593,5.364408
31070,3054305280,1.201002e+17,5.336638,5.362790
31080,3055288320,1.201388e+17,5.336835,5.363503
31090,3056271360,1.201775e+17,5.341573,5.362793
31100,3057254400,1.202161e+17,5.338238,5.363476
31110,3058237440,1.202548e+17,5.336912,5.364135
31120,3059220480,1.202934e+17,5.334346,5.363376
31130,3060203520,1.203321e+17,5.329782,5.364268
31140,3061186560,1.203708e+17,5.333763,5.362169
31150,3062169600,1.204094e+17,5.331111,5.360396
31160,3063152640,1.204481e+17,5.336783,5.361846
31170,3064135680,1.204867e+17,5.334848,5.362447
31180,3065118720,1.205254e+17,5.334543,5.362202
31190,3066101760,1.205640e+17,5.334633,5.362620
31200,3067084800,1.206027e+17,5.336662,5.363941
31210,3068067840,1.206413e+17,5.332533,5.362627
31220,3069050880,1.206800e+17,5.328942,5.360250
31230,3070033920,1.207186e+17,5.325491,5.360541
31240,3071016960,1.207573e+17,5.323195,5.359868
31250,3072000000,1.207960e+17,5.322088,5.359145
31260,3072983040,1.208346e+17,5.320983,5.359563
31270,3073966080,1.208733e+17,5.323394,5.358081
31280,3074949120,1.209119e+17,5.327293,5.357535
31290,3075932160,1.209506e+17,5.326710,5.359062
31300,3076915200,1.209892e+17,5.327065,5.357220
31310,3077898240,1.210279e+17,5.325467,5.357310
31320,3078881280,1.210665e+17,5.324152,5.356954
31330,3079864320,1.211052e+17,5.327861,5.357877
31340,3080847360,1.211438e+17,5.329790,5.356753
31350,3081830400,1.211825e+17,5.324546,5.357002
31360,3082813440,1.212212e+17,5.324338,5.356675
31370,3083796480,1.212598e+17,5.325837,5.356831
31380,3084779520,1.212985e+17,5.322331,5.356699
31390,3085762560,1.213371e+17,5.319018,5.355094
31400,3086745600,1.213758e+17,5.319026,5.357120
31410,3087728640,1.214144e+17,5.318212,5.356617
31420,3088711680,1.214531e+17,5.319784,5.356283
31430,3089694720,1.214917e+17,5.321494,5.355917
31440,3090677760,1.215304e+17,5.328902,5.356832
31450,3091660800,1.215690e+17,5.336024,5.355968
31460,3092643840,1.216077e+17,5.330431,5.355187
31470,3093626880,1.216464e+17,5.327521,5.355679
31480,3094609920,1.216850e+17,5.327257,5.354220
31490,3095592960,1.217237e+17,5.326622,5.354645
31500,3096576000,1.217623e+17,5.325527,5.354411
31510,3097559040,1.218010e+17,5.329237,5.355231
31520,3098542080,1.218396e+17,5.328906,5.354052
31530,3099525120,1.218783e+17,5.331073,5.354047
31540,3100508160,1.219169e+17,5.329314,5.354244
31550,3101491200,1.219556e+17,5.330127,5.354166
31560,3102474240,1.219943e+17,5.330160,5.353484
31570,3103457280,1.220329e+17,5.329117,5.354512
31580,3104440320,1.220716e+17,5.326430,5.355733
31590,3105423360,1.221102e+17,5.326406,5.353717
31600,3106406400,1.221489e+17,5.325724,5.354194
31610,3107389440,1.221875e+17,5.326772,5.352546
31620,3108372480,1.222262e+17,5.319283,5.353250
31630,3109355520,1.222648e+17,5.316372,5.351069
31640,3110338560,1.223035e+17,5.315970,5.353271
31650,3111321600,1.223421e+17,5.313719,5.353232
31660,3112304640,1.223808e+17,5.312126,5.352868
31670,3113287680,1.224195e+17,5.312371,5.351490
31680,3114270720,1.224581e+17,5.310563,5.350894
31690,3115253760,1.224968e+17,5.312189,5.350921
31700,3116236800,1.225354e+17,5.314344,5.350425
31710,3117219840,1.225741e+17,5.320235,5.350840
31720,3118202880,1.226127e+17,5.322400,5.350348
31730,3119185920,1.226514e+17,5.317029,5.350219
31740,3120168960,1.226900e+17,5.323492,5.349697
31750,3121152000,1.227287e+17,5.324856,5.350250
31760,3122135040,1.227673e+17,5.321322,5.349662
31770,3123118080,1.228060e+17,5.325115,5.350079
31780,3124101120,1.228447e+17,5.318345,5.347913
31790,3125084160,1.228833e+17,5.316431,5.349139
31800,3126067200,1.229220e+17,5.313950,5.348638
31810,3127050240,1.229606e+17,5.309369,5.349427
31820,3128033280,1.229993e+17,5.306963,5.348398
31830,3129016320,1.230379e+17,5.309613,5.348802
31840,3129999360,1.230766e+17,5.304163,5.350202
31850,3130982400,1.231152e+17,5.309325,5.348326
31860,3131965440,1.231539e+17,5.315400,5.349680
31870,3132948480,1.231925e+17,5.319037,5.347994
31880,3133931520,1.232312e+17,5.319021,5.346849
31890,3134914560,1.232699e+17,5.320583,5.346475
31900,3135897600,1.233085e+17,5.318868,5.347040
31910,3136880640,1.233472e+17,5.318680,5.345205
31920,3137863680,1.233858e+17,5.322668,5.345152
31930,3138846720,1.234245e+17,5.318342,5.346079
31940,3139829760,1.234631e+17,5.315691,5.346720
31950,3140812800,1.235018e+17,5.313689,5.346118
31960,3141795840,1.235404e+17,5.311651,5.345263
31970,3142778880,1.235791e+17,5.313245,5.345181
31980,3143761920,1.236177e+17,5.314491,5.345113
31990,3144744960,1.236564e+17,5.312864,5.344911
32000,3145728000,1.236951e+17,5.307896,5.345223
32010,3146711040,1.237337e+17,5.304885,5.345495
32020,3147694080,1.237724e+17,5.301941,5.346250
32030,3148677120,1.238110e+17,5.305913,5.344561
32040,3149660160,1.238497e+17,5.307919,5.346105
32050,3150643200,1.238883e+17,5.310777,5.346518
32060,3151626240,1.239270e+17,5.308553,5.344606
32070,3152609280,1.239656e+17,5.309630,5.344329
32080,3153592320,1.240043e+17,5.308301,5.343755
32090,3154575360,1.240430e+17,5.309102,5.343035
32100,3155558400,1.240816e+17,5.315416,5.343372
32110,3156541440,1.241203e+17,5.317719,5.342326
32120,3157524480,1.241589e+17,5.314803,5.343136
32130,3158507520,1.241976e+17,5.315415,5.343713
32140,3159490560,1.242362e+17,5.315077,5.342268
32150,3160473600,1.242749e+17,5.312111,5.341589
32160,3161456640,1.243135e+17,5.313487,5.341966
32170,3162439680,1.243522e+17,5.317166,5.341685
32180,3163422720,1.243908e+17,5.315209,5.340813
32190,3164405760,1.244295e+17,5.316179,5.340613
32200,3165388800,1.244682e+17,5.318086,5.340825
32210,3166371840,1.245068e+17,5.314802,5.339818
32220,3167354880,1.245455e+17,5.316310,5.340755
32230,3168337920,1.245841e+17,5.311760,5.340799
32240,3169320960,1.246228e+17,5.315724,5.343050
32250,3170304000,1.246614e+17,5.307572,5.342626
32260,3171287040,1.247001e+17,5.305124,5.341927
32270,3172270080,1.247387e+17,5.305629,5.340941
32280,3173253120,1.247774e+17,5.300104,5.340277
32290,3174236160,1.248160e+17,5.302342,5.340754
32300,3175219200,1.248547e+17,5.300922,5.340170
32310,3176202240,1.248934e+17,5.304301,5.341141
32320,3177185280,1.249320e+17,5.303965,5.341655
32330,3178168320,1.249707e+17,5.307005,5.342741
32340,3179151360,1.250093e+17,5.304234,5.341378
32350,3180134400,1.250480e+17,5.303463,5.340831
32360,3181117440,1.250866e+17,5.301112,5.338748
32370,3182100480,1.251253e+17,5.305797,5.340295
32380,3183083520,1.251639e+17,5.300783,5.340721
32390,3184066560,1.252026e+17,5.302847,5.339029
32400,3185049600,1.252412e+17,5.304220,5.337671
32410,3186032640,1.252799e+17,5.298003,5.338348
32420,3187015680,1.253186e+17,5.295925,5.338328
32430,3187998720,1.253572e+17,5.304682,5.337931
32440,3188981760,1.253959e+17,5.297975,5.337742
32450,3189964800,1.254345e+17,5.301001,5.337794
32460,3190947840,1.254732e+17,5.301083,5.337762
32470,3191930880,1.255118e+17,5.303706,5.338790
32480,3192913920,1.255505e+17,5.306407,5.337838
32490,3193896960,1.255891e+17,5.304448,5.339593
32500,3194880000,1.256278e+17,5.304696,5.339498
32510,3195863040,1.256664e+17,5.304499,5.338504
32520,3196846080,1.257051e+17,5.307404,5.338045
32530,3197829120,1.257438e+17,5.305601,5.337181
32540,3198812160,1.257824e+17,5.305085,5.336123
32550,3199795200,1.258211e+17,5.309542,5.336577
32560,3200778240,1.258597e+17,5.305239,5.334938
32570,3201761280,1.258984e+17,5.302983,5.335670
32580,3202744320,1.259370e+17,5.301751,5.335907
32590,3203727360,1.259757e+17,5.302331,5.336258
32600,3204710400,1.260143e+17,5.304189,5.336523
32610,3205693440,1.260530e+17,5.303163,5.336161
32620,3206676480,1.260916e+17,5.304341,5.335551
32630,3207659520,1.261303e+17,5.303467,5.335812
32640,3208642560,1.261690e+17,5.304781,5.336261
32650,3209625600,1.262076e+17,5.301845,5.335393
32660,3210608640,1.262463e+17,5.300217,5.335004
32670,3211591680,1.262849e+17,5.294259,5.333993
32680,3212574720,1.263236e+17,5.298445,5.333931
32690,3213557760,1.263622e+17,5.302114,5.333659
32700,3214540800,1.264009e+17,5.302711,5.334146
32710,3215523840,1.264395e+17,5.307310,5.333434
32720,3216506880,1.264782e+17,5.303721,5.332990
32730,3217489920,1.265169e+17,5.299462,5.333436
32740,3218472960,1.265555e+17,5.302487,5.333365
32750,3219456000,1.265942e+17,5.305719,5.333973
32760,3220439040,1.266328e+17,5.304163,5.333081
32770,3221422080,1.266715e+17,5.304321,5.332417
32780,3222405120,1.267101e+17,5.303254,5.333499
32790,3223388160,1.267488e+17,5.301091,5.332561
32800,3224371200,1.267874e+17,5.300973,5.333377
32810,3225354240,1.268261e+17,5.297609,5.332254
32820,3226337280,1.268647e+17,5.300034,5.331598
32830,3227320320,1.269034e+17,5.302627,5.331898
32840,3228303360,1.269421e+17,5.299214,5.331473
32850,3229286400,1.269807e+17,5.298972,5.331487
32860,3230269440,1.270194e+17,5.304513,5.332809
32870,3231252480,1.270580e+17,5.302109,5.333504
32880,3232235520,1.270967e+17,5.300199,5.332573
32890,3233218560,1.271353e+17,5.302564,5.331261
32900,3234201600,1.271740e+17,5.294876,5.332462
32910,3235184640,1.272126e+17,5.293082,5.332483
32920,3236167680,1.272513e+17,5.296464,5.331890
32930,3237150720,1.272899e+17,5.293653,5.331794
32940,3238133760,1.273286e+17,5.297563,5.331343
32950,3239116800,1.273673e+17,5.298717,5.331391
32960,3240099840,1.274059e+17,5.302075,5.332110
32970,3241082880,1.274446e+17,5.302856,5.332659
32980,3242065920,1.274832e+17,5.298296,5.330096
32990,3243048960,1.275219e+17,5.301373,5.327394
33000,3244032000,1.275605e+17,5.303818,5.328974
33010,3245015040,1.275992e+17,5.302818,5.327813
33020,3245998080,1.276378e+17,5.307339,5.328604
33030,3246981120,1.276765e+17,5.304318,5.326647
33040,3247964160,1.277151e+17,5.308539,5.327642
33050,3248947200,1.277538e+17,5.299545,5.328638
33060,3249930240,1.277925e+17,5.294130,5.328161
33070,3250913280,1.278311e+17,5.288674,5.327611
33080,3251896320,1.278698e+17,5.284221,5.328155
33090,3252879360,1.279084e+17,5.285445,5.326553
33100,3253862400,1.279471e+17,5.286082,5.326536
33110,3254845440,1.279857e+17,5.281761,5.329349
33120,3255828480,1.280244e+17,5.284694,5.327490
33130,3256811520,1.280630e+17,5.281404,5.326866
33140,3257794560,1.281017e+17,5.283694,5.327585
33150,3258777600,1.281403e+17,5.285633,5.327138
33160,3259760640,1.281790e+17,5.284884,5.327341
33170,3260743680,1.282177e+17,5.285809,5.327107
33180,3261726720,1.282563e+17,5.281541,5.325387
33190,3262709760,1.282950e+17,5.280951,5.326881
33200,3263692800,1.283336e+17,5.282267,5.328647
33210,3264675840,1.283723e+17,5.283770,5.325424
33220,3265658880,1.284109e+17,5.289162,5.324758
33230,3266641920,1.284496e+17,5.285548,5.324807
33240,3267624960,1.284882e+17,5.280798,5.326307
33250,3268608000,1.285269e+17,5.287995,5.325263
33260,3269591040,1.285656e+17,5.288280,5.325366
33270,3270574080,1.286042e+17,5.286630,5.325848
33280,3271557120,1.286429e+17,5.282021,5.325036
33290,3272540160,1.286815e+17,5.287204,5.325870
33300,3273523200,1.287202e+17,5.288102,5.326007
33310,3274506240,1.287588e+17,5.289634,5.327205
33320,3275489280,1.287975e+17,5.291554,5.325767
33330,3276472320,1.288361e+17,5.295207,5.325182
33340,3277455360,1.288748e+17,5.298800,5.325131
33350,3278438400,1.289134e+17,5.297323,5.324172
33360,3279421440,1.289521e+17,5.298813,5.322701
33370,3280404480,1.289908e+17,5.294067,5.323362
33380,3281387520,1.290294e+17,5.292882,5.324305
33390,3282370560,1.290681e+17,5.293758,5.322909
33400,3283353600,1.291067e+17,5.285020,5.322406
33410,3284336640,1.291454e+17,5.284100,5.323435
33420,3285319680,1.291840e+17,5.292344,5.323279
33430,3286302720,1.292227e+17,5.290221,5.323268
33440,3287285760,1.292613e+17,5.287839,5.322779
33450,3288268800,1.293000e+17,5.289998,5.323595
33460,3289251840,1.293386e+17,5.293444,5.323957
33470,3290234880,1.293773e+17,5.291945,5.323139
33480,3291217920,1.294160e+17,5.290441,5.323272
33490,3292200960,1.294546e+17,5.287457,5.321607
33500,3293184000,1.294933e+17,5.285493,5.321252
33510,3294167040,1.295319e+17,5.285167,5.322072
33520,3295150080,1.295706e+17,5.284838,5.322735
33530,3296133120,1.296092e+17,5.288238,5.322269
33540,3297116160,1.296479e+17,5.287309,5.320740
33550,3298099200,1.296865e+17,5.284829,5.320771
33560,3299082240,1.297252e+17,5.282857,5.320596
33570,3300065280,1.297638e+17,5.280321,5.319442
33580,3301048320,1.298025e+17,5.283713,5.320762
33590,3302031360,1.298412e+17,5.280212,5.319976
33600,3303014400,1.298798e+17,5.279586,5.320781
33610,3303997440,1.299185e+17,5.281099,5.320589
33620,3304980480,1.299571e+17,5.285606,5.320950
33630,3305963520,1.299958e+17,5.285511,5.319257
33640,3306946560,1.300344e+17,5.283432,5.319865
33650,3307929600,1.300731e+17,5.285060,5.320692
33660,3308912640,1.301117e+17,5.286134,5.318724
33670,3309895680,1.301504e+17,5.282436,5.317557
33680,3310878720,1.301890e+17,5.279499,5.318086
33690,3311861760,1.302277e+17,5.283422,5.319029
33700,3312844800,1.302664e+17,5.286056,5.317836
33710,3313827840,1.303050e+17,5.285168,5.318488
33720,3314810880,1.303437e+17,5.284405,5.318107
33730,3315793920,1.303823e+17,5.281944,5.318299
33740,3316776960,1.304210e+17,5.280869,5.318854
33750,3317760000,1.304596e+17,5.283469,5.317662
33760,3318743040,1.304983e+17,5.281470,5.317719
33770,3319726080,1.305369e+17,5.282370,5.317831
33780,3320709120,1.305756e+17,5.279876,5.317523
33790,3321692160,1.306143e+17,5.279123,5.317036
33800,3322675200,1.306529e+17,5.283795,5.317879
33810,3323658240,1.306916e+17,5.284978,5.316912
33820,3324641280,1.307302e+17,5.286537,5.316429
33830,3325624320,1.307689e+17,5.286260,5.315909
33840,3326607360,1.308075e+17,5.284033,5.316414
33850,3327590400,1.308462e+17,5.285339,5.316517
33860,3328573440,1.308848e+17,5.283836,5.315144
33870,3329556480,1.309235e+17,5.287396,5.315303
33880,3330539520,1.309621e+17,5.284400,5.314744
33890,3331522560,1.310008e+17,5.284378,5.315960
33900,3332505600,1.310395e+17,5.281719,5.314197
33910,3333488640,1.310781e+17,5.277778,5.314872
33920,3334471680,1.311168e+17,5.273117,5.314815
33930,3335454720,1.311554e+17,5.278361,5.315515
33940,3336437760,1.311941e+17,5.281166,5.315692
33950,3337420800,1.312327e+17,5.282427,5.315019
33960,3338403840,1.312714e+17,5.274905,5.314648
33970,3339386880,1.313100e+17,5.275489,5.314916
33980,3340369920,1.313487e+17,5.277044,5.313994
33990,3341352960,1.313873e+17,5.275222,5.314030
34000,3342336000,1.314260e+17,5.274401,5.314545
34010,3343319040,1.314647e+17,5.281182,5.314360
34020,3344302080,1.315033e+17,5.280615,5.314306
34030,3345285120,1.315420e+17,5.283302,5.313844
34040,3346268160,1.315806e+17,5.288403,5.313866
34050,3347251200,1.316193e+17,5.288061,5.312517
34060,3348234240,1.316579e+17,5.287646,5.314428
34070,3349217280,1.316966e+17,5.288780,5.314228
34080,3350200320,1.317352e+17,5.291067,5.312296
34090,3351183360,1.317739e+17,5.293591,5.312420
34100,3352166400,1.318125e+17,5.291948,5.312816
34110,3353149440,1.318512e+17,5.293552,5.313088
34120,3354132480,1.318899e+17,5.290480,5.311726
34130,3355115520,1.319285e+17,5.286584,5.312700
34140,3356098560,1.319672e+17,5.284216,5.313673
34150,3357081600,1.320058e+17,5.282971,5.311417
34160,3358064640,1.320445e+17,5.286762,5.310535
34170,3359047680,1.320831e+17,5.282863,5.311507
34180,3360030720,1.321218e+17,5.284590,5.311772
34190,3361013760,1.321604e+17,5.283511,5.311545
34200,3361996800,1.321991e+17,5.285851,5.310723
34210,3362979840,1.322377e+17,5.289450,5.311256
34220,3363962880,1.322764e+17,5.285922,5.312200
34230,3364945920,1.323151e+17,5.285122,5.311734
34240,3365928960,1.323537e+17,5.287680,5.312865
34250,3366912000,1.323924e+17,5.289416,5.310729
34260,3367895040,1.324310e+17,5.285992,5.310974
34270,3368878080,1.324697e+17,5.288243,5.308881
34280,3369861120,1.325083e+17,5.285912,5.308183
34290,3370844160,1.325470e+17,5.289122,5.308707
34300,3371827200,1.325856e+17,5.286019,5.308724
34310,3372810240,1.326243e+17,5.286952,5.309349
34320,3373793280,1.326629e+17,5.283585,5.310425
34330,3374776320,1.327016e+17,5.280124,5.308462
34340,3375759360,1.327403e+17,5.279061,5.308270
34350,3376742400,1.327789e+17,5.277377,5.308908
34360,3377725440,1.328176e+17,5.274319,5.306792
34370,3378708480,1.328562e+17,5.274622,5.307120
34380,3379691520,1.328949e+17,5.275119,5.307165
34390,3380674560,1.329335e+17,5.267011,5.306790
34400,3381657600,1.329722e+17,5.266157,5.306966
34410,3382640640,1.330108e+17,5.266128,5.307153
34420,3383623680,1.330495e+17,5.269417,5.307171
34430,3384606720,1.330882e+17,5.271416,5.306580
34440,3385589760,1.331268e+17,5.268439,5.307416
34450,3386572800,1.331655e+17,5.274024,5.307659
34460,3387555840,1.332041e+17,5.273630,5.306582
34470,3388538880,1.332428e+17,5.269181,5.305925
34480,3389521920,1.332814e+17,5.271334,5.306032
34490,3390504960,1.333201e+17,5.268518,5.306576
34500,3391488000,1.333587e+17,5.272373,5.306037
34510,3392471040,1.333974e+17,5.271902,5.306320
34520,3393454080,1.334360e+17,5.270662,5.305412
34530,3394437120,1.334747e+17,5.267137,5.304805
34540,3395420160,1.335134e+17,5.266663,5.305486
34550,3396403200,1.335520e+17,5.264538,5.305844
34560,3397386240,1.335907e+17,5.259767,5.305013
34570,3398369280,1.336293e+17,5.262760,5.305276
34580,3399352320,1.336680e+17,5.266321,5.305214
34590,3400335360,1.337066e+17,5.266948,5.304746
34600,3401318400,1.337453e+17,5.268957,5.304704
34610,3402301440,1.337839e+17,5.263490,5.303824
34620,3403284480,1.338226e+17,5.263228,5.303782
34630,3404267520,1.338612e+17,5.265176,5.304169
34640,3405250560,1.338999e+17,5.265793,5.303839
34650,3406233600,1.339386e+17,5.266444,5.303702
34660,3407216640,1.339772e+17,5.270724,5.303363
34670,3408199680,1.340159e+17,5.275736,5.304585
34680,3409182720,1.340545e+17,5.273645,5.304148
34690,3410165760,1.340932e+17,5.274192,5.303450
34700,3411148800,1.341318e+17,5.273134,5.302819
34710,3412131840,1.341705e+17,5.271621,5.304376
34720,3413114880,1.342091e+17,5.268160,5.303227
34730,3414097920,1.342478e+17,5.270680,5.304200
34740,3415080960,1.342864e+17,5.269602,5.303399
34750,3416064000,1.343251e+17,5.270730,5.303779
34760,3417047040,1.343638e+17,5.271916,5.301925
34770,3418030080,1.344024e+17,5.275712,5.302945
34780,3419013120,1.344411e+17,5.276278,5.301937
34790,3419996160,1.344797e+17,5.275782,5.302688
34800,3420979200,1.345184e+17,5.279238,5.302937
34810,3421962240,1.345570e+17,5.275510,5.302332
34820,3422945280,1.345957e+17,5.276529,5.302021
34830,3423928320,1.346343e+17,5.269800,5.303674
34840,3424911360,1.346730e+17,5.267764,5.303080
34850,3425894400,1.347116e+17,5.266892,5.302523
34860,3426877440,1.347503e+17,5.266956,5.302826
34870,3427860480,1.347890e+17,5.269858,5.302488
34880,3428843520,1.348276e+17,5.265399,5.302474
34890,3429826560,1.348663e+17,5.271855,5.299880
34900,3430809600,1.349049e+17,5.273649,5.300497
34910,3431792640,1.349436e+17,5.274853,5.299198
34920,3432775680,1.349822e+17,5.271933,5.299685
34930,3433758720,1.350209e+17,5.275641,5.301186
34940,3434741760,1.350595e+17,5.274435,5.299268
34950,3435724800,1.350982e+17,5.279866,5.300800
34960,3436707840,1.351369e+17,5.278445,5.300213
34970,3437690880,1.351755e+17,5.279130,5.299874
34980,3438673920,1.352142e+17,5.274473,5.300592
34990,3439656960,1.352528e+17,5.267934,5.300329
35000,3440640000,1.352915e+17,5.271423,5.300204
35010,3441623040,1.353301e+17,5.274157,5.299702
35020,3442606080,1.353688e+17,5.267715,5.300433
35030,3443589120,1.354074e+17,5.268371,5.299359
35040,3444572160,1.354461e+17,5.270384,5.298962
35050,3445555200,1.354847e+17,5.268695,5.299195
35060,3446538240,1.355234e+17,5.270052,5.300398
35070,3447521280,1.355621e+17,5.264779,5.300291
35080,3448504320,1.356007e+17,5.268393,5.298868
35090,3449487360,1.356394e+17,5.263278,5.299022
35100,3450470400,1.356780e+17,5.262559,5.298775
35110,3451453440,1.357167e+17,5.261169,5.298370
35120,3452436480,1.357553e+17,5.263952,5.298373
35130,3453419520,1.357940e+17,5.262222,5.299059
35140,3454402560,1.358326e+17,5.259411,5.298370
35150,3455385600,1.358713e+17,5.261262,5.298574
35160,3456368640,1.359099e+17,5.265354,5.298157
35170,3457351680,1.359486e+17,5.271216,5.298929
35180,3458334720,1.359873e+17,5.271648,5.297166
35190,3459317760,1.360259e+17,5.271510,5.296962
35200,3460300800,1.360646e+17,5.273660,5.296337
35210,3461283840,1.361032e+17,5.270781,5.296772
35220,3462266880,1.361419e+17,5.269538,5.297125
35230,3463249920,1.361805e+17,5.265589,5.296785
35240,3464232960,1.362192e+17,5.261280,5.296150
35250,3465216000,1.362578e+17,5.260199,5.295571
35260,3466199040,1.362965e+17,5.259167,5.295258
35270,3467182080,1.363351e+17,5.262830,5.295810
35280,3468165120,1.363738e+17,5.266348,5.294875
35290,3469148160,1.364125e+17,5.267878,5.294386
35300,3470131200,1.364511e+17,5.270029,5.295055
35310,3471114240,1.364898e+17,5.267907,5.295005
35320,3472097280,1.365284e+17,5.263581,5.295530
35330,3473080320,1.365671e+17,5.264050,5.295636
35340,3474063360,1.366057e+17,5.267092,5.294856
35350,3475046400,1.366444e+17,5.267021,5.294349
35360,3476029440,1.366830e+17,5.268159,5.294531
35370,3477012480,1.367217e+17,5.267881,5.295274
35380,3477995520,1.367603e+17,5.273579,5.295602
35390,3478978560,1.367990e+17,5.266763,5.295722
35400,3479961600,1.368377e+17,5.263879,5.294843
35410,3480944640,1.368763e+17,5.264415,5.295238
35420,3481927680,1.369150e+17,5.262017,5.294425
35430,3482910720,1.369536e+17,5.264385,5.293240
35440,3483893760,1.369923e+17,5.262913,5.292860
35450,3484876800,1.370309e+17,5.261942,5.292868
35460,3485859840,1.370696e+17,5.261916,5.292792
35470,3486842880,1.371082e+17,5.255708,5.292517
35480,3487825920,1.371469e+17,5.258772,5.292089
35490,3488808960,1.371856e+17,5.260515,5.291927
35500,3489792000,1.372242e+17,5.257109,5.292674
35510,3490775040,1.372629e+17,5.256528,5.292715
35520,3491758080,1.373015e+17,5.260703,5.292518
35530,3492741120,1.373402e+17,5.257037,5.292590
35540,3493724160,1.373788e+17,5.260788,5.292112
35550,3494707200,1.374175e+17,5.257943,5.291289
35560,3495690240,1.374561e+17,5.254335,5.291243
35570,3496673280,1.374948e+17,5.252495,5.291154
35580,3497656320,1.375334e+17,5.247710,5.290105
35590,3498639360,1.375721e+17,5.250761,5.291160
35600,3499622400,1.376108e+17,5.249319,5.291261
35610,3500605440,1.376494e+17,5.247059,5.291021
35620,3501588480,1.376881e+17,5.248562,5.291273
35630,3502571520,1.377267e+17,5.246928,5.290564
35640,3503554560,1.377654e+17,5.252499,5.291958
35650,3504537600,1.378040e+17,5.254909,5.292075
35660,3505520640,1.378427e+17,5.256356,5.290374
35670,3506503680,1.378813e+17,5.256420,5.290391
35680,3507486720,1.379200e+17,5.254165,5.291050
35690,3508469760,1.379586e+17,5.261125,5.289145
35700,3509452800,1.379973e+17,5.258962,5.289568
35710,3510435840,1.380360e+17,5.262727,5.289131
35720,3511418880,1.380746e+17,5.264292,5.288985
35730,3512401920,1.381133e+17,5.262675,5.288473
35740,3513384960,1.381519e+17,5.257978,5.287825
35750,3514368000,1.381906e+17,5.258436,5.288681
35760,3515351040,1.382292e+17,5.258785,5.290163
35770,3516334080,1.382679e+17,5.257465,5.288918
35780,3517317120,1.383065e+17,5.258998,5.287537
35790,3518300160,1.383452e+17,5.257167,5.289000
35800,3519283200,1.383838e+17,5.260387,5.288548
35810,3520266240,1.384225e+17,5.260893,5.286933
35820,3521249280,1.384612e+17,5.256404,5.288259
35830,3522232320,1.384998e+17,5.256410,5.287839
35840,3523215360,1.385385e+17,5.255390,5.288348
35850,3524198400,1.385771e+17,5.258386,5.287788
35860,3525181440,1.386158e+17,5.255430,5.286745
35870,3526164480,1.386544e+17,5.252509,5.286791
35880,3527147520,1.386931e+17,5.245732,5.286867
35890,3528130560,1.387317e+17,5.247528,5.287025
35900,3529113600,1.387704e+17,5.249555,5.286304
35910,3530096640,1.388090e+17,5.243522,5.287491
35920,3531079680,1.388477e+17,5.245688,5.288093
35930,3532062720,1.388864e+17,5.246791,5.287028
35940,3533045760,1.389250e+17,5.248558,5.286478
35950,3534028800,1.389637e+17,5.248007,5.286333
35960,3535011840,1.390023e+17,5.246153,5.286549
35970,3535994880,1.390410e+17,5.242755,5.286169
35980,3536977920,1.390796e+17,5.246697,5.285617
35990,3537960960,1.391183e+17,5.248171,5.285338
36000,3538944000,1.391569e+17,5.248626,5.286022
36010,3539927040,1.391956e+17,5.251623,5.285563
36020,3540910080,1.392342e+17,5.250683,5.285504
36030,3541893120,1.392729e+17,5.251035,5.285934
36040,3542876160,1.393116e+17,5.253048,5.285496
36050,3543859200,1.393502e+17,5.248359,5.286611
36060,3544842240,1.393889e+17,5.251029,5.285091
36070,3545825280,1.394275e+17,5.252656,5.286631
36080,3546808320,1.394662e+17,5.258767,5.284229
36090,3547791360,1.395048e+17,5.263594,5.285246
36100,3548774400,1.395435e+17,5.259110,5.285290
36110,3549757440,1.395821e+17,5.255654,5.284513
36120,3550740480,1.396208e+17,5.259219,5.285121
36130,3551723520,1.396595e+17,5.258325,5.284209
36140,3552706560,1.396981e+17,5.261314,5.282796
36150,3553689600,1.397368e+17,5.259496,5.283876
36160,3554672640,1.397754e+17,5.251302,5.283979
36170,3555655680,1.398141e+17,5.250012,5.283667
36180,3556638720,1.398527e+17,5.249021,5.283256
36190,3557621760,1.398914e+17,5.251131,5.284900
36200,3558604800,1.399300e+17,5.250070,5.284713
36210,3559587840,1.399687e+17,5.251865,5.283941
36220,3560570880,1.400073e+17,5.256293,5.282418
36230,3561553920,1.400460e+17,5.254663,5.282831
36240,3562536960,1.400847e+17,5.248972,5.283145
36250,3563520000,1.401233e+17,5.247122,5.281995
36260,3564503040,1.401620e+17,5.249432,5.280471
36270,3565486080,1.402006e+17,5.250243,5.281073
36280,3566469120,1.402393e+17,5.252359,5.281996
36290,3567452160,1.402779e+17,5.254528,5.281586
36300,3568435200,1.403166e+17,5.252571,5.281108
36310,3569418240,1.403552e+17,5.250737,5.280281
36320,3570401280,1.403939e+17,5.250731,5.281223
36330,3571384320,1.404325e+17,5.251164,5.280849
36340,3572367360,1.404712e+17,5.248860,5.280797
36350,3573350400,1.405099e+17,5.249091,5.280490
36360,3574333440,1.405485e+17,5.250154,5.281008
36370,3575316480,1.405872e+17,5.250005,5.280709
36380,3576299520,1.406258e+17,5.241860,5.279921
36390,3577282560,1.406645e+17,5.237215,5.279458
36400,3578265600,1.407031e+17,5.239356,5.279912
36410,3579248640,1.407418e+17,5.241184,5.279535
36420,3580231680,1.407804e+17,5.240804,5.279743
36430,3581214720,1.408191e+17,5.239873,5.279239
36440,3582197760,1.408577e+17,5.244355,5.278592
36450,3583180800,1.408964e+17,5.244831,5.279702
36460,3584163840,1.409351e+17,5.249790,5.278811
36470,3585146880,1.409737e+17,5.247918,5.278079
36480,3586129920,1.410124e+17,5.242229,5.279636
36490,3587112960,1.410510e+17,5.237068,5.279742
36500,3588096000,1.410897e+17,5.237274,5.280083
36510,3589079040,1.411283e+17,5.238617,5.279873
36520,3590062080,1.411670e+17,5.242669,5.278885
36530,3591045120,1.412056e+17,5.248757,5.278202
36540,3592028160,1.412443e+17,5.248034,5.277075
36550,3593011200,1.412829e+17,5.247962,5.277605
36560,3593994240,1.413216e+17,5.248812,5.278157
36570,3594977280,1.413603e+17,5.244194,5.278005
36580,3595960320,1.413989e+17,5.245014,5.276872
36590,3596943360,1.414376e+17,5.244540,5.276438
36600,3597926400,1.414762e+17,5.246329,5.276986
36610,3598909440,1.415149e+17,5.249197,5.277253
36620,3599892480,1.415535e+17,5.250706,5.277415
36630,3600875520,1.415922e+17,5.247522,5.277382
36640,3601858560,1.416308e+17,5.251647,5.275426
36650,3602841600,1.416695e+17,5.250249,5.277041
36660,3603824640,1.417082e+17,5.251282,5.277122
36670,3604807680,1.417468e+17,5.250173,5.275683
36680,3605790720,1.417855e+17,5.247959,5.275473
36690,3606773760,1.418241e+17,5.250537,5.275627
36700,3607756800,1.418628e+17,5.249313,5.274746
36710,3608739840,1.419014e+17,5.246392,5.275368
36720,3609722880,1.419401e+17,5.246067,5.276070
36730,3610705920,1.419787e+17,5.243948,5.276124
36740,3611688960,1.420174e+17,5.245399,5.275235
36750,3612672000,1.420560e+17,5.250541,5.275691
36760,3613655040,1.420947e+17,5.253089,5.275260
36770,3614638080,1.421334e+17,5.249229,5.274460
36780,3615621120,1.421720e+17,5.247977,5.274268
36790,3616604160,1.422107e+17,5.248795,5.273295
36800,3617587200,1.422493e+17,5.246591,5.273785
36810,3618570240,1.422880e+17,5.247707,5.274176
36820,3619553280,1.423266e+17,5.251811,5.274404
36830,3620536320,1.423653e+17,5.250189,5.274621
36840,3621519360,1.424039e+17,5.249848,5.273901
36850,3622502400,1.424426e+17,5.247098,5.273873
36860,3623485440,1.424812e+17,5.248287,5.273068
36870,3624468480,1.425199e+17,5.249384,5.272847
36880,3625451520,1.425586e+17,5.251835,5.273202
36890,3626434560,1.425972e+17,5.248507,5.272632
36900,3627417600,1.426359e+17,5.247136,5.272835
36910,3628400640,1.426745e+17,5.243850,5.273343
36920,3629383680,1.427132e+17,5.238137,5.272775
36930,3630366720,1.427518e+17,5.241863,5.272172
36940,3631349760,1.427905e+17,5.241026,5.272766
36950,3632332800,1.428291e+17,5.240177,5.272931
36960,3633315840,1.428678e+17,5.242017,5.273522
36970,3634298880,1.429064e+17,5.241471,5.272643
36980,3635281920,1.429451e+17,5.244235,5.271878
36990,3636264960,1.429838e+17,5.243643,5.271739
37000,3637248000,1.430224e+17,5.241873,5.272194
37010,3638231040,1.430611e+17,5.242367,5.271949
37020,3639214080,1.430997e+17,5.245085,5.270768
37030,3640197120,1.431384e+17,5.244521,5.271557
37040,3641180160,1.431770e+17,5.245483,5.271074
37050,3642163200,1.432157e+17,5.244148,5.272932
37060,3643146240,1.432543e+17,5.247674,5.271166
37070,3644129280,1.432930e+17,5.240446,5.270684
37080,3645112320,1.433316e+17,5.240306,5.270335
37090,3646095360,1.433703e+17,5.239741,5.270728
37100,3647078400,1.434090e+17,5.238448,5.269662
37110,3648061440,1.434476e+17,5.236753,5.269958
37120,3649044480,1.434863e+17,5.235496,5.270350
37130,3650027520,1.435249e+17,5.235937,5.270174
37140,3651010560,1.435636e+17,5.234162,5.269815
37150,3651993600,1.436022e+17,5.232771,5.271412
37160,3652976640,1.436409e+17,5.232691,5.270718
37170,3653959680,1.436795e+17,5.231854,5.269710
37180,3654942720,1.437182e+17,5.230977,5.269504
37190,3655925760,1.437569e+17,5.228355,5.269390
37200,3656908800,1.437955e+17,5.233178,5.270430
37210,3657891840,1.438342e+17,5.237831,5.268694
37220,3658874880,1.438728e+17,5.238446,5.269237
37230,3659857920,1.439115e+17,5.240845,5.268601
37240,3660840960,1.439501e+17,5.239991,5.267959
37250,3661824000,1.439888e+17,5.238528,5.267855
37260,3662807040,1.440274e+17,5.242401,5.268144
37270,3663790080,1.440661e+17,5.241153,5.268350
37280,3664773120,1.441047e+17,5.245926,5.268548
37290,3665756160,1.441434e+17,5.244223,5.267751
37300,3666739200,1.441821e+17,5.240310,5.267831
37310,3667722240,1.442207e+17,5.241693,5.268453
37320,3668705280,1.442594e+17,5.247173,5.268371
37330,3669688320,1.442980e+17,5.249328,5.268137
37340,3670671360,1.443367e+17,5.247335,5.267732
37350,3671654400,1.443753e+17,5.243919,5.266767
37360,3672637440,1.444140e+17,5.239637,5.267635
37370,3673620480,1.444526e+17,5.243906,5.267607
37380,3674603520,1.444913e+17,5.244814,5.268734
37390,3675586560,1.445299e+17,5.245396,5.268244
37400,3676569600,1.445686e+17,5.241849,5.267562
37410,3677552640,1.446073e+17,5.240634,5.267045
37420,3678535680,1.446459e+17,5.244466,5.266899
37430,3679518720,1.446846e+17,5.241229,5.267191
37440,3680501760,1.447232e+17,5.236093,5.267484
37450,3681484800,1.447619e+17,5.235879,5.267352
37460,3682467840,1.448005e+17,5.233667,5.267521
37470,3683450880,1.448392e+17,5.233385,5.265629
37480,3684433920,1.448778e+17,5.224526,5.266073
37490,3685416960,1.449165e+17,5.229757,5.266356
37500,3686400000,1.449551e+17,5.232571,5.266569
37510,3687383040,1.449938e+17,5.232119,5.266520
37520,3688366080,1.450325e+17,5.230192,5.265977
37530,3689349120,1.450711e+17,5.232379,5.267063
37540,3690332160,1.451098e+17,5.231986,5.265751
37550,3691315200,1.451484e+17,5.235114,5.265805
37560,3692298240,1.451871e+17,5.235263,5.265768
37570,3693281280,1.452257e+17,5.237152,5.266398
37580,3694264320,1.452644e+17,5.236555,5.266308
37590,3695247360,1.453030e+17,5.236453,5.266429
37600,3696230400,1.453417e+17,5.238217,5.265780
37610,3697213440,1.453803e+17,5.235387,5.265800
37620,3698196480,1.454190e+17,5.230774,5.265360
37630,3699179520,1.454577e+17,5.231207,5.265969
37640,3700162560,1.454963e+17,5.232250,5.265270
37650,3701145600,1.455350e+17,5.229852,5.264639
37660,3702128640,1.455736e+17,5.231494,5.264694
37670,3703111680,1.456123e+17,5.231843,5.264870
37680,3704094720,1.456509e+17,5.230812,5.265540
37690,3705077760,1.456896e+17,5.233141,5.265535
37700,3706060800,1.457282e+17,5.227120,5.264044
37710,3707043840,1.457669e+17,5.230239,5.263786
37720,3708026880,1.458055e+17,5.227094,5.263170
37730,3709009920,1.458442e+17,5.229670,5.262997
37740,3709992960,1.458829e+17,5.231354,5.264363
37750,3710976000,1.459215e+17,5.230598,5.264191
37760,3711959040,1.459602e+17,5.229200,5.262960
37770,3712942080,1.459988e+17,5.231158,5.263067
37780,3713925120,1.460375e+17,5.229814,5.264213
37790,3714908160,1.460761e+17,5.230849,5.263282
37800,3715891200,1.461148e+17,5.233086,5.262979
37810,3716874240,1.461534e+17,5.239310,5.262937
37820,3717857280,1.461921e+17,5.234259,5.262703
37830,3718840320,1.462308e+17,5.230135,5.262350
37840,3719823360,1.462694e+17,5.231305,5.262388
37850,3720806400,1.463081e+17,5.228995,5.262618
37860,3721789440,1.463467e+17,5.226268,5.262158
37870,3722772480,1.463854e+17,5.228950,5.261564
37880,3723755520,1.464240e+17,5.222983,5.261399
37890,3724738560,1.464627e+17,5.219391,5.261122
37900,3725721600,1.465013e+17,5.221238,5.262010
37910,3726704640,1.465400e+17,5.222906,5.261476
37920,3727687680,1.465786e+17,5.222933,5.261588
37930,3728670720,1.466173e+17,5.222142,5.261332
37940,3729653760,1.466560e+17,5.226436,5.260683
37950,3730636800,1.466946e+17,5.225964,5.261339
37960,3731619840,1.467333e+17,5.229162,5.261287
37970,3732602880,1.467719e+17,5.221724,5.260536
37980,3733585920,1.468106e+17,5.219857,5.260162
37990,3734568960,1.468492e+17,5.223495,5.260161
38000,3735552000,1.468879e+17,5.224499,5.259709
38010,3736535040,1.469265e+17,5.229533,5.260471
38020,3737518080,1.469652e+17,5.232145,5.260129
38030,3738501120,1.470038e+17,5.234197,5.260533
38040,3739484160,1.470425e+17,5.232398,5.260038
38050,3740467200,1.470812e+17,5.225135,5.260681
38060,3741450240,1.471198e+17,5.229281,5.260257
38070,3742433280,1.471585e+17,5.230705,5.259947
38080,3743416320,1.471971e+17,5.227954,5.259410
38090,3744399360,1.472358e+17,5.227041,5.259823
38100,3745382400,1.472744e+17,5.225638,5.259055
38110,3746365440,1.473131e+17,5.224935,5.258187
38120,3747348480,1.473517e+17,5.223972,5.259659
38130,3748331520,1.473904e+17,5.224344,5.260270
38140,3749314560,1.474290e+17,5.225028,5.259530
38150,3750297600,1.474677e+17,5.225465,5.258966
38160,3751280640,1.475064e+17,5.224113,5.260003
38170,3752263680,1.475450e+17,5.224323,5.258097
38180,3753246720,1.475837e+17,5.226210,5.258288
38190,3754229760,1.476223e+17,5.222051,5.258839
38200,3755212800,1.476610e+17,5.222948,5.258612
38210,3756195840,1.476996e+17,5.220279,5.258097
38220,3757178880,1.477383e+17,5.220337,5.258329
38230,3758161920,1.477769e+17,5.222906,5.258100
38240,3759144960,1.478156e+17,5.231358,5.258024
38250,3760128000,1.478542e+17,5.228811,5.258339
38260,3761111040,1.478929e+17,5.233324,5.258710
38270,3762094080,1.479316e+17,5.234807,5.258823
38280,3763077120,1.479702e+17,5.228495,5.258805
38290,3764060160,1.480089e+17,5.230215,5.257490
38300,3765043200,1.480475e+17,5.223797,5.256973
38310,3766026240,1.480862e+17,5.231289,5.257241
38320,3767009280,1.481248e+17,5.230152,5.256468
38330,3767992320,1.481635e+17,5.223162,5.256866
38340,3768975360,1.482021e+17,5.223429,5.257099
38350,3769958400,1.482408e+17,5.223870,5.256650
38360,3770941440,1.482795e+17,5.221886,5.256700
38370,3771924480,1.483181e+17,5.220531,5.256251
38380,3772907520,1.483568e+17,5.222419,5.257056
38390,3773890560,1.483954e+17,5.225452,5.257229
38400,3774873600,1.484341e+17,5.227073,5.257410
38410,3775856640,1.484727e+17,5.227122,5.256797
38420,3776839680,1.485114e+17,5.228984,5.256846
38430,3777822720,1.485500e+17,5.230353,5.256687
38440,3778805760,1.485887e+17,5.227742,5.255928
38450,3779788800,1.486273e+17,5.222789,5.256297
38460,3780771840,1.486660e+17,5.221481,5.255675
38470,3781754880,1.487047e+17,5.226407,5.255167
38480,3782737920,1.487433e+17,5.225568,5.254724
38490,3783720960,1.487820e+17,5.219974,5.254428
38500,3784704000,1.488206e+17,5.220557,5.255373
38510,3785687040,1.488593e+17,5.226184,5.256549
38520,3786670080,1.488979e+17,5.221663,5.255138
38530,3787653120,1.489366e+17,5.224667,5.254765
38540,3788636160,1.489752e+17,5.226393,5.255552
38550,3789619200,1.490139e+17,5.221726,5.255480
38560,3790602240,1.490525e+17,5.223059,5.255186
38570,3791585280,1.490912e+17,5.227120,5.254591
38580,3792568320,1.491299e+17,5.228703,5.254845
38590,3793551360,1.491685e+17,5.234890,5.254308
38600,3794534400,1.492072e+17,5.233750,5.254528
38610,3795517440,1.492458e+17,5.229629,5.253648
38620,3796500480,1.492845e+17,5.224424,5.253766
38630,3797483520,1.493231e+17,5.224506,5.254266
38640,3798466560,1.493618e+17,5.230160,5.253737
38650,3799449600,1.494004e+17,5.226670,5.253862
38660,3800432640,1.494391e+17,5.222697,5.252961
38670,3801415680,1.494777e+17,5.220820,5.253702
38680,3802398720,1.495164e+17,5.220385,5.253289
38690,3803381760,1.495551e+17,5.223779,5.252970
38700,3804364800,1.495937e+17,5.226375,5.253600
38710,3805347840,1.496324e+17,5.226174,5.253355
38720,3806330880,1.496710e+17,5.226135,5.253370
38730,3807313920,1.497097e+17,5.224416,5.252270
38740,3808296960,1.497483e+17,5.228139,5.252993
38750,3809280000,1.497870e+17,5.225237,5.252852
38760,3810263040,1.498256e+17,5.218611,5.252671
38770,3811246080,1.498643e+17,5.221231,5.251906
38780,3812229120,1.499029e+17,5.217036,5.251361
38790,3813212160,1.499416e+17,5.217347,5.252925
38800,3814195200,1.499803e+17,5.218582,5.252165
38810,3815178240,1.500189e+17,5.220203,5.251346
38820,3816161280,1.500576e+17,5.218994,5.251071
38830,3817144320,1.500962e+17,5.220143,5.250780
38840,3818127360,1.501349e+17,5.216826,5.250728
38850,3819110400,1.501735e+17,5.220256,5.251154
38860,3820093440,1.502122e+17,5.224704,5.251630
38870,3821076480,1.502508e+17,5.225158,5.251216
38880,3822059520,1.502895e+17,5.226293,5.251985
38890,3823042560,1.503282e+17,5.226987,5.251297
38900,3824025600,1.503668e+17,5.225574,5.251413
38910,3825008640,1.504055e+17,5.228019,5.250770
38920,3825991680,1.504441e+17,5.223510,5.250431
38930,3826974720,1.504828e+17,5.223891,5.250804
38940,3827957760,1.505214e+17,5.222814,5.250307
38950,3828940800,1.505601e+17,5.225892,5.250191
38960,3829923840,1.505987e+17,5.224101,5.250776
38970,3830906880,1.506374e+17,5.222758,5.250681
38980,3831889920,1.506760e+17,5.223936,5.250375
38990,3832872960,1.507147e+17,5.224695,5.250154
39000,3833856000,1.507534e+17,5.218260,5.250709
39010,3834839040,1.507920e+17,5.218914,5.250306
39020,3835822080,1.508307e+17,5.226192,5.249426
39030,3836805120,1.508693e+17,5.226313,5.249670
39040,3837788160,1.509080e+17,5.217112,5.249316
39050,3838771200,1.509466e+17,5.214973,5.249314
39060,3839754240,1.509853e+17,5.213376,5.249074
39070,3840737280,1.510239e+17,5.211623,5.249252
39080,3841720320,1.510626e+17,5.215304,5.248592
39090,3842703360,1.511012e+17,5.212426,5.248738
39100,3843686400,1.511399e+17,5.211640,5.248661
39110,3844669440,1.511786e+17,5.208722,5.248089
39120,3845652480,1.512172e+17,5.215556,5.247982
39130,3846635520,1.512559e+17,5.214931,5.248644
39140,3847618560,1.512945e+17,5.218924,5.247982
39150,3848601600,1.513332e+17,5.219741,5.248688
39160,3849584640,1.513718e+17,5.224301,5.247934
39170,3850567680,1.514105e+17,5.220449,5.248424
39180,3851550720,1.514491e+17,5.219516,5.247675
39190,3852533760,1.514878e+17,5.213431,5.248161
39200,3853516800,1.515264e+17,5.212973,5.247552
39210,3854499840,1.515651e+17,5.214579,5.248128
39220,3855482880,1.516038e+17,5.210386,5.248194
39230,3856465920,1.516424e+17,5.216910,5.248051
39240,3857448960,1.516811e+17,5.219077,5.247504
39250,3858432000,1.517197e+17,5.217712,5.247349
39260,3859415040,1.517584e+17,5.214635,5.246716
39270,3860398080,1.517970e+17,5.210608,5.246898
39280,3861381120,1.518357e+17,5.216362,5.246707
39290,3862364160,1.518743e+17,5.212313,5.246462
39300,3863347200,1.519130e+17,5.213311,5.246960
39310,3864330240,1.519516e+17,5.213756,5.246168
39320,3865313280,1.519903e+17,5.214836,5.246528
39330,3866296320,1.520290e+17,5.214438,5.246186
39340,3867279360,1.520676e+17,5.215263,5.246152
39350,3868262400,1.521063e+17,5.217250,5.246094
39360,3869245440,1.521449e+17,5.216563,5.246724
39370,3870228480,1.521836e+17,5.212725,5.247612
39380,3871211520,1.522222e+17,5.216449,5.246528
39390,3872194560,1.522609e+17,5.212616,5.246594
39400,3873177600,1.522995e+17,5.214351,5.247197
39410,3874160640,1.523382e+17,5.215533,5.246733
39420,3875143680,1.523768e+17,5.219030,5.246835
39430,3876126720,1.524155e+17,5.222093,5.245762
39440,3877109760,1.524542e+17,5.225629,5.246028
39450,3878092800,1.524928e+17,5.222425,5.245945
39460,3879075840,1.525315e+17,5.218090,5.245330
39470,3880058880,1.525701e+17,5.216640,5.244909
39480,3881041920,1.526088e+17,5.217501,5.245374
39490,3882024960,1.526474e+17,5.219184,5.245536
39500,3883008000,1.526861e+17,5.215489,5.245697
39510,3883991040,1.527247e+17,5.218324,5.245036
39520,3884974080,1.527634e+17,5.209138,5.244952
39530,3885957120,1.528021e+17,5.210578,5.244126
39540,3886940160,1.528407e+17,5.208803,5.244321
39550,3887923200,1.528794e+17,5.206074,5.245202
39560,3888906240,1.529180e+17,5.206733,5.244789
39570,3889889280,1.529567e+17,5.209409,5.245086
39580,3890872320,1.529953e+17,5.213597,5.243298
39590,3891855360,1.530340e+17,5.210937,5.243829
39600,3892838400,1.530726e+17,5.210105,5.243102
39610,3893821440,1.531113e+17,5.213152,5.243718
39620,3894804480,1.531499e+17,5.214951,5.243252
39630,3895787520,1.531886e+17,5.215365,5.242995
39640,3896770560,1.532273e+17,5.212237,5.243009
39650,3897753600,1.532659e+17,5.218176,5.243961
39660,3898736640,1.533046e+17,5.214351,5.242578
39670,3899719680,1.533432e+17,5.213125,5.242599
39680,3900702720,1.533819e+17,5.216405,5.242799
39690,3901685760,1.534205e+17,5.214135,5.243025
39700,3902668800,1.534592e+17,5.209098,5.243173
39710,3903651840,1.534978e+17,5.213516,5.242916
39720,3904634880,1.535365e+17,5.214025,5.243109
39730,3905617920,1.535751e+17,5.214597,5.242596
39740,3906600960,1.536138e+17,5.212290,5.241310
39750,3907584000,1.536525e+17,5.209967,5.241487
39760,3908567040,1.536911e+17,5.210732,5.241221
39770,3909550080,1.537298e+17,5.208131,5.241660
39780,3910533120,1.537684e+17,5.208829,5.241534
39790,3911516160,1.538071e+17,5.208161,5.240892
39800,3912499200,1.538457e+17,5.209558,5.241198
39810,3913482240,1.538844e+17,5.206405,5.240973
39820,3914465280,1.539230e+17,5.205120,5.241388
39830,3915448320,1.539617e+17,5.202781,5.240802
39840,3916431360,1.540003e+17,5.206502,5.240442
39850,3917414400,1.540390e+17,5.205652,5.241036
39860,3918397440,1.540777e+17,5.203067,5.240313
39870,3919380480,1.541163e+17,5.202958,5.240509
39880,3920363520,1.541550e+17,5.204819,5.240736
39890,3921346560,1.541936e+17,5.208379,5.240744
39900,3922329600,1.542323e+17,5.211593,5.241252
39910,3923312640,1.542709e+17,5.209984,5.240548
39920,3924295680,1.543096e+17,5.207720,5.241076
39930,3925278720,1.543482e+17,5.207863,5.241178
39940,3926261760,1.543869e+17,5.204687,5.240765
39950,3927244800,1.544255e+17,5.204966,5.240150
39960,3928227840,1.544642e+17,5.204246,5.241181
39970,3929210880,1.545029e+17,5.202976,5.240764
39980,3930193920,1.545415e+17,5.207159,5.239843
39990,3931176960,1.545802e+17,5.207155,5.239974
40000,3932160000,1.546188e+17,5.208252,5.239117
40010,3933143040,1.546575e+17,5.208427,5.239847
40020,3934126080,1.546961e+17,5.209610,5.239851
40030,3935109120,1.547348e+17,5.210934,5.240599
40040,3936092160,1.547734e+17,5.213303,5.240107
40050,3937075200,1.548121e+17,5.214037,5.239625
40060,3938058240,1.548508e+17,5.208580,5.238673
40070,3939041280,1.548894e+17,5.211218,5.239876
40080,3940024320,1.549281e+17,5.209412,5.238917
40090,3941007360,1.549667e+17,5.213926,5.238705
40100,3941990400,1.550054e+17,5.212906,5.238486
40110,3942973440,1.550440e+17,5.208906,5.238189
40120,3943956480,1.550827e+17,5.206828,5.238523
40130,3944939520,1.551213e+17,5.207191,5.240059
40140,3945922560,1.551600e+17,5.201678,5.239497
40150,3946905600,1.551986e+17,5.202050,5.238433
40160,3947888640,1.552373e+17,5.200292,5.238238
40170,3948871680,1.552760e+17,5.199387,5.237753
40180,3949854720,1.553146e+17,5.200050,5.237518
40190,3950837760,1.553533e+17,5.199174,5.237776
40200,3951820800,1.553919e+17,5.200116,5.237503
40210,3952803840,1.554306e+17,5.204284,5.237508
40220,3953786880,1.554692e+17,5.203877,5.237306
40230,3954769920,1.555079e+17,5.204903,5.237640
40240,3955752960,1.555465e+17,5.202829,5.237448
40250,3956736000,1.555852e+17,5.203490,5.237300
40260,3957719040,1.556238e+17,5.203122,5.238445
40270,3958702080,1.556625e+17,5.199797,5.237820
40280,3959685120,1.557012e+17,5.201184,5.237561
40290,3960668160,1.557398e+17,5.201130,5.237002
40300,3961651200,1.557785e+17,5.205593,5.236702
40310,3962634240,1.558171e+17,5.204440,5.237212
40320,3963617280,1.558558e+17,5.204154,5.237313
40330,3964600320,1.558944e+17,5.205457,5.237349
40340,3965583360,1.559331e+17,5.207806,5.237593
40350,3966566400,1.559717e+17,5.206449,5.236982
40360,3967549440,1.560104e+17,5.202891,5.235994
40370,3968532480,1.560490e+17,5.208110,5.236432
40380,3969515520,1.560877e+17,5.214065,5.236520
40390,3970498560,1.561264e+17,5.209042,5.236641
40400,3971481600,1.561650e+17,5.203910,5.236320
40410,3972464640,1.562037e+17,5.196989,5.236071
40420,3973447680,1.562423e+17,5.193950,5.235323
40430,3974430720,1.562810e+17,5.197074,5.235939
40440,3975413760,1.563196e+17,5.196605,5.235734
40450,3976396800,1.563583e+17,5.195181,5.236485
40460,3977379840,1.563969e+17,5.197235,5.236365
40470,3978362880,1.564356e+17,5.196688,5.235422
40480,3979345920,1.564742e+17,5.197181,5.235502
40490,3980328960,1.565129e+17,5.197029,5.235323
40500,3981312000,1.565516e+17,5.198453,5.235447
40510,3982295040,1.565902e+17,5.200336,5.235132
40520,3983278080,1.566289e+17,5.200061,5.235143
40530,3984261120,1.566675e+17,5.199448,5.235054
40540,3985244160,1.567062e+17,5.199654,5.236018
40550,3986227200,1.567448e+17,5.199182,5.235206
40560,3987210240,1.567835e+17,5.202339,5.235721
40570,3988193280,1.568221e+17,5.203089,5.236115
40580,3989176320,1.568608e+17,5.207873,5.235719
40590,3990159360,1.568995e+17,5.209151,5.235363
40600,3991142400,1.569381e+17,5.205520,5.234849
40610,3992125440,1.569768e+17,5.197608,5.234970
40620,3993108480,1.570154e+17,5.197860,5.234559
40630,3994091520,1.570541e+17,5.200675,5.234737
40640,3995074560,1.570927e+17,5.195368,5.234323
40650,3996057600,1.571314e+17,5.196037,5.233932
40660,3997040640,1.571700e+17,5.191824,5.233794
40670,3998023680,1.572087e+17,5.201679,5.233423
40680,3999006720,1.572473e+17,5.200258,5.233427
40690,3999989760,1.572860e+17,5.202218,5.233242
40700,4000972800,1.573247e+17,5.201740,5.232576
40710,4001955840,1.573633e+17,5.198941,5.233519
40720,4002938880,1.574020e+17,5.188811,5.233352
40730,4003921920,1.574406e+17,5.186829,5.232762
40740,4004904960,1.574793e+17,5.192697,5.232781
40750,4005888000,1.575179e+17,5.201763,5.233249
40760,4006871040,1.575566e+17,5.203428,5.232979
40770,4007854080,1.575952e+17,5.210077,5.233797
40780,4008837120,1.576339e+17,5.209460,5.232817
40790,4009820160,1.576725e+17,5.211642,5.231974
40800,4010803200,1.577112e+17,5.211635,5.232290
40810,4011786240,1.577499e+17,5.209091,5.232599
40820,4012769280,1.577885e+17,5.209789,5.233052
40830,4013752320,1.578272e+17,5.214565,5.232643
40840,4014735360,1.578658e+17,5.212083,5.233278
40850,4015718400,1.579045e+17,5.213968,5.232744
40860,4016701440,1.579431e+17,5.209953,5.231683
40870,4017684480,1.579818e+17,5.211213,5.231663
40880,4018667520,1.580204e+17,5.211336,5.231639
40890,4019650560,1.580591e+17,5.212435,5.231448
40900,4020633600,1.580977e+17,5.211421,5.232205
40910,4021616640,1.581364e+17,5.206383,5.232555
40920,4022599680,1.581751e+17,5.209867,5.232503
40930,4023582720,1.582137e+17,5.208446,5.231835
40940,4024565760,1.582524e+17,5.202099,5.231301
40950,4025548800,1.582910e+17,5.202050,5.231567
40960,4026531840,1.583297e+17,5.203450,5.231068
40970,4027514880,1.583683e+17,5.205954,5.230781
40980,4028497920,1.584070e+17,5.211877,5.231244
40990,4029480960,1.584456e+17,5.208893,5.231036
41000,4030464000,1.584843e+17,5.201195,5.231219
41010,4031447040,1.585229e+17,5.198601,5.230807
41020,4032430080,1.585616e+17,5.200302,5.230692
41030,4033413120,1.586003e+17,5.193193,5.230547
41040,4034396160,1.586389e+17,5.191277,5.230464
41050,4035379200,1.586776e+17,5.192964,5.229965
41060,4036362240,1.587162e+17,5.194380,5.230675
41070,4037345280,1.587549e+17,5.200329,5.230526
41080,4038328320,1.587935e+17,5.202610,5.230218
41090,4039311360,1.588322e+17,5.203796,5.230194
41100,4040294400,1.588708e+17,5.197422,5.230359
41110,4041277440,1.589095e+17,5.196048,5.229983
41120,4042260480,1.589481e+17,5.200945,5.229846
41130,4043243520,1.589868e+17,5.204608,5.229839
41140,4044226560,1.590255e+17,5.198202,5.229853
41150,4045209600,1.590641e+17,5.201750,5.230487
41160,4046192640,1.591028e+17,5.198968,5.230442
41170,4047175680,1.591414e+17,5.202657,5.230313
41180,4048158720,1.591801e+17,5.205098,5.229712
41190,4049141760,1.592187e+17,5.203426,5.229809
41200,4050124800,1.592574e+17,5.203288,5.229247
41210,4051107840,1.592960e+17,5.203436,5.229550
41220,4052090880,1.593347e+17,5.199582,5.229656
41230,4053073920,1.593734e+17,5.198927,5.229108
41240,4054056960,1.594120e+17,5.199601,5.229193
41250,4055040000,1.594507e+17,5.204252,5.228890
41260,4056023040,1.594893e+17,5.200289,5.229499
41270,4057006080,1.595280e+17,5.197636,5.229113
41280,4057989120,1.595666e+17,5.196794,5.229092
41290,4058972160,1.596053e+17,5.197650,5.229608
41300,4059955200,1.596439e+17,5.195608,5.229697
41310,4060938240,1.596826e+17,5.196387,5.229041
41320,4061921280,1.597212e+17,5.197742,5.228950
41330,4062904320,1.597599e+17,5.195576,5.228841
41340,4063887360,1.597986e+17,5.196243,5.229348
41350,4064870400,1.598372e+17,5.198545,5.229304
41360,4065853440,1.598759e+17,5.196216,5.228345
41370,4066836480,1.599145e+17,5.199127,5.227941
41380,4067819520,1.599532e+17,5.197714,5.228499
41390,4068802560,1.599918e+17,5.191657,5.228801
41400,4069785600,1.600305e+17,5.188881,5.229132
41410,4070768640,1.600691e+17,5.190321,5.229800
41420,4071751680,1.601078e+17,5.192398,5.228824
41430,4072734720,1.601464e+17,5.192512,5.228819
41440,4073717760,1.601851e+17,5.195850,5.228190
41450,4074700800,1.602238e+17,5.194222,5.228423
41460,4075683840,1.602624e+17,5.186703,5.228351
41470,4076666880,1.603011e+17,5.193258,5.228573
41480,4077649920,1.603397e+17,5.194153,5.227827
41490,4078632960,1.603784e+17,5.193896,5.228088
41500,4079616000,1.604170e+17,5.197405,5.228778
41510,4080599040,1.604557e+17,5.197844,5.227373
41520,4081582080,1.604943e+17,5.203151,5.227348
41530,4082565120,1.605330e+17,5.202573,5.227855
41540,4083548160,1.605716e+17,5.200616,5.227992
41550,4084531200,1.606103e+17,5.202640,5.227362
41560,4085514240,1.606490e+17,5.200036,5.227497
41570,4086497280,1.606876e+17,5.197849,5.227266
41580,4087480320,1.607263e+17,5.196758,5.226813
41590,4088463360,1.607649e+17,5.193977,5.227653
41600,4089446400,1.608036e+17,5.194598,5.227130
41610,4090429440,1.608422e+17,5.196608,5.226507
41620,4091412480,1.608809e+17,5.196562,5.226236
41630,4092395520,1.609195e+17,5.196118,5.226478
41640,4093378560,1.609582e+17,5.194589,5.226624
41650,4094361600,1.609968e+17,5.199989,5.225897
41660,4095344640,1.610355e+17,5.197996,5.226179
41670,4096327680,1.610742e+17,5.197290,5.225788
41680,4097310720,1.611128e+17,5.197694,5.226107
41690,4098293760,1.611515e+17,5.198860,5.225916
41700,4099276800,1.611901e+17,5.200330,5.225633
41710,4100259840,1.612288e+17,5.195133,5.225566
41720,4101242880,1.612674e+17,5.193087,5.226146
41730,4102225920,1.613061e+17,5.190860,5.226085
41740,4103208960,1.613447e+17,5.190584,5.226288
41750,4104192000,1.613834e+17,5.189729,5.225432
41760,4105175040,1.614221e+17,5.187268,5.225827
41770,4106158080,1.614607e+17,5.188721,5.225914
41780,4107141120,1.614994e+17,5.189836,5.225499
41790,4108124160,1.615380e+17,5.193662,5.225569
41800,4109107200,1.615767e+17,5.190216,5.225262
41810,4110090240,1.616153e+17,5.185562,5.225753
41820,4111073280,1.616540e+17,5.188136,5.224993
41830,4112056320,1.616926e+17,5.187998,5.225042
41840,4113039360,1.617313e+17,5.190845,5.224711
41850,4114022400,1.617699e+17,5.193135,5.224238
41860,4115005440,1.618086e+17,5.188186,5.224677
41870,4115988480,1.618473e+17,5.190665,5.224013
41880,4116971520,1.618859e+17,5.191015,5.224170
41890,4117954560,1.619246e+17,5.191115,5.223775
41900,4118937600,1.619632e+17,5.191818,5.223919
41910,4119920640,1.620019e+17,5.191973,5.223878
41920,4120903680,1.620405e+17,5.193808,5.224198
41930,4121886720,1.620792e+17,5.191145,5.224027
41940,4122869760,1.621178e+17,5.190439,5.224132
41950,4123852800,1.621565e+17,5.194794,5.223359
41960,4124835840,1.621951e+17,5.196967,5.224053
41970,4125818880,1.622338e+17,5.199850,5.223504
41980,4126801920,1.622725e+17,5.195974,5.223433
41990,4127784960,1.623111e+17,5.189425,5.223497
42000,4128768000,1.623498e+17,5.183458,5.223641
42010,4129751040,1.623884e+17,5.184374,5.223038
42020,4130734080,1.624271e+17,5.188880,5.222515
42030,4131717120,1.624657e+17,5.193940,5.222666
42040,4132700160,1.625044e+17,5.201664,5.222834
42050,4133683200,1.625430e+17,5.198923,5.222899
42060,4134666240,1.625817e+17,5.200522,5.223014
42070,4135649280,1.626203e+17,5.198212,5.222767
42080,4136632320,1.626590e+17,5.196646,5.222513
42090,4137615360,1.626977e+17,5.194102,5.222702
42100,4138598400,1.627363e+17,5.192428,5.222791
42110,4139581440,1.627750e+17,5.195872,5.222762
42120,4140564480,1.628136e+17,5.195521,5.222904
42130,4141547520,1.628523e+17,5.194472,5.222590
42140,4142530560,1.628909e+17,5.196183,5.223229
42150,4143513600,1.629296e+17,5.194463,5.222934
42160,4144496640,1.629682e+17,5.195252,5.222330
42170,4145479680,1.630069e+17,5.194294,5.222784
42180,4146462720,1.630455e+17,5.195233,5.222734
42190,4147445760,1.630842e+17,5.196976,5.222435
42200,4148428800,1.631229e+17,5.198259,5.222366
42210,4149411840,1.631615e+17,5.202434,5.222464
42220,4150394880,1.632002e+17,5.207980,5.222045
42230,4151377920,1.632388e+17,5.204612,5.221959
42240,4152360960,1.632775e+17,5.199416,5.221173
42250,4153344000,1.633161e+17,5.199239,5.221202
42260,4154327040,1.633548e+17,5.194911,5.221170
42270,4155310080,1.633934e+17,5.194699,5.221586
42280,4156293120,1.634321e+17,5.194311,5.221177
42290,4157276160,1.634708e+17,5.192970,5.221247
42300,4158259200,1.635094e+17,5.191593,5.220864
42310,4159242240,1.635481e+17,5.187300,5.220721
42320,4160225280,1.635867e+17,5.186737,5.220655
42330,4161208320,1.636254e+17,5.186607,5.220900
42340,4162191360,1.636640e+17,5.184896,5.221667
42350,4163174400,1.637027e+17,5.184775,5.220873
42360,4164157440,1.637413e+17,5.188102,5.220354
42370,4165140480,1.637800e+17,5.187898,5.220631
42380,4166123520,1.638186e+17,5.193799,5.219885
42390,4167106560,1.638573e+17,5.189279,5.219832
42400,4168089600,1.638960e+17,5.189194,5.220145
42410,4169072640,1.639346e+17,5.183300,5.219503
42420,4170055680,1.639733e+17,5.183756,5.219472
42430,4171038720,1.640119e+17,5.184825,5.219083
42440,4172021760,1.640506e+17,5.185966,5.219352
42450,4173004800,1.640892e+17,5.188853,5.219872
42460,4173987840,1.641279e+17,5.188974,5.219426
42470,4174970880,1.641665e+17,5.185823,5.220034
42480,4175953920,1.642052e+17,5.184171,5.219802
42490,4176936960,1.642438e+17,5.191323,5.219497
42500,4177920000,1.642825e+17,5.189641,5.218853
42510,4178903040,1.643212e+17,5.189869,5.219266
42520,4179886080,1.643598e+17,5.183589,5.219917
42530,4180869120,1.643985e+17,5.189460,5.219428
42540,4181852160,1.644371e+17,5.191514,5.219220
42550,4182835200,1.644758e+17,5.194804,5.218814
42560,4183818240,1.645144e+17,5.196732,5.218657
42570,4184801280,1.645531e+17,5.197701,5.218788
42580,4185784320,1.645917e+17,5.193828,5.218939
42590,4186767360,1.646304e+17,5.197696,5.218047
42600,4187750400,1.646690e+17,5.196793,5.218371
42610,4188733440,1.647077e+17,5.197565,5.218170
42620,4189716480,1.647464e+17,5.196841,5.218489
42630,4190699520,1.647850e+17,5.194533,5.218542
42640,4191682560,1.648237e+17,5.194970,5.218059
42650,4192665600,1.648623e+17,5.191234,5.218720
42660,4193648640,1.649010e+17,5.193359,5.218479
42670,4194631680,1.649396e+17,5.192499,5.218094
42680,4195614720,1.649783e+17,5.196963,5.218263
42690,4196597760,1.650169e+17,5.196890,5.218139
42700,4197580800,1.650556e+17,5.195538,5.218859
42710,4198563840,1.650942e+17,5.192490,5.218100
42720,4199546880,1.651329e+17,5.194040,5.217912
42730,4200529920,1.651716e+17,5.188856,5.218649
42740,4201512960,1.652102e+17,5.191010,5.218104
42750,4202496000,1.652489e+17,5.191747,5.217955
42760,4203479040,1.652875e+17,5.189814,5.217876
42770,4204462080,1.653262e+17,5.189373,5.218150
42780,4205445120,1.653648e+17,5.185217,5.218155
42790,4206428160,1.654035e+17,5.184645,5.218373
42800,4207411200,1.654421e+17,5.184859,5.217740
42810,4208394240,1.654808e+17,5.185348,5.217148
42820,4209377280,1.655194e+17,5.182061,5.217203
42830,4210360320,1.655581e+17,5.183716,5.216743
42840,4211343360,1.655968e+17,5.188013,5.217298
42850,4212326400,1.656354e+17,5.186129,5.216939
42860,4213309440,1.656741e+17,5.192619,5.216888
42870,4214292480,1.657127e+17,5.191051,5.216106
42880,4215275520,1.657514e+17,5.191314,5.216454
42890,4216258560,1.657900e+17,5.192598,5.216959
42900,4217241600,1.658287e+17,5.193002,5.216606
42910,4218224640,1.658673e+17,5.198516,5.216943
42920,4219207680,1.659060e+17,5.198719,5.216186
42930,4220190720,1.659447e+17,5.196119,5.216886
42940,4221173760,1.659833e+17,5.191906,5.216114
42950,4222156800,1.660220e+17,5.193859,5.216291
42960,4223139840,1.660606e+17,5.189259,5.216093
42970,4224122880,1.660993e+17,5.193194,5.216026
42980,4225105920,1.661379e+17,5.189101,5.215733
42990,4226088960,1.661766e+17,5.191647,5.215436
43000,4227072000,1.662152e+17,5.192890,5.215711
43010,4228055040,1.662539e+17,5.186483,5.215306
43020,4229038080,1.662925e+17,5.179233,5.215386
43030,4230021120,1.663312e+17,5.180175,5.214805
43040,4231004160,1.663699e+17,5.184978,5.214772
43050,4231987200,1.664085e+17,5.191558,5.214970
43060,4232970240,1.664472e+17,5.189709,5.214604
43070,4233953280,1.664858e+17,5.193661,5.214125
43080,4234936320,1.665245e+17,5.187305,5.214355
43090,4235919360,1.665631e+17,5.187510,5.214175
43100,4236902400,1.666018e+17,5.187797,5.214535
43110,4237885440,1.666404e+17,5.186254,5.215104
43120,4238868480,1.666791e+17,5.187244,5.215162
43130,4239851520,1.667177e+17,5.189290,5.214479
43140,4240834560,1.667564e+17,5.190286,5.214438
43150,4241817600,1.667951e+17,5.187389,5.214803
43160,4242800640,1.668337e+17,5.184960,5.215025
43170,4243783680,1.668724e+17,5.185147,5.214947
43180,4244766720,1.669110e+17,5.186373,5.215204
43190,4245749760,1.669497e+17,5.184700,5.214296
43200,4246732800,1.669883e+17,5.186370,5.214406
43210,4247715840,1.670270e+17,5.182069,5.214210
43220,4248698880,1.670656e+17,5.181762,5.214282
43230,4249681920,1.671043e+17,5.189017,5.213434
43240,4250664960,1.671429e+17,5.189139,5.213661
43250,4251648000,1.671816e+17,5.187021,5.213408
43260,4252631040,1.672203e+17,5.183104,5.213831
43270,4253614080,1.672589e+17,5.183628,5.214451
43280,4254597120,1.672976e+17,5.191002,5.213950
43290,4255580160,1.673362e+17,5.185750,5.214013
43300,4256563200,1.673749e+17,5.183554,5.214153
43310,4257546240,1.674135e+17,5.181305,5.213484
43320,4258529280,1.674522e+17,5.182080,5.213829
43330,4259512320,1.674908e+17,5.184113,5.213265
43340,4260495360,1.675295e+17,5.180091,5.212886
43350,4261478400,1.675681e+17,5.179581,5.213436
43360,4262461440,1.676068e+17,5.181377,5.212911
43370,4263444480,1.676455e+17,5.183776,5.213461
43380,4264427520,1.676841e+17,5.184022,5.213040
43390,4265410560,1.677228e+17,5.187232,5.213056
43400,4266393600,1.677614e+17,5.192886,5.213451
43410,4267376640,1.678001e+17,5.193156,5.213296
43420,4268359680,1.678387e+17,5.192798,5.212318
43430,4269342720,1.678774e+17,5.192436,5.212217
43440,4270325760,1.679160e+17,5.188726,5.212305
43450,4271308800,1.679547e+17,5.183784,5.211927
43460,4272291840,1.679934e+17,5.184211,5.212052
43470,4273274880,1.680320e+17,5.178612,5.211769
43480,4274257920,1.680707e+17,5.177299,5.212011
43490,4275240960,1.681093e+17,5.171081,5.212116
43500,4276224000,1.681480e+17,5.170645,5.212284
43510,4277207040,1.681866e+17,5.175888,5.212238
43520,4278190080,1.682253e+17,5.180393,5.212304
43530,4279173120,1.682639e+17,5.178151,5.211812
43540,4280156160,1.683026e+17,5.180205,5.212001
43550,4281139200,1.683412e+17,5.180526,5.211495
43560,4282122240,1.683799e+17,5.186458,5.211340
43570,4283105280,1.684186e+17,5.178680,5.211432
43580,4284088320,1.684572e+17,5.173505,5.210975
43590,4285071360,1.684959e+17,5.182117,5.210903
43600,4286054400,1.685345e+17,5.180691,5.211389
43610,4287037440,1.685732e+17,5.181244,5.211141
43620,4288020480,1.686118e+17,5.183221,5.211686
43630,4289003520,1.686505e+17,5.182711,5.211009
43640,4289986560,1.686891e+17,5.181236,5.211629
43650,4290969600,1.687278e+17,5.181290,5.211418
43660,4291952640,1.687664e+17,5.179807,5.211449
43670,4292935680,1.688051e+17,5.183471,5.211298
43680,4293918720,1.688438e+17,5.182353,5.211052
43690,4294901760,1.688824e+17,5.181420,5.211353
43700,4295884800,1.689211e+17,5.181316,5.211637
43710,4296867840,1.689597e+17,5.179466,5.211619
43720,4297850880,1.689984e+17,5.182885,5.211105
43730,4298833920,1.690370e+17,5.181905,5.211302
43740,4299816960,1.690757e+17,5.186521,5.210763
43750,4300800000,1.691143e+17,5.182566,5.210447
43760,4301783040,1.691530e+17,5.183253,5.210303
43770,4302766080,1.691916e+17,5.183751,5.210221
43780,4303749120,1.692303e+17,5.184537,5.210696
43790,4304732160,1.692690e+17,5.180036,5.210571
43800,4305715200,1.693076e+17,5.177215,5.209986
43810,4306698240,1.693463e+17,5.174935,5.210754
43820,4307681280,1.693849e+17,5.175800,5.210403
43830,4308664320,1.694236e+17,5.180581,5.210594
43840,4309647360,1.694622e+17,5.180210,5.210723
43850,4310630400,1.695009e+17,5.178755,5.210882
43860,4311613440,1.695395e+17,5.183409,5.210350
43870,4312596480,1.695782e+17,5.185422,5.210013
43880,4313579520,1.696168e+17,5.183559,5.209672
43890,4314562560,1.696555e+17,5.180553,5.210024
43900,4315545600,1.696942e+17,5.180738,5.209494
43910,4316528640,1.697328e+17,5.178302,5.209826
43920,4317511680,1.697715e+17,5.177957,5.210174
43930,4318494720,1.698101e+17,5.178995,5.209846
43940,4319477760,1.698488e+17,5.177382,5.209921
43950,4320460800,1.698874e+17,5.179024,5.210018
43960,4321443840,1.699261e+17,5.176136,5.209984
43970,4322426880,1.699647e+17,5.177625,5.209970
43980,4323409920,1.700034e+17,5.177953,5.209382
43990,4324392960,1.700421e+17,5.175860,5.209635
44000,4325376000,1.700807e+17,5.180510,5.209361
44010,4326359040,1.701194e+17,5.179489,5.208992
44020,4327342080,1.701580e+17,5.180305,5.209284
44030,4328325120,1.701967e+17,5.179574,5.209268
44040,4329308160,1.702353e+17,5.172806,5.209020
44050,4330291200,1.702740e+17,5.176545,5.209305
44060,4331274240,1.703126e+17,5.176900,5.209076
44070,4332257280,1.703513e+17,5.178207,5.209217
44080,4333240320,1.703899e+17,5.178579,5.208994
44090,4334223360,1.704286e+17,5.179023,5.208539
44100,4335206400,1.704673e+17,5.177322,5.208504
44110,4336189440,1.705059e+17,5.176312,5.208445
44120,4337172480,1.705446e+17,5.178179,5.208077
44130,4338155520,1.705832e+17,5.179822,5.208444
44140,4339138560,1.706219e+17,5.178761,5.208725
44150,4340121600,1.706605e+17,5.176802,5.208100
44160,4341104640,1.706992e+17,5.181659,5.208274
44170,4342087680,1.707378e+17,5.181545,5.207988
44180,4343070720,1.707765e+17,5.182838,5.207902
44190,4344053760,1.708151e+17,5.180998,5.207806
44200,4345036800,1.708538e+17,5.180119,5.207918
44210,4346019840,1.708925e+17,5.174217,5.207830
44220,4347002880,1.709311e+17,5.174779,5.208170
44230,4347985920,1.709698e+17,5.175133,5.208023
44240,4348968960,1.710084e+17,5.173813,5.208307
44250,4349952000,1.710471e+17,5.175421,5.207582
44260,4350935040,1.710857e+17,5.179521,5.207145
44270,4351918080,1.711244e+17,5.175790,5.207508
44280,4352901120,1.711630e+17,5.176357,5.207430
44290,4353884160,1.712017e+17,5.176902,5.207767
44300,4354867200,1.712403e+17,5.177252,5.207215
44310,4355850240,1.712790e+17,5.170928,5.207213
44320,4356833280,1.713177e+17,5.175501,5.207387
44330,4357816320,1.713563e+17,5.176962,5.207259
44340,4358799360,1.713950e+17,5.177814,5.207203
44350,4359782400,1.714336e+17,5.174214,5.206903
44360,4360765440,1.714723e+17,5.173447,5.206619
44370,4361748480,1.715109e+17,5.177606,5.206441
44380,4362731520,1.715496e+17,5.178798,5.207103
44390,4363714560,1.715882e+17,5.179143,5.206690
44400,4364697600,1.716269e+17,5.177572,5.206411
44410,4365680640,1.716655e+17,5.177019,5.206508
44420,4366663680,1.717042e+17,5.178262,5.206499
44430,4367646720,1.717429e+17,5.176869,5.206159
44440,4368629760,1.717815e+17,5.171280,5.206230
44450,4369612800,1.718202e+17,5.174056,5.205944
44460,4370595840,1.718588e+17,5.172478,5.206275
44470,4371578880,1.718975e+17,5.171896,5.206310
44480,4372561920,1.719361e+17,5.176588,5.206385
44490,4373544960,1.719748e+17,5.173728,5.206263
44500,4374528000,1.720134e+17,5.172394,5.206161
44510,4375511040,1.720521e+17,5.173319,5.206234
44520,4376494080,1.720907e+17,5.172644,5.206204
44530,4377477120,1.721294e+17,5.171398,5.205819
44540,4378460160,1.721681e+17,5.170217,5.206001
44550,4379443200,1.722067e+17,5.174903,5.206181
44560,4380426240,1.722454e+17,5.176498,5.206092
44570,4381409280,1.722840e+17,5.175426,5.206155
44580,4382392320,1.723227e+17,5.174756,5.206704
44590,4383375360,1.723613e+17,5.177672,5.206415
44600,4384358400,1.724000e+17,5.178256,5.206832
44610,4385341440,1.724386e+17,5.176695,5.206574
44620,4386324480,1.724773e+17,5.175580,5.206237
44630,4387307520,1.725160e+17,5.172162,5.205633
44640,4388290560,1.725546e+17,5.173072,5.206239
44650,4389273600,1.725933e+17,5.172731,5.206317
44660,4390256640,1.726319e+17,5.176986,5.205911
44670,4391239680,1.726706e+17,5.178738,5.205716
44680,4392222720,1.727092e+17,5.175530,5.205160
44690,4393205760,1.727479e+17,5.179868,5.205038
44700,4394188800,1.727865e+17,5.176222,5.204897
44710,4395171840,1.728252e+17,5.174904,5.204633
44720,4396154880,1.728638e+17,5.175438,5.205089
44730,4397137920,1.729025e+17,5.176169,5.204919
44740,4398120960,1.729412e+17,5.176864,5.204957
44750,4399104000,1.729798e+17,5.176450,5.205098
44760,4400087040,1.730185e+17,5.175938,5.205096
44770,4401070080,1.730571e+17,5.178872,5.205330
44780,4402053120,1.730958e+17,5.185972,5.204687
44790,4403036160,1.731344e+17,5.185742,5.204292
44800,4404019200,1.731731e+17,5.182593,5.204453
44810,4405002240,1.732117e+17,5.179820,5.204269
44820,4405985280,1.732504e+17,5.181837,5.204179
44830,4406968320,1.732890e+17,5.178992,5.204245
44840,4407951360,1.733277e+17,5.177233,5.204349
44850,4408934400,1.733664e+17,5.177726,5.203767
44860,4409917440,1.734050e+17,5.178600,5.203779
44870,4410900480,1.734437e+17,5.178911,5.203432
44880,4411883520,1.734823e+17,5.180689,5.203700
44890,4412866560,1.735210e+17,5.184669,5.204097
44900,4413849600,1.735596e+17,5.180950,5.203782
44910,4414832640,1.735983e+17,5.176657,5.203378
44920,4415815680,1.736369e+17,5.180370,5.203102
44930,4416798720,1.736756e+17,5.176045,5.203453
44940,4417781760,1.737142e+17,5.172953,5.203442
44950,4418764800,1.737529e+17,5.168151,5.203357
44960,4419747840,1.737916e+17,5.171030,5.203107
44970,4420730880,1.738302e+17,5.165713,5.203099
44980,4421713920,1.738689e+17,5.173621,5.203365
44990,4422696960,1.739075e+17,5.174566,5.203663
45000,4423680000,1.739462e+17,5.171041,5.203090
45010,4424663040,1.739848e+17,5.169354,5.202959
45020,4425646080,1.740235e+17,5.164981,5.202777
45030,4426629120,1.740621e+17,5.165711,5.202591
45040,4427612160,1.741008e+17,5.163664,5.202779
45050,4428595200,1.741394e+17,5.164996,5.202874
45060,4429578240,1.741781e+17,5.171893,5.202753
45070,4430561280,1.742168e+17,5.175648,5.202550
45080,4431544320,1.742554e+17,5.172494,5.202808
45090,4432527360,1.742941e+17,5.172363,5.202712
45100,4433510400,1.743327e+17,5.171902,5.203415
45110,4434493440,1.743714e+17,5.172520,5.203178
45120,4435476480,1.744100e+17,5.173863,5.202865
45130,4436459520,1.744487e+17,5.173676,5.202885
45140,4437442560,1.744873e+17,5.171323,5.203161
45150,4438425600,1.745260e+17,5.177436,5.202919
45160,4439408640,1.745647e+17,5.176047,5.202801
45170,4440391680,1.746033e+17,5.174983,5.202478
45180,4441374720,1.746420e+17,5.175065,5.202876
45190,4442357760,1.746806e+17,5.173828,5.202711
45200,4443340800,1.747193e+17,5.177115,5.203121
45210,4444323840,1.747579e+17,5.173958,5.202810
45220,4445306880,1.747966e+17,5.171314,5.202629
45230,4446289920,1.748352e+17,5.171031,5.202416
45240,4447272960,1.748739e+17,5.169526,5.201883
45250,4448256000,1.749125e+17,5.169020,5.202239
45260,4449239040,1.749512e+17,5.170344,5.201956
45270,4450222080,1.749899e+17,5.167393,5.202087
45280,4451205120,1.750285e+17,5.166442,5.202064
45290,4452188160,1.750672e+17,5.170483,5.202123
45300,4453171200,1.751058e+17,5.167754,5.201924
45310,4454154240,1.751445e+17,5.168675,5.201833
45320,4455137280,1.751831e+17,5.167159,5.201249
45330,4456120320,1.752218e+17,5.169055,5.201847
45340,4457103360,1.752604e+17,5.170207,5.201619
45350,4458086400,1.752991e+17,5.172306,5.201379
45360,4459069440,1.753377e+17,5.176977,5.201077
45370,4460052480,1.753764e+17,5.177172,5.200824
45380,4461035520,1.754151e+17,5.172077,5.200949
45390,4462018560,1.754537e+17,5.171399,5.201150
45400,4463001600,1.754924e+17,5.179568,5.201184
45410,4463984640,1.755310e+17,5.180389,5.201274
45420,4464967680,1.755697e+17,5.179379,5.200956
45430,4465950720,1.756083e+17,5.179962,5.200992
45440,4466933760,1.756470e+17,5.176460,5.200914
45450,4467916800,1.756856e+17,5.177925,5.200520
45460,4468899840,1.757243e+17,5.174390,5.200756
45470,4469882880,1.757629e+17,5.173409,5.200248
45480,4470865920,1.758016e+17,5.172635,5.199951
45490,4471848960,1.758403e+17,5.172839,5.200329
45500,4472832000,1.758789e+17,5.174296,5.200829
45510,4473815040,1.759176e+17,5.174560,5.200147
45520,4474798080,1.759562e+17,5.171163,5.200069
45530,4475781120,1.759949e+17,5.171735,5.199934
45540,4476764160,1.760335e+17,5.175162,5.199954
45550,4477747200,1.760722e+17,5.177985,5.200009
45560,4478730240,1.761108e+17,5.174159,5.199812
45570,4479713280,1.761495e+17,5.167665,5.199979
45580,4480696320,1.761881e+17,5.161029,5.199811
45590,4481679360,1.762268e+17,5.161882,5.199722
45600,4482662400,1.762655e+17,5.162196,5.199732
45610,4483645440,1.763041e+17,5.170538,5.199601
45620,4484628480,1.763428e+17,5.172964,5.199359
45630,4485611520,1.763814e+17,5.173625,5.199615
45640,4486594560,1.764201e+17,5.176111,5.198955
45650,4487577600,1.764587e+17,5.169524,5.199087
45660,4488560640,1.764974e+17,5.169521,5.199045
45670,4489543680,1.765360e+17,5.165933,5.198982
45680,4490526720,1.765747e+17,5.168471,5.199032
45690,4491509760,1.766134e+17,5.165634,5.198867
45700,4492492800,1.766520e+17,5.168866,5.198887
45710,4493475840,1.766907e+17,5.171532,5.198733
45720,4494458880,1.767293e+17,5.170112,5.199051
45730,4495441920,1.767680e+17,5.169387,5.198965
45740,4496424960,1.768066e+17,5.163842,5.199251
45750,4497408000,1.768453e+17,5.166092,5.199308
45760,4498391040,1.768839e+17,5.172974,5.198899
45770,4499374080,1.769226e+17,5.171513,5.199209
45780,4500357120,1.769612e+17,5.168329,5.199031
45790,4501340160,1.769999e+17,5.171456,5.199160
45800,4502323200,1.770386e+17,5.170287,5.198973
45810,4503306240,1.770772e+17,5.164343,5.198682
45820,4504289280,1.771159e+17,5.165494,5.198456
45830,4505272320,1.771545e+17,5.166622,5.198756
45840,4506255360,1.771932e+17,5.169589,5.198578
45850,4507238400,1.772318e+17,5.165002,5.198424
45860,4508221440,1.772705e+17,5.167410,5.198229
45870,4509204480,1.773091e+17,5.165330,5.198411
45880,4510187520,1.773478e+17,5.164156,5.197870
45890,4511170560,1.773864e+17,5.164166,5.198022
45900,4512153600,1.774251e+17,5.163474,5.198030
45910,4513136640,1.774638e+17,5.162373,5.197818
45920,4514119680,1.775024e+17,5.159999,5.197705
45930,4515102720,1.775411e+17,5.164068,5.197998
45940,4516085760,1.775797e+17,5.167099,5.197964
45950,4517068800,1.776184e+17,5.165442,5.197275
45960,4518051840,1.776570e+17,5.167565,5.197657
45970,4519034880,1.776957e+17,5.164600,5.196986
45980,4520017920,1.777343e+17,5.166654,5.197645
45990,4521000960,1.777730e+17,5.162791,5.197067
46000,4521984000,1.778116e+17,5.165352,5.197140
46010,4522967040,1.778503e+17,5.167674,5.196816
46020,4523950080,1.778890e+17,5.169254,5.196693
46030,4524933120,1.779276e+17,5.166730,5.196537
46040,4525916160,1.779663e+17,5.169491,5.196633
46050,4526899200,1.780049e+17,5.171425,5.196561
46060,4527882240,1.780436e+17,5.172423,5.196735
46070,4528865280,1.780822e+17,5.169329,5.196322
46080,4529848320,1.781209e+17,5.169838,5.196289
46090,4530831360,1.781595e+17,5.175577,5.196567
46100,4531814400,1.781982e+17,5.172317,5.196555
46110,4532797440,1.782368e+17,5.167136,5.196585
46120,4533780480,1.782755e+17,5.170350,5.196659
46130,4534763520,1.783142e+17,5.172205,5.196357
46140,4535746560,1.783528e+17,5.170182,5.196507
46150,4536729600,1.783915e+17,5.169903,5.196375
46160,4537712640,1.784301e+17,5.169114,5.196465
46170,4538695680,1.784688e+17,5.165628,5.196739
46180,4539678720,1.785074e+17,5.165994,5.196574
46190,4540661760,1.785461e+17,5.161619,5.196557
46200,4541644800,1.785847e+17,5.160966,5.196378
46210,4542627840,1.786234e+17,5.165453,5.196484
46220,4543610880,1.786620e+17,5.163977,5.196743
46230,4544593920,1.787007e+17,5.161923,5.196492
46240,4545576960,1.787394e+17,5.166265,5.196260
46250,4546560000,1.787780e+17,5.162931,5.196260
46260,4547543040,1.788167e+17,5.166537,5.196530
46270,4548526080,1.788553e+17,5.169538,5.196447
46280,4549509120,1.788940e+17,5.168916,5.196180
46290,4550492160,1.789326e+17,5.165475,5.196338
46300,4551475200,1.789713e+17,5.166846,5.196424
46310,4552458240,1.790099e+17,5.172939,5.196656
46320,4553441280,1.790486e+17,5.174174,5.196305
46330,4554424320,1.790873e+17,5.170262,5.196284
46340,4555407360,1.791259e+17,5.169579,5.195949
46350,4556390400,1.791646e+17,5.165885,5.196318
46360,4557373440,1.792032e+17,5.164584,5.195908
46370,4558356480,1.792419e+17,5.164030,5.195630
46380,4559339520,1.792805e+17,5.163878,5.195698
46390,4560322560,1.793192e+17,5.165144,5.195413
46400,4561305600,1.793578e+17,5.160895,5.195680
46410,4562288640,1.793965e+17,5.160183,5.195536
46420,4563271680,1.794351e+17,5.159022,5.195784
46430,4564254720,1.794738e+17,5.156628,5.195726
46440,4565237760,1.795125e+17,5.157085,5.195590
46450,4566220800,1.795511e+17,5.154737,5.195492
46460,4567203840,1.795898e+17,5.154508,5.195643
46470,4568186880,1.796284e+17,5.162794,5.195696
46480,4569169920,1.796671e+17,5.166934,5.195710
46490,4570152960,1.797057e+17,5.165659,5.195334
46500,4571136000,1.797444e+17,5.164157,5.195498
46510,4572119040,1.797830e+17,5.167400,5.195590
46520,4573102080,1.798217e+17,5.169603,5.195192
46530,4574085120,1.798603e+17,5.170687,5.194970
46540,4575068160,1.798990e+17,5.173880,5.195016
46550,4576051200,1.799377e+17,5.171944,5.195282
46560,4577034240,1.799763e+17,5.175851,5.195395
46570,4578017280,1.800150e+17,5.173365,5.195208
46580,4579000320,1.800536e+17,5.169997,5.195076
46590,4579983360,1.800923e+17,5.167780,5.195109
46600,4580966400,1.801309e+17,5.168242,5.194717
46610,4581949440,1.801696e+17,5.165031,5.194751
46620,4582932480,1.802082e+17,5.167193,5.195122
46630,4583915520,1.802469e+17,5.166203,5.194661
46640,4584898560,1.802855e+17,5.167401,5.194840
46650,4585881600,1.803242e+17,5.166261,5.194430
46660,4586864640,1.803629e+17,5.162067,5.194682
46670,4587847680,1.804015e+17,5.167331,5.194479
46680,4588830720,1.804402e+17,5.164878,5.194676
46690,4589813760,1.804788e+17,5.162877,5.193943
46700,4590796800,1.805175e+17,5.164844,5.194426
46710,4591779840,1.805561e+17,5.160058,5.194722
46720,4592762880,1.805948e+17,5.159787,5.194390
46730,4593745920,1.806334e+17,5.160805,5.194657
46740,4594728960,1.806721e+17,5.162045,5.194151
46750,4595712000,1.807107e+17,5.161061,5.193916
46760,4596695040,1.807494e+17,5.162686,5.193708
46770,4597678080,1.807881e+17,5.165270,5.194034
46780,4598661120,1.808267e+17,5.163968,5.194464
46790,4599644160,1.808654e+17,5.167802,5.194018
46800,4600627200,1.809040e+17,5.169831,5.194279
46810,4601610240,1.809427e+17,5.166199,5.194295
46820,4602593280,1.809813e+17,5.164293,5.194460
46830,4603576320,1.810200e+17,5.168744,5.194106
46840,4604559360,1.810586e+17,5.164386,5.194068
46850,4605542400,1.810973e+17,5.162716,5.193743
46860,4606525440,1.811360e+17,5.161446,5.194002
46870,4607508480,1.811746e+17,5.161702,5.193657
46880,4608491520,1.812133e+17,5.162537,5.193356
46890,4609474560,1.812519e+17,5.167345,5.193250
46900,4610457600,1.812906e+17,5.161495,5.193335
46910,4611440640,1.813292e+17,5.161725,5.193121
46920,4612423680,1.813679e+17,5.162546,5.193064
46930,4613406720,1.814065e+17,5.162515,5.193410
46940,4614389760,1.814452e+17,5.162243,5.193226
46950,4615372800,1.814838e+17,5.161037,5.193139
46960,4616355840,1.815225e+17,5.164600,5.193087
46970,4617338880,1.815612e+17,5.168030,5.193234
46980,4618321920,1.815998e+17,5.169079,5.192692
46990,4619304960,1.816385e+17,5.167947,5.192827
47000,4620288000,1.816771e+17,5.164083,5.192890
47010,4621271040,1.817158e+17,5.166551,5.192834
47020,4622254080,1.817544e+17,5.162034,5.192808
47030,4623237120,1.817931e+17,5.159788,5.192281
47040,4624220160,1.818317e+17,5.155114,5.192634
47050,4625203200,1.818704e+17,5.156036,5.192388
47060,4626186240,1.819090e+17,5.152786,5.192253
47070,4627169280,1.819477e+17,5.159897,5.192448
47080,4628152320,1.819864e+17,5.158797,5.192395
47090,4629135360,1.820250e+17,5.158328,5.192458
47100,4630118400,1.820637e+17,5.160329,5.192344
47110,4631101440,1.821023e+17,5.161872,5.192254
47120,4632084480,1.821410e+17,5.163559,5.192381
47130,4633067520,1.821796e+17,5.164922,5.192350
47140,4634050560,1.822183e+17,5.164977,5.192161
47150,4635033600,1.822569e+17,5.164017,5.192095
47160,4636016640,1.822956e+17,5.160592,5.191941
47170,4636999680,1.823342e+17,5.160427,5.192113
47180,4637982720,1.823729e+17,5.164081,5.192056
47190,4638965760,1.824116e+17,5.165285,5.192086
47200,4639948800,1.824502e+17,5.162588,5.192040
47210,4640931840,1.824889e+17,5.167421,5.192095
47220,4641914880,1.825275e+17,5.159554,5.191982
47230,4642897920,1.825662e+17,5.160180,5.192058
47240,4643880960,1.826048e+17,5.163081,5.192097
47250,4644864000,1.826435e+17,5.159982,5.191952
47260,4645847040,1.826821e+17,5.157932,5.192043
47270,4646830080,1.827208e+17,5.159483,5.191788
47280,4647813120,1.827594e+17,5.158322,5.191712
47290,4648796160,1.827981e+17,5.158149,5.191792
47300,4649779200,1.828368e+17,5.155756,5.191820
47310,4650762240,1.828754e+17,5.158897,5.191823
47320,4651745280,1.829141e+17,5.158688,5.191946
47330,4652728320,1.829527e+17,5.157307,5.192026
47340,4653711360,1.829914e+17,5.157855,5.191558
47350,4654694400,1.830300e+17,5.162824,5.191350
47360,4655677440,1.830687e+17,5.156026,5.191708
47370,4656660480,1.831073e+17,5.161277,5.191430
47380,4657643520,1.831460e+17,5.160078,5.191391
47390,4658626560,1.831847e+17,5.158492,5.191296
47400,4659609600,1.832233e+17,5.162165,5.191317
47410,4660592640,1.832620e+17,5.161103,5.191235
47420,4661575680,1.833006e+17,5.160454,5.191421
47430,4662558720,1.833393e+17,5.161604,5.191273
47440,4663541760,1.833779e+17,5.164307,5.191353
47450,4664524800,1.834166e+17,5.160540,5.191365
47460,4665507840,1.834552e+17,5.155812,5.191182
47470,4666490880,1.834939e+17,5.154738,5.191148
47480,4667473920,1.835325e+17,5.149309,5.191122
47490,4668456960,1.835712e+17,5.142737,5.191155
47500,4669440000,1.836099e+17,5.143312,5.190848
47510,4670423040,1.836485e+17,5.143124,5.190883
47520,4671406080,1.836872e+17,5.148493,5.190973
47530,4672389120,1.837258e+17,5.152267,5.191383
47540,4673372160,1.837645e+17,5.156955,5.191218
47550,4674355200,1.838031e+17,5.159432,5.191083
47560,4675338240,1.838418e+17,5.165648,5.190900
47570,4676321280,1.838804e+17,5.169371,5.190867
47580,4677304320,1.839191e+17,5.165883,5.190857
47590,4678287360,1.839577e+17,5.163728,5.190540
47600,4679270400,1.839964e+17,5.162950,5.190600
47610,4680253440,1.840351e+17,5.159517,5.190767
47620,4681236480,1.840737e+17,5.163411,5.190904
47630,4682219520,1.841124e+17,5.161735,5.191143
47640,4683202560,1.841510e+17,5.162451,5.190900
47650,4684185600,1.841897e+17,5.164501,5.191173
47660,4685168640,1.842283e+17,5.164249,5.190770
47670,4686151680,1.842670e+17,5.162378,5.190567
47680,4687134720,1.843056e+17,5.159008,5.190478
47690,4688117760,1.843443e+17,5.157305,5.190574
47700,4689100800,1.843829e+17,5.157083,5.190540
47710,4690083840,1.844216e+17,5.156834,5.190172
47720,4691066880,1.844603e+17,5.158553,5.189910
47730,4692049920,1.844989e+17,5.161515,5.189978
47740,4693032960,1.845376e+17,5.159621,5.189815
47750,4694016000,1.845762e+17,5.160935,5.189820
47760,4694999040,1.846149e+17,5.157692,5.189920
47770,4695982080,1.846535e+17,5.162025,5.189944
47780,4696965120,1.846922e+17,5.161305,5.189864
47790,4697948160,1.847308e+17,5.165354,5.189721
47800,4698931200,1.847695e+17,5.166425,5.190126
47810,4699914240,1.848081e+17,5.167310,5.190102
47820,4700897280,1.848468e+17,5.168091,5.190182
47830,4701880320,1.848855e+17,5.162556,5.190228
47840,4702863360,1.849241e+17,5.157685,5.190304
47850,4703846400,1.849628e+17,5.157809,5.189834
47860,4704829440,1.850014e+17,5.159134,5.189643
47870,4705812480,1.850401e+17,5.159717,5.190044
47880,4706795520,1.850787e+17,5.162513,5.189921
47890,4707778560,1.851174e+17,5.160262,5.190073
47900,4708761600,1.851560e+17,5.161272,5.189767
47910,4709744640,1.851947e+17,5.164154,5.189609
47920,4710727680,1.852333e+17,5.158133,5.189792
47930,4711710720,1.852720e+17,5.160162,5.189457
47940,4712693760,1.853107e+17,5.159733,5.189358
47950,4713676800,1.853493e+17,5.160489,5.189437
47960,4714659840,1.853880e+17,5.158154,5.189225
47970,4715642880,1.854266e+17,5.163427,5.189285
47980,4716625920,1.854653e+17,5.159335,5.189311
47990,4717608960,1.855039e+17,5.161832,5.189499
48000,4718592000,1.855426e+17,5.162909,5.189540
48010,4719575040,1.855812e+17,5.162419,5.189440
48020,4720558080,1.856199e+17,5.164369,5.189176
48030,4721541120,1.856586e+17,5.166552,5.188832
48040,4722524160,1.856972e+17,5.163143,5.188609
48050,4723507200,1.857359e+17,5.164344,5.188929
48060,4724490240,1.857745e+17,5.158452,5.189092
48070,4725473280,1.858132e+17,5.158463,5.188982
48080,4726456320,1.858518e+17,5.160775,5.188865
48090,4727439360,1.858905e+17,5.157611,5.188941
48100,4728422400,1.859291e+17,5.159127,5.188997
48110,4729405440,1.859678e+17,5.158435,5.189037
48120,4730388480,1.860064e+17,5.154627,5.188916
48130,4731371520,1.860451e+17,5.154964,5.188870
48140,4732354560,1.860838e+17,5.151278,5.189233
48150,4733337600,1.861224e+17,5.151970,5.189043
48160,4734320640,1.861611e+17,5.157356,5.189012
48170,4735303680,1.861997e+17,5.154772,5.188933
48180,4736286720,1.862384e+17,5.156464,5.188853
48190,4737269760,1.862770e+17,5.158676,5.188899
48200,4738252800,1.863157e+17,5.164735,5.188639
48210,4739235840,1.863543e+17,5.157706,5.188573
48220,4740218880,1.863930e+17,5.159826,5.188368
48230,4741201920,1.864316e+17,5.154920,5.188598
48240,4742184960,1.864703e+17,5.154145,5.188871
48250,4743168000,1.865090e+17,5.150840,5.188612
48260,4744151040,1.865476e+17,5.151529,5.188544
48270,4745134080,1.865863e+17,5.153870,5.188313
48280,4746117120,1.866249e+17,5.157169,5.188307
48290,4747100160,1.866636e+17,5.158463,5.188363
48300,4748083200,1.867022e+17,5.158465,5.188746
48310,4749066240,1.867409e+17,5.155976,5.188199
48320,4750049280,1.867795e+17,5.155322,5.188170
48330,4751032320,1.868182e+17,5.151110,5.188446
48340,4752015360,1.868568e+17,5.147771,5.188239
48350,4752998400,1.868955e+17,5.147105,5.188150
48360,4753981440,1.869342e+17,5.153164,5.188353
48370,4754964480,1.869728e+17,5.153199,5.188361
48380,4755947520,1.870115e+17,5.152071,5.188398
48390,4756930560,1.870501e+17,5.154856,5.188262
48400,4757913600,1.870888e+17,5.152574,5.187916
48410,4758896640,1.871274e+17,5.151492,5.188110
48420,4759879680,1.871661e+17,5.152988,5.187906
48430,4760862720,1.872047e+17,5.153737,5.187864
48440,4761845760,1.872434e+17,5.154142,5.187871
48450,4762828800,1.872820e+17,5.156925,5.187602
48460,4763811840,1.873207e+17,5.157993,5.187451
48470,4764794880,1.873594e+17,5.152885,5.187533
48480,4765777920,1.873980e+17,5.153752,5.187384
48490,4766760960,1.874367e+17,5.152257,5.187716
48500,4767744000,1.874753e+17,5.152734,5.187550
48510,4768727040,1.875140e+17,5.156644,5.187718
48520,4769710080,1.875526e+17,5.157432,5.187646
48530,4770693120,1.875913e+17,5.153703,5.187495
48540,4771676160,1.876299e+17,5.149171,5.187557
48550,4772659200,1.876686e+17,5.152914,5.187378
48560,4773642240,1.877073e+17,5.157511,5.187666
48570,4774625280,1.877459e+17,5.151865,5.187455
48580,4775608320,1.877846e+17,5.156650,5.187391
48590,4776591360,1.878232e+17,5.155615,5.187605
48600,4777574400,1.878619e+17,5.150585,5.187620
48610,4778557440,1.879005e+17,5.153324,5.187398
48620,4779540480,1.879392e+17,5.151539,5.187391
48630,4780523520,1.879778e+17,5.154707,5.187561
48640,4781506560,1.880165e+17,5.147709,5.187518
48650,4782489600,1.880551e+17,5.152783,5.187344
48660,4783472640,1.880938e+17,5.154729,5.187288
48670,4784455680,1.881325e+17,5.153763,5.187133
48680,4785438720,1.881711e+17,5.157896,5.187181
48690,4786421760,1.882098e+17,5.156632,5.187287
48700,4787404800,1.882484e+17,5.160361,5.187058
48710,4788387840,1.882871e+17,5.159573,5.186974
48720,4789370880,1.883257e+17,5.159574,5.186932
48730,4790353920,1.883644e+17,5.156336,5.186689
48740,4791336960,1.884030e+17,5.154980,5.186778
48750,4792320000,1.884417e+17,5.159291,5.186758
48760,4793303040,1.884803e+17,5.155775,5.186740
48770,4794286080,1.885190e+17,5.154385,5.186729
48780,4795269120,1.885577e+17,5.156087,5.186855
48790,4796252160,1.885963e+17,5.157249,5.186588
48800,4797235200,1.886350e+17,5.161230,5.186771
48810,4798218240,1.886736e+17,5.151885,5.186872
48820,4799201280,1.887123e+17,5.146889,5.186660
48830,4800184320,1.887509e+17,5.146648,5.186986
48840,4801167360,1.887896e+17,5.156351,5.187076
48850,4802150400,1.888282e+17,5.158036,5.186856
48860,4803133440,1.888669e+17,5.157720,5.186697
48870,4804116480,1.889055e+17,5.159934,5.186517
48880,4805099520,1.889442e+17,5.162693,5.186518
48890,4806082560,1.889829e+17,5.165746,5.186843
48900,4807065600,1.890215e+17,5.162221,5.186727
48910,4808048640,1.890602e+17,5.162666,5.186517
48920,4809031680,1.890988e+17,5.167591,5.186935
48930,4810014720,1.891375e+17,5.166626,5.186731
48940,4810997760,1.891761e+17,5.161329,5.186816
48950,4811980800,1.892148e+17,5.155016,5.186588
48960,4812963840,1.892534e+17,5.160576,5.186466
48970,4813946880,1.892921e+17,5.157296,5.186580
48980,4814929920,1.893307e+17,5.154435,5.186360
48990,4815912960,1.893694e+17,5.149203,5.186555
49000,4816896000,1.894081e+17,5.150282,5.186439
49010,4817879040,1.894467e+17,5.144484,5.186273
49020,4818862080,1.894854e+17,5.142255,5.186355
49030,4819845120,1.895240e+17,5.141334,5.186277
49040,4820828160,1.895627e+17,5.148097,5.186302
49050,4821811200,1.896013e+17,5.145870,5.186258
49060,4822794240,1.896400e+17,5.152809,5.186448
49070,4823777280,1.896786e+17,5.148456,5.186268
49080,4824760320,1.897173e+17,5.153358,5.186193
49090,4825743360,1.897560e+17,5.153501,5.186326
49100,4826726400,1.897946e+17,5.158456,5.186281
49110,4827709440,1.898333e+17,5.159671,5.186415
49120,4828692480,1.898719e+17,5.158247,5.186406
49130,4829675520,1.899106e+17,5.155979,5.186150
49140,4830658560,1.899492e+17,5.152272,5.186016
49150,4831641600,1.899879e+17,5.154022,5.186382
49160,4832624640,1.900265e+17,5.155779,5.186152
49170,4833607680,1.900652e+17,5.164478,5.186097
49180,4834590720,1.901038e+17,5.163304,5.186018
49190,4835573760,1.901425e+17,5.159495,5.185860
49200,4836556800,1.901812e+17,5.160799,5.185783
49210,4837539840,1.902198e+17,5.159732,5.185830
49220,4838522880,1.902585e+17,5.159289,5.185749
49230,4839505920,1.902971e+17,5.159670,5.185831
49240,4840488960,1.903358e+17,5.157241,5.185799
49250,4841472000,1.903744e+17,5.153777,5.185877
49260,4842455040,1.904131e+17,5.154759,5.185715
49270,4843438080,1.904517e+17,5.154402,5.185843
49280,4844421120,1.904904e+17,5.156939,5.185531
49290,4845404160,1.905290e+17,5.156837,5.185488
49300,4846387200,1.905677e+17,5.161422,5.185626
49310,4847370240,1.906064e+17,5.159876,5.185509
49320,4848353280,1.906450e+17,5.163592,5.185463
49330,4849336320,1.906837e+17,5.164020,5.185513
49340,4850319360,1.907223e+17,5.165211,5.185543
49350,4851302400,1.907610e+17,5.166328,5.185478
49360,4852285440,1.907996e+17,5.166885,5.185498
49370,4853268480,1.908383e+17,5.160503,5.185493
49380,4854251520,1.908769e+17,5.158406,5.185576
49390,4855234560,1.909156e+17,5.159147,5.185618
49400,4856217600,1.909542e+17,5.157783,5.185571
49410,4857200640,1.909929e+17,5.159480,5.185450
49420,4858183680,1.910316e+17,5.158533,5.185337
49430,4859166720,1.910702e+17,5.158863,5.185363
49440,4860149760,1.911089e+17,5.158537,5.185243
49450,4861132800,1.911475e+17,5.158315,5.185422
49460,4862115840,1.911862e+17,5.158788,5.185292
49470,4863098880,1.912248e+17,5.158267,5.185407
49480,4864081920,1.912635e+17,5.159717,5.185594
49490,4865064960,1.913021e+17,5.160431,5.185509
49500,4866048000,1.913408e+17,5.164802,5.185440
49510,4867031040,1.913794e+17,5.163247,5.185295
49520,4868014080,1.914181e+17,5.161009,5.184995
49530,4868997120,1.914568e+17,5.159068,5.185179
49540,4869980160,1.914954e+17,5.160721,5.185315
49550,4870963200,1.915341e+17,5.163918,5.185230
49560,4871946240,1.915727e+17,5.160921,5.185073
49570,4872929280,1.916114e+17,5.154892,5.185139
49580,4873912320,1.916500e+17,5.155371,5.184969
49590,4874895360,1.916887e+17,5.154803,5.184977
49600,4875878400,1.917273e+17,5.150570,5.184869
49610,4876861440,1.917660e+17,5.147916,5.184888
49620,4877844480,1.918046e+17,5.146048,5.185002
49630,4878827520,1.918433e+17,5.148268,5.185088
49640,4879810560,1.918820e+17,5.151261,5.185015
49650,4880793600,1.919206e+17,5.156328,5.184981
49660,4881776640,1.919593e+17,5.156741,5.184820
49670,4882759680,1.919979e+17,5.162673,5.184673
49680,4883742720,1.920366e+17,5.162725,5.184684
49690,4884725760,1.920752e+17,5.160918,5.184737
49700,4885708800,1.921139e+17,5.160632,5.184628
49710,4886691840,1.921525e+17,5.155041,5.184587
49720,4887674880,1.921912e+17,5.155321,5.184685
49730,4888657920,1.922299e+17,5.153445,5.184541
49740,4889640960,1.922685e+17,5.148572,5.184768
49750,4890624000,1.923072e+17,5.147039,5.184702
49760,4891607040,1.923458e+17,5.147960,5.184710
49770,4892590080,1.923845e+17,5.151896,5.184514
49780,4893573120,1.924231e+17,5.156575,5.184578
49790,4894556160,1.924618e+17,5.158126,5.184283
49800,4895539200,1.925004e+17,5.155046,5.184409
49810,4896522240,1.925391e+17,5.157875,5.184457
49820,4897505280,1.925777e+17,5.163058,5.184383
49830,4898488320,1.926164e+17,5.161006,5.184385
49840,4899471360,1.926551e+17,5.162465,5.184537
49850,4900454400,1.926937e+17,5.161203,5.184423
49860,4901437440,1.927324e+17,5.159250,5.184242
49870,4902420480,1.927710e+17,5.154333,5.184220
49880,4903403520,1.928097e+17,5.154620,5.184155
49890,4904386560,1.928483e+17,5.153500,5.184108
49900,4905369600,1.928870e+17,5.153606,5.184046
49910,4906352640,1.929256e+17,5.151718,5.184181
49920,4907335680,1.929643e+17,5.156268,5.184036
49930,4908318720,1.930029e+17,5.157119,5.184051
49940,4909301760,1.930416e+17,5.152407,5.184047
49950,4910284800,1.930803e+17,5.155303,5.184073
49960,4911267840,1.931189e+17,5.153385,5.184015
49970,4912250880,1.931576e+17,5.153777,5.184077
49980,4913233920,1.931962e+17,5.154064,5.184208
49990,4914216960,1.932349e+17,5.151262,5.184046
50000,4915200000,1.932735e+17,5.156469,5.184198
50010,4916183040,1.933122e+17,5.159270,5.184249
50020,4917166080,1.933508e+17,5.153246,5.184058
50030,4918149120,1.933895e+17,5.153772,5.184119
50040,4919132160,1.934281e+17,5.154628,5.184133
50050,4920115200,1.934668e+17,5.159164,5.184042
50060,4921098240,1.935055e+17,5.159450,5.183978
50070,4922081280,1.935441e+17,5.156822,5.184108
50080,4923064320,1.935828e+17,5.157400,5.184119
50090,4924047360,1.936214e+17,5.157513,5.184036
50100,4925030400,1.936601e+17,5.157441,5.184169
50110,4926013440,1.936987e+17,5.150362,5.184042
50120,4926996480,1.937374e+17,5.157313,5.184085
50130,4927979520,1.937760e+17,5.157439,5.183938
50140,4928962560,1.938147e+17,5.151995,5.183837
50150,4929945600,1.938533e+17,5.154873,5.183810
50160,4930928640,1.938920e+17,5.150444,5.183876
50170,4931911680,1.939307e+17,5.144758,5.183753
50180,4932894720,1.939693e+17,5.144031,5.183735
50190,4933877760,1.940080e+17,5.153917,5.183770
50200,4934860800,1.940466e+17,5.153170,5.184014
50210,4935843840,1.940853e+17,5.161408,5.183890
50220,4936826880,1.941239e+17,5.157740,5.183732
50230,4937809920,1.941626e+17,5.153083,5.183653
50240,4938792960,1.942012e+17,5.157399,5.183445
50250,4939776000,1.942399e+17,5.159840,5.183482
50260,4940759040,1.942786e+17,5.157149,5.183630
50270,4941742080,1.943172e+17,5.151598,5.183577
50280,4942725120,1.943559e+17,5.153800,5.183590
50290,4943708160,1.943945e+17,5.153899,5.183330
50300,4944691200,1.944332e+17,5.153359,5.183412
50310,4945674240,1.944718e+17,5.154437,5.183561
50320,4946657280,1.945105e+17,5.154027,5.183536
50330,4947640320,1.945491e+17,5.154546,5.183201
50340,4948623360,1.945878e+17,5.154533,5.183242
50350,4949606400,1.946264e+17,5.154083,5.183411
50360,4950589440,1.946651e+17,5.152828,5.183131
50370,4951572480,1.947038e+17,5.159693,5.183231
50380,4952555520,1.947424e+17,5.155265,5.183073
50390,4953538560,1.947811e+17,5.154847,5.183099
50400,4954521600,1.948197e+17,5.153593,5.183256
50410,4955504640,1.948584e+17,5.157069,5.183117
50420,4956487680,1.948970e+17,5.156112,5.182976
50430,4957470720,1.949357e+17,5.156157,5.183052
50440,4958453760,1.949743e+17,5.158733,5.183040
50450,4959436800,1.950130e+17,5.158461,5.182992
50460,4960419840,1.950516e+17,5.159561,5.182996
50470,4961402880,1.950903e+17,5.153215,5.183101
50480,4962385920,1.951290e+17,5.158049,5.183003
50490,4963368960,1.951676e+17,5.159253,5.182924
50500,4964352000,1.952063e+17,5.156793,5.182850
50510,4965335040,1.952449e+17,5.157808,5.182908
50520,4966318080,1.952836e+17,5.160673,5.182805
50530,4967301120,1.953222e+17,5.160691,5.182843
50540,4968284160,1.953609e+17,5.152992,5.182667
50550,4969267200,1.953995e+17,5.152716,5.182491
50560,4970250240,1.954382e+17,5.151504,5.182459
50570,4971233280,1.954768e+17,5.154048,5.182542
50580,4972216320,1.955155e+17,5.150644,5.182508
50590,4973199360,1.955542e+17,5.150520,5.182564
50600,4974182400,1.955928e+17,5.150738,5.182620
50610,4975165440,1.956315e+17,5.152673,5.182695
50620,4976148480,1.956701e+17,5.143862,5.182518
50630,4977131520,1.957088e+17,5.144887,5.182506
50640,4978114560,1.957474e+17,5.143641,5.182570
50650,4979097600,1.957861e+17,5.149488,5.182472
50660,4980080640,1.958247e+17,5.150262,5.182452
50670,4981063680,1.958634e+17,5.155454,5.182614
50680,4982046720,1.959020e+17,5.154877,5.182471
50690,4983029760,1.959407e+17,5.153079,5.182269
50700,4984012800,1.959794e+17,5.151242,5.182240
50710,4984995840,1.960180e+17,5.148218,5.182210
50720,4985978880,1.960567e+17,5.152684,5.182284
50730,4986961920,1.960953e+17,5.156802,5.182331
50740,4987944960,1.961340e+17,5.158727,5.182362
50750,4988928000,1.961726e+17,5.155005,5.182314
50760,4989911040,1.962113e+17,5.153683,5.182181
50770,4990894080,1.962499e+17,5.152446,5.182248
50780,4991877120,1.962886e+17,5.152346,5.182308
50790,4992860160,1.963273e+17,5.153657,5.182323
50800,4993843200,1.963659e+17,5.151451,5.182411
50810,4994826240,1.964046e+17,5.151365,5.182274
50820,4995809280,1.964432e+17,5.146915,5.182173
50830,4996792320,1.964819e+17,5.146743,5.182228
50840,4997775360,1.965205e+17,5.146158,5.182248
50850,4998758400,1.965592e+17,5.145882,5.182311
50860,4999741440,1.965978e+17,5.142875,5.182224
50870,5000724480,1.966365e+17,5.146837,5.182285
50880,5001707520,1.966751e+17,5.143252,5.182293
50890,5002690560,1.967138e+17,5.139138,5.182251
50900,5003673600,1.967525e+17,5.145435,5.182282
50910,5004656640,1.967911e+17,5.147257,5.182197
50920,5005639680,1.968298e+17,5.151927,5.182211
50930,5006622720,1.968684e+17,5.149542,5.182025
50940,5007605760,1.969071e+17,5.147441,5.182176
50950,5008588800,1.969457e+17,5.150040,5.181981
50960,5009571840,1.969844e+17,5.152442,5.181914
50970,5010554880,1.970230e+17,5.150933,5.182072
50980,5011537920,1.970617e+17,5.150474,5.182072
50990,5012520960,1.971003e+17,5.153811,5.181996
51000,5013504000,1.971390e+17,5.155234,5.182026
51010,5014487040,1.971777e+17,5.154850,5.181999
51020,5015470080,1.972163e+17,5.155777,5.182056
51030,5016453120,1.972550e+17,5.150698,5.181903
51040,5017436160,1.972936e+17,5.148907,5.181808
51050,5018419200,1.973323e+17,5.151125,5.181731
51060,5019402240,1.973709e+17,5.151233,5.181851
51070,5020385280,1.974096e+17,5.159709,5.182107
51080,5021368320,1.974482e+17,5.161223,5.182041
51090,5022351360,1.974869e+17,5.160238,5.181959
51100,5023334400,1.975255e+17,5.156969,5.181941
51110,5024317440,1.975642e+17,5.155335,5.181855
51120,5025300480,1.976029e+17,5.152657,5.181740
51130,5026283520,1.976415e+17,5.153312,5.181590
51140,5027266560,1.976802e+17,5.150198,5.181688
51150,5028249600,1.977188e+17,5.146201,5.181712
51160,5029232640,1.977575e+17,5.146981,5.181661
51170,5030215680,1.977961e+17,5.145677,5.181709
51180,5031198720,1.978348e+17,5.148883,5.181774
51190,5032181760,1.978734e+17,5.152863,5.181716
51200,5033164800,1.979121e+17,5.156778,5.181595
51210,5034147840,1.979507e+17,5.160234,5.181594
51220,5035130880,1.979894e+17,5.162579,5.181580
51230,5036113920,1.980281e+17,5.158898,5.181615
51240,5037096960,1.980667e+17,5.165606,5.181522
51250,5038080000,1.981054e+17,5.168337,5.181454
51260,5039063040,1.981440e+17,5.166530,5.181420
51270,5040046080,1.981827e+17,5.165775,5.181400
51280,5041029120,1.982213e+17,5.164606,5.181498
51290,5042012160,1.982600e+17,5.160792,5.181372
51300,5042995200,1.982986e+17,5.158753,5.181285
51310,5043978240,1.983373e+17,5.157247,5.181285
51320,5044961280,1.983759e+17,5.156808,5.181238
51330,5045944320,1.984146e+17,5.158294,5.181199
51340,5046927360,1.984533e+17,5.154852,5.181262
51350,5047910400,1.984919e+17,5.151673,5.181362
51360,5048893440,1.985306e+17,5.154694,5.181201
51370,5049876480,1.985692e+17,5.158355,5.181027
51380,5050859520,1.986079e+17,5.153556,5.181062
51390,5051842560,1.986465e+17,5.154029,5.181196
51400,5052825600,1.986852e+17,5.158385,5.181263
51410,5053808640,1.987238e+17,5.156685,5.181198
51420,5054791680,1.987625e+17,5.153329,5.181135
51430,5055774720,1.988012e+17,5.154757,5.181087
51440,5056757760,1.988398e+17,5.155744,5.181079
51450,5057740800,1.988785e+17,5.154791,5.180993
51460,5058723840,1.989171e+17,5.153372,5.181066
51470,5059706880,1.989558e+17,5.154209,5.181020
51480,5060689920,1.989944e+17,5.154386,5.180982
51490,5061672960,1.990331e+17,5.150073,5.181118
51500,5062656000,1.990717e+17,5.148332,5.181029
51510,5063639040,1.991104e+17,5.147627,5.180884
51520,5064622080,1.991490e+17,5.145102,5.180819
51530,5065605120,1.991877e+17,5.144779,5.180837
51540,5066588160,1.992264e+17,5.144263,5.180909
51550,5067571200,1.992650e+17,5.145358,5.180872
51560,5068554240,1.993037e+17,5.144849,5.180778
51570,5069537280,1.993423e+17,5.148494,5.180765
51580,5070520320,1.993810e+17,5.141937,5.180788
51590,5071503360,1.994196e+17,5.139435,5.180812
51600,5072486400,1.994583e+17,5.140771,5.180762
51610,5073469440,1.994969e+17,5.138796,5.180785
51620,5074452480,1.995356e+17,5.143121,5.180731
51630,5075435520,1.995742e+17,5.142310,5.180682
51640,5076418560,1.996129e+17,5.143234,5.180665
51650,5077401600,1.996516e+17,5.144626,5.180662
51660,5078384640,1.996902e+17,5.147353,5.180624
51670,5079367680,1.997289e+17,5.145982,5.180650
51680,5080350720,1.997675e+17,5.140034,5.180676
51690,5081333760,1.998062e+17,5.141860,5.180667
51700,5082316800,1.998448e+17,5.144464,5.180778
51710,5083299840,1.998835e+17,5.142903,5.180790
51720,5084282880,1.999221e+17,5.131997,5.180764
51730,5085265920,1.999608e+17,5.131467,5.180711
51740,5086248960,1.999994e+17,5.134552,5.180640
51750,5087232000,2.000381e+17,5.137805,5.180611
51760,5088215040,2.000768e+17,5.141446,5.180481
51770,5089198080,2.001154e+17,5.141605,5.180558
51780,5090181120,2.001541e+17,5.144206,5.180610
51790,5091164160,2.001927e+17,5.141851,5.180638
51800,5092147200,2.002314e+17,5.146246,5.180595
51810,5093130240,2.002700e+17,5.144502,5.180526
51820,5094113280,2.003087e+17,5.143956,5.180564
51830,5095096320,2.003473e+17,5.151795,5.180608
51840,5096079360,2.003860e+17,5.149578,5.180539
51850,5097062400,2.004246e+17,5.147313,5.180519
51860,5098045440,2.004633e+17,5.149554,5.180488
51870,5099028480,2.005020e+17,5.147921,5.180544
51880,5100011520,2.005406e+17,5.148502,5.180521
51890,5100994560,2.005793e+17,5.150455,5.180486
51900,5101977600,2.006179e+17,5.150861,5.180539
51910,5102960640,2.006566e+17,5.147654,5.180537
51920,5103943680,2.006952e+17,5.148394,5.180439
51930,5104926720,2.007339e+17,5.148287,5.180375
51940,5105909760,2.007725e+17,5.148882,5.180362
51950,5106892800,2.008112e+17,5.149553,5.180309
51960,5107875840,2.008499e+17,5.150751,5.180319
51970,5108858880,2.008885e+17,5.151412,5.180298
51980,5109841920,2.009272e+17,5.151470,5.180282
51990,5110824960,2.009658e+17,5.151946,5.180413
52000,5111808000,2.010045e+17,5.153164,5.180355
52010,5112791040,2.010431e+17,5.155570,5.180284
52020,5113774080,2.010818e+17,5.158111,5.180278
52030,5114757120,2.011204e+17,5.154507,5.180254
52040,5115740160,2.011591e+17,5.154412,5.180202
52050,5116723200,2.011977e+17,5.159012,5.180178
52060,5117706240,2.012364e+17,5.160987,5.180177
52070,5118689280,2.012751e+17,5.159483,5.180163
52080,5119672320,2.013137e+17,5.160865,5.180201
52090,5120655360,2.013524e+17,5.159615,5.180241
52100,5121638400,2.013910e+17,5.158684,5.180247
52110,5122621440,2.014297e+17,5.157863,5.180203
52120,5123604480,2.014683e+17,5.148597,5.180198
52130,5124587520,2.015070e+17,5.149170,5.180231
52140,5125570560,2.015456e+17,5.143340,5.180227
52150,5126553600,2.015843e+17,5.146320,5.180198
52160,5127536640,2.016229e+17,5.149917,5.180088
52170,5128519680,2.016616e+17,5.148265,5.180029
52180,5129502720,2.017003e+17,5.150577,5.180140
52190,5130485760,2.017389e+17,5.154425,5.180215
52200,5131468800,2.017776e+17,5.149470,5.180201
52210,5132451840,2.018162e+17,5.149284,5.180043
52220,5133434880,2.018549e+17,5.148917,5.180007
52230,5134417920,2.018935e+17,5.151817,5.179985
52240,5135400960,2.019322e+17,5.146794,5.179929
52250,5136384000,2.019708e+17,5.147092,5.179937
52260,5137367040,2.020095e+17,5.148207,5.179877
52270,5138350080,2.020481e+17,5.148693,5.179893
52280,5139333120,2.020868e+17,5.150184,5.179960
52290,5140316160,2.021255e+17,5.151341,5.180003
52300,5141299200,2.021641e+17,5.154852,5.179984
52310,5142282240,2.022028e+17,5.152169,5.179978
52320,5143265280,2.022414e+17,5.154963,5.179933
52330,5144248320,2.022801e+17,5.152256,5.179871
52340,5145231360,2.023187e+17,5.146725,5.179877
52350,5146214400,2.023574e+17,5.147210,5.179904
52360,5147197440,2.023960e+17,5.151396,5.179878
52370,5148180480,2.024347e+17,5.150778,5.179885
52380,5149163520,2.024733e+17,5.148741,5.179801
52390,5150146560,2.025120e+17,5.149649,5.179754
52400,5151129600,2.025507e+17,5.147423,5.179847
52410,5152112640,2.025893e+17,5.148001,5.179831
52420,5153095680,2.026280e+17,5.145496,5.179794
52430,5154078720,2.026666e+17,5.141209,5.179813
52440,5155061760,2.027053e+17,5.139593,5.179809
52450,5156044800,2.027439e+17,5.144126,5.179722
52460,5157027840,2.027826e+17,5.138704,5.179700
52470,5158010880,2.028212e+17,5.136775,5.179695
52480,5158993920,2.028599e+17,5.136577,5.179696
52490,5159976960,2.028986e+17,5.145185,5.179744
52500,5160960000,2.029372e+17,5.147423,5.179737
52510,5161943040,2.029759e+17,5.154781,5.179690
52520,5162926080,2.030145e+17,5.154469,5.179656
52530,5163909120,2.030532e+17,5.149305,5.179651
52540,5164892160,2.030918e+17,5.148600,5.179670
52550,5165875200,2.031305e+17,5.154931,5.179682
52560,5166858240,2.031691e+17,5.153985,5.179666
52570,5167841280,2.032078e+17,5.152495,5.179622
52580,5168824320,2.032464e+17,5.144700,5.179624
52590,5169807360,2.032851e+17,5.145376,5.179641
52600,5170790400,2.033238e+17,5.142123,5.179612
52610,5171773440,2.033624e+17,5.147476,5.179605
52620,5172756480,2.034011e+17,5.146284,5.179544
52630,5173739520,2.034397e+17,5.145597,5.179539
52640,5174722560,2.034784e+17,5.150031,5.179552
52650,5175705600,2.035170e+17,5.151010,5.179517
52660,5176688640,2.035557e+17,5.152144,5.179439
52670,5177671680,2.035943e+17,5.148930,5.179434
52680,5178654720,2.036330e+17,5.148824,5.179471
52690,5179637760,2.036716e+17,5.139282,5.179496
52700,5180620800,2.037103e+17,5.142790,5.179446
52710,5181603840,2.037490e+17,5.146084,5.179386
52720,5182586880,2.037876e+17,5.146955,5.179354
52730,5183569920,2.038263e+17,5.144033,5.179307
52740,5184552960,2.038649e+17,5.149075,5.179273
52750,5185536000,2.039036e+17,5.151591,5.179242
52760,5186519040,2.039422e+17,5.150738,5.179307
52770,5187502080,2.039809e+17,5.148497,5.179324
52780,5188485120,2.040195e+17,5.146528,5.179323
52790,5189468160,2.040582e+17,5.146334,5.179269
52800,5190451200,2.040968e+17,5.142500,5.179280
52810,5191434240,2.041355e+17,5.150326,5.179264
52820,5192417280,2.041742e+17,5.154464,5.179275
52830,5193400320,2.042128e+17,5.148949,5.179302
52840,5194383360,2.042515e+17,5.147858,5.179314
52850,5195366400,2.042901e+17,5.151158,5.179329
52860,5196349440,2.043288e+17,5.154088,5.179279
52870,5197332480,2.043674e+17,5.150631,5.179248
52880,5198315520,2.044061e+17,5.152166,5.179231
52890,5199298560,2.044447e+17,5.150476,5.179231
52900,5200281600,2.044834e+17,5.154696,5.179247
52910,5201264640,2.045220e+17,5.155362,5.179293
52920,5202247680,2.045607e+17,5.151372,5.179290
52930,5203230720,2.045994e+17,5.146556,5.179295
52940,5204213760,2.046380e+17,5.149977,5.179269
52950,5205196800,2.046767e+17,5.150751,5.179306
52960,5206179840,2.047153e+17,5.150551,5.179307
52970,5207162880,2.047540e+17,5.150514,5.179261
52980,5208145920,2.047926e+17,5.144008,5.179254
52990,5209128960,2.048313e+17,5.143922,5.179270
53000,5210112000,2.048699e+17,5.148080,5.179281
53010,5211095040,2.049086e+17,5.146147,5.179284
53020,5212078080,2.049472e+17,5.152358,5.179250
53030,5213061120,2.049859e+17,5.154031,5.179179
53040,5214044160,2.050246e+17,5.154756,5.179147
53050,5215027200,2.050632e+17,5.150898,5.179182
53060,5216010240,2.051019e+17,5.154368,5.179178
53070,5216993280,2.051405e+17,5.155814,5.179130
53080,5217976320,2.051792e+17,5.152635,5.179112
53090,5218959360,2.052178e+17,5.149686,5.179086
53100,5219942400,2.052565e+17,5.147170,5.179113
53110,5220925440,2.052951e+17,5.150349,5.179185
53120,5221908480,2.053338e+17,5.152285,5.179183
53130,5222891520,2.053725e+17,5.146854,5.179177
53140,5223874560,2.054111e+17,5.147852,5.179165
53150,5224857600,2.054498e+17,5.142740,5.179154
53160,5225840640,2.054884e+17,5.142035,5.179120
53170,5226823680,2.055271e+17,5.146358,5.179109
53180,5227806720,2.055657e+17,5.148949,5.179135
53190,5228789760,2.056044e+17,5.151210,5.179121
53200,5229772800,2.056430e+17,5.147237,5.179088
53210,5230755840,2.056817e+17,5.142455,5.179047
53220,5231738880,2.057203e+17,5.146540,5.179026
53230,5232721920,2.057590e+17,5.144527,5.179002
53240,5233704960,2.057977e+17,5.151265,5.179004
53250,5234688000,2.058363e+17,5.152513,5.179054
53260,5235671040,2.058750e+17,5.153897,5.179055
53270,5236654080,2.059136e+17,5.153223,5.179065
53280,5237637120,2.059523e+17,5.157972,5.179043
53290,5238620160,2.059909e+17,5.152255,5.179042
53300,5239603200,2.060296e+17,5.151462,5.179046
53310,5240586240,2.060682e+17,5.153504,5.179022
53320,5241569280,2.061069e+17,5.152647,5.178995
53330,5242552320,2.061455e+17,5.151320,5.178995
53340,5243535360,2.061842e+17,5.148903,5.179004
53350,5244518400,2.062229e+17,5.148469,5.179002
53360,5245501440,2.062615e+17,5.149379,5.179008
53370,5246484480,2.063002e+17,5.153096,5.179013
53380,5247467520,2.063388e+17,5.152525,5.178988
53390,5248450560,2.063775e+17,5.149253,5.178991
53400,5249433600,2.064161e+17,5.154107,5.178978
53410,5250416640,2.064548e+17,5.159929,5.178964
53420,5251399680,2.064934e+17,5.154710,5.178955
53430,5252382720,2.065321e+17,5.149695,5.178961
53440,5253365760,2.065707e+17,5.151346,5.178968
53450,5254348800,2.066094e+17,5.148164,5.178953
53460,5255331840,2.066481e+17,5.146213,5.178964
53470,5256314880,2.066867e+17,5.147757,5.179000
53480,5257297920,2.067254e+17,5.148993,5.179023
53490,5258280960,2.067640e+17,5.150804,5.178980
53500,5259264000,2.068027e+17,5.145863,5.178944
53510,5260247040,2.068413e+17,5.145157,5.178956
53520,5261230080,2.068800e+17,5.146591,5.178965
53530,5262213120,2.069186e+17,5.144676,5.178925
53540,5263196160,2.069573e+17,5.143116,5.178923
53550,5264179200,2.069959e+17,5.149376,5.178949
53560,5265162240,2.070346e+17,5.150806,5.178920
53570,5266145280,2.070733e+17,5.148198,5.178896
53580,5267128320,2.071119e+17,5.155165,5.178882
53590,5268111360,2.071506e+17,5.153682,5.178888
53600,5269094400,2.071892e+17,5.147482,5.178899
53610,5270077440,2.072279e+17,5.148597,5.178941
53620,5271060480,2.072665e+17,5.151065,5.178937
53630,5272043520,2.073052e+17,5.157817,5.178925
53640,5273026560,2.073438e+17,5.153797,5.178911
53650,5274009600,2.073825e+17,5.154786,5.178860
53660,5274992640,2.074212e+17,5.155079,5.178833
53670,5275975680,2.074598e+17,5.154113,5.178833
53680,5276958720,2.074985e+17,5.156214,5.178828
53690,5277941760,2.075371e+17,5.155808,5.178814
53700,5278924800,2.075758e+17,5.155290,5.178819
53710,5279907840,2.076144e+17,5.158962,5.178804
53720,5280890880,2.076531e+17,5.155156,5.178806
53730,5281873920,2.076917e+17,5.153350,5.178819
53740,5282856960,2.077304e+17,5.154313,5.178839
53750,5283840000,2.077690e+17,5.150156,5.178864
53760,5284823040,2.078077e+17,5.147222,5.178858
53770,5285806080,2.078464e+17,5.147102,5.178834
53780,5286789120,2.078850e+17,5.146306,5.178802
53790,5287772160,2.079237e+17,5.144814,5.178772
53800,5288755200,2.079623e+17,5.150990,5.178746
53810,5289738240,2.080010e+17,5.150962,5.178731
53820,5290721280,2.080396e+17,5.147588,5.178731
53830,5291704320,2.080783e+17,5.152378,5.178748
53840,5292687360,2.081169e+17,5.153097,5.178764
53850,5293670400,2.081556e+17,5.156932,5.178792
53860,5294653440,2.081942e+17,5.158936,5.178773
53870,5295636480,2.082329e+17,5.162719,5.178761
53880,5296619520,2.082716e+17,5.163225,5.178758
53890,5297602560,2.083102e+17,5.165482,5.178731
53900,5298585600,2.083489e+17,5.167826,5.178721
53910,5299568640,2.083875e+17,5.169441,5.178716
53920,5300551680,2.084262e+17,5.163160,5.178703
53930,5301534720,2.084648e+17,5.160383,5.178706
53940,5302517760,2.085035e+17,5.161091,5.178720
53950,5303500800,2.085421e+17,5.163111,5.178711
53960,5304483840,2.085808e+17,5.157089,5.178702
53970,5305466880,2.086194e+17,5.161797,5.178677
53980,5306449920,2.086581e+17,5.159181,5.178669
53990,5307432960,2.086968e+17,5.155121,5.178687
54000,5308416000,2.087354e+17,5.156058,5.178697
54010,5309399040,2.087741e+17,5.154413,5.178706
54020,5310382080,2.088127e+17,5.155028,5.178686
54030,5311365120,2.088514e+17,5.156854,5.178661
54040,5312348160,2.088900e+17,5.157595,5.178660
54050,5313331200,2.089287e+17,5.157705,5.178653
54060,5314314240,2.089673e+17,5.155378,5.178680
54070,5315297280,2.090060e+17,5.157301,5.178707
54080,5316280320,2.090446e+17,5.157578,5.178693
54090,5317263360,2.090833e+17,5.153920,5.178672
54100,5318246400,2.091220e+17,5.155995,5.178646
54110,5319229440,2.091606e+17,5.152429,5.178637
54120,5320212480,2.091993e+17,5.146240,5.178631
54130,5321195520,2.092379e+17,5.147621,5.178623
54140,5322178560,2.092766e+17,5.144700,5.178628
54150,5323161600,2.093152e+17,5.148078,5.178623
54160,5324144640,2.093539e+17,5.149960,5.178612
54170,5325127680,2.093925e+17,5.151706,5.178584
54180,5326110720,2.094312e+17,5.145933,5.178563
54190,5327093760,2.094698e+17,5.145162,5.178552
54200,5328076800,2.095085e+17,5.147609,5.178564
54210,5329059840,2.095472e+17,5.144378,5.178559
54220,5330042880,2.095858e+17,5.149881,5.178548
54230,5331025920,2.096245e+17,5.152723,5.178561
54240,5332008960,2.096631e+17,5.153214,5.178563
54250,5332992000,2.097018e+17,5.149094,5.178575
54260,5333975040,2.097404e+17,5.151223,5.178583
54270,5334958080,2.097791e+17,5.150390,5.178592
54280,5335941120,2.098177e+17,5.150193,5.178594
54290,5336924160,2.098564e+17,5.146687,5.178594
54300,5337907200,2.098951e+17,5.142519,5.178602
54310,5338890240,2.099337e+17,5.144998,5.178598
54320,5339873280,2.099724e+17,5.142922,5.178588
54330,5340856320,2.100110e+17,5.140183,5.178587
54340,5341839360,2.100497e+17,5.143413,5.178571
54350,5342822400,2.100883e+17,5.146978,5.178566
54360,5343805440,2.101270e+17,5.152474,5.178565
54370,5344788480,2.101656e+17,5.154379,5.178564
54380,5345771520,2.102043e+17,5.155440,5.178560
54390,5346754560,2.102429e+17,5.149541,5.178542
54400,5347737600,2.102816e+17,5.145716,5.178523
54410,5348720640,2.103203e+17,5.149988,5.178524
54420,5349703680,2.103589e+17,5.149717,5.178529
54430,5350686720,2.103976e+17,5.149660,5.178538
54440,5351669760,2.104362e+17,5.153421,5.178537
54450,5352652800,2.104749e+17,5.151613,5.178536
54460,5353635840,2.105135e+17,5.150215,5.178531
54470,5354618880,2.105522e+17,5.146876,5.178521
54480,5355601920,2.105908e+17,5.151835,5.178513
54490,5356584960,2.106295e+17,5.144631,5.178509
54500,5357568000,2.106681e+17,5.147413,5.178503
54510,5358551040,2.107068e+17,5.150088,5.178500
54520,5359534080,2.107455e+17,5.149979,5.178487
54530,5360517120,2.107841e+17,5.153293,5.178479
54540,5361500160,2.108228e+17,5.151083,5.178487
54550,5362483200,2.108614e+17,5.150543,5.178491
54560,5363466240,2.109001e+17,5.149852,5.178495
54570,5364449280,2.109387e+17,5.146913,5.178495
54580,5365432320,2.109774e+17,5.145252,5.178500
54590,5366415360,2.110160e+17,5.145234,5.178501
54600,5367398400,2.110547e+17,5.146706,5.178485
54610,5368381440,2.110933e+17,5.145263,5.178468
54620,5369364480,2.111320e+17,5.146217,5.178461
54630,5370347520,2.111707e+17,5.148442,5.178461
54640,5371330560,2.112093e+17,5.150004,5.178468
54650,5372313600,2.112480e+17,5.149037,5.178472
54660,5373296640,2.112866e+17,5.146040,5.178476
54670,5374279680,2.113253e+17,5.147288,5.178466
54680,5375262720,2.113639e+17,5.145318,5.178451
54690,5376245760,2.114026e+17,5.146891,5.178443
54700,5377228800,2.114412e+17,5.143828,5.178434
54710,5378211840,2.114799e+17,5.148360,5.178422
54720,5379194880,2.115185e+17,5.148412,5.178425
54730,5380177920,2.115572e+17,5.157179,5.178433
54740,5381160960,2.115959e+17,5.158430,5.178440
54750,5382144000,2.116345e+17,5.154861,5.178438
54760,5383127040,2.116732e+17,5.153999,5.178439
54770,5384110080,2.117118e+17,5.154896,5.178441
54780,5385093120,2.117505e+17,5.155015,5.178444
54790,5386076160,2.117891e+17,5.156487,5.178449
54800,5387059200,2.118278e+17,5.151047,5.178446
54810,5388042240,2.118664e+17,5.149031,5.178442
54820,5389025280,2.119051e+17,5.146227,5.178434
54830,5390008320,2.119438e+17,5.143391,5.178433
54840,5390991360,2.119824e+17,5.140742,5.178434
54850,5391974400,2.120211e+17,5.138129,5.178439
54860,5392957440,2.120597e+17,5.145810,5.178440
54870,5393940480,2.120984e+17,5.150421,5.178436
54880,5394923520,2.121370e+17,5.153300,5.178430
54890,5395906560,2.121757e+17,5.152392,5.178423
54900,5396889600,2.122143e+17,5.151553,5.178418
54910,5397872640,2.122530e+17,5.150307,5.178411
54920,5398855680,2.122916e+17,5.151147,5.178410
54930,5399838720,2.123303e+17,5.149691,5.178412
54940,5400821760,2.123690e+17,5.148748,5.178408
54950,5401804800,2.124076e+17,5.142936,5.178410
54960,5402787840,2.124463e+17,5.146912,5.178417
54970,5403770880,2.124849e+17,5.147496,5.178420
54980,5404753920,2.125236e+17,5.146321,5.178417
54990,5405736960,2.125622e+17,5.143397,5.178415
55000,5406720000,2.126009e+17,5.138885,5.178417
55010,5407703040,2.126395e+17,5.140209,5.178420
55020,5408686080,2.126782e+17,5.143452,5.178417
55030,5409669120,2.127168e+17,5.138767,5.178413
55040,5410652160,2.127555e+17,5.136962,5.178411
55050,5411635200,2.127942e+17,5.143243,5.178410
55060,5412618240,2.128328e+17,5.145366,5.178412
55070,5413601280,2.128715e+17,5.153322,5.178411
55080,5414584320,2.129101e+17,5.150697,5.178411
55090,5415567360,2.129488e+17,5.153528,5.178410
55100,5416550400,2.129874e+17,5.149062,5.178411
55110,5417533440,2.130261e+17,5.144395,5.178411
55120,5418516480,2.130647e+17,5.142657,5.178411
55130,5419499520,2.131034e+17,5.141125,5.178411
55140,5420482560,2.131420e+17,5.146435,5.178412
55150,5421465600,2.131807e+17,5.147665,5.178410
55160,5422448640,2.132194e+17,5.145600,5.178408
55170,5423431680,2.132580e+17,5.144438,5.178406
55180,5424414720,2.132967e+17,5.144310,5.178403
55190,5425397760,2.133353e+17,5.144128,5.178401
55200,5426380800,2.133740e+17,5.145661,5.178399
55210,5427363840,2.134126e+17,5.142500,5.178395
55220,5428346880,2.134513e+17,5.139433,5.178392
55230,5429329920,2.134899e+17,5.145560,5.178391
55240,5430312960,2.135286e+17,5.144544,5.178387
55250,5431296000,2.135672e+17,5.142416,5.178385
55260,5432279040,2.136059e+17,5.141474,5.178384
55270,5433262080,2.136446e+17,5.140576,5.178383
55280,5434245120,2.136832e+17,5.141338,5.178383
55290,5435228160,2.137219e+17,5.145589,5.178382
55300,5436211200,2.137605e+17,5.146231,5.178382
55310,5437194240,2.137992e+17,5.144965,5.178380
55320,5438177280,2.138378e+17,5.140412,5.178381
55330,5439160320,2.138765e+17,5.142205,5.178382
55340,5440143360,2.139151e+17,5.141560,5.178383
55350,5441126400,2.139538e+17,5.144835,5.178383
55360,5442109440,2.139925e+17,5.138744,5.178385
55370,5443092480,2.140311e+17,5.140599,5.178385
55380,5444075520,2.140698e+17,5.144624,5.178385
55390,5445058560,2.141084e+17,5.143972,5.178383
55400,5446041600,2.141471e+17,5.145519,5.178383
55410,5447024640,2.141857e+17,5.142242,5.178382
55420,5448007680,2.142244e+17,5.138852,5.178383
55430,5448990720,2.142630e+17,5.142963,5.178381
55440,5449973760,2.143017e+17,5.149666,5.178380
55450,5450956800,2.143403e+17,5.149484,5.178379
55460,5451939840,2.143790e+17,5.146194,5.178378
55470,5452922880,2.144177e+17,5.152687,5.178378
55480,5453905920,2.144563e+17,5.152164,5.178378
55490,5454888960,2.144950e+17,5.152109,5.178378
55500,5455872000,2.145336e+17,5.156816,5.178377
55510,5456855040,2.145723e+17,5.156175,5.178377
55520,5457838080,2.146109e+17,5.158290,5.178377
55530,5458821120,2.146496e+17,5.153203,5.178377
55540,5459804160,2.146882e+17,5.147696,5.178378
55550,5460787200,2.147269e+17,5.148647,5.178379
55560,5461770240,2.147655e+17,5.147476,5.178380
55570,5462753280,2.148042e+17,5.146698,5.178379
55580,5463736320,2.148429e+17,5.146397,5.178379
55590,5464719360,2.148815e+17,5.144411,5.178378
55600,5465702400,2.149202e+17,5.140742,5.178378
55610,5466685440,2.149588e+17,5.143442,5.178378
55620,5467668480,2.149975e+17,5.145903,5.178379
55630,5468651520,2.150361e+17,5.144730,5.178379
55640,5469634560,2.150748e+17,5.149861,5.178379
55650,5470617600,2.151134e+17,5.149446,5.178380
55660,5471600640,2.151521e+17,5.154673,5.178380
55670,5472583680,2.151907e+17,5.151142,5.178380
55680,5473566720,2.152294e+17,5.149576,5.178380
55690,5474549760,2.152681e+17,5.149749,5.178380
55700,5475532800,2.153067e+17,5.150978,5.178380
55710,5476515840,2.153454e+17,5.153816,5.178380
55720,5477498880,2.153840e+17,5.151195,5.178380
55730,5478481920,2.154227e+17,5.153044,5.178380
55740,5479464960,2.154613e+17,5.154590,5.178380
55750,5480448000,2.155000e+17,5.155406,5.178380
55760,5481431040,2.155386e+17,5.157150,5.178380
55770,5482414080,2.155773e+17,5.157150,5.178380
55780,5483397120,2.156159e+17,5.152249,5.178380
55790,5484380160,2.156546e+17,5.150025,5.178380
55800,5485363200,2.156933e+17,5.149426,5.178380
55810,5486346240,2.157319e+17,5.146373,5.178380
55820,5487329280,2.157706e+17,5.148120,5.178380
55830,5488312320,2.158092e+17,5.151795,5.178380
55840,5489295360,2.158479e+17,5.150256,5.178380
55850,5490278400,2.158865e+17,5.149001,5.178380
55860,5491261440,2.159252e+17,5.144116,5.178380
55870,5492244480,2.159638e+17,5.150480,5.178380
55880,5493227520,2.160025e+17,5.151974,5.178380
55890,5494210560,2.160411e+17,5.156352,5.178380
55900,5495193600,2.160798e+17,5.154673,5.178380
55910,5496176640,2.161185e+17,5.161662,5.178380
55920,5497159680,2.161571e+17,5.159016,5.178380
55930,5498142720,2.161958e+17,5.159077,5.178380
55940,5499125760,2.162344e+17,5.151902,5.178380
55949,5500010496,2.162692e+17,5.151036,5.162269
