step,tokens_seen,cumulative_flops,train_loss,eval_loss
10,1310720,5.153961e+13,201.221060,200.070866
20,2621440,1.030792e+14,200.694206,195.726600
30,3932160,1.546188e+14,199.092114,187.365006
40,5242880,2.061584e+14,195.862248,173.657589
50,6553600,2.576980e+14,190.133247,153.923549
60,7864320,3.092376e+14,181.469816,129.959751
70,9175040,3.607773e+14,169.909874,106.851305
80,10485760,4.123169e+14,156.753722,89.749466
90,11796480,4.638565e+14,143.364780,77.637277
100,13107200,5.153961e+14,130.454248,68.391974
110,14417920,5.669357e+14,118.439789,61.579408
120,15728640,6.184753e+14,107.513925,56.416728
130,17039360,6.700149e+14,97.772825,52.400375
140,18350080,7.215545e+14,89.154701,49.126544
150,19660800,7.730941e+14,81.565390,46.479638
160,20971520,8.246337e+14,74.913305,44.310683
170,22282240,8.761733e+14,69.100886,42.493984
180,23592960,9.277129e+14,64.063593,41.077965
190,24903680,9.792525e+14,59.700996,39.965468
200,26214400,1.030792e+15,55.951331,39.005756
210,27525120,1.082332e+15,52.730111,38.189551
220,28835840,1.133871e+15,49.974939,37.496797
230,30146560,1.185411e+15,47.596929,36.902845
240,31457280,1.236951e+15,45.558351,36.400249
250,32768000,1.288490e+15,43.797593,35.920752
260,34078720,1.340030e+15,42.272721,35.502391
270,35389440,1.391569e+15,40.946213,35.142824
280,36700160,1.443109e+15,39.809629,34.788944
290,38010880,1.494649e+15,38.798129,34.436090
300,39321600,1.546188e+15,37.922714,34.068793
310,40632320,1.597728e+15,37.167204,33.690076
320,41943040,1.649267e+15,36.457541,33.316253
330,43253760,1.700807e+15,35.834317,32.961525
340,44564480,1.752347e+15,35.244587,32.607788
350,45875200,1.803886e+15,34.685448,32.232498
360,47185920,1.855426e+15,34.179141,31.848475
370,48496640,1.906965e+15,33.685464,31.476401
380,49807360,1.958505e+15,33.212679,31.127093
390,51118080,2.010045e+15,32.737986,30.824934
400,52428800,2.061584e+15,32.320015,30.557416
410,53739520,2.113124e+15,31.918830,30.303394
420,55050240,2.164664e+15,31.564315,30.020794
430,56360960,2.216203e+15,31.212624,29.725854
440,57671680,2.267743e+15,30.884643,29.419678
450,58982400,2.319282e+15,30.552723,29.146998
460,60293120,2.370822e+15,30.242822,28.851049
470,61603840,2.422362e+15,29.938624,28.512326
480,62914560,2.473901e+15,29.593515,28.130484
490,64225280,2.525441e+15,29.261717,27.789178
500,65536000,2.576980e+15,28.950084,27.480778
510,66846720,2.628520e+15,28.634001,27.194065
520,68157440,2.680060e+15,28.298159,26.901272
530,69468160,2.731599e+15,28.018229,26.600655
540,70778880,2.783139e+15,27.692903,26.290588
550,72089600,2.834678e+15,27.371328,25.990455
560,73400320,2.886218e+15,27.061944,25.663899
570,74711040,2.937758e+15,26.743311,25.357321
580,76021760,2.989297e+15,26.422039,25.105788
590,77332480,3.040837e+15,26.138073,24.820369
600,78643200,3.092376e+15,25.851623,24.539046
610,79953920,3.143916e+15,25.562677,24.239554
620,81264640,3.195456e+15,25.260601,23.935920
630,82575360,3.246995e+15,24.963882,23.629937
640,83886080,3.298535e+15,24.674804,23.322095
650,85196800,3.350074e+15,24.385741,23.048466
660,86507520,3.401614e+15,24.079361,22.733713
670,87818240,3.453154e+15,23.786775,22.453741
680,89128960,3.504693e+15,23.500970,22.144505
690,90439680,3.556233e+15,23.198000,21.828953
700,91750400,3.607773e+15,22.890375,21.541694
710,93061120,3.659312e+15,22.587112,21.268925
720,94371840,3.710852e+15,22.303823,21.042018
730,95682560,3.762391e+15,22.036282,20.830843
740,96993280,3.813931e+15,21.777129,20.608114
750,98304000,3.865471e+15,21.517253,20.396195
760,99614720,3.917010e+15,21.285318,20.172689
770,100925440,3.968550e+15,21.038192,19.977664
780,102236160,4.020089e+15,20.786256,19.730597
790,103546880,4.071629e+15,20.549542,19.501250
800,104857600,4.123169e+15,20.307291,19.250256
810,106168320,4.174708e+15,20.078400,19.006882
820,107479040,4.226248e+15,19.835902,18.743835
830,108789760,4.277787e+15,19.595271,18.478952
840,110100480,4.329327e+15,19.345308,18.229149
850,111411200,4.380867e+15,19.096513,17.978730
860,112721920,4.432406e+15,18.846808,17.741314
870,114032640,4.483946e+15,18.599284,17.499179
880,115343360,4.535485e+15,18.359217,17.286523
890,116654080,4.587025e+15,18.121237,17.056913
900,117964800,4.638565e+15,17.870868,16.833206
910,119275520,4.690104e+15,17.627681,16.634989
920,120586240,4.741644e+15,17.403378,16.443270
930,121896960,4.793184e+15,17.192914,16.257091
940,123207680,4.844723e+15,16.995442,16.057101
950,124518400,4.896263e+15,16.787686,15.912122
960,125829120,4.947802e+15,16.606889,15.897349
970,127139840,4.999342e+15,16.418831,15.599736
980,128450560,5.050882e+15,16.230520,15.391956
990,129761280,5.102421e+15,16.041867,15.201210
1000,131072000,5.153961e+15,15.839326,15.015610
1010,132382720,5.205500e+15,15.661160,14.857082
1020,133693440,5.257040e+15,15.484366,14.623082
1030,135004160,5.308580e+15,15.306897,14.439660
1040,136314880,5.360119e+15,15.107577,14.268526
1050,137625600,5.411659e+15,14.925162,14.072538
1060,138936320,5.463198e+15,14.738949,13.905045
1070,140247040,5.514738e+15,14.573893,13.781953
1080,141557760,5.566278e+15,14.392202,13.570427
1090,142868480,5.617817e+15,14.194032,13.400478
1100,144179200,5.669357e+15,14.024677,13.231469
1110,145489920,5.720896e+15,13.852682,13.083887
1120,146800640,5.772436e+15,13.669705,12.919032
1130,148111360,5.823976e+15,13.501738,12.768353
1140,149422080,5.875515e+15,13.334814,12.640998
1150,150732800,5.927055e+15,13.181036,12.569198
1160,152043520,5.978594e+15,13.037805,12.393024
1170,153354240,6.030134e+15,12.890009,12.240308
1180,154664960,6.081674e+15,12.735923,12.125871
1190,155975680,6.133213e+15,12.596326,11.995705
1200,157286400,6.184753e+15,12.452861,11.846846
1210,158597120,6.236293e+15,12.312055,11.715267
1220,159907840,6.287832e+15,12.170586,11.596741
1230,161218560,6.339372e+15,12.043591,11.452307
1240,162529280,6.390911e+15,11.904219,11.330310
1250,163840000,6.442451e+15,11.783004,11.234964
1260,165150720,6.493991e+15,11.659973,11.139962
1270,166461440,6.545530e+15,11.547971,11.027433
1280,167772160,6.597070e+15,11.416252,11.024644
1290,169082880,6.648609e+15,11.312352,10.825165
1300,170393600,6.700149e+15,11.212910,10.743874
1310,171704320,6.751689e+15,11.102856,10.636704
1320,173015040,6.803228e+15,10.985243,10.532692
1330,174325760,6.854768e+15,10.883802,10.451790
1340,175636480,6.906307e+15,10.785488,10.368678
1350,176947200,6.957847e+15,10.675899,10.234896
1360,178257920,7.009387e+15,10.577002,10.171515
1370,179568640,7.060926e+15,10.489217,10.044378
1380,180879360,7.112466e+15,10.392421,9.990945
1390,182190080,7.164005e+15,10.296426,9.917894
1400,183500800,7.215545e+15,10.204585,9.802017
1410,184811520,7.267085e+15,10.124397,9.764166
1420,186122240,7.318624e+15,10.030047,9.687047
1430,187432960,7.370164e+15,9.950170,9.599711
1440,188743680,7.421703e+15,9.876493,9.563889
1450,190054400,7.473243e+15,9.798781,9.488905
1460,191365120,7.524783e+15,9.717033,9.419609
1470,192675840,7.576322e+15,9.647494,9.431697
1480,193986560,7.627862e+15,9.584106,9.334227
1490,195297280,7.679402e+15,9.510464,9.278133
1500,196608000,7.730941e+15,9.454073,9.195003
1510,197918720,7.782481e+15,9.388529,9.173078
1520,199229440,7.834020e+15,9.334927,9.195019
1530,200540160,7.885560e+15,9.303008,9.182782
1540,201850880,7.937100e+15,9.247087,9.010527
1550,203161600,7.988639e+15,9.196443,8.963415
1560,204472320,8.040179e+15,9.147310,8.924591
1570,205783040,8.091718e+15,9.094331,8.869999
1580,207093760,8.143258e+15,9.044148,8.845105
1590,208404480,8.194798e+15,8.985431,8.770135
1600,209715200,8.246337e+15,8.932402,8.755402
1610,211025920,8.297877e+15,8.885327,8.713110
1620,212336640,8.349416e+15,8.836519,8.680182
1630,213647360,8.400956e+15,8.786178,8.622590
1640,214958080,8.452496e+15,8.740890,8.617137
1650,216268800,8.504035e+15,8.697009,8.557383
1660,217579520,8.555575e+15,8.659507,8.497078
1670,218890240,8.607114e+15,8.618174,8.480704
1680,220200960,8.658654e+15,8.576509,8.464338
1690,221511680,8.710194e+15,8.535872,8.426146
1700,222822400,8.761733e+15,8.507758,8.392746
1710,224133120,8.813273e+15,8.468663,8.329448
1720,225443840,8.864812e+15,8.444919,8.345615
1730,226754560,8.916352e+15,8.406203,8.276581
1740,228065280,8.967892e+15,8.371796,8.298967
1750,229376000,9.019431e+15,8.350687,8.274622
1760,230686720,9.070971e+15,8.334478,8.327365
1770,231997440,9.122511e+15,8.318249,8.274421
1780,233308160,9.174050e+15,8.290262,8.198655
1790,234618880,9.225590e+15,8.258576,8.244129
1800,235929600,9.277129e+15,8.238599,8.213403
1810,237240320,9.328669e+15,8.220152,8.218317
1820,238551040,9.380209e+15,8.198641,8.162673
1830,239861760,9.431748e+15,8.173203,8.103693
1840,241172480,9.483288e+15,8.148290,8.114755
1850,242483200,9.534827e+15,8.137417,8.089830
1860,243793920,9.586367e+15,8.126088,8.070015
1870,245104640,9.637907e+15,8.104250,8.114174
1880,246415360,9.689446e+15,8.085832,8.026015
1890,247726080,9.740986e+15,8.061274,7.994605
1900,249036800,9.792525e+15,8.041165,7.979437
1910,250347520,9.844065e+15,8.016424,7.970923
1920,251658240,9.895605e+15,7.996227,7.956494
1930,252968960,9.947144e+15,7.975048,7.918292
1940,254279680,9.998684e+15,7.948741,7.930404
1950,255590400,1.005022e+16,7.935750,7.907134
1960,256901120,1.010176e+16,7.928111,7.872241
1970,258211840,1.015330e+16,7.905100,7.869413
1980,259522560,1.020484e+16,7.888691,7.853805
1990,260833280,1.025638e+16,7.873668,7.851320
2000,262144000,1.030792e+16,7.848769,7.892060
2010,263454720,1.035946e+16,7.831523,7.797453
2020,264765440,1.041100e+16,7.813790,7.795290
2030,266076160,1.046254e+16,7.792789,7.815877
2040,267386880,1.051408e+16,7.780362,7.763014
2050,268697600,1.056562e+16,7.770891,7.748237
2060,270008320,1.061716e+16,7.760516,7.786852
2070,271319040,1.066870e+16,7.750624,7.729796
2080,272629760,1.072024e+16,7.739181,7.742659
2090,273940480,1.077178e+16,7.726928,7.705637
2100,275251200,1.082332e+16,7.720288,7.697332
2110,276561920,1.087486e+16,7.711474,7.699809
2120,277872640,1.092640e+16,7.699705,7.683427
2130,279183360,1.097794e+16,7.685265,7.690490
2140,280494080,1.102948e+16,7.684168,7.725817
2150,281804800,1.108102e+16,7.678577,7.687651
2160,283115520,1.113256e+16,7.669266,7.653447
2170,284426240,1.118409e+16,7.655084,7.665085
2180,285736960,1.123563e+16,7.644959,7.705211
2190,287047680,1.128717e+16,7.634219,7.638591
2200,288358400,1.133871e+16,7.626484,7.639608
2210,289669120,1.139025e+16,7.622154,7.619732
2220,290979840,1.144179e+16,7.613821,7.594578
2230,292290560,1.149333e+16,7.603352,7.573575
2240,293601280,1.154487e+16,7.585383,7.584086
2250,294912000,1.159641e+16,7.570257,7.561823
2260,296222720,1.164795e+16,7.560008,7.568329
2270,297533440,1.169949e+16,7.551549,7.562190
2280,298844160,1.175103e+16,7.542989,7.541511
2290,300154880,1.180257e+16,7.538874,7.563137
2300,301465600,1.185411e+16,7.534266,7.546557
2310,302776320,1.190565e+16,7.526901,7.544690
2320,304087040,1.195719e+16,7.518058,7.546645
2330,305397760,1.200873e+16,7.507877,7.522585
2340,306708480,1.206027e+16,7.498789,7.614605
2350,308019200,1.211181e+16,7.507443,7.537795
2360,309329920,1.216335e+16,7.503045,7.502979
2370,310640640,1.221489e+16,7.495117,7.490146
2380,311951360,1.226643e+16,7.484505,7.505135
2390,313262080,1.231797e+16,7.472688,7.496777
2400,314572800,1.236951e+16,7.467647,7.500292
2410,315883520,1.242105e+16,7.460540,7.463507
2420,317194240,1.247259e+16,7.452098,7.462189
2430,318504960,1.252412e+16,7.441714,7.468219
2440,319815680,1.257566e+16,7.439560,7.448405
2450,321126400,1.262720e+16,7.432118,7.445610
2460,322437120,1.267874e+16,7.420206,7.464104
2470,323747840,1.273028e+16,7.417111,7.437414
2480,325058560,1.278182e+16,7.405028,7.426141
2490,326369280,1.283336e+16,7.404245,7.447546
2500,327680000,1.288490e+16,7.395695,7.426162
2510,328990720,1.293644e+16,7.393823,7.407141
2520,330301440,1.298798e+16,7.383264,7.405519
2530,331612160,1.303952e+16,7.377426,7.429250
2540,332922880,1.309106e+16,7.378407,7.420567
2550,334233600,1.314260e+16,7.379691,7.436561
2560,335544320,1.319414e+16,7.372241,7.436421
2570,336855040,1.324568e+16,7.369535,7.407390
2580,338165760,1.329722e+16,7.373057,7.413530
2590,339476480,1.334876e+16,7.367754,7.379082
2600,340787200,1.340030e+16,7.363486,7.376582
2610,342097920,1.345184e+16,7.351071,7.361598
2620,343408640,1.350338e+16,7.342038,7.375659
2630,344719360,1.355492e+16,7.339519,7.371351
2640,346030080,1.360646e+16,7.334767,7.365881
2650,347340800,1.365800e+16,7.331718,7.359652
2660,348651520,1.370954e+16,7.326631,7.345690
2670,349962240,1.376108e+16,7.322258,7.350651
2680,351272960,1.381261e+16,7.320766,7.355352
2690,352583680,1.386415e+16,7.319221,7.356257
2700,353894400,1.391569e+16,7.312904,7.339205
2710,355205120,1.396723e+16,7.305917,7.327269
2720,356515840,1.401877e+16,7.301304,7.318783
2730,357826560,1.407031e+16,7.296752,7.342977
2740,359137280,1.412185e+16,7.299583,7.330161
2750,360448000,1.417339e+16,7.294280,7.331824
2760,361758720,1.422493e+16,7.287910,7.336660
2770,363069440,1.427647e+16,7.287732,7.323827
2780,364380160,1.432801e+16,7.283667,7.319110
2790,365690880,1.437955e+16,7.277829,7.310286
2800,367001600,1.443109e+16,7.269937,7.358559
2810,368312320,1.448263e+16,7.270511,7.293544
2820,369623040,1.453417e+16,7.266310,7.297650
2830,370933760,1.458571e+16,7.263968,7.337203
2840,372244480,1.463725e+16,7.263967,7.300656
2850,373555200,1.468879e+16,7.264268,7.292012
2860,374865920,1.474033e+16,7.261740,7.298288
2870,376176640,1.479187e+16,7.253873,7.268171
2880,377487360,1.484341e+16,7.252411,7.269661
2890,378798080,1.489495e+16,7.247701,7.267974
2900,380108800,1.494649e+16,7.247107,7.282896
2910,381419520,1.499803e+16,7.244997,7.289434
2920,382730240,1.504957e+16,7.239811,7.291524
2930,384040960,1.510111e+16,7.237551,7.264187
2940,385351680,1.515264e+16,7.236804,7.268916
2950,386662400,1.520418e+16,7.229782,7.297624
2960,387973120,1.525572e+16,7.228214,7.277690
2970,389283840,1.530726e+16,7.222232,7.261984
2980,390594560,1.535880e+16,7.222512,7.286039
2990,391905280,1.541034e+16,7.217384,7.243363
3000,393216000,1.546188e+16,7.219738,7.269132
3010,394526720,1.551342e+16,7.213444,7.248187
3020,395837440,1.556496e+16,7.208940,7.273509
3030,397148160,1.561650e+16,7.218052,7.348645
3040,398458880,1.566804e+16,7.221725,7.237762
3050,399769600,1.571958e+16,7.210146,7.249905
3060,401080320,1.577112e+16,7.207884,7.226693
3070,402391040,1.582266e+16,7.202731,7.222577
3080,403701760,1.587420e+16,7.202958,7.246515
3090,405012480,1.592574e+16,7.199561,7.230887
3100,406323200,1.597728e+16,7.194923,7.227676
3110,407633920,1.602882e+16,7.191668,7.224064
3120,408944640,1.608036e+16,7.185989,7.232187
3130,410255360,1.613190e+16,7.186482,7.225357
3140,411566080,1.618344e+16,7.178330,7.217601
3150,412876800,1.623498e+16,7.174377,7.216126
3160,414187520,1.628652e+16,7.165293,7.202088
3170,415498240,1.633806e+16,7.162216,7.234172
3180,416808960,1.638960e+16,7.166305,7.224777
3190,418119680,1.644113e+16,7.170735,7.233148
3200,419430400,1.649267e+16,7.171895,7.199538
3210,420741120,1.654421e+16,7.169073,7.219160
3220,422051840,1.659575e+16,7.167788,7.210835
3230,423362560,1.664729e+16,7.161707,7.195026
3240,424673280,1.669883e+16,7.156118,7.189748
3250,425984000,1.675037e+16,7.152525,7.182544
3260,427294720,1.680191e+16,7.151623,7.188318
3270,428605440,1.685345e+16,7.152813,7.197065
3280,429916160,1.690499e+16,7.154791,7.194423
3290,431226880,1.695653e+16,7.150805,7.179999
3300,432537600,1.700807e+16,7.152441,7.185415
3310,433848320,1.705961e+16,7.150896,7.190893
3320,435159040,1.711115e+16,7.146704,7.180275
3330,436469760,1.716269e+16,7.149047,7.199869
3340,437780480,1.721423e+16,7.144993,7.179879
3350,439091200,1.726577e+16,7.140951,7.193114
3360,440401920,1.731731e+16,7.140108,7.163950
3370,441712640,1.736885e+16,7.142190,7.176872
3380,443023360,1.742039e+16,7.136618,7.166218
3390,444334080,1.747193e+16,7.135502,7.163282
3400,445644800,1.752347e+16,7.133897,7.175765
3410,446955520,1.757501e+16,7.130154,7.158567
3420,448266240,1.762655e+16,7.125982,7.152291
3430,449576960,1.767809e+16,7.122804,7.171569
3440,450887680,1.772962e+16,7.114951,7.153296
3450,452198400,1.778116e+16,7.105845,7.156596
3460,453509120,1.783270e+16,7.110705,7.158666
3470,454819840,1.788424e+16,7.110531,7.161579
3480,456130560,1.793578e+16,7.109817,7.143341
3490,457441280,1.798732e+16,7.102917,7.152446
3500,458752000,1.803886e+16,7.105676,7.146699
3510,460062720,1.809040e+16,7.107053,7.183295
3520,461373440,1.814194e+16,7.107884,7.139981
3530,462684160,1.819348e+16,7.104109,7.150000
3540,463994880,1.824502e+16,7.101617,7.135497
3550,465305600,1.829656e+16,7.095036,7.133450
3560,466616320,1.834810e+16,7.091179,7.141193
3570,467927040,1.839964e+16,7.095757,7.132064
3580,469237760,1.845118e+16,7.093804,7.129228
3590,470548480,1.850272e+16,7.096003,7.123233
3600,471859200,1.855426e+16,7.089490,7.118736
3610,473169920,1.860580e+16,7.083100,7.119599
3620,474480640,1.865734e+16,7.079812,7.131473
3630,475791360,1.870888e+16,7.076471,7.112494
3640,477102080,1.876042e+16,7.073120,7.127472
3650,478412800,1.881196e+16,7.076264,7.110769
3660,479723520,1.886350e+16,7.073352,7.123910
3670,481034240,1.891504e+16,7.073459,7.107852
3680,482344960,1.896658e+16,7.072772,7.129932
3690,483655680,1.901812e+16,7.072350,7.122659
3700,484966400,1.906965e+16,7.069918,7.125711
3710,486277120,1.912119e+16,7.071788,7.122444
3720,487587840,1.917273e+16,7.067567,7.114554
3730,488898560,1.922427e+16,7.064840,7.116874
3740,490209280,1.927581e+16,7.061399,7.096068
3750,491520000,1.932735e+16,7.058561,7.100914
3760,492830720,1.937889e+16,7.053517,7.092162
3770,494141440,1.943043e+16,7.057411,7.087665
3780,495452160,1.948197e+16,7.056364,7.122319
3790,496762880,1.953351e+16,7.056859,7.112726
3800,498073600,1.958505e+16,7.052296,7.104534
3810,499384320,1.963659e+16,7.053733,7.092707
3820,500695040,1.968813e+16,7.050306,7.090193
3830,502005760,1.973967e+16,7.049649,7.135285
3840,503316480,1.979121e+16,7.047705,7.086261
3850,504627200,1.984275e+16,7.049986,7.088948
3860,505937920,1.989429e+16,7.047385,7.079639
3870,507248640,1.994583e+16,7.042616,7.091529
3880,508559360,1.999737e+16,7.040804,7.073986
3890,509870080,2.004891e+16,7.038696,7.096702
3900,511180800,2.010045e+16,7.036640,7.081524
3910,512491520,2.015199e+16,7.034265,7.073609
3920,513802240,2.020353e+16,7.033563,7.068159
3930,515112960,2.025507e+16,7.035904,7.071739
3940,516423680,2.030661e+16,7.033952,7.064658
3950,517734400,2.035814e+16,7.034296,7.064010
3960,519045120,2.040968e+16,7.032222,7.091519
3970,520355840,2.046122e+16,7.028894,7.069487
3980,521666560,2.051276e+16,7.028500,7.074539
3990,522977280,2.056430e+16,7.022227,7.059882
4000,524288000,2.061584e+16,7.019862,7.060874
4010,525598720,2.066738e+16,7.024330,7.081514
4020,526909440,2.071892e+16,7.024210,7.063233
4030,528220160,2.077046e+16,7.022473,7.060416
4040,529530880,2.082200e+16,7.023428,7.055342
4050,530841600,2.087354e+16,7.022409,7.060460
4060,532152320,2.092508e+16,7.023480,7.055177
4070,533463040,2.097662e+16,7.018571,7.055174
4080,534773760,2.102816e+16,7.014766,7.058403
4090,536084480,2.107970e+16,7.011925,7.052572
4100,537395200,2.113124e+16,7.012734,7.057734
4110,538705920,2.118278e+16,7.014602,7.051884
4120,540016640,2.123432e+16,7.008161,7.035890
4130,541327360,2.128586e+16,6.996391,7.044407
4140,542638080,2.133740e+16,6.994046,7.036611
4150,543948800,2.138894e+16,6.991645,7.038848
4160,545259520,2.144048e+16,6.994984,7.055071
4170,546570240,2.149202e+16,6.993335,7.039904
4180,547880960,2.154356e+16,6.992854,7.032920
4190,549191680,2.159510e+16,6.989204,7.039437
4200,550502400,2.164664e+16,6.984921,7.021641
4210,551813120,2.169817e+16,6.985549,7.025624
4220,553123840,2.174971e+16,6.977850,7.032172
4230,554434560,2.180125e+16,6.974186,7.038078
4240,555745280,2.185279e+16,6.972352,7.023809
4250,557056000,2.190433e+16,6.976108,7.017096
4260,558366720,2.195587e+16,6.975618,7.020610
4270,559677440,2.200741e+16,6.977224,7.031372
4280,560988160,2.205895e+16,6.974488,7.011440
4290,562298880,2.211049e+16,6.972569,7.027142
4300,563609600,2.216203e+16,6.971376,7.014926
4310,564920320,2.221357e+16,6.974945,7.007758
4320,566231040,2.226511e+16,6.971428,7.007046
4330,567541760,2.231665e+16,6.974268,7.022110
4340,568852480,2.236819e+16,6.972719,7.012857
4350,570163200,2.241973e+16,6.970118,7.016991
4360,571473920,2.247127e+16,6.968768,7.001467
4370,572784640,2.252281e+16,6.966231,6.999680
4380,574095360,2.257435e+16,6.960473,7.015349
4390,575406080,2.262589e+16,6.963703,7.002943
4400,576716800,2.267743e+16,6.958459,6.996573
4410,578027520,2.272897e+16,6.951694,6.990440
4420,579338240,2.278051e+16,6.949779,6.999516
4430,580648960,2.283205e+16,6.951383,7.002271
4440,581959680,2.288359e+16,6.955688,6.993783
4450,583270400,2.293513e+16,6.949732,6.996792
4460,584581120,2.298666e+16,6.947111,6.994239
4470,585891840,2.303820e+16,6.944827,6.991517
4480,587202560,2.308974e+16,6.943150,6.981362
4490,588513280,2.314128e+16,6.943852,6.977945
4500,589824000,2.319282e+16,6.937335,6.978400
4510,591134720,2.324436e+16,6.933381,6.972105
4520,592445440,2.329590e+16,6.929430,6.974092
4530,593756160,2.334744e+16,6.923525,6.983460
4540,595066880,2.339898e+16,6.927436,6.972258
4550,596377600,2.345052e+16,6.926074,6.969294
4560,597688320,2.350206e+16,6.923321,6.966881
4570,598999040,2.355360e+16,6.922119,6.976412
4580,600309760,2.360514e+16,6.921243,6.972905
4590,601620480,2.365668e+16,6.925464,6.964523
4600,602931200,2.370822e+16,6.920920,6.975090
4610,604241920,2.375976e+16,6.927190,6.962311
4620,605552640,2.381130e+16,6.923093,6.965878
4630,606863360,2.386284e+16,6.923580,6.960351
4640,608174080,2.391438e+16,6.926103,6.959331
4650,609484800,2.396592e+16,6.921328,6.963479
4660,610795520,2.401746e+16,6.918761,6.952888
4670,612106240,2.406900e+16,6.916459,6.955635
4680,613416960,2.412054e+16,6.916367,6.967094
4690,614727680,2.417208e+16,6.910205,6.961263
4700,616038400,2.422362e+16,6.907654,6.954291
4710,617349120,2.427516e+16,6.905665,6.945276
4720,618659840,2.432669e+16,6.903433,6.965122
4730,619970560,2.437823e+16,6.902800,6.950660
4740,621281280,2.442977e+16,6.899806,6.937922
4750,622592000,2.448131e+16,6.899510,6.948367
4760,623902720,2.453285e+16,6.900902,6.946260
4770,625213440,2.458439e+16,6.900283,6.944957
4780,626524160,2.463593e+16,6.898347,6.945172
4790,627834880,2.468747e+16,6.896288,6.936328
4800,629145600,2.473901e+16,6.893325,6.937886
4810,630456320,2.479055e+16,6.888926,6.932896
4820,631767040,2.484209e+16,6.892915,6.934951
4830,633077760,2.489363e+16,6.892470,6.924714
4840,634388480,2.494517e+16,6.897953,6.929155
4850,635699200,2.499671e+16,6.895212,6.921300
4860,637009920,2.504825e+16,6.891480,6.914439
4870,638320640,2.509979e+16,6.886480,6.921134
4880,639631360,2.515133e+16,6.884726,6.918397
4890,640942080,2.520287e+16,6.882970,6.916140
4900,642252800,2.525441e+16,6.878197,6.914159
4910,643563520,2.530595e+16,6.879051,6.917629
4920,644874240,2.535749e+16,6.880476,6.910149
4930,646184960,2.540903e+16,6.881273,6.908709
4940,647495680,2.546057e+16,6.881853,6.908090
4950,648806400,2.551211e+16,6.879459,6.920450
4960,650117120,2.556365e+16,6.880369,6.909440
4970,651427840,2.561518e+16,6.874772,6.908240
4980,652738560,2.566672e+16,6.873086,6.903634
4990,654049280,2.571826e+16,6.867609,6.904782
5000,655360000,2.576980e+16,6.862712,6.895196
5010,656670720,2.582134e+16,6.858615,6.904445
5020,657981440,2.587288e+16,6.859823,6.899135
5030,659292160,2.592442e+16,6.863675,6.898129
5040,660602880,2.597596e+16,6.862455,6.897329
5050,661913600,2.602750e+16,6.863316,6.886178
5060,663224320,2.607904e+16,6.862804,6.891626
5070,664535040,2.613058e+16,6.857326,6.890662
5080,665845760,2.618212e+16,6.854941,6.888699
5090,667156480,2.623366e+16,6.849772,6.890270
5100,668467200,2.628520e+16,6.851252,6.890213
5110,669777920,2.633674e+16,6.845568,6.878576
5120,671088640,2.638828e+16,6.843272,6.886043
5130,672399360,2.643982e+16,6.843830,6.878910
5140,673710080,2.649136e+16,6.840637,6.880774
5150,675020800,2.654290e+16,6.835877,6.871263
5160,676331520,2.659444e+16,6.832498,6.874069
5170,677642240,2.664598e+16,6.829548,6.870362
5180,678952960,2.669752e+16,6.833787,6.873705
5190,680263680,2.674906e+16,6.833326,6.877110
5200,681574400,2.680060e+16,6.832801,6.866788
5210,682885120,2.685214e+16,6.831865,6.873325
5220,684195840,2.690368e+16,6.828443,6.874138
5230,685506560,2.695521e+16,6.826019,6.861473
5240,686817280,2.700675e+16,6.824623,6.863768
5250,688128000,2.705829e+16,6.822158,6.868023
5260,689438720,2.710983e+16,6.824202,6.859398
5270,690749440,2.716137e+16,6.824178,6.866853
5280,692060160,2.721291e+16,6.819968,6.859801
5290,693370880,2.726445e+16,6.819931,6.853026
5300,694681600,2.731599e+16,6.819273,6.865788
5310,695992320,2.736753e+16,6.818294,6.847624
5320,697303040,2.741907e+16,6.818950,6.848941
5330,698613760,2.747061e+16,6.813490,6.844899
5340,699924480,2.752215e+16,6.809798,6.851058
5350,701235200,2.757369e+16,6.808567,6.839842
5360,702545920,2.762523e+16,6.803311,6.841136
5370,703856640,2.767677e+16,6.800088,6.842260
5380,705167360,2.772831e+16,6.796734,6.843314
5390,706478080,2.777985e+16,6.792241,6.837391
5400,707788800,2.783139e+16,6.798469,6.831882
5410,709099520,2.788293e+16,6.796238,6.842824
5420,710410240,2.793447e+16,6.791480,6.847548
5430,711720960,2.798601e+16,6.787358,6.830498
5440,713031680,2.803755e+16,6.788096,6.823517
5450,714342400,2.808909e+16,6.787717,6.843451
5460,715653120,2.814063e+16,6.786540,6.827751
5470,716963840,2.819217e+16,6.786869,6.827101
5480,718274560,2.824370e+16,6.783300,6.824556
5490,719585280,2.829524e+16,6.778586,6.819726
5500,720896000,2.834678e+16,6.782846,6.819655
5510,722206720,2.839832e+16,6.776699,6.819777
5520,723517440,2.844986e+16,6.773471,6.818730
5530,724828160,2.850140e+16,6.772598,6.821821
5540,726138880,2.855294e+16,6.769150,6.816543
5550,727449600,2.860448e+16,6.764783,6.810428
5560,728760320,2.865602e+16,6.764231,6.815908
5570,730071040,2.870756e+16,6.767656,6.817802
5580,731381760,2.875910e+16,6.768551,6.826910
5590,732692480,2.881064e+16,6.770525,6.808164
5600,734003200,2.886218e+16,6.768509,6.819201
5610,735313920,2.891372e+16,6.763111,6.814911
5620,736624640,2.896526e+16,6.762905,6.805521
5630,737935360,2.901680e+16,6.759455,6.800150
5640,739246080,2.906834e+16,6.754019,6.802827
5650,740556800,2.911988e+16,6.752703,6.803938
5660,741867520,2.917142e+16,6.751072,6.796845
5670,743178240,2.922296e+16,6.752844,6.791623
5680,744488960,2.927450e+16,6.756387,6.796481
5690,745799680,2.932604e+16,6.752713,6.800266
5700,747110400,2.937758e+16,6.750385,6.793436
5710,748421120,2.942912e+16,6.751613,6.789837
5720,749731840,2.948066e+16,6.752581,6.788880
5730,751042560,2.953220e+16,6.744579,6.789711
5740,752353280,2.958373e+16,6.743712,6.784898
5750,753664000,2.963527e+16,6.739305,6.781741
5760,754974720,2.968681e+16,6.738570,6.784758
5770,756285440,2.973835e+16,6.735817,6.787068
5780,757596160,2.978989e+16,6.732175,6.791062
5790,758906880,2.984143e+16,6.737396,6.783327
5800,760217600,2.989297e+16,6.736757,6.775939
5810,761528320,2.994451e+16,6.735557,6.771950
5820,762839040,2.999605e+16,6.730146,6.774455
5830,764149760,3.004759e+16,6.731869,6.780005
5840,765460480,3.009913e+16,6.729479,6.779723
5850,766771200,3.015067e+16,6.727654,6.767171
5860,768081920,3.020221e+16,6.729263,6.764578
5870,769392640,3.025375e+16,6.725186,6.755051
5880,770703360,3.030529e+16,6.722312,6.770979
5890,772014080,3.035683e+16,6.723523,6.769937
5900,773324800,3.040837e+16,6.720249,6.767949
5910,774635520,3.045991e+16,6.722503,6.758230
5920,775946240,3.051145e+16,6.720870,6.762578
5930,777256960,3.056299e+16,6.718011,6.755084
5940,778567680,3.061453e+16,6.713003,6.751708
5950,779878400,3.066607e+16,6.714499,6.752002
5960,781189120,3.071761e+16,6.711130,6.752573
5970,782499840,3.076915e+16,6.707333,6.755621
5980,783810560,3.082069e+16,6.711524,6.752074
5990,785121280,3.087222e+16,6.706768,6.749341
6000,786432000,3.092376e+16,6.702605,6.746774
6010,787742720,3.097530e+16,6.703582,6.749033
6020,789053440,3.102684e+16,6.705918,6.758305
6030,790364160,3.107838e+16,6.707996,6.754094
6040,791674880,3.112992e+16,6.708288,6.752300
6050,792985600,3.118146e+16,6.706615,6.746466
6060,794296320,3.123300e+16,6.704975,6.755373
6070,795607040,3.128454e+16,6.704530,6.742398
6080,796917760,3.133608e+16,6.701716,6.741906
6090,798228480,3.138762e+16,6.694835,6.735852
6100,799539200,3.143916e+16,6.698620,6.728184
6110,800849920,3.149070e+16,6.694994,6.727629
6120,802160640,3.154224e+16,6.689221,6.729136
6130,803471360,3.159378e+16,6.688473,6.732541
6140,804782080,3.164532e+16,6.685275,6.729117
6150,806092800,3.169686e+16,6.683615,6.724369
6160,807403520,3.174840e+16,6.678892,6.722817
6170,808714240,3.179994e+16,6.677436,6.720718
6180,810024960,3.185148e+16,6.680416,6.726169
6190,811335680,3.190302e+16,6.679728,6.726979
6200,812646400,3.195456e+16,6.682325,6.721948
6210,813957120,3.200610e+16,6.681780,6.716963
6220,815267840,3.205764e+16,6.679247,6.715521
6230,816578560,3.210918e+16,6.674051,6.720590
6240,817889280,3.216072e+16,6.669260,6.708368
6250,819200000,3.221225e+16,6.666328,6.712122
6260,820510720,3.226379e+16,6.671895,6.702869
6270,821821440,3.231533e+16,6.669898,6.713427
6280,823132160,3.236687e+16,6.662052,6.710085
6290,824442880,3.241841e+16,6.664520,6.703014
6300,825753600,3.246995e+16,6.659968,6.701165
6310,827064320,3.252149e+16,6.660747,6.707143
6320,828375040,3.257303e+16,6.656347,6.708984
6330,829685760,3.262457e+16,6.654540,6.702272
6340,830996480,3.267611e+16,6.653169,6.699763
6350,832307200,3.272765e+16,6.650308,6.692871
6360,833617920,3.277919e+16,6.648513,6.700534
6370,834928640,3.283073e+16,6.648522,6.695419
6380,836239360,3.288227e+16,6.649105,6.693710
6390,837550080,3.293381e+16,6.645395,6.688480
6400,838860800,3.298535e+16,6.645729,6.685348
6410,840171520,3.303689e+16,6.642137,6.684726
6420,841482240,3.308843e+16,6.643935,6.682989
6430,842792960,3.313997e+16,6.637723,6.687727
6440,844103680,3.319151e+16,6.635057,6.687938
6450,845414400,3.324305e+16,6.634659,6.681631
6460,846725120,3.329459e+16,6.633084,6.683595
6470,848035840,3.334613e+16,6.632266,6.682546
6480,849346560,3.339767e+16,6.633990,6.681713
6490,850657280,3.344921e+16,6.629334,6.681100
6500,851968000,3.350074e+16,6.625688,6.682158
6510,853278720,3.355228e+16,6.627115,6.673979
6520,854589440,3.360382e+16,6.626218,6.668483
6530,855900160,3.365536e+16,6.629716,6.678300
6540,857210880,3.370690e+16,6.622222,6.665877
6550,858521600,3.375844e+16,6.619738,6.668817
6560,859832320,3.380998e+16,6.623971,6.672134
6570,861143040,3.386152e+16,6.621267,6.663358
6580,862453760,3.391306e+16,6.622905,6.662600
6590,863764480,3.396460e+16,6.624136,6.663345
6600,865075200,3.401614e+16,6.623708,6.674020
6610,866385920,3.406768e+16,6.624608,6.669073
6620,867696640,3.411922e+16,6.624353,6.662580
6630,869007360,3.417076e+16,6.624377,6.666052
6640,870318080,3.422230e+16,6.623329,6.658188
6650,871628800,3.427384e+16,6.618479,6.654667
6660,872939520,3.432538e+16,6.617251,6.660963
6670,874250240,3.437692e+16,6.618603,6.656477
6680,875560960,3.442846e+16,6.619882,6.650479
6690,876871680,3.448000e+16,6.617778,6.659321
6700,878182400,3.453154e+16,6.613456,6.658294
6710,879493120,3.458308e+16,6.611156,6.650747
6720,880803840,3.463462e+16,6.605496,6.645673
6730,882114560,3.468616e+16,6.597803,6.647633
6740,883425280,3.473770e+16,6.594640,6.643691
6750,884736000,3.478924e+16,6.600069,6.664451
6760,886046720,3.484077e+16,6.599270,6.642160
6770,887357440,3.489231e+16,6.597936,6.641275
6780,888668160,3.494385e+16,6.598013,6.643880
6790,889978880,3.499539e+16,6.593410,6.641712
6800,891289600,3.504693e+16,6.594583,6.648760
6810,892600320,3.509847e+16,6.592393,6.644149
6820,893911040,3.515001e+16,6.593730,6.636692
6830,895221760,3.520155e+16,6.588120,6.632861
6840,896532480,3.525309e+16,6.585522,6.634605
6850,897843200,3.530463e+16,6.578735,6.630665
6860,899153920,3.535617e+16,6.582327,6.628763
6870,900464640,3.540771e+16,6.582912,6.627621
6880,901775360,3.545925e+16,6.584494,6.628301
6890,903086080,3.551079e+16,6.582536,6.631097
6900,904396800,3.556233e+16,6.583645,6.628973
6910,905707520,3.561387e+16,6.585945,6.627208
6920,907018240,3.566541e+16,6.591213,6.621873
6930,908328960,3.571695e+16,6.589551,6.623707
6940,909639680,3.576849e+16,6.582534,6.620821
6950,910950400,3.582003e+16,6.578774,6.625925
6960,912261120,3.587157e+16,6.577126,6.617526
6970,913571840,3.592311e+16,6.578247,6.621160
6980,914882560,3.597465e+16,6.578043,6.624832
6990,916193280,3.602619e+16,6.574332,6.628002
7000,917504000,3.607773e+16,6.573388,6.622117
7010,918814720,3.612926e+16,6.572687,6.625154
7020,920125440,3.618080e+16,6.572993,6.614540
7030,921436160,3.623234e+16,6.567928,6.611674
7040,922746880,3.628388e+16,6.564651,6.607573
7050,924057600,3.633542e+16,6.566363,6.605085
7060,925368320,3.638696e+16,6.568092,6.607700
7070,926679040,3.643850e+16,6.567077,6.597920
7080,927989760,3.649004e+16,6.561639,6.602854
7090,929300480,3.654158e+16,6.561673,6.602551
7100,930611200,3.659312e+16,6.561239,6.596744
7110,931921920,3.664466e+16,6.558914,6.600951
7120,933232640,3.669620e+16,6.561776,6.604367
7130,934543360,3.674774e+16,6.557694,6.595676
7140,935854080,3.679928e+16,6.554610,6.595608
7150,937164800,3.685082e+16,6.553107,6.592033
7160,938475520,3.690236e+16,6.552238,6.595094
7170,939786240,3.695390e+16,6.552519,6.596917
7180,941096960,3.700544e+16,6.550912,6.592447
7190,942407680,3.705698e+16,6.549973,6.590520
7200,943718400,3.710852e+16,6.547882,6.582723
7210,945029120,3.716006e+16,6.553021,6.592346
7220,946339840,3.721160e+16,6.553319,6.589818
7230,947650560,3.726314e+16,6.549328,6.594163
7240,948961280,3.731468e+16,6.549374,6.599421
7250,950272000,3.736622e+16,6.548715,6.586954
7260,951582720,3.741776e+16,6.543930,6.585455
7270,952893440,3.746929e+16,6.542878,6.586432
7280,954204160,3.752083e+16,6.539524,6.586179
7290,955514880,3.757237e+16,6.536692,6.579601
7300,956825600,3.762391e+16,6.535746,6.582202
7310,958136320,3.767545e+16,6.535336,6.585490
7320,959447040,3.772699e+16,6.533380,6.584721
7330,960757760,3.777853e+16,6.535632,6.575099
7340,962068480,3.783007e+16,6.532076,6.570366
7350,963379200,3.788161e+16,6.532587,6.567375
7360,964689920,3.793315e+16,6.532250,6.564556
7370,966000640,3.798469e+16,6.524307,6.561603
7380,967311360,3.803623e+16,6.526164,6.566741
7390,968622080,3.808777e+16,6.525014,6.566560
7400,969932800,3.813931e+16,6.525334,6.562656
7410,971243520,3.819085e+16,6.523233,6.568058
7420,972554240,3.824239e+16,6.520600,6.556696
7430,973864960,3.829393e+16,6.518310,6.560913
7440,975175680,3.834547e+16,6.516424,6.550980
7450,976486400,3.839701e+16,6.513068,6.556193
7460,977797120,3.844855e+16,6.514342,6.555897
7470,979107840,3.850009e+16,6.507194,6.553748
7480,980418560,3.855163e+16,6.507108,6.551270
7490,981729280,3.860317e+16,6.510618,6.550693
7500,983040000,3.865471e+16,6.508353,6.549469
7510,984350720,3.870625e+16,6.505736,6.549530
7520,985661440,3.875778e+16,6.503355,6.547029
7530,986972160,3.880932e+16,6.505182,6.548007
7540,988282880,3.886086e+16,6.503104,6.556452
7550,989593600,3.891240e+16,6.508913,6.560213
7560,990904320,3.896394e+16,6.508361,6.552350
7570,992215040,3.901548e+16,6.506852,6.553702
7580,993525760,3.906702e+16,6.503633,6.542107
7590,994836480,3.911856e+16,6.502164,6.548772
7600,996147200,3.917010e+16,6.502125,6.549664
7610,997457920,3.922164e+16,6.499841,6.545937
7620,998768640,3.927318e+16,6.495628,6.541062
7630,1000079360,3.932472e+16,6.498890,6.540457
7640,1001390080,3.937626e+16,6.500802,6.536969
7650,1002700800,3.942780e+16,6.498228,6.539499
7660,1004011520,3.947934e+16,6.494606,6.537533
7670,1005322240,3.953088e+16,6.492813,6.532755
7680,1006632960,3.958242e+16,6.492713,6.532910
7690,1007943680,3.963396e+16,6.494363,6.531495
7700,1009254400,3.968550e+16,6.497060,6.527946
7710,1010565120,3.973704e+16,6.495018,6.524321
7720,1011875840,3.978858e+16,6.494265,6.531541
7730,1013186560,3.984012e+16,6.489050,6.536256
7740,1014497280,3.989166e+16,6.485747,6.525451
7750,1015808000,3.994320e+16,6.482742,6.526959
7760,1017118720,3.999474e+16,6.482508,6.524174
7770,1018429440,4.004628e+16,6.478826,6.521631
7780,1019740160,4.009781e+16,6.479881,6.518908
7790,1021050880,4.014935e+16,6.476261,6.516941
7800,1022361600,4.020089e+16,6.474744,6.516930
7810,1023672320,4.025243e+16,6.473162,6.508047
7820,1024983040,4.030397e+16,6.475527,6.515586
7830,1026293760,4.035551e+16,6.480011,6.516625
7840,1027604480,4.040705e+16,6.478251,6.508642
7850,1028915200,4.045859e+16,6.477854,6.510458
7860,1030225920,4.051013e+16,6.477223,6.509115
7870,1031536640,4.056167e+16,6.476337,6.508480
7880,1032847360,4.061321e+16,6.468649,6.513970
7890,1034158080,4.066475e+16,6.467992,6.504397
7900,1035468800,4.071629e+16,6.463293,6.505344
7910,1036779520,4.076783e+16,6.463908,6.505041
7920,1038090240,4.081937e+16,6.462658,6.498332
7930,1039400960,4.087091e+16,6.461486,6.504675
7940,1040711680,4.092245e+16,6.458949,6.505875
7950,1042022400,4.097399e+16,6.456654,6.503308
7960,1043333120,4.102553e+16,6.453359,6.495094
7970,1044643840,4.107707e+16,6.447960,6.499574
7980,1045954560,4.112861e+16,6.447062,6.497284
7990,1047265280,4.118015e+16,6.448876,6.495193
8000,1048576000,4.123169e+16,6.447954,6.492912
8010,1049886720,4.128323e+16,6.448395,6.495155
8020,1051197440,4.133477e+16,6.446707,6.493101
8030,1052508160,4.138630e+16,6.446962,6.492595
8040,1053818880,4.143784e+16,6.446015,6.492247
8050,1055129600,4.148938e+16,6.443933,6.485717
8060,1056440320,4.154092e+16,6.445243,6.488718
8070,1057751040,4.159246e+16,6.444008,6.488081
8080,1059061760,4.164400e+16,6.440673,6.488812
8090,1060372480,4.169554e+16,6.440459,6.490668
8100,1061683200,4.174708e+16,6.441695,6.489435
8110,1062993920,4.179862e+16,6.444106,6.494332
8120,1064304640,4.185016e+16,6.441530,6.492214
8130,1065615360,4.190170e+16,6.442656,6.485679
8140,1066926080,4.195324e+16,6.440573,6.476494
8150,1068236800,4.200478e+16,6.433486,6.479562
8160,1069547520,4.205632e+16,6.430234,6.480704
8170,1070858240,4.210786e+16,6.430509,6.488971
8180,1072168960,4.215940e+16,6.429792,6.477169
8190,1073479680,4.221094e+16,6.428856,6.482477
8200,1074790400,4.226248e+16,6.427380,6.484972
8210,1076101120,4.231402e+16,6.425040,6.475019
8220,1077411840,4.236556e+16,6.424462,6.471838
8230,1078722560,4.241710e+16,6.418967,6.471863
8240,1080033280,4.246864e+16,6.416770,6.468121
8250,1081344000,4.252018e+16,6.416483,6.468298
8260,1082654720,4.257172e+16,6.414465,6.465530
8270,1083965440,4.262326e+16,6.417848,6.474568
8280,1085276160,4.267480e+16,6.423296,6.471312
8290,1086586880,4.272633e+16,6.422742,6.467089
8300,1087897600,4.277787e+16,6.421419,6.462934
8310,1089208320,4.282941e+16,6.420741,6.460388
8320,1090519040,4.288095e+16,6.422521,6.462562
8330,1091829760,4.293249e+16,6.420594,6.460451
8340,1093140480,4.298403e+16,6.419384,6.458206
8350,1094451200,4.303557e+16,6.414952,6.456283
8360,1095761920,4.308711e+16,6.415663,6.456013
8370,1097072640,4.313865e+16,6.410453,6.458109
8380,1098383360,4.319019e+16,6.407379,6.453844
8390,1099694080,4.324173e+16,6.406835,6.452379
8400,1101004800,4.329327e+16,6.411571,6.451993
8410,1102315520,4.334481e+16,6.410111,6.447423
8420,1103626240,4.339635e+16,6.405670,6.449902
8430,1104936960,4.344789e+16,6.404225,6.447035
8440,1106247680,4.349943e+16,6.405175,6.449177
8450,1107558400,4.355097e+16,6.399506,6.444309
8460,1108869120,4.360251e+16,6.396772,6.452055
8470,1110179840,4.365405e+16,6.397166,6.443886
8480,1111490560,4.370559e+16,6.390458,6.442326
8490,1112801280,4.375713e+16,6.391936,6.442249
8500,1114112000,4.380867e+16,6.392036,6.438434
8510,1115422720,4.386021e+16,6.390951,6.436776
8520,1116733440,4.391175e+16,6.393239,6.439047
8530,1118044160,4.396329e+16,6.394410,6.441524
8540,1119354880,4.401482e+16,6.391730,6.436963
8550,1120665600,4.406636e+16,6.390499,6.435385
8560,1121976320,4.411790e+16,6.389748,6.432368
8570,1123287040,4.416944e+16,6.388417,6.432804
8580,1124597760,4.422098e+16,6.384355,6.433500
8590,1125908480,4.427252e+16,6.386583,6.430778
8600,1127219200,4.432406e+16,6.389889,6.433734
8610,1128529920,4.437560e+16,6.390662,6.432443
8620,1129840640,4.442714e+16,6.388485,6.426288
8630,1131151360,4.447868e+16,6.387969,6.426589
8640,1132462080,4.453022e+16,6.385872,6.424390
8650,1133772800,4.458176e+16,6.383308,6.426476
8660,1135083520,4.463330e+16,6.383885,6.428989
8670,1136394240,4.468484e+16,6.382346,6.422903
8680,1137704960,4.473638e+16,6.383590,6.427882
8690,1139015680,4.478792e+16,6.379799,6.429224
8700,1140326400,4.483946e+16,6.379871,6.422287
8710,1141637120,4.489100e+16,6.377457,6.423425
8720,1142947840,4.494254e+16,6.376792,6.418303
8730,1144258560,4.499408e+16,6.379976,6.422501
8740,1145569280,4.504562e+16,6.377491,6.418113
8750,1146880000,4.509716e+16,6.368126,6.420688
8760,1148190720,4.514870e+16,6.365745,6.420236
8770,1149501440,4.520024e+16,6.370648,6.422440
8780,1150812160,4.525178e+16,6.368801,6.415626
8790,1152122880,4.530332e+16,6.370774,6.422321
8800,1153433600,4.535485e+16,6.373664,6.418595
8810,1154744320,4.540639e+16,6.373703,6.417149
8820,1156055040,4.545793e+16,6.377121,6.413347
8830,1157365760,4.550947e+16,6.378940,6.412179
8840,1158676480,4.556101e+16,6.371398,6.406894
8850,1159987200,4.561255e+16,6.368292,6.401857
8860,1161297920,4.566409e+16,6.367810,6.406358
8870,1162608640,4.571563e+16,6.366740,6.405621
8880,1163919360,4.576717e+16,6.366892,6.406333
8890,1165230080,4.581871e+16,6.365066,6.404861
8900,1166540800,4.587025e+16,6.361898,6.400869
8910,1167851520,4.592179e+16,6.361382,6.404994
8920,1169162240,4.597333e+16,6.355605,6.406392
8930,1170472960,4.602487e+16,6.357956,6.402932
8940,1171783680,4.607641e+16,6.361475,6.402057
8950,1173094400,4.612795e+16,6.363187,6.394881
8960,1174405120,4.617949e+16,6.364508,6.396631
8970,1175715840,4.623103e+16,6.358085,6.393214
8980,1177026560,4.628257e+16,6.355923,6.392438
8990,1178337280,4.633411e+16,6.354319,6.391306
9000,1179648000,4.638565e+16,6.354300,6.396985
9010,1180958720,4.643719e+16,6.351724,6.396501
9020,1182269440,4.648873e+16,6.355500,6.391659
9030,1183580160,4.654027e+16,6.357304,6.392832
9040,1184890880,4.659181e+16,6.357022,6.391045
9050,1186201600,4.664334e+16,6.354239,6.391427
9060,1187512320,4.669488e+16,6.353883,6.388649
9070,1188823040,4.674642e+16,6.352770,6.389989
9080,1190133760,4.679796e+16,6.342905,6.383174
9090,1191444480,4.684950e+16,6.341160,6.382497
9100,1192755200,4.690104e+16,6.340072,6.383271
9110,1194065920,4.695258e+16,6.337905,6.385681
9120,1195376640,4.700412e+16,6.332989,6.385199
9130,1196687360,4.705566e+16,6.335889,6.385510
9140,1197998080,4.710720e+16,6.336779,6.382018
9150,1199308800,4.715874e+16,6.331087,6.378931
9160,1200619520,4.721028e+16,6.330851,6.380462
9170,1201930240,4.726182e+16,6.328033,6.381970
9180,1203240960,4.731336e+16,6.326711,6.375630
9190,1204551680,4.736490e+16,6.324915,6.381069
9200,1205862400,4.741644e+16,6.325136,6.383358
9210,1207173120,4.746798e+16,6.328161,6.380567
9220,1208483840,4.751952e+16,6.330414,6.371055
9230,1209794560,4.757106e+16,6.329521,6.370112
9240,1211105280,4.762260e+16,6.329070,6.370750
9250,1212416000,4.767414e+16,6.332287,6.368222
9260,1213726720,4.772568e+16,6.330788,6.366682
9270,1215037440,4.777722e+16,6.328611,6.365289
9280,1216348160,4.782876e+16,6.322520,6.367384
9290,1217658880,4.788030e+16,6.317833,6.364267
9300,1218969600,4.793184e+16,6.317019,6.362650
9310,1220280320,4.798337e+16,6.318625,6.362040
9320,1221591040,4.803491e+16,6.315396,6.365993
9330,1222901760,4.808645e+16,6.312114,6.365244
9340,1224212480,4.813799e+16,6.311931,6.357934
9350,1225523200,4.818953e+16,6.313532,6.357426
9360,1226833920,4.824107e+16,6.311817,6.356239
9370,1228144640,4.829261e+16,6.310530,6.360955
9380,1229455360,4.834415e+16,6.312842,6.359046
9390,1230766080,4.839569e+16,6.309106,6.359566
9400,1232076800,4.844723e+16,6.307264,6.353013
9410,1233387520,4.849877e+16,6.307627,6.357656
9420,1234698240,4.855031e+16,6.310775,6.358164
9430,1236008960,4.860185e+16,6.312610,6.359310
9440,1237319680,4.865339e+16,6.312897,6.359988
9450,1238630400,4.870493e+16,6.308879,6.357610
9460,1239941120,4.875647e+16,6.310186,6.351692
9470,1241251840,4.880801e+16,6.306449,6.351460
9480,1242562560,4.885955e+16,6.303370,6.350905
9490,1243873280,4.891109e+16,6.307298,6.348789
9500,1245184000,4.896263e+16,6.304267,6.348029
9510,1246494720,4.901417e+16,6.301433,6.344197
9520,1247805440,4.906571e+16,6.300564,6.344720
9530,1249116160,4.911725e+16,6.298864,6.341621
9540,1250426880,4.916879e+16,6.293911,6.335390
9550,1251737600,4.922033e+16,6.295609,6.348487
9560,1253048320,4.927186e+16,6.298378,6.340679
9570,1254359040,4.932340e+16,6.297264,6.339687
9580,1255669760,4.937494e+16,6.297389,6.341071
9590,1256980480,4.942648e+16,6.294664,6.335787
9600,1258291200,4.947802e+16,6.293581,6.335723
9610,1259601920,4.952956e+16,6.292674,6.336578
9620,1260912640,4.958110e+16,6.293420,6.338457
9630,1262223360,4.963264e+16,6.289441,6.334102
9640,1263534080,4.968418e+16,6.292334,6.332538
9650,1264844800,4.973572e+16,6.293793,6.331480
9660,1266155520,4.978726e+16,6.291742,6.331091
9670,1267466240,4.983880e+16,6.292034,6.328417
9680,1268776960,4.989034e+16,6.292550,6.332048
9690,1270087680,4.994188e+16,6.296728,6.332352
9700,1271398400,4.999342e+16,6.295153,6.328436
9710,1272709120,5.004496e+16,6.292852,6.324441
9720,1274019840,5.009650e+16,6.288918,6.329446
9730,1275330560,5.014804e+16,6.287846,6.321890
9740,1276641280,5.019958e+16,6.281655,6.321972
9750,1277952000,5.025112e+16,6.282724,6.325219
9760,1279262720,5.030266e+16,6.283234,6.329986
9770,1280573440,5.035420e+16,6.282769,6.324065
9780,1281884160,5.040574e+16,6.286725,6.321203
9790,1283194880,5.045728e+16,6.284265,6.322570
9800,1284505600,5.050882e+16,6.285494,6.319587
9810,1285816320,5.056036e+16,6.283857,6.324499
9820,1287127040,5.061189e+16,6.280855,6.316436
9830,1288437760,5.066343e+16,6.274380,6.311618
9840,1289748480,5.071497e+16,6.273488,6.321944
9850,1291059200,5.076651e+16,6.271562,6.314208
9860,1292369920,5.081805e+16,6.270077,6.312341
9870,1293680640,5.086959e+16,6.270837,6.316492
9880,1294991360,5.092113e+16,6.276109,6.316425
9890,1296302080,5.097267e+16,6.271483,6.317536
9900,1297612800,5.102421e+16,6.267297,6.319569
9910,1298923520,5.107575e+16,6.265540,6.308026
9920,1300234240,5.112729e+16,6.264522,6.313730
9930,1301544960,5.117883e+16,6.267176,6.311788
9940,1302855680,5.123037e+16,6.266174,6.309821
9950,1304166400,5.128191e+16,6.263565,6.309120
9960,1305477120,5.133345e+16,6.264657,6.309950
9970,1306787840,5.138499e+16,6.268301,6.304682
9980,1308098560,5.143653e+16,6.267438,6.304994
9990,1309409280,5.148807e+16,6.265076,6.302105
10000,1310720000,5.153961e+16,6.268157,6.298461
10010,1312030720,5.159115e+16,6.264774,6.302427
10020,1313341440,5.164269e+16,6.258995,6.305158
10030,1314652160,5.169423e+16,6.261834,6.300585
10040,1315962880,5.174577e+16,6.258977,6.301126
10050,1317273600,5.179731e+16,6.258190,6.300043
10060,1318584320,5.184885e+16,6.256439,6.305775
10070,1319895040,5.190038e+16,6.259039,6.297490
10080,1321205760,5.195192e+16,6.253000,6.297316
10090,1322516480,5.200346e+16,6.250189,6.293785
10100,1323827200,5.205500e+16,6.249637,6.293300
10110,1325137920,5.210654e+16,6.248901,6.290375
10120,1326448640,5.215808e+16,6.248836,6.291740
10130,1327759360,5.220962e+16,6.245202,6.294805
10140,1329070080,5.226116e+16,6.243556,6.292020
10150,1330380800,5.231270e+16,6.245731,6.296647
10160,1331691520,5.236424e+16,6.245109,6.294255
10170,1333002240,5.241578e+16,6.241262,6.283637
10180,1334312960,5.246732e+16,6.237967,6.283211
10190,1335623680,5.251886e+16,6.237154,6.282436
10200,1336934400,5.257040e+16,6.237089,6.279210
10210,1338245120,5.262194e+16,6.233081,6.282340
10220,1339555840,5.267348e+16,6.236618,6.281821
10230,1340866560,5.272502e+16,6.236310,6.280323
10240,1342177280,5.277656e+16,6.233497,6.278708
10250,1343488000,5.282810e+16,6.235022,6.281107
10260,1344798720,5.287964e+16,6.235163,6.277421
10270,1346109440,5.293118e+16,6.234380,6.277071
10280,1347420160,5.298272e+16,6.233845,6.278058
10290,1348730880,5.303426e+16,6.232702,6.275495
10300,1350041600,5.308580e+16,6.233497,6.273883
10310,1351352320,5.313734e+16,6.230901,6.270842
10320,1352663040,5.318887e+16,6.230302,6.275613
10330,1353973760,5.324041e+16,6.230576,6.276846
10340,1355284480,5.329195e+16,6.231540,6.279352
10350,1356595200,5.334349e+16,6.233087,6.271933
10360,1357905920,5.339503e+16,6.233753,6.270466
10370,1359216640,5.344657e+16,6.231534,6.265387
10380,1360527360,5.349811e+16,6.228988,6.267639
10390,1361838080,5.354965e+16,6.222372,6.266908
10400,1363148800,5.360119e+16,6.224440,6.262297
10410,1364459520,5.365273e+16,6.225574,6.263265
10420,1365770240,5.370427e+16,6.227390,6.260013
10430,1367080960,5.375581e+16,6.224015,6.262922
10440,1368391680,5.380735e+16,6.226767,6.267229
10450,1369702400,5.385889e+16,6.231446,6.271421
10460,1371013120,5.391043e+16,6.227892,6.263218
10470,1372323840,5.396197e+16,6.226328,6.254466
10480,1373634560,5.401351e+16,6.224595,6.256383
10490,1374945280,5.406505e+16,6.225461,6.259072
10500,1376256000,5.411659e+16,6.221684,6.262941
10510,1377566720,5.416813e+16,6.223327,6.258130
10520,1378877440,5.421967e+16,6.220884,6.258515
10530,1380188160,5.427121e+16,6.220687,6.260468
10540,1381498880,5.432275e+16,6.213664,6.256510
10550,1382809600,5.437429e+16,6.214978,6.256033
10560,1384120320,5.442583e+16,6.207361,6.253019
10570,1385431040,5.447737e+16,6.200729,6.252747
10580,1386741760,5.452890e+16,6.198462,6.250144
10590,1388052480,5.458044e+16,6.193198,6.253752
10600,1389363200,5.463198e+16,6.191471,6.252281
10610,1390673920,5.468352e+16,6.195873,6.250190
10620,1391984640,5.473506e+16,6.196684,6.249484
10630,1393295360,5.478660e+16,6.201321,6.256493
10640,1394606080,5.483814e+16,6.198999,6.249130
10650,1395916800,5.488968e+16,6.202657,6.249935
10660,1397227520,5.494122e+16,6.197657,6.245131
10670,1398538240,5.499276e+16,6.201885,6.245512
10680,1399848960,5.504430e+16,6.202679,6.244191
10690,1401159680,5.509584e+16,6.199479,6.247111
10700,1402470400,5.514738e+16,6.198894,6.247434
10710,1403781120,5.519892e+16,6.198422,6.240978
10720,1405091840,5.525046e+16,6.198741,6.237473
10730,1406402560,5.530200e+16,6.198655,6.237514
10740,1407713280,5.535354e+16,6.198352,6.234822
10750,1409024000,5.540508e+16,6.194308,6.235394
10760,1410334720,5.545662e+16,6.191984,6.237584
10770,1411645440,5.550816e+16,6.190781,6.234971
10780,1412956160,5.555970e+16,6.189463,6.233216
10790,1414266880,5.561124e+16,6.184726,6.230458
10800,1415577600,5.566278e+16,6.186588,6.227767
10810,1416888320,5.571432e+16,6.186323,6.227059
10820,1418199040,5.576586e+16,6.181321,6.228272
10830,1419509760,5.581739e+16,6.181182,6.226872
10840,1420820480,5.586893e+16,6.180669,6.228843
10850,1422131200,5.592047e+16,6.184234,6.228611
10860,1423441920,5.597201e+16,6.183567,6.229537
10870,1424752640,5.602355e+16,6.184352,6.231134
10880,1426063360,5.607509e+16,6.185266,6.226685
10890,1427374080,5.612663e+16,6.179981,6.224491
10900,1428684800,5.617817e+16,6.180736,6.224160
10910,1429995520,5.622971e+16,6.180973,6.222700
10920,1431306240,5.628125e+16,6.182807,6.220148
10930,1432616960,5.633279e+16,6.180557,6.220336
10940,1433927680,5.638433e+16,6.180022,6.216889
10950,1435238400,5.643587e+16,6.180458,6.212197
10960,1436549120,5.648741e+16,6.178401,6.221015
10970,1437859840,5.653895e+16,6.179099,6.221505
10980,1439170560,5.659049e+16,6.177308,6.214050
10990,1440481280,5.664203e+16,6.173159,6.215538
11000,1441792000,5.669357e+16,6.169977,6.220222
11010,1443102720,5.674511e+16,6.172654,6.216798
11020,1444413440,5.679665e+16,6.168697,6.213652
11030,1445724160,5.684819e+16,6.167851,6.211639
11040,1447034880,5.689973e+16,6.167066,6.209015
11050,1448345600,5.695127e+16,6.169026,6.208174
11060,1449656320,5.700281e+16,6.165171,6.206217
11070,1450967040,5.705435e+16,6.163739,6.209557
11080,1452277760,5.710589e+16,6.162002,6.212809
11090,1453588480,5.715742e+16,6.161301,6.203760
11100,1454899200,5.720896e+16,6.158040,6.203042
11110,1456209920,5.726050e+16,6.155923,6.207565
11120,1457520640,5.731204e+16,6.154555,6.205122
11130,1458831360,5.736358e+16,6.152649,6.204754
11140,1460142080,5.741512e+16,6.149819,6.205697
11150,1461452800,5.746666e+16,6.152037,6.206273
11160,1462763520,5.751820e+16,6.152107,6.205017
11170,1464074240,5.756974e+16,6.148556,6.200043
11180,1465384960,5.762128e+16,6.149914,6.205274
11190,1466695680,5.767282e+16,6.156633,6.200792
11200,1468006400,5.772436e+16,6.158891,6.200288
11210,1469317120,5.777590e+16,6.155067,6.200728
11220,1470627840,5.782744e+16,6.154403,6.194893
11230,1471938560,5.787898e+16,6.153251,6.194332
11240,1473249280,5.793052e+16,6.151324,6.195734
11250,1474560000,5.798206e+16,6.153307,6.195157
11260,1475870720,5.803360e+16,6.156523,6.197765
11270,1477181440,5.808514e+16,6.157020,6.202915
11280,1478492160,5.813668e+16,6.151974,6.196949
11290,1479802880,5.818822e+16,6.149769,6.193280
11300,1481113600,5.823976e+16,6.148104,6.188133
11310,1482424320,5.829130e+16,6.147790,6.190701
11320,1483735040,5.834284e+16,6.149721,6.194855
11330,1485045760,5.839438e+16,6.150131,6.191443
11340,1486356480,5.844591e+16,6.152606,6.191581
11350,1487667200,5.849745e+16,6.150439,6.189828
11360,1488977920,5.854899e+16,6.150899,6.193532
11370,1490288640,5.860053e+16,6.150354,6.193845
11380,1491599360,5.865207e+16,6.147272,6.192885
11390,1492910080,5.870361e+16,6.138755,6.188561
11400,1494220800,5.875515e+16,6.140790,6.185581
11410,1495531520,5.880669e+16,6.141409,6.188056
11420,1496842240,5.885823e+16,6.145176,6.185366
11430,1498152960,5.890977e+16,6.144405,6.186406
11440,1499463680,5.896131e+16,6.141954,6.183139
11450,1500774400,5.901285e+16,6.140013,6.184307
11460,1502085120,5.906439e+16,6.138316,6.183653
11470,1503395840,5.911593e+16,6.136073,6.180200
11480,1504706560,5.916747e+16,6.132981,6.183117
11490,1506017280,5.921901e+16,6.134138,6.177017
11500,1507328000,5.927055e+16,6.127635,6.181870
11510,1508638720,5.932209e+16,6.129424,6.174745
11520,1509949440,5.937363e+16,6.132530,6.172303
11530,1511260160,5.942517e+16,6.131643,6.172237
11540,1512570880,5.947671e+16,6.132098,6.179639
11550,1513881600,5.952825e+16,6.135097,6.181091
11560,1515192320,5.957979e+16,6.132894,6.177155
11570,1516503040,5.963133e+16,6.130079,6.173526
11580,1517813760,5.968287e+16,6.129999,6.173012
11590,1519124480,5.973441e+16,6.131198,6.172647
11600,1520435200,5.978594e+16,6.128898,6.171621
11610,1521745920,5.983748e+16,6.129524,6.171959
11620,1523056640,5.988902e+16,6.129243,6.170191
11630,1524367360,5.994056e+16,6.125373,6.165848
11640,1525678080,5.999210e+16,6.126075,6.169209
11650,1526988800,6.004364e+16,6.127406,6.163942
11660,1528299520,6.009518e+16,6.121851,6.163000
11670,1529610240,6.014672e+16,6.118176,6.164657
11680,1530920960,6.019826e+16,6.118726,6.166772
11690,1532231680,6.024980e+16,6.115400,6.164059
11700,1533542400,6.030134e+16,6.116077,6.161795
11710,1534853120,6.035288e+16,6.114602,6.160796
11720,1536163840,6.040442e+16,6.115438,6.164100
11730,1537474560,6.045596e+16,6.109771,6.161388
11740,1538785280,6.050750e+16,6.114105,6.157752
11750,1540096000,6.055904e+16,6.117457,6.157002
11760,1541406720,6.061058e+16,6.114903,6.156340
11770,1542717440,6.066212e+16,6.115062,6.161255
11780,1544028160,6.071366e+16,6.115807,6.161151
11790,1545338880,6.076520e+16,6.112210,6.156814
11800,1546649600,6.081674e+16,6.110988,6.154179
11810,1547960320,6.086828e+16,6.111293,6.155260
11820,1549271040,6.091982e+16,6.106797,6.151425
11830,1550581760,6.097136e+16,6.103656,6.152458
11840,1551892480,6.102290e+16,6.100454,6.147584
11850,1553203200,6.107443e+16,6.097820,6.147796
11860,1554513920,6.112597e+16,6.095677,6.145350
11870,1555824640,6.117751e+16,6.088815,6.145088
11880,1557135360,6.122905e+16,6.091537,6.144986
11890,1558446080,6.128059e+16,6.088951,6.144576
11900,1559756800,6.133213e+16,6.095287,6.143439
11910,1561067520,6.138367e+16,6.093900,6.148587
11920,1562378240,6.143521e+16,6.096330,6.141759
11930,1563688960,6.148675e+16,6.091427,6.143420
11940,1564999680,6.153829e+16,6.087151,6.141136
11950,1566310400,6.158983e+16,6.091993,6.140722
11960,1567621120,6.164137e+16,6.088088,6.139696
11970,1568931840,6.169291e+16,6.084688,6.141731
11980,1570242560,6.174445e+16,6.086001,6.138566
11990,1571553280,6.179599e+16,6.085911,6.142419
12000,1572864000,6.184753e+16,6.085437,6.146214
12010,1574174720,6.189907e+16,6.085873,6.136818
12020,1575485440,6.195061e+16,6.087081,6.135562
12030,1576796160,6.200215e+16,6.089459,6.137017
12040,1578106880,6.205369e+16,6.088888,6.131446
12050,1579417600,6.210523e+16,6.089199,6.133024
12060,1580728320,6.215677e+16,6.087311,6.136913
12070,1582039040,6.220831e+16,6.088679,6.131177
12080,1583349760,6.225985e+16,6.087893,6.128549
12090,1584660480,6.231139e+16,6.090161,6.130284
12100,1585971200,6.236293e+16,6.083958,6.130651
12110,1587281920,6.241446e+16,6.082578,6.133284
12120,1588592640,6.246600e+16,6.079884,6.132850
12130,1589903360,6.251754e+16,6.083061,6.128814
12140,1591214080,6.256908e+16,6.082069,6.127349
12150,1592524800,6.262062e+16,6.085117,6.125516
12160,1593835520,6.267216e+16,6.085300,6.126139
12170,1595146240,6.272370e+16,6.083623,6.126686
12180,1596456960,6.277524e+16,6.084731,6.126630
12190,1597767680,6.282678e+16,6.084167,6.121719
12200,1599078400,6.287832e+16,6.081664,6.120738
12210,1600389120,6.292986e+16,6.080142,6.118809
12220,1601699840,6.298140e+16,6.075898,6.119489
12230,1603010560,6.303294e+16,6.078250,6.116843
12240,1604321280,6.308448e+16,6.077975,6.117602
12250,1605632000,6.313602e+16,6.076090,6.117177
12260,1606942720,6.318756e+16,6.071392,6.117860
12270,1608253440,6.323910e+16,6.071227,6.115243
12280,1609564160,6.329064e+16,6.073931,6.118682
12290,1610874880,6.334218e+16,6.073426,6.116031
12300,1612185600,6.339372e+16,6.069774,6.115543
12310,1613496320,6.344526e+16,6.071934,6.114343
12320,1614807040,6.349680e+16,6.074509,6.117785
12330,1616117760,6.354834e+16,6.073312,6.114888
12340,1617428480,6.359988e+16,6.072018,6.117799
12350,1618739200,6.365142e+16,6.065995,6.111352
12360,1620049920,6.370295e+16,6.066781,6.110734
12370,1621360640,6.375449e+16,6.067465,6.109374
12380,1622671360,6.380603e+16,6.066513,6.114454
12390,1623982080,6.385757e+16,6.068686,6.113196
12400,1625292800,6.390911e+16,6.065435,6.109677
12410,1626603520,6.396065e+16,6.063372,6.110876
12420,1627914240,6.401219e+16,6.065507,6.108938
12430,1629224960,6.406373e+16,6.062253,6.108473
12440,1630535680,6.411527e+16,6.060343,6.108594
12450,1631846400,6.416681e+16,6.064813,6.109615
12460,1633157120,6.421835e+16,6.057622,6.103899
12470,1634467840,6.426989e+16,6.060024,6.108900
12480,1635778560,6.432143e+16,6.059417,6.104077
12490,1637089280,6.437297e+16,6.058057,6.102519
12500,1638400000,6.442451e+16,6.057661,6.106556
12510,1639710720,6.447605e+16,6.057908,6.104317
12520,1641021440,6.452759e+16,6.057465,6.099506
12530,1642332160,6.457913e+16,6.059676,6.098633
12540,1643642880,6.463067e+16,6.057940,6.100178
12550,1644953600,6.468221e+16,6.053986,6.098454
12560,1646264320,6.473375e+16,6.054120,6.099009
12570,1647575040,6.478529e+16,6.054924,6.102543
12580,1648885760,6.483683e+16,6.052405,6.101447
12590,1650196480,6.488837e+16,6.050960,6.093463
12600,1651507200,6.493991e+16,6.048248,6.095913
12610,1652817920,6.499145e+16,6.046970,6.090697
12620,1654128640,6.504298e+16,6.042512,6.092813
12630,1655439360,6.509452e+16,6.037887,6.090704
12640,1656750080,6.514606e+16,6.042024,6.092463
12650,1658060800,6.519760e+16,6.038430,6.091301
12660,1659371520,6.524914e+16,6.039096,6.089989
12670,1660682240,6.530068e+16,6.037027,6.086400
12680,1661992960,6.535222e+16,6.038225,6.087781
12690,1663303680,6.540376e+16,6.040190,6.086467
12700,1664614400,6.545530e+16,6.037027,6.085137
12710,1665925120,6.550684e+16,6.037963,6.084695
12720,1667235840,6.555838e+16,6.035706,6.082970
12730,1668546560,6.560992e+16,6.032230,6.085150
12740,1669857280,6.566146e+16,6.034155,6.083160
12750,1671168000,6.571300e+16,6.031241,6.082883
12760,1672478720,6.576454e+16,6.035314,6.085601
12770,1673789440,6.581608e+16,6.037444,6.084340
12780,1675100160,6.586762e+16,6.039305,6.082836
12790,1676410880,6.591916e+16,6.034199,6.088484
12800,1677721600,6.597070e+16,6.039044,6.085396
12810,1679032320,6.602224e+16,6.039953,6.082229
12820,1680343040,6.607378e+16,6.035583,6.077623
12830,1681653760,6.612532e+16,6.034588,6.082505
12840,1682964480,6.617686e+16,6.034099,6.076634
12850,1684275200,6.622840e+16,6.030654,6.079832
12860,1685585920,6.627994e+16,6.030370,6.080660
12870,1686896640,6.633147e+16,6.033689,6.077505
12880,1688207360,6.638301e+16,6.030119,6.074505
12890,1689518080,6.643455e+16,6.030305,6.075241
12900,1690828800,6.648609e+16,6.031204,6.072231
12910,1692139520,6.653763e+16,6.025037,6.072152
12920,1693450240,6.658917e+16,6.023244,6.071044
12930,1694760960,6.664071e+16,6.024865,6.071483
12940,1696071680,6.669225e+16,6.023815,6.074831
12950,1697382400,6.674379e+16,6.023611,6.069289
12960,1698693120,6.679533e+16,6.021926,6.075851
12970,1700003840,6.684687e+16,6.020278,6.068519
12980,1701314560,6.689841e+16,6.024691,6.068877
12990,1702625280,6.694995e+16,6.026724,6.064744
13000,1703936000,6.700149e+16,6.027492,6.068931
13010,1705246720,6.705303e+16,6.024435,6.067144
13020,1706557440,6.710457e+16,6.024840,6.065512
13030,1707868160,6.715611e+16,6.023962,6.064146
13040,1709178880,6.720765e+16,6.022626,6.061880
13050,1710489600,6.725919e+16,6.019301,6.067635
13060,1711800320,6.731073e+16,6.018660,6.069214
13070,1713111040,6.736227e+16,6.018379,6.061388
13080,1714421760,6.741381e+16,6.013493,6.059800
13090,1715732480,6.746535e+16,6.013187,6.057813
13100,1717043200,6.751689e+16,6.013875,6.057919
13110,1718353920,6.756843e+16,6.011274,6.057752
13120,1719664640,6.761997e+16,6.010174,6.061027
13130,1720975360,6.767150e+16,6.007925,6.058640
13140,1722286080,6.772304e+16,6.008742,6.058127
13150,1723596800,6.777458e+16,6.005302,6.059102
13160,1724907520,6.782612e+16,6.005569,6.055668
13170,1726218240,6.787766e+16,6.005589,6.059445
13180,1727528960,6.792920e+16,6.003857,6.056566
13190,1728839680,6.798074e+16,6.003439,6.059579
13200,1730150400,6.803228e+16,6.004517,6.054270
13210,1731461120,6.808382e+16,6.002663,6.053869
13220,1732771840,6.813536e+16,6.007617,6.053900
13230,1734082560,6.818690e+16,6.008311,6.055006
13240,1735393280,6.823844e+16,6.006496,6.051340
13250,1736704000,6.828998e+16,6.001855,6.049263
13260,1738014720,6.834152e+16,6.005440,6.052384
13270,1739325440,6.839306e+16,6.005369,6.048352
13280,1740636160,6.844460e+16,6.003496,6.047075
13290,1741946880,6.849614e+16,6.004225,6.047228
13300,1743257600,6.854768e+16,6.003951,6.044953
13310,1744568320,6.859922e+16,5.999870,6.045657
13320,1745879040,6.865076e+16,5.996891,6.046185
13330,1747189760,6.870230e+16,5.993631,6.045554
13340,1748500480,6.875384e+16,5.996175,6.047198
13350,1749811200,6.880538e+16,6.000701,6.045638
13360,1751121920,6.885692e+16,6.002678,6.040009
13370,1752432640,6.890846e+16,5.997764,6.041904
13380,1753743360,6.895999e+16,6.001134,6.041613
13390,1755054080,6.901153e+16,6.003551,6.041149
13400,1756364800,6.906307e+16,6.001428,6.040513
13410,1757675520,6.911461e+16,5.998923,6.037183
13420,1758986240,6.916615e+16,5.998344,6.036650
13430,1760296960,6.921769e+16,5.994053,6.040195
13440,1761607680,6.926923e+16,5.988938,6.041622
13450,1762918400,6.932077e+16,5.991001,6.040881
13460,1764229120,6.937231e+16,5.991017,6.041903
13470,1765539840,6.942385e+16,5.989531,6.040785
13480,1766850560,6.947539e+16,5.987477,6.038125
13490,1768161280,6.952693e+16,5.988464,6.038063
13500,1769472000,6.957847e+16,5.987067,6.027385
13510,1770782720,6.963001e+16,5.981152,6.030210
13520,1772093440,6.968155e+16,5.982472,6.033710
13530,1773404160,6.973309e+16,5.987055,6.028318
13540,1774714880,6.978463e+16,5.988149,6.033358
13550,1776025600,6.983617e+16,5.988161,6.028660
13560,1777336320,6.988771e+16,5.985807,6.032726
13570,1778647040,6.993925e+16,5.986611,6.029082
13580,1779957760,6.999079e+16,5.985024,6.027057
13590,1781268480,7.004233e+16,5.985998,6.030052
13600,1782579200,7.009387e+16,5.989434,6.027867
13610,1783889920,7.014541e+16,5.986421,6.028447
13620,1785200640,7.019695e+16,5.980121,6.027020
13630,1786511360,7.024849e+16,5.978408,6.028645
13640,1787822080,7.030002e+16,5.978425,6.026159
13650,1789132800,7.035156e+16,5.981907,6.027900
13660,1790443520,7.040310e+16,5.982681,6.024721
13670,1791754240,7.045464e+16,5.984377,6.024756
13680,1793064960,7.050618e+16,5.982923,6.019998
13690,1794375680,7.055772e+16,5.987604,6.023027
13700,1795686400,7.060926e+16,5.984063,6.019939
13710,1796997120,7.066080e+16,5.983677,6.022597
13720,1798307840,7.071234e+16,5.979060,6.019805
13730,1799618560,7.076388e+16,5.978345,6.014148
13740,1800929280,7.081542e+16,5.976325,6.016120
13750,1802240000,7.086696e+16,5.972911,6.019738
13760,1803550720,7.091850e+16,5.972297,6.019194
13770,1804861440,7.097004e+16,5.972385,6.016925
13780,1806172160,7.102158e+16,5.975771,6.017379
13790,1807482880,7.107312e+16,5.976400,6.015335
13800,1808793600,7.112466e+16,5.977051,6.015743
13810,1810104320,7.117620e+16,5.975964,6.017952
13820,1811415040,7.122774e+16,5.973205,6.015913
13830,1812725760,7.127928e+16,5.970934,6.013406
13840,1814036480,7.133082e+16,5.968840,6.007451
13850,1815347200,7.138236e+16,5.962001,6.009098
13860,1816657920,7.143390e+16,5.962676,6.012066
13870,1817968640,7.148544e+16,5.965234,6.010991
13880,1819279360,7.153698e+16,5.962023,6.005232
13890,1820590080,7.158851e+16,5.963528,6.004479
13900,1821900800,7.164005e+16,5.964396,6.000818
13910,1823211520,7.169159e+16,5.960252,6.004520
13920,1824522240,7.174313e+16,5.957912,6.004768
13930,1825832960,7.179467e+16,5.959073,6.004290
13940,1827143680,7.184621e+16,5.961172,6.004120
13950,1828454400,7.189775e+16,5.961208,6.002486
13960,1829765120,7.194929e+16,5.959403,6.004473
13970,1831075840,7.200083e+16,5.954102,6.004940
13980,1832386560,7.205237e+16,5.952003,6.005655
13990,1833697280,7.210391e+16,5.956576,6.006040
14000,1835008000,7.215545e+16,5.958564,6.002721
14010,1836318720,7.220699e+16,5.959333,6.003110
14020,1837629440,7.225853e+16,5.959217,6.000547
14030,1838940160,7.231007e+16,5.959703,5.998902
14040,1840250880,7.236161e+16,5.959340,6.003408
14050,1841561600,7.241315e+16,5.956781,6.000596
14060,1842872320,7.246469e+16,5.960892,5.999953
14070,1844183040,7.251623e+16,5.956258,5.993593
14080,1845493760,7.256777e+16,5.954712,6.000494
14090,1846804480,7.261931e+16,5.957831,5.998945
14100,1848115200,7.267085e+16,5.954485,5.996006
14110,1849425920,7.272239e+16,5.953140,5.997782
14120,1850736640,7.277393e+16,5.952906,5.993791
14130,1852047360,7.282547e+16,5.954277,5.991839
14140,1853358080,7.287701e+16,5.960435,5.990708
14150,1854668800,7.292854e+16,5.957995,5.992504
14160,1855979520,7.298008e+16,5.961902,5.989173
14170,1857290240,7.303162e+16,5.953765,5.988669
14180,1858600960,7.308316e+16,5.956681,5.989892
14190,1859911680,7.313470e+16,5.954183,5.988573
14200,1861222400,7.318624e+16,5.948942,5.990945
14210,1862533120,7.323778e+16,5.939955,5.989631
14220,1863843840,7.328932e+16,5.938892,5.985893
14230,1865154560,7.334086e+16,5.942047,5.987161
14240,1866465280,7.339240e+16,5.940050,5.985979
14250,1867776000,7.344394e+16,5.938750,5.982470
14260,1869086720,7.349548e+16,5.940974,5.985922
14270,1870397440,7.354702e+16,5.935911,5.985440
14280,1871708160,7.359856e+16,5.937961,5.984321
14290,1873018880,7.365010e+16,5.937222,5.984223
14300,1874329600,7.370164e+16,5.935975,5.986070
14310,1875640320,7.375318e+16,5.935607,5.982012
14320,1876951040,7.380472e+16,5.935854,5.981369
14330,1878261760,7.385626e+16,5.936404,5.980471
14340,1879572480,7.390780e+16,5.936101,5.982745
14350,1880883200,7.395934e+16,5.942342,5.979689
14360,1882193920,7.401088e+16,5.939673,5.978677
14370,1883504640,7.406242e+16,5.935675,5.980469
14380,1884815360,7.411396e+16,5.934267,5.982430
14390,1886126080,7.416550e+16,5.933230,5.978559
14400,1887436800,7.421703e+16,5.932956,5.978333
14410,1888747520,7.426857e+16,5.929955,5.976581
14420,1890058240,7.432011e+16,5.926788,5.978175
14430,1891368960,7.437165e+16,5.924256,5.976755
14440,1892679680,7.442319e+16,5.928302,5.972794
14450,1893990400,7.447473e+16,5.924384,5.970215
14460,1895301120,7.452627e+16,5.925265,5.973125
14470,1896611840,7.457781e+16,5.927549,5.973044
14480,1897922560,7.462935e+16,5.927065,5.972627
14490,1899233280,7.468089e+16,5.929043,5.967592
14500,1900544000,7.473243e+16,5.926927,5.971758
14510,1901854720,7.478397e+16,5.928310,5.966660
14520,1903165440,7.483551e+16,5.925722,5.967268
14530,1904476160,7.488705e+16,5.923890,5.966239
14540,1905786880,7.493859e+16,5.918206,5.971021
14550,1907097600,7.499013e+16,5.918500,5.967902
14560,1908408320,7.504167e+16,5.918636,5.969410
14570,1909719040,7.509321e+16,5.919380,5.967403
14580,1911029760,7.514475e+16,5.917285,5.967167
14590,1912340480,7.519629e+16,5.916609,5.970042
14600,1913651200,7.524783e+16,5.917672,5.966092
14610,1914961920,7.529937e+16,5.914891,5.968004
14620,1916272640,7.535091e+16,5.912358,5.965316
14630,1917583360,7.540245e+16,5.911737,5.969428
14640,1918894080,7.545399e+16,5.914789,5.960289
14650,1920204800,7.550553e+16,5.914076,5.962293
14660,1921515520,7.555706e+16,5.909727,5.961013
14670,1922826240,7.560860e+16,5.909705,5.962455
14680,1924136960,7.566014e+16,5.912680,5.956649
14690,1925447680,7.571168e+16,5.912969,5.958851
14700,1926758400,7.576322e+16,5.912261,5.957361
14710,1928069120,7.581476e+16,5.916702,5.957063
14720,1929379840,7.586630e+16,5.915565,5.954867
14730,1930690560,7.591784e+16,5.913244,5.959666
14740,1932001280,7.596938e+16,5.914997,5.959552
14750,1933312000,7.602092e+16,5.917199,5.957275
14760,1934622720,7.607246e+16,5.912634,5.958223
14770,1935933440,7.612400e+16,5.911644,5.953635
14780,1937244160,7.617554e+16,5.912543,5.956977
14790,1938554880,7.622708e+16,5.910462,5.958220
14800,1939865600,7.627862e+16,5.914593,5.955714
14810,1941176320,7.633016e+16,5.918899,5.953418
14820,1942487040,7.638170e+16,5.918658,5.956655
14830,1943797760,7.643324e+16,5.912782,5.956328
14840,1945108480,7.648478e+16,5.915172,5.952911
14850,1946419200,7.653632e+16,5.912457,5.950666
14860,1947729920,7.658786e+16,5.913520,5.950269
14870,1949040640,7.663940e+16,5.910361,5.948465
14880,1950351360,7.669094e+16,5.912678,5.951292
14890,1951662080,7.674248e+16,5.910869,5.950727
14900,1952972800,7.679402e+16,5.907186,5.946199
14910,1954283520,7.684555e+16,5.906616,5.947191
14920,1955594240,7.689709e+16,5.905263,5.947851
14930,1956904960,7.694863e+16,5.905009,5.948873
14940,1958215680,7.700017e+16,5.902154,5.949363
14950,1959526400,7.705171e+16,5.902725,5.943855
14960,1960837120,7.710325e+16,5.904752,5.946848
14970,1962147840,7.715479e+16,5.904082,5.946269
14980,1963458560,7.720633e+16,5.901128,5.946144
14990,1964769280,7.725787e+16,5.899173,5.944528
15000,1966080000,7.730941e+16,5.894541,5.943089
15010,1967390720,7.736095e+16,5.899129,5.943022
15020,1968701440,7.741249e+16,5.901384,5.943382
15030,1970012160,7.746403e+16,5.902041,5.942350
15040,1971322880,7.751557e+16,5.901743,5.939080
15050,1972633600,7.756711e+16,5.903493,5.937963
15060,1973944320,7.761865e+16,5.899041,5.939138
15070,1975255040,7.767019e+16,5.896646,5.939603
15080,1976565760,7.772173e+16,5.896633,5.941122
15090,1977876480,7.777327e+16,5.898507,5.941366
15100,1979187200,7.782481e+16,5.893585,5.938139
15110,1980497920,7.787635e+16,5.892724,5.939013
15120,1981808640,7.792789e+16,5.889364,5.939422
15130,1983119360,7.797943e+16,5.891472,5.935152
15140,1984430080,7.803097e+16,5.891226,5.936327
15150,1985740800,7.808251e+16,5.892582,5.933874
15160,1987051520,7.813405e+16,5.893075,5.935631
15170,1988362240,7.818558e+16,5.900129,5.934121
15180,1989672960,7.823712e+16,5.898389,5.934255
15190,1990983680,7.828866e+16,5.897706,5.929594
15200,1992294400,7.834020e+16,5.898517,5.931133
15210,1993605120,7.839174e+16,5.901941,5.926848
15220,1994915840,7.844328e+16,5.899001,5.928392
15230,1996226560,7.849482e+16,5.898066,5.930844
15240,1997537280,7.854636e+16,5.888857,5.926572
15250,1998848000,7.859790e+16,5.887088,5.929214
15260,2000158720,7.864944e+16,5.886048,5.928271
15270,2001469440,7.870098e+16,5.887391,5.925721
15280,2002780160,7.875252e+16,5.888275,5.923196
15290,2004090880,7.880406e+16,5.881254,5.922278
15300,2005401600,7.885560e+16,5.880018,5.922113
15310,2006712320,7.890714e+16,5.880042,5.925805
15320,2008023040,7.895868e+16,5.880252,5.921527
15330,2009333760,7.901022e+16,5.879212,5.923255
15340,2010644480,7.906176e+16,5.876193,5.923826
15350,2011955200,7.911330e+16,5.878125,5.921253
15360,2013265920,7.916484e+16,5.879192,5.923455
15370,2014576640,7.921638e+16,5.875655,5.923276
15380,2015887360,7.926792e+16,5.873651,5.922382
15390,2017198080,7.931946e+16,5.878264,5.921007
15400,2018508800,7.937100e+16,5.873802,5.918007
15410,2019819520,7.942254e+16,5.874685,5.915548
15420,2021130240,7.947407e+16,5.872416,5.919422
15430,2022440960,7.952561e+16,5.870132,5.921319
15440,2023751680,7.957715e+16,5.868596,5.916592
15450,2025062400,7.962869e+16,5.864987,5.916146
15460,2026373120,7.968023e+16,5.867711,5.917792
15470,2027683840,7.973177e+16,5.870875,5.915472
15480,2028994560,7.978331e+16,5.869992,5.913000
15490,2030305280,7.983485e+16,5.868339,5.915288
15500,2031616000,7.988639e+16,5.866618,5.910621
15510,2032926720,7.993793e+16,5.870617,5.912536
15520,2034237440,7.998947e+16,5.869517,5.913669
15530,2035548160,8.004101e+16,5.868624,5.910920
15540,2036858880,8.009255e+16,5.869554,5.911139
15550,2038169600,8.014409e+16,5.869243,5.911155
15560,2039480320,8.019563e+16,5.869762,5.904405
15570,2040791040,8.024717e+16,5.863064,5.907591
15580,2042101760,8.029871e+16,5.859079,5.905820
15590,2043412480,8.035025e+16,5.854643,5.907944
15600,2044723200,8.040179e+16,5.858189,5.911213
15610,2046033920,8.045333e+16,5.862729,5.909975
15620,2047344640,8.050487e+16,5.866147,5.911033
15630,2048655360,8.055641e+16,5.863301,5.909878
15640,2049966080,8.060795e+16,5.862209,5.911910
15650,2051276800,8.065949e+16,5.859104,5.908199
15660,2052587520,8.071103e+16,5.860495,5.909513
15670,2053898240,8.076257e+16,5.859621,5.906964
15680,2055208960,8.081410e+16,5.859028,5.905716
15690,2056519680,8.086564e+16,5.856157,5.904229
15700,2057830400,8.091718e+16,5.854446,5.906229
15710,2059141120,8.096872e+16,5.857802,5.906975
15720,2060451840,8.102026e+16,5.852047,5.904322
15730,2061762560,8.107180e+16,5.851397,5.902965
15740,2063073280,8.112334e+16,5.856148,5.904612
15750,2064384000,8.117488e+16,5.857367,5.900235
15760,2065694720,8.122642e+16,5.856419,5.901749
15770,2067005440,8.127796e+16,5.858545,5.897246
15780,2068316160,8.132950e+16,5.853639,5.897913
15790,2069626880,8.138104e+16,5.852135,5.900440
15800,2070937600,8.143258e+16,5.854654,5.897982
15810,2072248320,8.148412e+16,5.853823,5.896046
15820,2073559040,8.153566e+16,5.854903,5.899479
15830,2074869760,8.158720e+16,5.855814,5.896672
15840,2076180480,8.163874e+16,5.853059,5.894891
15850,2077491200,8.169028e+16,5.853320,5.895860
15860,2078801920,8.174182e+16,5.856203,5.896428
15870,2080112640,8.179336e+16,5.855820,5.892638
15880,2081423360,8.184490e+16,5.855293,5.892117
15890,2082734080,8.189644e+16,5.849615,5.895375
15900,2084044800,8.194798e+16,5.848889,5.895076
15910,2085355520,8.199952e+16,5.845765,5.889710
15920,2086666240,8.205106e+16,5.845646,5.891480
15930,2087976960,8.210259e+16,5.839749,5.889900
15940,2089287680,8.215413e+16,5.840644,5.888792
15950,2090598400,8.220567e+16,5.839650,5.888672
15960,2091909120,8.225721e+16,5.838796,5.890273
15970,2093219840,8.230875e+16,5.837291,5.887431
15980,2094530560,8.236029e+16,5.838584,5.888534
15990,2095841280,8.241183e+16,5.836288,5.890340
16000,2097152000,8.246337e+16,5.835942,5.889146
16010,2098462720,8.251491e+16,5.835495,5.887208
16020,2099773440,8.256645e+16,5.839236,5.888829
16030,2101084160,8.261799e+16,5.840927,5.888996
16040,2102394880,8.266953e+16,5.839738,5.885129
16050,2103705600,8.272107e+16,5.839927,5.886572
16060,2105016320,8.277261e+16,5.838221,5.883214
16070,2106327040,8.282415e+16,5.834935,5.881917
16080,2107637760,8.287569e+16,5.832599,5.884197
16090,2108948480,8.292723e+16,5.829481,5.883041
16100,2110259200,8.297877e+16,5.831744,5.884336
16110,2111569920,8.303031e+16,5.832468,5.883083
16120,2112880640,8.308185e+16,5.832480,5.882593
16130,2114191360,8.313339e+16,5.832667,5.881732
16140,2115502080,8.318493e+16,5.834952,5.880493
16150,2116812800,8.323647e+16,5.836503,5.880665
16160,2118123520,8.328801e+16,5.832143,5.882539
16170,2119434240,8.333955e+16,5.832185,5.877008
16180,2120744960,8.339109e+16,5.834510,5.879529
16190,2122055680,8.344262e+16,5.835053,5.878468
16200,2123366400,8.349416e+16,5.835077,5.878116
16210,2124677120,8.354570e+16,5.835988,5.878344
16220,2125987840,8.359724e+16,5.836025,5.880292
16230,2127298560,8.364878e+16,5.835210,5.877924
16240,2128609280,8.370032e+16,5.835078,5.875438
16250,2129920000,8.375186e+16,5.836340,5.872358
16260,2131230720,8.380340e+16,5.834447,5.874358
16270,2132541440,8.385494e+16,5.828177,5.873392
16280,2133852160,8.390648e+16,5.825999,5.871882
16290,2135162880,8.395802e+16,5.827919,5.873378
16300,2136473600,8.400956e+16,5.828393,5.874125
16310,2137784320,8.406110e+16,5.826172,5.871191
16320,2139095040,8.411264e+16,5.824135,5.869568
16330,2140405760,8.416418e+16,5.824357,5.870135
16340,2141716480,8.421572e+16,5.824961,5.872399
16350,2143027200,8.426726e+16,5.826202,5.869093
16360,2144337920,8.431880e+16,5.826014,5.867566
16370,2145648640,8.437034e+16,5.824477,5.868125
16380,2146959360,8.442188e+16,5.819688,5.867300
16390,2148270080,8.447342e+16,5.819969,5.868107
16400,2149580800,8.452496e+16,5.821629,5.868140
16410,2150891520,8.457650e+16,5.827881,5.865801
16420,2152202240,8.462804e+16,5.828051,5.864983
16430,2153512960,8.467958e+16,5.824360,5.863300
16440,2154823680,8.473111e+16,5.823978,5.863776
16450,2156134400,8.478265e+16,5.824029,5.865626
16460,2157445120,8.483419e+16,5.822543,5.863473
16470,2158755840,8.488573e+16,5.821627,5.864237
16480,2160066560,8.493727e+16,5.820962,5.863323
16490,2161377280,8.498881e+16,5.820475,5.863036
16500,2162688000,8.504035e+16,5.818305,5.861358
16510,2163998720,8.509189e+16,5.813812,5.865759
16520,2165309440,8.514343e+16,5.817234,5.862497
16530,2166620160,8.519497e+16,5.808228,5.858646
16540,2167930880,8.524651e+16,5.807546,5.858029
16550,2169241600,8.529805e+16,5.810274,5.859400
16560,2170552320,8.534959e+16,5.814045,5.860198
16570,2171863040,8.540113e+16,5.811809,5.862543
16580,2173173760,8.545267e+16,5.815684,5.859327
16590,2174484480,8.550421e+16,5.816671,5.856940
16600,2175795200,8.555575e+16,5.816320,5.859675
16610,2177105920,8.560729e+16,5.815103,5.857538
16620,2178416640,8.565883e+16,5.812142,5.855024
16630,2179727360,8.571037e+16,5.814580,5.854937
16640,2181038080,8.576191e+16,5.814128,5.857592
16650,2182348800,8.581345e+16,5.810155,5.859525
16660,2183659520,8.586499e+16,5.812001,5.855979
16670,2184970240,8.591653e+16,5.813512,5.853665
16680,2186280960,8.596807e+16,5.813186,5.857301
16690,2187591680,8.601961e+16,5.815691,5.854434
16700,2188902400,8.607114e+16,5.813600,5.853594
16710,2190213120,8.612268e+16,5.811874,5.855113
16720,2191523840,8.617422e+16,5.806785,5.853665
16730,2192834560,8.622576e+16,5.804660,5.849792
16740,2194145280,8.627730e+16,5.804399,5.851935
16750,2195456000,8.632884e+16,5.812045,5.853659
16760,2196766720,8.638038e+16,5.812833,5.854024
16770,2198077440,8.643192e+16,5.809162,5.855010
16780,2199388160,8.648346e+16,5.813766,5.851640
16790,2200698880,8.653500e+16,5.811191,5.849967
16800,2202009600,8.658654e+16,5.809860,5.847889
16810,2203320320,8.663808e+16,5.808537,5.847339
16820,2204631040,8.668962e+16,5.806136,5.850876
16830,2205941760,8.674116e+16,5.807406,5.848956
16840,2207252480,8.679270e+16,5.804255,5.848351
16850,2208563200,8.684424e+16,5.801498,5.849882
16860,2209873920,8.689578e+16,5.799263,5.847348
16870,2211184640,8.694732e+16,5.798785,5.847098
16880,2212495360,8.699886e+16,5.804661,5.848003
16890,2213806080,8.705040e+16,5.809155,5.845915
16900,2215116800,8.710194e+16,5.808187,5.846874
16910,2216427520,8.715348e+16,5.812503,5.844630
16920,2217738240,8.720502e+16,5.813944,5.843860
16930,2219048960,8.725656e+16,5.813949,5.841025
16940,2220359680,8.730810e+16,5.808283,5.842182
16950,2221670400,8.735963e+16,5.805145,5.843866
16960,2222981120,8.741117e+16,5.801047,5.841105
16970,2224291840,8.746271e+16,5.800353,5.839745
16980,2225602560,8.751425e+16,5.801617,5.843233
16990,2226913280,8.756579e+16,5.800145,5.837806
17000,2228224000,8.761733e+16,5.801128,5.839225
17010,2229534720,8.766887e+16,5.803551,5.838788
17020,2230845440,8.772041e+16,5.799421,5.836232
17030,2232156160,8.777195e+16,5.796143,5.838274
17040,2233466880,8.782349e+16,5.791276,5.837540
17050,2234777600,8.787503e+16,5.793201,5.832533
17060,2236088320,8.792657e+16,5.790052,5.831978
17070,2237399040,8.797811e+16,5.793411,5.833231
17080,2238709760,8.802965e+16,5.790527,5.831179
17090,2240020480,8.808119e+16,5.787693,5.834019
17100,2241331200,8.813273e+16,5.790307,5.833452
17110,2242641920,8.818427e+16,5.792175,5.833505
17120,2243952640,8.823581e+16,5.791632,5.831849
17130,2245263360,8.828735e+16,5.791442,5.831511
17140,2246574080,8.833889e+16,5.791943,5.832141
17150,2247884800,8.839043e+16,5.791252,5.832235
17160,2249195520,8.844197e+16,5.790560,5.832390
17170,2250506240,8.849351e+16,5.793772,5.831374
17180,2251816960,8.854505e+16,5.795925,5.831012
17190,2253127680,8.859659e+16,5.791222,5.832695
17200,2254438400,8.864812e+16,5.786908,5.828153
17210,2255749120,8.869966e+16,5.787692,5.828393
17220,2257059840,8.875120e+16,5.784599,5.828350
17230,2258370560,8.880274e+16,5.784334,5.828238
17240,2259681280,8.885428e+16,5.785556,5.831834
17250,2260992000,8.890582e+16,5.785394,5.829261
17260,2262302720,8.895736e+16,5.782605,5.826639
17270,2263613440,8.900890e+16,5.779055,5.826416
17280,2264924160,8.906044e+16,5.778108,5.826316
17290,2266234880,8.911198e+16,5.779889,5.826407
17300,2267545600,8.916352e+16,5.784327,5.826509
17310,2268856320,8.921506e+16,5.786385,5.826577
17320,2270167040,8.926660e+16,5.783207,5.823874
17330,2271477760,8.931814e+16,5.781984,5.822331
17340,2272788480,8.936968e+16,5.780084,5.825441
17350,2274099200,8.942122e+16,5.781836,5.825376
17360,2275409920,8.947276e+16,5.780694,5.822755
17370,2276720640,8.952430e+16,5.784033,5.823920
17380,2278031360,8.957584e+16,5.781842,5.821504
17390,2279342080,8.962738e+16,5.781642,5.822558
17400,2280652800,8.967892e+16,5.783614,5.822859
17410,2281963520,8.973046e+16,5.780791,5.819807
17420,2283274240,8.978200e+16,5.781044,5.820236
17430,2284584960,8.983354e+16,5.781283,5.820263
17440,2285895680,8.988508e+16,5.782584,5.819508
17450,2287206400,8.993662e+16,5.775795,5.817760
17460,2288517120,8.998815e+16,5.776120,5.817533
17470,2289827840,9.003969e+16,5.776367,5.818955
17480,2291138560,9.009123e+16,5.774006,5.816210
17490,2292449280,9.014277e+16,5.776521,5.816097
17500,2293760000,9.019431e+16,5.772495,5.815916
17510,2295070720,9.024585e+16,5.773995,5.815336
17520,2296381440,9.029739e+16,5.770415,5.814950
17530,2297692160,9.034893e+16,5.769346,5.814285
17540,2299002880,9.040047e+16,5.767768,5.812638
17550,2300313600,9.045201e+16,5.763708,5.813854
17560,2301624320,9.050355e+16,5.767784,5.816296
17570,2302935040,9.055509e+16,5.767468,5.817112
17580,2304245760,9.060663e+16,5.764541,5.815369
17590,2305556480,9.065817e+16,5.761199,5.813859
17600,2306867200,9.070971e+16,5.764118,5.815551
17610,2308177920,9.076125e+16,5.768711,5.810236
17620,2309488640,9.081279e+16,5.770524,5.810221
17630,2310799360,9.086433e+16,5.771698,5.809739
17640,2312110080,9.091587e+16,5.767797,5.810977
17650,2313420800,9.096741e+16,5.763735,5.812526
17660,2314731520,9.101895e+16,5.763557,5.812304
17670,2316042240,9.107049e+16,5.764014,5.809754
17680,2317352960,9.112203e+16,5.768998,5.812797
17690,2318663680,9.117357e+16,5.765132,5.807571
17700,2319974400,9.122511e+16,5.767119,5.808370
17710,2321285120,9.127664e+16,5.769269,5.808757
17720,2322595840,9.132818e+16,5.767104,5.804898
17730,2323906560,9.137972e+16,5.764682,5.806944
17740,2325217280,9.143126e+16,5.765639,5.808133
17750,2326528000,9.148280e+16,5.762793,5.807839
17760,2327838720,9.153434e+16,5.764212,5.803112
17770,2329149440,9.158588e+16,5.760811,5.802870
17780,2330460160,9.163742e+16,5.759766,5.801945
17790,2331770880,9.168896e+16,5.758954,5.801538
17800,2333081600,9.174050e+16,5.758250,5.802300
17810,2334392320,9.179204e+16,5.758316,5.804546
17820,2335703040,9.184358e+16,5.757384,5.803210
17830,2337013760,9.189512e+16,5.763096,5.800572
17840,2338324480,9.194666e+16,5.762142,5.799209
17850,2339635200,9.199820e+16,5.763966,5.803349
17860,2340945920,9.204974e+16,5.761566,5.802216
17870,2342256640,9.210128e+16,5.758926,5.803030
17880,2343567360,9.215282e+16,5.758582,5.799323
17890,2344878080,9.220436e+16,5.761943,5.797402
17900,2346188800,9.225590e+16,5.759216,5.796752
17910,2347499520,9.230744e+16,5.757028,5.794831
17920,2348810240,9.235898e+16,5.756164,5.796630
17930,2350120960,9.241052e+16,5.759328,5.795161
17940,2351431680,9.246206e+16,5.754368,5.797134
17950,2352742400,9.251360e+16,5.755230,5.800165
17960,2354053120,9.256514e+16,5.752556,5.797117
17970,2355363840,9.261667e+16,5.757708,5.796749
17980,2356674560,9.266821e+16,5.755951,5.796583
17990,2357985280,9.271975e+16,5.754803,5.797611
18000,2359296000,9.277129e+16,5.752487,5.793919
18010,2360606720,9.282283e+16,5.753124,5.795060
18020,2361917440,9.287437e+16,5.752669,5.794605
18030,2363228160,9.292591e+16,5.753357,5.796238
18040,2364538880,9.297745e+16,5.753036,5.796813
18050,2365849600,9.302899e+16,5.753164,5.793425
18060,2367160320,9.308053e+16,5.752833,5.791868
18070,2368471040,9.313207e+16,5.748266,5.791569
18080,2369781760,9.318361e+16,5.748083,5.793577
18090,2371092480,9.323515e+16,5.738383,5.790149
18100,2372403200,9.328669e+16,5.739660,5.787680
18110,2373713920,9.333823e+16,5.736463,5.789185
18120,2375024640,9.338977e+16,5.737258,5.790306
18130,2376335360,9.344131e+16,5.739048,5.790954
18140,2377646080,9.349285e+16,5.741422,5.788694
18150,2378956800,9.354439e+16,5.740749,5.788192
18160,2380267520,9.359593e+16,5.739455,5.785070
18170,2381578240,9.364747e+16,5.742329,5.784713
18180,2382888960,9.369901e+16,5.738143,5.789515
18190,2384199680,9.375055e+16,5.738858,5.786449
18200,2385510400,9.380209e+16,5.742845,5.788288
18210,2386821120,9.385363e+16,5.743598,5.785737
18220,2388131840,9.390516e+16,5.745809,5.785361
18230,2389442560,9.395670e+16,5.742908,5.786719
18240,2390753280,9.400824e+16,5.741963,5.785542
18250,2392064000,9.405978e+16,5.744475,5.783151
18260,2393374720,9.411132e+16,5.743235,5.783628
18270,2394685440,9.416286e+16,5.743298,5.785632
18280,2395996160,9.421440e+16,5.743777,5.783554
18290,2397306880,9.426594e+16,5.742090,5.784107
18300,2398617600,9.431748e+16,5.742570,5.782706
18310,2399928320,9.436902e+16,5.739193,5.780110
18320,2401239040,9.442056e+16,5.739761,5.783382
18330,2402549760,9.447210e+16,5.744381,5.780385
18340,2403860480,9.452364e+16,5.745555,5.780193
18350,2405171200,9.457518e+16,5.740170,5.779724
18360,2406481920,9.462672e+16,5.734807,5.782222
18370,2407792640,9.467826e+16,5.734215,5.780554
18380,2409103360,9.472980e+16,5.735339,5.782067
18390,2410414080,9.478134e+16,5.736784,5.781708
18400,2411724800,9.483288e+16,5.731393,5.779731
18410,2413035520,9.488442e+16,5.730147,5.777252
18420,2414346240,9.493596e+16,5.725014,5.776528
18430,2415656960,9.498750e+16,5.727411,5.780871
18440,2416967680,9.503904e+16,5.730763,5.774889
18450,2418278400,9.509058e+16,5.731721,5.775584
18460,2419589120,9.514212e+16,5.734959,5.775597
18470,2420899840,9.519366e+16,5.733881,5.773355
18480,2422210560,9.524519e+16,5.735585,5.772260
18490,2423521280,9.529673e+16,5.733024,5.773734
18500,2424832000,9.534827e+16,5.734583,5.771877
18510,2426142720,9.539981e+16,5.736634,5.772681
18520,2427453440,9.545135e+16,5.734816,5.771787
18530,2428764160,9.550289e+16,5.733016,5.772375
18540,2430074880,9.555443e+16,5.730292,5.774233
18550,2431385600,9.560597e+16,5.729613,5.770951
18560,2432696320,9.565751e+16,5.729654,5.769105
18570,2434007040,9.570905e+16,5.737451,5.770033
18580,2435317760,9.576059e+16,5.736605,5.770551
18590,2436628480,9.581213e+16,5.734005,5.767782
18600,2437939200,9.586367e+16,5.733072,5.769546
18610,2439249920,9.591521e+16,5.731492,5.768994
18620,2440560640,9.596675e+16,5.727319,5.770003
18630,2441871360,9.601829e+16,5.727990,5.770506
18640,2443182080,9.606983e+16,5.725740,5.771321
18650,2444492800,9.612137e+16,5.721393,5.767710
18660,2445803520,9.617291e+16,5.722104,5.767749
18670,2447114240,9.622445e+16,5.721762,5.764412
18680,2448424960,9.627599e+16,5.719386,5.764061
18690,2449735680,9.632753e+16,5.722967,5.764095
18700,2451046400,9.637907e+16,5.724551,5.765273
18710,2452357120,9.643061e+16,5.724928,5.764801
18720,2453667840,9.648215e+16,5.725463,5.765668
18730,2454978560,9.653368e+16,5.729417,5.763941
18740,2456289280,9.658522e+16,5.725589,5.764355
18750,2457600000,9.663676e+16,5.726830,5.767099
18760,2458910720,9.668830e+16,5.727947,5.763394
18770,2460221440,9.673984e+16,5.720929,5.764479
18780,2461532160,9.679138e+16,5.718748,5.759557
18790,2462842880,9.684292e+16,5.720271,5.761203
18800,2464153600,9.689446e+16,5.717728,5.761799
18810,2465464320,9.694600e+16,5.713766,5.760770
18820,2466775040,9.699754e+16,5.711540,5.760586
18830,2468085760,9.704908e+16,5.711811,5.760228
18840,2469396480,9.710062e+16,5.711247,5.758799
18850,2470707200,9.715216e+16,5.707681,5.758716
18860,2472017920,9.720370e+16,5.709855,5.758314
18870,2473328640,9.725524e+16,5.707985,5.757834
18880,2474639360,9.730678e+16,5.707251,5.759693
18890,2475950080,9.735832e+16,5.709981,5.757800
18900,2477260800,9.740986e+16,5.709725,5.757614
18910,2478571520,9.746140e+16,5.710166,5.759557
18920,2479882240,9.751294e+16,5.713695,5.759242
18930,2481192960,9.756448e+16,5.711912,5.758110
18940,2482503680,9.761602e+16,5.706222,5.756578
18950,2483814400,9.766756e+16,5.706599,5.756406
18960,2485125120,9.771910e+16,5.709486,5.754676
18970,2486435840,9.777064e+16,5.712286,5.756544
18980,2487746560,9.782218e+16,5.713088,5.756694
18990,2489057280,9.787371e+16,5.716077,5.753488
19000,2490368000,9.792525e+16,5.720011,5.750856
19010,2491678720,9.797679e+16,5.719533,5.750655
19020,2492989440,9.802833e+16,5.714232,5.753087
19030,2494300160,9.807987e+16,5.713563,5.749414
19040,2495610880,9.813141e+16,5.709590,5.753431
19050,2496921600,9.818295e+16,5.706467,5.750622
19060,2498232320,9.823449e+16,5.709786,5.750161
19070,2499543040,9.828603e+16,5.709021,5.751332
19080,2500853760,9.833757e+16,5.708700,5.750657
19090,2502164480,9.838911e+16,5.710635,5.752049
19100,2503475200,9.844065e+16,5.707905,5.752349
19110,2504785920,9.849219e+16,5.710786,5.752469
19120,2506096640,9.854373e+16,5.713380,5.749572
19130,2507407360,9.859527e+16,5.712856,5.748225
19140,2508718080,9.864681e+16,5.712748,5.750229
19150,2510028800,9.869835e+16,5.708539,5.748895
19160,2511339520,9.874989e+16,5.713064,5.749420
19170,2512650240,9.880143e+16,5.708260,5.749871
19180,2513960960,9.885297e+16,5.708962,5.746979
19190,2515271680,9.890451e+16,5.707244,5.745925
19200,2516582400,9.895605e+16,5.705125,5.745888
19210,2517893120,9.900759e+16,5.702683,5.744950
19220,2519203840,9.905913e+16,5.700567,5.744466
19230,2520514560,9.911067e+16,5.705476,5.744051
19240,2521825280,9.916220e+16,5.707957,5.744098
19250,2523136000,9.921374e+16,5.707218,5.745482
19260,2524446720,9.926528e+16,5.707602,5.742920
19270,2525757440,9.931682e+16,5.705493,5.742611
19280,2527068160,9.936836e+16,5.705696,5.743259
19290,2528378880,9.941990e+16,5.703201,5.741976
19300,2529689600,9.947144e+16,5.706253,5.742065
19310,2531000320,9.952298e+16,5.706192,5.742822
19320,2532311040,9.957452e+16,5.702717,5.743826
19330,2533621760,9.962606e+16,5.699199,5.742899
19340,2534932480,9.967760e+16,5.697208,5.741313
19350,2536243200,9.972914e+16,5.695292,5.740818
19360,2537553920,9.978068e+16,5.695373,5.740442
19370,2538864640,9.983222e+16,5.698344,5.741369
19380,2540175360,9.988376e+16,5.693951,5.738085
19390,2541486080,9.993530e+16,5.690468,5.740230
19400,2542796800,9.998684e+16,5.690575,5.737811
19410,2544107520,1.000384e+17,5.693201,5.739225
19420,2545418240,1.000899e+17,5.692669,5.738186
19430,2546728960,1.001415e+17,5.695307,5.735665
19440,2548039680,1.001930e+17,5.691862,5.735926
19450,2549350400,1.002445e+17,5.694260,5.738002
19460,2550661120,1.002961e+17,5.694279,5.737035
19470,2551971840,1.003476e+17,5.690200,5.737890
19480,2553282560,1.003992e+17,5.685966,5.734893
19490,2554593280,1.004507e+17,5.688721,5.736563
19500,2555904000,1.005022e+17,5.694435,5.736280
19510,2557214720,1.005538e+17,5.695063,5.735837
19520,2558525440,1.006053e+17,5.689845,5.732947
19530,2559836160,1.006569e+17,5.690292,5.731482
19540,2561146880,1.007084e+17,5.687168,5.732107
19550,2562457600,1.007599e+17,5.682204,5.731084
19560,2563768320,1.008115e+17,5.681308,5.732288
19570,2565079040,1.008630e+17,5.683383,5.731863
19580,2566389760,1.009146e+17,5.685963,5.733901
19590,2567700480,1.009661e+17,5.679894,5.734170
19600,2569011200,1.010176e+17,5.682794,5.730436
19610,2570321920,1.010692e+17,5.682163,5.731793
19620,2571632640,1.011207e+17,5.685941,5.731108
19630,2572943360,1.011722e+17,5.688839,5.730339
19640,2574254080,1.012238e+17,5.691198,5.729791
19650,2575564800,1.012753e+17,5.687599,5.729839
19660,2576875520,1.013269e+17,5.684927,5.727847
19670,2578186240,1.013784e+17,5.685523,5.727856
19680,2579496960,1.014299e+17,5.682330,5.729366
19690,2580807680,1.014815e+17,5.682351,5.727566
19700,2582118400,1.015330e+17,5.687129,5.728099
19710,2583429120,1.015846e+17,5.682634,5.727409
19720,2584739840,1.016361e+17,5.685555,5.723880
19730,2586050560,1.016876e+17,5.683836,5.725447
19740,2587361280,1.017392e+17,5.680995,5.722401
19750,2588672000,1.017907e+17,5.682156,5.724188
19760,2589982720,1.018423e+17,5.687935,5.725140
19770,2591293440,1.018938e+17,5.689196,5.724528
19780,2592604160,1.019453e+17,5.687174,5.723732
19790,2593914880,1.019969e+17,5.686226,5.723512
19800,2595225600,1.020484e+17,5.682316,5.721540
19810,2596536320,1.021000e+17,5.679001,5.724423
19820,2597847040,1.021515e+17,5.681482,5.722653
19830,2599157760,1.022030e+17,5.679661,5.722621
19840,2600468480,1.022546e+17,5.678805,5.722215
19850,2601779200,1.023061e+17,5.679900,5.721250
19860,2603089920,1.023577e+17,5.684969,5.721085
19870,2604400640,1.024092e+17,5.686326,5.721243
19880,2605711360,1.024607e+17,5.688206,5.718951
19890,2607022080,1.025123e+17,5.685045,5.718769
19900,2608332800,1.025638e+17,5.685684,5.719765
19910,2609643520,1.026154e+17,5.683449,5.718165
19920,2610954240,1.026669e+17,5.680731,5.719001
19930,2612264960,1.027184e+17,5.680867,5.717582
19940,2613575680,1.027700e+17,5.677841,5.718173
19950,2614886400,1.028215e+17,5.680576,5.716992
19960,2616197120,1.028731e+17,5.681212,5.715786
19970,2617507840,1.029246e+17,5.679087,5.717143
19980,2618818560,1.029761e+17,5.673872,5.716164
19990,2620129280,1.030277e+17,5.676941,5.713928
20000,2621440000,1.030792e+17,5.675844,5.712113
20010,2622750720,1.031308e+17,5.680583,5.712023
20020,2624061440,1.031823e+17,5.683906,5.714702
20030,2625372160,1.032338e+17,5.682733,5.714728
20040,2626682880,1.032854e+17,5.677111,5.713924
20050,2627993600,1.033369e+17,5.676804,5.711716
20060,2629304320,1.033885e+17,5.676071,5.711879
20070,2630615040,1.034400e+17,5.673992,5.713558
20080,2631925760,1.034915e+17,5.672227,5.714738
20090,2633236480,1.035431e+17,5.672542,5.713845
20100,2634547200,1.035946e+17,5.673078,5.712729
20110,2635857920,1.036462e+17,5.675942,5.710495
20120,2637168640,1.036977e+17,5.674351,5.710515
20130,2638479360,1.037492e+17,5.675033,5.712068
20140,2639790080,1.038008e+17,5.669535,5.710028
20150,2641100800,1.038523e+17,5.667273,5.713176
20160,2642411520,1.039038e+17,5.671259,5.711573
20170,2643722240,1.039554e+17,5.673886,5.710994
20180,2645032960,1.040069e+17,5.674872,5.709412
20190,2646343680,1.040585e+17,5.673979,5.709529
20200,2647654400,1.041100e+17,5.673575,5.707600
20210,2648965120,1.041615e+17,5.669480,5.706719
20220,2650275840,1.042131e+17,5.668030,5.708619
20230,2651586560,1.042646e+17,5.669155,5.708301
20240,2652897280,1.043162e+17,5.670208,5.709680
20250,2654208000,1.043677e+17,5.667989,5.707142
20260,2655518720,1.044192e+17,5.669315,5.704055
20270,2656829440,1.044708e+17,5.666600,5.704290
20280,2658140160,1.045223e+17,5.662635,5.703643
20290,2659450880,1.045739e+17,5.661295,5.705226
20300,2660761600,1.046254e+17,5.663881,5.702991
20310,2662072320,1.046769e+17,5.666147,5.704169
20320,2663383040,1.047285e+17,5.666832,5.703447
20330,2664693760,1.047800e+17,5.668477,5.703267
20340,2666004480,1.048316e+17,5.672318,5.703454
20350,2667315200,1.048831e+17,5.663341,5.701329
20360,2668625920,1.049346e+17,5.661886,5.702195
20370,2669936640,1.049862e+17,5.660028,5.702026
20380,2671247360,1.050377e+17,5.661901,5.700935
20390,2672558080,1.050893e+17,5.663373,5.701788
20400,2673868800,1.051408e+17,5.657835,5.701299
20410,2675179520,1.051923e+17,5.659447,5.699114
20420,2676490240,1.052439e+17,5.662399,5.698896
20430,2677800960,1.052954e+17,5.662240,5.700337
20440,2679111680,1.053470e+17,5.663653,5.699108
20450,2680422400,1.053985e+17,5.664429,5.699825
20460,2681733120,1.054500e+17,5.664698,5.700345
20470,2683043840,1.055016e+17,5.665807,5.698468
20480,2684354560,1.055531e+17,5.664078,5.699320
20490,2685665280,1.056047e+17,5.659752,5.697225
20500,2686976000,1.056562e+17,5.661460,5.697264
20510,2688286720,1.057077e+17,5.660235,5.696739
20520,2689597440,1.057593e+17,5.660750,5.696661
20530,2690908160,1.058108e+17,5.665174,5.696571
20540,2692218880,1.058624e+17,5.659939,5.696341
20550,2693529600,1.059139e+17,5.656164,5.694940
20560,2694840320,1.059654e+17,5.656030,5.696030
20570,2696151040,1.060170e+17,5.653355,5.694458
20580,2697461760,1.060685e+17,5.656669,5.695102
20590,2698772480,1.061201e+17,5.656424,5.695390
20600,2700083200,1.061716e+17,5.655324,5.695453
20610,2701393920,1.062231e+17,5.650659,5.695763
20620,2702704640,1.062747e+17,5.654004,5.694794
20630,2704015360,1.063262e+17,5.653214,5.695041
20640,2705326080,1.063777e+17,5.652723,5.694555
20650,2706636800,1.064293e+17,5.651935,5.696627
20660,2707947520,1.064808e+17,5.646168,5.695124
20670,2709258240,1.065324e+17,5.650841,5.692817
20680,2710568960,1.065839e+17,5.650042,5.691773
20690,2711879680,1.066354e+17,5.655384,5.690809
20700,2713190400,1.066870e+17,5.657624,5.690801
20710,2714501120,1.067385e+17,5.657511,5.690872
20720,2715811840,1.067901e+17,5.652643,5.689676
20730,2717122560,1.068416e+17,5.651508,5.689224
20740,2718433280,1.068931e+17,5.652092,5.690928
20750,2719744000,1.069447e+17,5.649841,5.689562
20760,2721054720,1.069962e+17,5.650404,5.690669
20770,2722365440,1.070478e+17,5.652911,5.690117
20780,2723676160,1.070993e+17,5.649091,5.690282
20790,2724986880,1.071508e+17,5.651758,5.689237
20800,2726297600,1.072024e+17,5.653303,5.688074
20810,2727608320,1.072539e+17,5.653143,5.685958
20820,2728919040,1.073055e+17,5.649941,5.686021
20830,2730229760,1.073570e+17,5.653357,5.686113
20840,2731540480,1.074085e+17,5.649830,5.685461
20850,2732851200,1.074601e+17,5.648528,5.684223
20860,2734161920,1.075116e+17,5.644614,5.686948
20870,2735472640,1.075632e+17,5.640844,5.684720
20880,2736783360,1.076147e+17,5.640577,5.688700
20890,2738094080,1.076662e+17,5.643051,5.685938
20900,2739404800,1.077178e+17,5.645822,5.683298
20910,2740715520,1.077693e+17,5.644038,5.684871
20920,2742026240,1.078209e+17,5.647137,5.684315
20930,2743336960,1.078724e+17,5.648304,5.686602
20940,2744647680,1.079239e+17,5.646201,5.686483
20950,2745958400,1.079755e+17,5.643895,5.683135
20960,2747269120,1.080270e+17,5.639857,5.683037
20970,2748579840,1.080786e+17,5.638829,5.680200
20980,2749890560,1.081301e+17,5.638891,5.681100
20990,2751201280,1.081816e+17,5.641677,5.683744
21000,2752512000,1.082332e+17,5.643843,5.682245
21010,2753822720,1.082847e+17,5.641276,5.682123
21020,2755133440,1.083363e+17,5.641090,5.680391
21030,2756444160,1.083878e+17,5.638182,5.679798
21040,2757754880,1.084393e+17,5.640198,5.679849
21050,2759065600,1.084909e+17,5.643035,5.680428
21060,2760376320,1.085424e+17,5.641384,5.679162
21070,2761687040,1.085940e+17,5.642107,5.677511
21080,2762997760,1.086455e+17,5.642674,5.680181
21090,2764308480,1.086970e+17,5.641987,5.677205
21100,2765619200,1.087486e+17,5.641512,5.678129
21110,2766929920,1.088001e+17,5.637841,5.679866
21120,2768240640,1.088517e+17,5.639809,5.680508
21130,2769551360,1.089032e+17,5.635754,5.681219
21140,2770862080,1.089547e+17,5.638397,5.678946
21150,2772172800,1.090063e+17,5.635083,5.675895
21160,2773483520,1.090578e+17,5.632123,5.676788
21170,2774794240,1.091093e+17,5.630941,5.674785
21180,2776104960,1.091609e+17,5.631317,5.676042
21190,2777415680,1.092124e+17,5.631236,5.676343
21200,2778726400,1.092640e+17,5.634320,5.674545
21210,2780037120,1.093155e+17,5.632132,5.674318
21220,2781347840,1.093670e+17,5.634714,5.673748
21230,2782658560,1.094186e+17,5.641100,5.674056
21240,2783969280,1.094701e+17,5.638434,5.673966
21250,2785280000,1.095217e+17,5.635838,5.673262
21260,2786590720,1.095732e+17,5.636950,5.673730
21270,2787901440,1.096247e+17,5.636659,5.671794
21280,2789212160,1.096763e+17,5.633304,5.672756
21290,2790522880,1.097278e+17,5.636117,5.672494
21300,2791833600,1.097794e+17,5.637028,5.671166
21310,2793144320,1.098309e+17,5.629303,5.670274
21320,2794455040,1.098824e+17,5.634243,5.670768
21330,2795765760,1.099340e+17,5.631334,5.671045
21340,2797076480,1.099855e+17,5.632442,5.670770
21350,2798387200,1.100371e+17,5.630533,5.671081
21360,2799697920,1.100886e+17,5.629128,5.669721
21370,2801008640,1.101401e+17,5.629998,5.669112
21380,2802319360,1.101917e+17,5.629874,5.667941
21390,2803630080,1.102432e+17,5.632501,5.666738
21400,2804940800,1.102948e+17,5.632674,5.667841
21410,2806251520,1.103463e+17,5.631733,5.667479
21420,2807562240,1.103978e+17,5.632681,5.668364
21430,2808872960,1.104494e+17,5.629041,5.666677
21440,2810183680,1.105009e+17,5.627799,5.664469
21450,2811494400,1.105525e+17,5.627466,5.665211
21460,2812805120,1.106040e+17,5.626685,5.666022
21470,2814115840,1.106555e+17,5.627607,5.663860
21480,2815426560,1.107071e+17,5.625126,5.664913
21490,2816737280,1.107586e+17,5.624745,5.667920
21500,2818048000,1.108102e+17,5.621446,5.664100
21510,2819358720,1.108617e+17,5.622833,5.664393
21520,2820669440,1.109132e+17,5.623782,5.663793
21530,2821980160,1.109648e+17,5.622194,5.662545
21540,2823290880,1.110163e+17,5.622939,5.661451
21550,2824601600,1.110679e+17,5.625402,5.661793
21560,2825912320,1.111194e+17,5.625957,5.662123
21570,2827223040,1.111709e+17,5.627752,5.663719
21580,2828533760,1.112225e+17,5.628241,5.661920
21590,2829844480,1.112740e+17,5.624736,5.662019
21600,2831155200,1.113256e+17,5.622500,5.661718
21610,2832465920,1.113771e+17,5.621674,5.662964
21620,2833776640,1.114286e+17,5.620263,5.662479
21630,2835087360,1.114802e+17,5.619325,5.661244
21640,2836398080,1.115317e+17,5.617247,5.661527
21650,2837708800,1.115833e+17,5.617693,5.658917
21660,2839019520,1.116348e+17,5.615786,5.659456
21670,2840330240,1.116863e+17,5.616533,5.661393
21680,2841640960,1.117379e+17,5.615427,5.660360
21690,2842951680,1.117894e+17,5.617556,5.660075
21700,2844262400,1.118409e+17,5.616772,5.660975
21710,2845573120,1.118925e+17,5.617883,5.661243
21720,2846883840,1.119440e+17,5.622606,5.659308
21730,2848194560,1.119956e+17,5.620481,5.658803
21740,2849505280,1.120471e+17,5.616320,5.656583
21750,2850816000,1.120986e+17,5.616816,5.656431
21760,2852126720,1.121502e+17,5.619183,5.656296
21770,2853437440,1.122017e+17,5.621228,5.660572
21780,2854748160,1.122533e+17,5.622673,5.657948
21790,2856058880,1.123048e+17,5.619433,5.657382
21800,2857369600,1.123563e+17,5.617249,5.656888
21810,2858680320,1.124079e+17,5.617103,5.655829
21820,2859991040,1.124594e+17,5.613274,5.655815
21830,2861301760,1.125110e+17,5.610576,5.655933
21840,2862612480,1.125625e+17,5.613125,5.655705
21850,2863923200,1.126140e+17,5.608849,5.653994
21860,2865233920,1.126656e+17,5.609081,5.652751
21870,2866544640,1.127171e+17,5.610986,5.653162
21880,2867855360,1.127687e+17,5.613324,5.653438
21890,2869166080,1.128202e+17,5.615252,5.653216
21900,2870476800,1.128717e+17,5.615318,5.652467
21910,2871787520,1.129233e+17,5.616313,5.651727
21920,2873098240,1.129748e+17,5.616570,5.650716
21930,2874408960,1.130264e+17,5.616086,5.648698
21940,2875719680,1.130779e+17,5.614948,5.649206
21950,2877030400,1.131294e+17,5.619054,5.649534
21960,2878341120,1.131810e+17,5.623647,5.650261
21970,2879651840,1.132325e+17,5.624961,5.649092
21980,2880962560,1.132841e+17,5.618931,5.650802
21990,2882273280,1.133356e+17,5.614472,5.649568
22000,2883584000,1.133871e+17,5.608820,5.651535
22010,2884894720,1.134387e+17,5.608034,5.648764
22020,2886205440,1.134902e+17,5.607504,5.649721
22030,2887516160,1.135418e+17,5.608514,5.648531
22040,2888826880,1.135933e+17,5.609324,5.648946
22050,2890137600,1.136448e+17,5.608173,5.647813
22060,2891448320,1.136964e+17,5.605827,5.648117
22070,2892759040,1.137479e+17,5.611109,5.646725
22080,2894069760,1.137995e+17,5.612976,5.648134
22090,2895380480,1.138510e+17,5.612720,5.648246
22100,2896691200,1.139025e+17,5.609498,5.647288
22110,2898001920,1.139541e+17,5.607962,5.648416
22120,2899312640,1.140056e+17,5.607164,5.646435
22130,2900623360,1.140572e+17,5.604441,5.646927
22140,2901934080,1.141087e+17,5.606468,5.645105
22150,2903244800,1.141602e+17,5.606888,5.643001
22160,2904555520,1.142118e+17,5.606266,5.643667
22170,2905866240,1.142633e+17,5.606371,5.642666
22180,2907176960,1.143148e+17,5.605159,5.644938
22190,2908487680,1.143664e+17,5.602649,5.643507
22200,2909798400,1.144179e+17,5.601346,5.642538
22210,2911109120,1.144695e+17,5.600427,5.642253
22220,2912419840,1.145210e+17,5.604536,5.643319
22230,2913730560,1.145725e+17,5.605377,5.643157
22240,2915041280,1.146241e+17,5.606038,5.641532
22250,2916352000,1.146756e+17,5.606569,5.643958
22260,2917662720,1.147272e+17,5.611516,5.642247
22270,2918973440,1.147787e+17,5.608368,5.640073
22280,2920284160,1.148302e+17,5.605510,5.642163
22290,2921594880,1.148818e+17,5.603971,5.639722
22300,2922905600,1.149333e+17,5.601995,5.637537
22310,2924216320,1.149849e+17,5.603077,5.640540
22320,2925527040,1.150364e+17,5.603185,5.637686
22330,2926837760,1.150879e+17,5.600449,5.641034
22340,2928148480,1.151395e+17,5.597889,5.639117
22350,2929459200,1.151910e+17,5.599852,5.637132
22360,2930769920,1.152426e+17,5.596835,5.634800
22370,2932080640,1.152941e+17,5.594081,5.635055
22380,2933391360,1.153456e+17,5.592176,5.638665
22390,2934702080,1.153972e+17,5.590838,5.638476
22400,2936012800,1.154487e+17,5.593904,5.639372
22410,2937323520,1.155003e+17,5.597682,5.638083
22420,2938634240,1.155518e+17,5.599546,5.637503
22430,2939944960,1.156033e+17,5.596836,5.637167
22440,2941255680,1.156549e+17,5.594345,5.636980
22450,2942566400,1.157064e+17,5.596754,5.638229
22460,2943877120,1.157580e+17,5.596043,5.636685
22470,2945187840,1.158095e+17,5.596906,5.636720
22480,2946498560,1.158610e+17,5.598969,5.637364
22490,2947809280,1.159126e+17,5.595358,5.635762
22500,2949120000,1.159641e+17,5.597579,5.637693
22510,2950430720,1.160157e+17,5.598600,5.635718
22520,2951741440,1.160672e+17,5.597764,5.634270
22530,2953052160,1.161187e+17,5.597295,5.635599
22540,2954362880,1.161703e+17,5.593686,5.631478
22550,2955673600,1.162218e+17,5.592977,5.633558
22560,2956984320,1.162734e+17,5.594624,5.633653
22570,2958295040,1.163249e+17,5.599079,5.633270
22580,2959605760,1.163764e+17,5.596245,5.632720
22590,2960916480,1.164280e+17,5.598579,5.634329
22600,2962227200,1.164795e+17,5.597205,5.631901
22610,2963537920,1.165311e+17,5.601035,5.630080
22620,2964848640,1.165826e+17,5.596554,5.630772
22630,2966159360,1.166341e+17,5.591208,5.629005
22640,2967470080,1.166857e+17,5.591825,5.629597
22650,2968780800,1.167372e+17,5.587658,5.630126
22660,2970091520,1.167888e+17,5.585178,5.629145
22670,2971402240,1.168403e+17,5.587141,5.628109
22680,2972712960,1.168918e+17,5.592450,5.626150
22690,2974023680,1.169434e+17,5.591650,5.628818
22700,2975334400,1.169949e+17,5.592392,5.628281
22710,2976645120,1.170464e+17,5.596439,5.630251
22720,2977955840,1.170980e+17,5.595637,5.626564
22730,2979266560,1.171495e+17,5.596752,5.627702
22740,2980577280,1.172011e+17,5.592561,5.627104
22750,2981888000,1.172526e+17,5.589419,5.627393
22760,2983198720,1.173041e+17,5.588669,5.628380
22770,2984509440,1.173557e+17,5.592935,5.628060
22780,2985820160,1.174072e+17,5.593109,5.628172
22790,2987130880,1.174588e+17,5.595844,5.628756
22800,2988441600,1.175103e+17,5.598072,5.628670
22810,2989752320,1.175618e+17,5.596325,5.625026
22820,2991063040,1.176134e+17,5.596054,5.624895
22830,2992373760,1.176649e+17,5.592368,5.624757
22840,2993684480,1.177165e+17,5.590256,5.624693
22850,2994995200,1.177680e+17,5.587736,5.625535
22860,2996305920,1.178195e+17,5.583450,5.625265
22870,2997616640,1.178711e+17,5.585539,5.623758
22880,2998927360,1.179226e+17,5.583992,5.622854
22890,3000238080,1.179742e+17,5.584926,5.622897
22900,3001548800,1.180257e+17,5.585853,5.625468
22910,3002859520,1.180772e+17,5.585142,5.624470
22920,3004170240,1.181288e+17,5.584800,5.624724
22930,3005480960,1.181803e+17,5.584495,5.622661
22940,3006791680,1.182319e+17,5.584008,5.624190
22950,3008102400,1.182834e+17,5.583572,5.622672
22960,3009413120,1.183349e+17,5.581316,5.623248
22970,3010723840,1.183865e+17,5.585387,5.623247
22980,3012034560,1.184380e+17,5.583906,5.622782
22990,3013345280,1.184896e+17,5.578957,5.621666
23000,3014656000,1.185411e+17,5.579164,5.622329
23010,3015966720,1.185926e+17,5.576388,5.621343
23020,3017277440,1.186442e+17,5.583168,5.620465
23030,3018588160,1.186957e+17,5.584959,5.621657
23040,3019898880,1.187473e+17,5.585098,5.621035
23050,3021209600,1.187988e+17,5.585297,5.621831
23060,3022520320,1.188503e+17,5.582826,5.620292
23070,3023831040,1.189019e+17,5.584001,5.620128
23080,3025141760,1.189534e+17,5.583854,5.618554
23090,3026452480,1.190050e+17,5.582616,5.619123
23100,3027763200,1.190565e+17,5.583498,5.620628
23110,3029073920,1.191080e+17,5.586164,5.619449
23120,3030384640,1.191596e+17,5.583954,5.618173
23130,3031695360,1.192111e+17,5.579195,5.615883
23140,3033006080,1.192627e+17,5.581392,5.618836
23150,3034316800,1.193142e+17,5.580216,5.617427
23160,3035627520,1.193657e+17,5.582533,5.617268
23170,3036938240,1.194173e+17,5.583699,5.618702
23180,3038248960,1.194688e+17,5.583107,5.617347
23190,3039559680,1.195203e+17,5.583782,5.616648
23200,3040870400,1.195719e+17,5.581701,5.615033
23210,3042181120,1.196234e+17,5.577507,5.615244
23220,3043491840,1.196750e+17,5.583810,5.615606
23230,3044802560,1.197265e+17,5.580293,5.614701
23240,3046113280,1.197780e+17,5.576906,5.614263
23250,3047424000,1.198296e+17,5.578702,5.615473
23260,3048734720,1.198811e+17,5.580705,5.614456
23270,3050045440,1.199327e+17,5.581300,5.614500
23280,3051356160,1.199842e+17,5.578815,5.613334
23290,3052666880,1.200357e+17,5.581811,5.614416
23300,3053977600,1.200873e+17,5.578866,5.615072
23310,3055288320,1.201388e+17,5.581201,5.611765
23320,3056599040,1.201904e+17,5.584105,5.612858
23330,3057909760,1.202419e+17,5.580784,5.613342
23340,3059220480,1.202934e+17,5.579307,5.612674
23350,3060531200,1.203450e+17,5.576020,5.612166
23360,3061841920,1.203965e+17,5.578074,5.609620
23370,3063152640,1.204481e+17,5.580776,5.609836
23380,3064463360,1.204996e+17,5.581438,5.610966
23390,3065774080,1.205511e+17,5.580021,5.608177
23400,3067084800,1.206027e+17,5.581172,5.609440
23410,3068395520,1.206542e+17,5.575311,5.608225
23420,3069706240,1.207058e+17,5.572046,5.608800
23430,3071016960,1.207573e+17,5.570351,5.610509
23440,3072327680,1.208088e+17,5.569575,5.608461
23450,3073638400,1.208604e+17,5.569083,5.608577
23460,3074949120,1.209119e+17,5.572054,5.607834
23470,3076259840,1.209635e+17,5.570995,5.609450
23480,3077570560,1.210150e+17,5.570817,5.608789
23490,3078881280,1.210665e+17,5.569262,5.606786
23500,3080192000,1.211181e+17,5.572765,5.606578
23510,3081502720,1.211696e+17,5.570510,5.606712
23520,3082813440,1.212212e+17,5.569645,5.606667
23530,3084124160,1.212727e+17,5.568970,5.606260
23540,3085434880,1.213242e+17,5.566410,5.605936
23550,3086745600,1.213758e+17,5.564174,5.606790
23560,3088056320,1.214273e+17,5.563102,5.605874
23570,3089367040,1.214789e+17,5.563342,5.606376
23580,3090677760,1.215304e+17,5.570369,5.606588
23590,3091988480,1.215819e+17,5.572437,5.606772
23600,3093299200,1.216335e+17,5.570615,5.603549
23610,3094609920,1.216850e+17,5.569699,5.604482
23620,3095920640,1.217366e+17,5.568238,5.603716
23630,3097231360,1.217881e+17,5.572437,5.603940
23640,3098542080,1.218396e+17,5.571635,5.604201
23650,3099852800,1.218912e+17,5.573026,5.603907
23660,3101163520,1.219427e+17,5.572455,5.603696
23670,3102474240,1.219943e+17,5.573441,5.602024
23680,3103784960,1.220458e+17,5.569539,5.602195
23690,3105095680,1.220973e+17,5.568466,5.600473
23700,3106406400,1.221489e+17,5.569751,5.601815
23710,3107717120,1.222004e+17,5.568256,5.601538
23720,3109027840,1.222519e+17,5.562414,5.599713
23730,3110338560,1.223035e+17,5.562118,5.601475
23740,3111649280,1.223550e+17,5.562625,5.600900
23750,3112960000,1.224066e+17,5.556757,5.601528
23760,3114270720,1.224581e+17,5.557335,5.599092
23770,3115581440,1.225096e+17,5.558168,5.600649
23780,3116892160,1.225612e+17,5.560595,5.600020
23790,3118202880,1.226127e+17,5.563853,5.600598
23800,3119513600,1.226643e+17,5.562966,5.598188
23810,3120824320,1.227158e+17,5.565448,5.597648
23820,3122135040,1.227673e+17,5.564641,5.597847
23830,3123445760,1.228189e+17,5.565967,5.598144
23840,3124756480,1.228704e+17,5.563155,5.597601
23850,3126067200,1.229220e+17,5.558133,5.597976
23860,3127377920,1.229735e+17,5.552604,5.597814
23870,3128688640,1.230250e+17,5.551147,5.600180
23880,3129999360,1.230766e+17,5.548675,5.600012
23890,3131310080,1.231281e+17,5.552490,5.596769
23900,3132620800,1.231797e+17,5.559071,5.597000
23910,3133931520,1.232312e+17,5.561690,5.594976
23920,3135242240,1.232827e+17,5.563128,5.595280
23930,3136552960,1.233343e+17,5.562094,5.593757
23940,3137863680,1.233858e+17,5.565274,5.593521
23950,3139174400,1.234374e+17,5.559985,5.594893
23960,3140485120,1.234889e+17,5.558452,5.594735
23970,3141795840,1.235404e+17,5.557577,5.593423
23980,3143106560,1.235920e+17,5.557428,5.592117
23990,3144417280,1.236435e+17,5.558593,5.592657
24000,3145728000,1.236951e+17,5.553548,5.592794
24010,3147038720,1.237466e+17,5.551695,5.594756
24020,3148349440,1.237981e+17,5.547966,5.594824
24030,3149660160,1.238497e+17,5.551854,5.594202
24040,3150970880,1.239012e+17,5.552629,5.591506
24050,3152281600,1.239528e+17,5.550519,5.592406
24060,3153592320,1.240043e+17,5.550199,5.594057
24070,3154903040,1.240558e+17,5.552634,5.590190
24080,3156213760,1.241074e+17,5.559379,5.591358
24090,3157524480,1.241589e+17,5.557028,5.590133
24100,3158835200,1.242105e+17,5.554993,5.592794
24110,3160145920,1.242620e+17,5.553915,5.590936
24120,3161456640,1.243135e+17,5.554904,5.588853
24130,3162767360,1.243651e+17,5.558894,5.590328
24140,3164078080,1.244166e+17,5.558039,5.591192
24150,3165388800,1.244682e+17,5.559405,5.589969
24160,3166699520,1.245197e+17,5.557777,5.590483
24170,3168010240,1.245712e+17,5.556603,5.589199
24180,3169320960,1.246228e+17,5.557771,5.589371
24190,3170631680,1.246743e+17,5.549989,5.588911
24200,3171942400,1.247259e+17,5.548232,5.587207
24210,3173253120,1.247774e+17,5.545350,5.587764
24220,3174563840,1.248289e+17,5.547275,5.589314
24230,3175874560,1.248805e+17,5.547726,5.587633
24240,3177185280,1.249320e+17,5.547470,5.588011
24250,3178496000,1.249835e+17,5.551124,5.586879
24260,3179806720,1.250351e+17,5.547261,5.586849
24270,3181117440,1.250866e+17,5.544083,5.586507
24280,3182428160,1.251382e+17,5.545518,5.586618
24290,3183738880,1.251897e+17,5.543370,5.586330
24300,3185049600,1.252412e+17,5.546479,5.585978
24310,3186360320,1.252928e+17,5.538213,5.586779
24320,3187671040,1.253443e+17,5.540408,5.584541
24330,3188981760,1.253959e+17,5.539934,5.585370
24340,3190292480,1.254474e+17,5.541972,5.584367
24350,3191603200,1.254989e+17,5.541059,5.585065
24360,3192913920,1.255505e+17,5.546242,5.582349
24370,3194224640,1.256020e+17,5.545355,5.583406
24380,3195535360,1.256536e+17,5.540849,5.583548
24390,3196846080,1.257051e+17,5.545460,5.583557
24400,3198156800,1.257566e+17,5.543935,5.582348
24410,3199467520,1.258082e+17,5.546286,5.582317
24420,3200778240,1.258597e+17,5.545021,5.581568
24430,3202088960,1.259113e+17,5.542552,5.582895
24440,3203399680,1.259628e+17,5.543435,5.580950
24450,3204710400,1.260143e+17,5.544872,5.581952
24460,3206021120,1.260659e+17,5.545060,5.580914
24470,3207331840,1.261174e+17,5.545272,5.580568
24480,3208642560,1.261690e+17,5.545514,5.582998
24490,3209953280,1.262205e+17,5.545530,5.583741
24500,3211264000,1.262720e+17,5.539849,5.580148
24510,3212574720,1.263236e+17,5.541013,5.582326
24520,3213885440,1.263751e+17,5.544604,5.581789
24530,3215196160,1.264267e+17,5.548989,5.581418
24540,3216506880,1.264782e+17,5.545792,5.578215
24550,3217817600,1.265297e+17,5.541929,5.580470
24560,3219128320,1.265813e+17,5.547765,5.580565
24570,3220439040,1.266328e+17,5.547621,5.580801
24580,3221749760,1.266844e+17,5.548243,5.578311
24590,3223060480,1.267359e+17,5.542497,5.578163
24600,3224371200,1.267874e+17,5.543078,5.579453
24610,3225681920,1.268390e+17,5.542344,5.580363
24620,3226992640,1.268905e+17,5.545324,5.578149
24630,3228303360,1.269421e+17,5.542761,5.578026
24640,3229614080,1.269936e+17,5.545383,5.578431
24650,3230924800,1.270451e+17,5.545123,5.579286
24660,3232235520,1.270967e+17,5.543917,5.577593
24670,3233546240,1.271482e+17,5.544362,5.577379
24680,3234856960,1.271998e+17,5.538735,5.577473
24690,3236167680,1.272513e+17,5.539087,5.577518
24700,3237478400,1.273028e+17,5.538497,5.576919
24710,3238789120,1.273544e+17,5.541642,5.576101
24720,3240099840,1.274059e+17,5.543435,5.577509
24730,3241410560,1.274574e+17,5.542234,5.575485
24740,3242721280,1.275090e+17,5.541093,5.574670
24750,3244032000,1.275605e+17,5.544919,5.575806
24760,3245342720,1.276121e+17,5.546722,5.573297
24770,3246653440,1.276636e+17,5.544777,5.573956
24780,3247964160,1.277151e+17,5.548047,5.575343
24790,3249274880,1.277667e+17,5.541385,5.575273
24800,3250585600,1.278182e+17,5.533888,5.574182
24810,3251896320,1.278698e+17,5.528591,5.573881
24820,3253207040,1.279213e+17,5.530965,5.574088
24830,3254517760,1.279728e+17,5.527029,5.573594
24840,3255828480,1.280244e+17,5.528390,5.574450
24850,3257139200,1.280759e+17,5.526273,5.574326
24860,3258449920,1.281275e+17,5.527167,5.572745
24870,3259760640,1.281790e+17,5.527136,5.574285
24880,3261071360,1.282305e+17,5.527955,5.572586
24890,3262382080,1.282821e+17,5.526024,5.573306
24900,3263692800,1.283336e+17,5.525176,5.573583
24910,3265003520,1.283852e+17,5.526771,5.571442
24920,3266314240,1.284367e+17,5.527386,5.572045
24930,3267624960,1.284882e+17,5.523998,5.571176
24940,3268935680,1.285398e+17,5.528095,5.571077
24950,3270246400,1.285913e+17,5.530049,5.571607
24960,3271557120,1.286429e+17,5.525382,5.569052
24970,3272867840,1.286944e+17,5.530018,5.570199
24980,3274178560,1.287459e+17,5.532009,5.572195
24990,3275489280,1.287975e+17,5.532154,5.571693
25000,3276800000,1.288490e+17,5.538629,5.570988
25010,3278110720,1.289006e+17,5.539105,5.570035
25020,3279421440,1.289521e+17,5.538278,5.568722
25030,3280732160,1.290036e+17,5.534810,5.570336
25040,3282042880,1.290552e+17,5.535024,5.567925
25050,3283353600,1.291067e+17,5.528319,5.568976
25060,3284664320,1.291583e+17,5.530648,5.568897
25070,3285975040,1.292098e+17,5.531060,5.568868
25080,3287285760,1.292613e+17,5.529859,5.566287
25090,3288596480,1.293129e+17,5.532399,5.568183
25100,3289907200,1.293644e+17,5.533041,5.567600
25110,3291217920,1.294160e+17,5.531334,5.565457
25120,3292528640,1.294675e+17,5.529723,5.566161
25130,3293839360,1.295190e+17,5.529153,5.566295
25140,3295150080,1.295706e+17,5.526965,5.566471
25150,3296460800,1.296221e+17,5.527197,5.565526
25160,3297771520,1.296737e+17,5.528040,5.566765
25170,3299082240,1.297252e+17,5.525648,5.565776
25180,3300392960,1.297767e+17,5.523217,5.565650
25190,3301703680,1.298283e+17,5.524991,5.564742
25200,3303014400,1.298798e+17,5.523854,5.565506
25210,3304325120,1.299314e+17,5.527650,5.564939
25220,3305635840,1.299829e+17,5.527746,5.563265
25230,3306946560,1.300344e+17,5.525791,5.565135
25240,3308257280,1.300860e+17,5.527360,5.564976
25250,3309568000,1.301375e+17,5.525532,5.564637
25260,3310878720,1.301890e+17,5.522426,5.563406
25270,3312189440,1.302406e+17,5.527732,5.562568
25280,3313500160,1.302921e+17,5.524672,5.562517
25290,3314810880,1.303437e+17,5.525320,5.563281
25300,3316121600,1.303952e+17,5.524183,5.563106
25310,3317432320,1.304467e+17,5.525369,5.563718
25320,3318743040,1.304983e+17,5.523480,5.563166
25330,3320053760,1.305498e+17,5.521853,5.561651
25340,3321364480,1.306014e+17,5.522517,5.561155
25350,3322675200,1.306529e+17,5.524054,5.560901
25360,3323985920,1.307044e+17,5.525542,5.561636
25370,3325296640,1.307560e+17,5.526930,5.562056
25380,3326607360,1.308075e+17,5.524764,5.563061
25390,3327918080,1.308591e+17,5.527009,5.562309
25400,3329228800,1.309106e+17,5.525070,5.563673
25410,3330539520,1.309621e+17,5.525236,5.561061
25420,3331850240,1.310137e+17,5.526427,5.559478
25430,3333160960,1.310652e+17,5.521410,5.560589
25440,3334471680,1.311168e+17,5.517707,5.560578
25450,3335782400,1.311683e+17,5.521721,5.560204
25460,3337093120,1.312198e+17,5.520789,5.559678
25470,3338403840,1.312714e+17,5.517636,5.559746
25480,3339714560,1.313229e+17,5.518011,5.558773
25490,3341025280,1.313745e+17,5.516580,5.560142
25500,3342336000,1.314260e+17,5.515508,5.559730
25510,3343646720,1.314775e+17,5.520664,5.559050
25520,3344957440,1.315291e+17,5.521072,5.560932
25530,3346268160,1.315806e+17,5.526688,5.560132
25540,3347578880,1.316322e+17,5.528620,5.559664
25550,3348889600,1.316837e+17,5.526534,5.559500
25560,3350200320,1.317352e+17,5.530399,5.558116
25570,3351511040,1.317868e+17,5.530895,5.558774
25580,3352821760,1.318383e+17,5.532880,5.558240
25590,3354132480,1.318899e+17,5.530673,5.557943
25600,3355443200,1.319414e+17,5.527587,5.557203
25610,3356753920,1.319929e+17,5.525630,5.555673
25620,3358064640,1.320445e+17,5.528311,5.555803
25630,3359375360,1.320960e+17,5.525339,5.555396
25640,3360686080,1.321476e+17,5.524295,5.556058
25650,3361996800,1.321991e+17,5.526666,5.554877
25660,3363307520,1.322506e+17,5.528854,5.554644
25670,3364618240,1.323022e+17,5.526989,5.555935
25680,3365928960,1.323537e+17,5.527603,5.555340
25690,3367239680,1.324053e+17,5.528309,5.554814
25700,3368550400,1.324568e+17,5.528024,5.553707
25710,3369861120,1.325083e+17,5.526807,5.555085
25720,3371171840,1.325599e+17,5.530328,5.554515
25730,3372482560,1.326114e+17,5.528072,5.552934
25740,3373793280,1.326629e+17,5.524427,5.554034
25750,3375104000,1.327145e+17,5.517788,5.552978
25760,3376414720,1.327660e+17,5.520889,5.552559
25770,3377725440,1.328176e+17,5.517161,5.553142
25780,3379036160,1.328691e+17,5.519013,5.552373
25790,3380346880,1.329206e+17,5.514433,5.551740
25800,3381657600,1.329722e+17,5.508656,5.553570
25810,3382968320,1.330237e+17,5.509775,5.551474
25820,3384279040,1.330753e+17,5.512561,5.550209
25830,3385589760,1.331268e+17,5.510016,5.553050
25840,3386900480,1.331783e+17,5.512657,5.552508
25850,3388211200,1.332299e+17,5.509879,5.550777
25860,3389521920,1.332814e+17,5.511220,5.550587
25870,3390832640,1.333330e+17,5.512104,5.548751
25880,3392143360,1.333845e+17,5.510207,5.550619
25890,3393454080,1.334360e+17,5.511623,5.549619
25900,3394764800,1.334876e+17,5.509701,5.549127
25910,3396075520,1.335391e+17,5.506027,5.549670
25920,3397386240,1.335907e+17,5.502729,5.550352
25930,3398696960,1.336422e+17,5.504361,5.547846
25940,3400007680,1.336937e+17,5.506398,5.547578
25950,3401318400,1.337453e+17,5.507185,5.548144
25960,3402629120,1.337968e+17,5.502100,5.547583
25970,3403939840,1.338484e+17,5.504571,5.547501
25980,3405250560,1.338999e+17,5.505581,5.548226
25990,3406561280,1.339514e+17,5.505784,5.548250
26000,3407872000,1.340030e+17,5.511649,5.546347
26010,3409182720,1.340545e+17,5.512449,5.547379
26020,3410493440,1.341061e+17,5.513135,5.546738
26030,3411804160,1.341576e+17,5.513258,5.546313
26040,3413114880,1.342091e+17,5.508919,5.545410
26050,3414425600,1.342607e+17,5.511482,5.547166
26060,3415736320,1.343122e+17,5.511034,5.548285
26070,3417047040,1.343638e+17,5.509551,5.546286
26080,3418357760,1.344153e+17,5.511436,5.545064
26090,3419668480,1.344668e+17,5.514018,5.545924
26100,3420979200,1.345184e+17,5.515989,5.545665
26110,3422289920,1.345699e+17,5.514923,5.545294
26120,3423600640,1.346215e+17,5.512194,5.546983
26130,3424911360,1.346730e+17,5.508933,5.545888
26140,3426222080,1.347245e+17,5.508247,5.545049
26150,3427532800,1.347761e+17,5.509844,5.545899
26160,3428843520,1.348276e+17,5.507978,5.545196
26170,3430154240,1.348792e+17,5.512169,5.545355
26180,3431464960,1.349307e+17,5.513348,5.543212
26190,3432775680,1.349822e+17,5.512288,5.543879
26200,3434086400,1.350338e+17,5.513547,5.544365
26210,3435397120,1.350853e+17,5.516213,5.545474
26220,3436707840,1.351369e+17,5.517286,5.543916
26230,3438018560,1.351884e+17,5.515404,5.545119
26240,3439329280,1.352399e+17,5.512646,5.543243
26250,3440640000,1.352915e+17,5.511714,5.543431
26260,3441950720,1.353430e+17,5.512704,5.543156
26270,3443261440,1.353945e+17,5.507250,5.541914
26280,3444572160,1.354461e+17,5.510193,5.541724
26290,3445882880,1.354976e+17,5.508828,5.543827
26300,3447193600,1.355492e+17,5.507984,5.541934
26310,3448504320,1.356007e+17,5.509251,5.540975
26320,3449815040,1.356522e+17,5.504940,5.541010
26330,3451125760,1.357038e+17,5.503414,5.542268
26340,3452436480,1.357553e+17,5.503545,5.542743
26350,3453747200,1.358069e+17,5.504043,5.540427
26360,3455057920,1.358584e+17,5.500427,5.540308
26370,3456368640,1.359099e+17,5.503809,5.539896
26380,3457679360,1.359615e+17,5.506934,5.539884
26390,3458990080,1.360130e+17,5.510616,5.539030
26400,3460300800,1.360646e+17,5.510705,5.539835
26410,3461611520,1.361161e+17,5.508266,5.539904
26420,3462922240,1.361676e+17,5.505258,5.538969
26430,3464232960,1.362192e+17,5.501445,5.537416
26440,3465543680,1.362707e+17,5.501026,5.537183
26450,3466854400,1.363223e+17,5.501838,5.537481
26460,3468165120,1.363738e+17,5.504290,5.538267
26470,3469475840,1.364253e+17,5.508124,5.538553
26480,3470786560,1.364769e+17,5.507445,5.536950
26490,3472097280,1.365284e+17,5.503410,5.537878
26500,3473408000,1.365800e+17,5.505162,5.537185
26510,3474718720,1.366315e+17,5.503175,5.537674
26520,3476029440,1.366830e+17,5.506151,5.537387
26530,3477340160,1.367346e+17,5.507234,5.537135
26540,3478650880,1.367861e+17,5.510060,5.536809
26550,3479961600,1.368377e+17,5.503052,5.536516
26560,3481272320,1.368892e+17,5.502390,5.536952
26570,3482583040,1.369407e+17,5.502821,5.535764
26580,3483893760,1.369923e+17,5.503060,5.535609
26590,3485204480,1.370438e+17,5.498834,5.534762
26600,3486515200,1.370954e+17,5.497883,5.535883
26610,3487825920,1.371469e+17,5.498737,5.535092
26620,3489136640,1.371984e+17,5.501117,5.533477
26630,3490447360,1.372500e+17,5.496453,5.535018
26640,3491758080,1.373015e+17,5.500444,5.534210
26650,3493068800,1.373531e+17,5.497851,5.534385
26660,3494379520,1.374046e+17,5.499624,5.532885
26670,3495690240,1.374561e+17,5.495006,5.532414
26680,3497000960,1.375077e+17,5.488991,5.532941
26690,3498311680,1.375592e+17,5.489036,5.532446
26700,3499622400,1.376108e+17,5.489559,5.532698
26710,3500933120,1.376623e+17,5.487821,5.533649
26720,3502243840,1.377138e+17,5.486340,5.533012
26730,3503554560,1.377654e+17,5.490682,5.533272
26740,3504865280,1.378169e+17,5.491683,5.533731
26750,3506176000,1.378685e+17,5.492671,5.531779
26760,3507486720,1.379200e+17,5.490643,5.532125
26770,3508797440,1.379715e+17,5.494911,5.532131
26780,3510108160,1.380231e+17,5.497783,5.531770
26790,3511418880,1.380746e+17,5.499850,5.530522
26800,3512729600,1.381261e+17,5.497640,5.531249
26810,3514040320,1.381777e+17,5.494222,5.530917
26820,3515351040,1.382292e+17,5.496030,5.532069
26830,3516661760,1.382808e+17,5.496612,5.531355
26840,3517972480,1.383323e+17,5.495387,5.530502
26850,3519283200,1.383838e+17,5.496683,5.530578
26860,3520593920,1.384354e+17,5.494793,5.531396
26870,3521904640,1.384869e+17,5.494475,5.530418
26880,3523215360,1.385385e+17,5.493881,5.529423
26890,3524526080,1.385900e+17,5.492980,5.528312
26900,3525836800,1.386415e+17,5.492028,5.528559
26910,3527147520,1.386931e+17,5.485982,5.529066
26920,3528458240,1.387446e+17,5.485421,5.528877
26930,3529768960,1.387962e+17,5.480992,5.528652
26940,3531079680,1.388477e+17,5.484103,5.530332
26950,3532390400,1.388992e+17,5.484799,5.529176
26960,3533701120,1.389508e+17,5.486707,5.528397
26970,3535011840,1.390023e+17,5.484707,5.528457
26980,3536322560,1.390539e+17,5.480707,5.528284
26990,3537633280,1.391054e+17,5.485777,5.528477
27000,3538944000,1.391569e+17,5.486093,5.528908
27010,3540254720,1.392085e+17,5.488792,5.528204
27020,3541565440,1.392600e+17,5.485737,5.527803
27030,3542876160,1.393116e+17,5.489944,5.526956
27040,3544186880,1.393631e+17,5.487137,5.527316
27050,3545497600,1.394146e+17,5.490235,5.527058
27060,3546808320,1.394662e+17,5.493496,5.526488
27070,3548119040,1.395177e+17,5.496152,5.528408
27080,3549429760,1.395693e+17,5.491967,5.527265
27090,3550740480,1.396208e+17,5.494631,5.526796
27100,3552051200,1.396723e+17,5.496150,5.526094
27110,3553361920,1.397239e+17,5.495709,5.526619
27120,3554672640,1.397754e+17,5.489423,5.527322
27130,3555983360,1.398270e+17,5.488123,5.527752
27140,3557294080,1.398785e+17,5.488632,5.526760
27150,3558604800,1.399300e+17,5.487209,5.526610
27160,3559915520,1.399816e+17,5.488752,5.524443
27170,3561226240,1.400331e+17,5.491458,5.525481
27180,3562536960,1.400847e+17,5.486442,5.523725
27190,3563847680,1.401362e+17,5.485166,5.523504
27200,3565158400,1.401877e+17,5.485901,5.522353
27210,3566469120,1.402393e+17,5.489541,5.523828
27220,3567779840,1.402908e+17,5.491176,5.523904
27230,3569090560,1.403424e+17,5.491077,5.523899
27240,3570401280,1.403939e+17,5.490500,5.523774
27250,3571712000,1.404454e+17,5.489559,5.523159
27260,3573022720,1.404970e+17,5.488366,5.522488
27270,3574333440,1.405485e+17,5.490003,5.522288
27280,3575644160,1.406000e+17,5.487939,5.522788
27290,3576954880,1.406516e+17,5.481665,5.521754
27300,3578265600,1.407031e+17,5.480514,5.521539
27310,3579576320,1.407547e+17,5.480451,5.520514
27320,3580887040,1.408062e+17,5.477362,5.519779
27330,3582197760,1.408577e+17,5.481515,5.520666
27340,3583508480,1.409093e+17,5.481210,5.521628
27350,3584819200,1.409608e+17,5.483924,5.521227
27360,3586129920,1.410124e+17,5.480604,5.521733
27370,3587440640,1.410639e+17,5.477110,5.521366
27380,3588751360,1.411154e+17,5.476030,5.522134
27390,3590062080,1.411670e+17,5.480631,5.521114
27400,3591372800,1.412185e+17,5.486707,5.519538
27410,3592683520,1.412701e+17,5.485788,5.520120
27420,3593994240,1.413216e+17,5.486071,5.518932
27430,3595304960,1.413731e+17,5.481662,5.519589
27440,3596615680,1.414247e+17,5.481995,5.518785
27450,3597926400,1.414762e+17,5.482158,5.519848
27460,3599237120,1.415278e+17,5.483912,5.518852
27470,3600547840,1.415793e+17,5.483094,5.518913
27480,3601858560,1.416308e+17,5.486186,5.518615
27490,3603169280,1.416824e+17,5.483987,5.520312
27500,3604480000,1.417339e+17,5.486560,5.518975
27510,3605790720,1.417855e+17,5.483383,5.518811
27520,3607101440,1.418370e+17,5.485280,5.518284
27530,3608412160,1.418885e+17,5.484158,5.517881
27540,3609722880,1.419401e+17,5.481772,5.517689
27550,3611033600,1.419916e+17,5.480071,5.517934
27560,3612344320,1.420432e+17,5.485498,5.517533
27570,3613655040,1.420947e+17,5.487484,5.517274
27580,3614965760,1.421462e+17,5.485277,5.517200
27590,3616276480,1.421978e+17,5.485199,5.517476
27600,3617587200,1.422493e+17,5.482682,5.515844
27610,3618897920,1.423009e+17,5.483163,5.516272
27620,3620208640,1.423524e+17,5.484481,5.517090
27630,3621519360,1.424039e+17,5.485107,5.517639
27640,3622830080,1.424555e+17,5.482109,5.517277
27650,3624140800,1.425070e+17,5.484309,5.515825
27660,3625451520,1.425586e+17,5.488288,5.516328
27670,3626762240,1.426101e+17,5.485086,5.516589
27680,3628072960,1.426616e+17,5.481543,5.516342
27690,3629383680,1.427132e+17,5.478725,5.515801
27700,3630694400,1.427647e+17,5.481501,5.515949
27710,3632005120,1.428163e+17,5.480956,5.516880
27720,3633315840,1.428678e+17,5.480109,5.515213
27730,3634626560,1.429193e+17,5.481980,5.517229
27740,3635937280,1.429709e+17,5.481863,5.515072
27750,3637248000,1.430224e+17,5.480371,5.515992
27760,3638558720,1.430740e+17,5.480254,5.515419
27770,3639869440,1.431255e+17,5.481949,5.514479
27780,3641180160,1.431770e+17,5.482518,5.513935
27790,3642490880,1.432286e+17,5.482356,5.514812
27800,3643801600,1.432801e+17,5.479868,5.513542
27810,3645112320,1.433316e+17,5.477714,5.514810
27820,3646423040,1.433832e+17,5.473363,5.513728
27830,3647733760,1.434347e+17,5.472016,5.512636
27840,3649044480,1.434863e+17,5.472366,5.512063
27850,3650355200,1.435378e+17,5.473122,5.511479
27860,3651665920,1.435893e+17,5.472811,5.512602
27870,3652976640,1.436409e+17,5.470209,5.512070
27880,3654287360,1.436924e+17,5.469980,5.511243
27890,3655598080,1.437440e+17,5.467249,5.510992
27900,3656908800,1.437955e+17,5.469163,5.510925
27910,3658219520,1.438470e+17,5.472473,5.510854
27920,3659530240,1.438986e+17,5.475532,5.510828
27930,3660840960,1.439501e+17,5.477522,5.511114
27940,3662151680,1.440017e+17,5.475618,5.510504
27950,3663462400,1.440532e+17,5.477629,5.510213
27960,3664773120,1.441047e+17,5.483065,5.510526
27970,3666083840,1.441563e+17,5.480337,5.509794
27980,3667394560,1.442078e+17,5.479642,5.509507
27990,3668705280,1.442594e+17,5.483775,5.510640
28000,3670016000,1.443109e+17,5.485657,5.509968
28010,3671326720,1.443624e+17,5.483765,5.509721
28020,3672637440,1.444140e+17,5.478646,5.508205
28030,3673948160,1.444655e+17,5.481890,5.509115
28040,3675258880,1.445171e+17,5.481990,5.509878
28050,3676569600,1.445686e+17,5.479052,5.510139
28060,3677880320,1.446201e+17,5.478565,5.510672
28070,3679191040,1.446717e+17,5.478414,5.508950
28080,3680501760,1.447232e+17,5.473989,5.507594
28090,3681812480,1.447748e+17,5.473203,5.508552
28100,3683123200,1.448263e+17,5.471424,5.508231
28110,3684433920,1.448778e+17,5.464261,5.507687
28120,3685744640,1.449294e+17,5.468070,5.507890
28130,3687055360,1.449809e+17,5.469742,5.507744
28140,3688366080,1.450325e+17,5.467419,5.508364
28150,3689676800,1.450840e+17,5.470257,5.508801
28160,3690987520,1.451355e+17,5.471066,5.507535
28170,3692298240,1.451871e+17,5.471639,5.506947
28180,3693608960,1.452386e+17,5.473038,5.506505
28190,3694919680,1.452902e+17,5.472345,5.507098
28200,3696230400,1.453417e+17,5.474644,5.505630
28210,3697541120,1.453932e+17,5.471799,5.506564
28220,3698851840,1.454448e+17,5.468404,5.507341
28230,3700162560,1.454963e+17,5.469406,5.505561
28240,3701473280,1.455479e+17,5.469039,5.505194
28250,3702784000,1.455994e+17,5.471592,5.505199
28260,3704094720,1.456509e+17,5.468585,5.505731
28270,3705405440,1.457025e+17,5.468614,5.506133
28280,3706716160,1.457540e+17,5.467805,5.505260
28290,3708026880,1.458055e+17,5.463825,5.505188
28300,3709337600,1.458571e+17,5.468400,5.505912
28310,3710648320,1.459086e+17,5.466653,5.505891
28320,3711959040,1.459602e+17,5.465241,5.506068
28330,3713269760,1.460117e+17,5.468605,5.504540
28340,3714580480,1.460632e+17,5.463971,5.505224
28350,3715891200,1.461148e+17,5.468402,5.504961
28360,3717201920,1.461663e+17,5.472513,5.503925
28370,3718512640,1.462179e+17,5.468489,5.503998
28380,3719823360,1.462694e+17,5.467580,5.503336
28390,3721134080,1.463209e+17,5.465592,5.504086
28400,3722444800,1.463725e+17,5.463069,5.503189
28410,3723755520,1.464240e+17,5.461480,5.502433
28420,3725066240,1.464756e+17,5.457109,5.503374
28430,3726376960,1.465271e+17,5.461209,5.503723
28440,3727687680,1.465786e+17,5.459253,5.502931
28450,3728998400,1.466302e+17,5.461445,5.502050
28460,3730309120,1.466817e+17,5.463597,5.502825
28470,3731619840,1.467333e+17,5.465418,5.502048
28480,3732930560,1.467848e+17,5.458108,5.501685
28490,3734241280,1.468363e+17,5.463670,5.502117
28500,3735552000,1.468879e+17,5.461406,5.501604
28510,3736862720,1.469394e+17,5.466219,5.501984
28520,3738173440,1.469910e+17,5.468257,5.501466
28530,3739484160,1.470425e+17,5.468173,5.500473
28540,3740794880,1.470940e+17,5.462654,5.501424
28550,3742105600,1.471456e+17,5.467508,5.500573
28560,3743416320,1.471971e+17,5.465539,5.500768
28570,3744727040,1.472487e+17,5.463242,5.500205
28580,3746037760,1.473002e+17,5.462286,5.500585
28590,3747348480,1.473517e+17,5.461235,5.499646
28600,3748659200,1.474033e+17,5.460848,5.499621
28610,3749969920,1.474548e+17,5.461311,5.500220
28620,3751280640,1.475064e+17,5.462028,5.499215
28630,3752591360,1.475579e+17,5.461098,5.498618
28640,3753902080,1.476094e+17,5.459708,5.500612
28650,3755212800,1.476610e+17,5.458876,5.499126
28660,3756523520,1.477125e+17,5.457124,5.498375
28670,3757834240,1.477641e+17,5.459622,5.498505
28680,3759144960,1.478156e+17,5.466832,5.499555
28690,3760455680,1.478671e+17,5.466117,5.498844
28700,3761766400,1.479187e+17,5.468929,5.500577
28710,3763077120,1.479702e+17,5.465620,5.498786
28720,3764387840,1.480218e+17,5.464755,5.498875
28730,3765698560,1.480733e+17,5.463467,5.500018
28740,3767009280,1.481248e+17,5.467088,5.499152
28750,3768320000,1.481764e+17,5.463296,5.498437
28760,3769630720,1.482279e+17,5.462772,5.498179
28770,3770941440,1.482795e+17,5.459676,5.497446
28780,3772252160,1.483310e+17,5.458654,5.497268
28790,3773562880,1.483825e+17,5.460309,5.497717
28800,3774873600,1.484341e+17,5.464241,5.497701
28810,3776184320,1.484856e+17,5.464007,5.498239
28820,3777495040,1.485371e+17,5.468039,5.497147
28830,3778805760,1.485887e+17,5.464422,5.496977
28840,3780116480,1.486402e+17,5.460997,5.498046
28850,3781427200,1.486918e+17,5.462465,5.496814
28860,3782737920,1.487433e+17,5.461786,5.495986
28870,3784048640,1.487948e+17,5.457822,5.496353
28880,3785359360,1.488464e+17,5.459727,5.496547
28890,3786670080,1.488979e+17,5.458470,5.497627
28900,3787980800,1.489495e+17,5.461638,5.495878
28910,3789291520,1.490010e+17,5.462063,5.495762
28920,3790602240,1.490525e+17,5.459743,5.494924
28930,3791912960,1.491041e+17,5.463442,5.495241
28940,3793223680,1.491556e+17,5.465812,5.495407
28950,3794534400,1.492072e+17,5.467398,5.495344
28960,3795845120,1.492587e+17,5.463075,5.495509
28970,3797155840,1.493102e+17,5.462391,5.493936
28980,3798466560,1.493618e+17,5.466488,5.494883
28990,3799777280,1.494133e+17,5.461663,5.494410
29000,3801088000,1.494649e+17,5.457973,5.494353
29010,3802398720,1.495164e+17,5.458847,5.493410
29020,3803709440,1.495679e+17,5.460604,5.493808
29030,3805020160,1.496195e+17,5.460577,5.494132
29040,3806330880,1.496710e+17,5.462540,5.493329
29050,3807641600,1.497226e+17,5.463771,5.491868
29060,3808952320,1.497741e+17,5.462407,5.491771
29070,3810263040,1.498256e+17,5.455400,5.492742
29080,3811573760,1.498772e+17,5.455521,5.493315
29090,3812884480,1.499287e+17,5.456815,5.492422
29100,3814195200,1.499803e+17,5.456211,5.491810
29110,3815505920,1.500318e+17,5.455942,5.492338
29120,3816816640,1.500833e+17,5.456304,5.491398
29130,3818127360,1.501349e+17,5.453783,5.491112
29140,3819438080,1.501864e+17,5.457491,5.490984
29150,3820748800,1.502380e+17,5.461996,5.491094
29160,3822059520,1.502895e+17,5.461283,5.490830
29170,3823370240,1.503410e+17,5.460813,5.489815
29180,3824680960,1.503926e+17,5.461338,5.490445
29190,3825991680,1.504441e+17,5.460270,5.489879
29200,3827302400,1.504957e+17,5.459908,5.488999
29210,3828613120,1.505472e+17,5.462094,5.490070
29220,3829923840,1.505987e+17,5.460401,5.490055
29230,3831234560,1.506503e+17,5.459142,5.490461
29240,3832545280,1.507018e+17,5.460734,5.489521
29250,3833856000,1.507534e+17,5.456906,5.489060
29260,3835166720,1.508049e+17,5.455852,5.489743
29270,3836477440,1.508564e+17,5.460864,5.489686
29280,3837788160,1.509080e+17,5.453937,5.489744
29290,3839098880,1.509595e+17,5.451869,5.488975
29300,3840409600,1.510111e+17,5.450309,5.489194
29310,3841720320,1.510626e+17,5.451179,5.488613
29320,3843031040,1.511141e+17,5.449802,5.488932
29330,3844341760,1.511657e+17,5.446150,5.488792
29340,3845652480,1.512172e+17,5.450799,5.488212
29350,3846963200,1.512687e+17,5.452633,5.488161
29360,3848273920,1.513203e+17,5.455145,5.488087
29370,3849584640,1.513718e+17,5.457509,5.488043
29380,3850895360,1.514234e+17,5.454827,5.487489
29390,3852206080,1.514749e+17,5.451236,5.488042
29400,3853516800,1.515264e+17,5.449338,5.486804
29410,3854827520,1.515780e+17,5.449046,5.488864
29420,3856138240,1.516295e+17,5.450330,5.487821
29430,3857448960,1.516811e+17,5.455214,5.488130
29440,3858759680,1.517326e+17,5.456446,5.487283
29450,3860070400,1.517841e+17,5.449305,5.486535
29460,3861381120,1.518357e+17,5.453025,5.486553
29470,3862691840,1.518872e+17,5.450715,5.487618
29480,3864002560,1.519388e+17,5.450131,5.487414
29490,3865313280,1.519903e+17,5.450476,5.487087
29500,3866624000,1.520418e+17,5.446631,5.486544
29510,3867934720,1.520934e+17,5.450346,5.485813
29520,3869245440,1.521449e+17,5.451445,5.486315
29530,3870556160,1.521965e+17,5.449951,5.486700
29540,3871866880,1.522480e+17,5.450060,5.485423
29550,3873177600,1.522995e+17,5.448853,5.486482
29560,3874488320,1.523511e+17,5.449915,5.486412
29570,3875799040,1.524026e+17,5.455084,5.485772
29580,3877109760,1.524542e+17,5.458446,5.486180
29590,3878420480,1.525057e+17,5.456022,5.485992
29600,3879731200,1.525572e+17,5.449847,5.484932
29610,3881041920,1.526088e+17,5.452381,5.485445
29620,3882352640,1.526603e+17,5.454433,5.485766
29630,3883663360,1.527119e+17,5.453020,5.484439
29640,3884974080,1.527634e+17,5.446951,5.484277
29650,3886284800,1.528149e+17,5.447231,5.484563
29660,3887595520,1.528665e+17,5.445306,5.483880
29670,3888906240,1.529180e+17,5.444972,5.485184
29680,3890216960,1.529696e+17,5.447182,5.484075
29690,3891527680,1.530211e+17,5.449119,5.483730
29700,3892838400,1.530726e+17,5.446030,5.483715
29710,3894149120,1.531242e+17,5.449397,5.483925
29720,3895459840,1.531757e+17,5.451007,5.484629
29730,3896770560,1.532273e+17,5.448140,5.484571
29740,3898081280,1.532788e+17,5.453895,5.483087
29750,3899392000,1.533303e+17,5.450500,5.482828
29760,3900702720,1.533819e+17,5.451440,5.482737
29770,3902013440,1.534334e+17,5.448517,5.483605
29780,3903324160,1.534850e+17,5.449441,5.482832
29790,3904634880,1.535365e+17,5.449323,5.482969
29800,3905945600,1.535880e+17,5.448635,5.482587
29810,3907256320,1.536396e+17,5.447390,5.482594
29820,3908567040,1.536911e+17,5.445292,5.482714
29830,3909877760,1.537426e+17,5.445203,5.481947
29840,3911188480,1.537942e+17,5.442592,5.481659
29850,3912499200,1.538457e+17,5.444724,5.482703
29860,3913809920,1.538973e+17,5.440176,5.483153
29870,3915120640,1.539488e+17,5.439531,5.482218
29880,3916431360,1.540003e+17,5.441694,5.481502
29890,3917742080,1.540519e+17,5.441195,5.481682
29900,3919052800,1.541034e+17,5.438223,5.480795
29910,3920363520,1.541550e+17,5.438965,5.480850
29920,3921674240,1.542065e+17,5.443590,5.481015
29930,3922984960,1.542580e+17,5.443890,5.481027
29940,3924295680,1.543096e+17,5.441824,5.480942
29950,3925606400,1.543611e+17,5.440960,5.480812
29960,3926917120,1.544127e+17,5.441356,5.481067
29970,3928227840,1.544642e+17,5.440096,5.480366
29980,3929538560,1.545157e+17,5.442177,5.481012
29990,3930849280,1.545673e+17,5.443795,5.479631
30000,3932160000,1.546188e+17,5.443101,5.478407
30010,3933470720,1.546704e+17,5.444930,5.479926
30020,3934781440,1.547219e+17,5.444910,5.479585
30030,3936092160,1.547734e+17,5.446301,5.479571
30040,3937402880,1.548250e+17,5.448044,5.480066
30050,3938713600,1.548765e+17,5.444379,5.478347
30060,3940024320,1.549281e+17,5.443990,5.478480
30070,3941335040,1.549796e+17,5.448619,5.478690
30080,3942645760,1.550311e+17,5.444967,5.477663
30090,3943956480,1.550827e+17,5.442353,5.477430
30100,3945267200,1.551342e+17,5.444387,5.478003
30110,3946577920,1.551858e+17,5.439319,5.477065
30120,3947888640,1.552373e+17,5.436411,5.476620
30130,3949199360,1.552888e+17,5.433647,5.476479
30140,3950510080,1.553404e+17,5.434073,5.476455
30150,3951820800,1.553919e+17,5.435495,5.476931
30160,3953131520,1.554435e+17,5.439016,5.477077
30170,3954442240,1.554950e+17,5.439191,5.477370
30180,3955752960,1.555465e+17,5.437584,5.477857
30190,3957063680,1.555981e+17,5.436761,5.477136
30200,3958374400,1.556496e+17,5.436337,5.477398
30210,3959685120,1.557012e+17,5.435848,5.477013
30220,3960995840,1.557527e+17,5.437978,5.476247
30230,3962306560,1.558042e+17,5.439510,5.477288
30240,3963617280,1.558558e+17,5.438016,5.477650
30250,3964928000,1.559073e+17,5.439496,5.476823
30260,3966238720,1.559589e+17,5.443053,5.476513
30270,3967549440,1.560104e+17,5.437453,5.477336
30280,3968860160,1.560619e+17,5.443852,5.476034
30290,3970170880,1.561135e+17,5.441740,5.476418
30300,3971481600,1.561650e+17,5.439109,5.475642
30310,3972792320,1.562166e+17,5.432281,5.475507
30320,3974103040,1.562681e+17,5.435021,5.476237
30330,3975413760,1.563196e+17,5.434031,5.475445
30340,3976724480,1.563712e+17,5.432101,5.475805
30350,3978035200,1.564227e+17,5.436078,5.474057
30360,3979345920,1.564742e+17,5.432855,5.475705
30370,3980656640,1.565258e+17,5.431383,5.474581
30380,3981967360,1.565773e+17,5.433985,5.474388
30390,3983278080,1.566289e+17,5.434894,5.475022
30400,3984588800,1.566804e+17,5.436642,5.474365
30410,3985899520,1.567319e+17,5.434113,5.475031
30420,3987210240,1.567835e+17,5.437591,5.474218
30430,3988520960,1.568350e+17,5.440067,5.473828
30440,3989831680,1.568866e+17,5.443929,5.473913
30450,3991142400,1.569381e+17,5.440453,5.474378
30460,3992453120,1.569896e+17,5.435560,5.473300
30470,3993763840,1.570412e+17,5.435684,5.472928
30480,3995074560,1.570927e+17,5.431992,5.473418
30490,3996385280,1.571443e+17,5.430928,5.473114
30500,3997696000,1.571958e+17,5.430691,5.472640
30510,3999006720,1.572473e+17,5.433969,5.472623
30520,4000317440,1.572989e+17,5.435465,5.471973
30530,4001628160,1.573504e+17,5.432908,5.472419
30540,4002938880,1.574020e+17,5.425228,5.472179
30550,4004249600,1.574535e+17,5.425217,5.472843
30560,4005560320,1.575050e+17,5.431659,5.471694
30570,4006871040,1.575566e+17,5.436600,5.472286
30580,4008181760,1.576081e+17,5.442983,5.471678
30590,4009492480,1.576597e+17,5.442063,5.470946
30600,4010803200,1.577112e+17,5.444331,5.471302
30610,4012113920,1.577627e+17,5.442764,5.470666
30620,4013424640,1.578143e+17,5.445831,5.470878
30630,4014735360,1.578658e+17,5.444447,5.470645
30640,4016046080,1.579174e+17,5.445320,5.470672
30650,4017356800,1.579689e+17,5.445649,5.469377
30660,4018667520,1.580204e+17,5.444833,5.470122
30670,4019978240,1.580720e+17,5.445329,5.469441
30680,4021288960,1.581235e+17,5.442807,5.470158
30690,4022599680,1.581751e+17,5.443929,5.471007
30700,4023910400,1.582266e+17,5.441474,5.469677
30710,4025221120,1.582781e+17,5.438706,5.469215
30720,4026531840,1.583297e+17,5.438092,5.468909
30730,4027842560,1.583812e+17,5.439662,5.469445
30740,4029153280,1.584328e+17,5.443129,5.470116
30750,4030464000,1.584843e+17,5.435576,5.469538
30760,4031774720,1.585358e+17,5.435003,5.469214
30770,4033085440,1.585874e+17,5.430277,5.468420
30780,4034396160,1.586389e+17,5.429347,5.468985
30790,4035706880,1.586905e+17,5.430951,5.468596
30800,4037017600,1.587420e+17,5.433659,5.468786
30810,4038328320,1.587935e+17,5.436221,5.468815
30820,4039639040,1.588451e+17,5.436510,5.468611
30830,4040949760,1.588966e+17,5.432927,5.468060
30840,4042260480,1.589481e+17,5.436218,5.468081
30850,4043571200,1.589997e+17,5.436457,5.467990
30860,4044881920,1.590512e+17,5.435958,5.468590
30870,4046192640,1.591028e+17,5.433218,5.468414
30880,4047503360,1.591543e+17,5.436029,5.468565
30890,4048814080,1.592058e+17,5.436881,5.469012
30900,4050124800,1.592574e+17,5.436457,5.469293
30910,4051435520,1.593089e+17,5.436537,5.468301
30920,4052746240,1.593605e+17,5.434413,5.468505
30930,4054056960,1.594120e+17,5.435280,5.467371
30940,4055367680,1.594635e+17,5.438355,5.467248
30950,4056678400,1.595151e+17,5.433936,5.467073
30960,4057989120,1.595666e+17,5.432077,5.467849
30970,4059299840,1.596182e+17,5.431282,5.468123
30980,4060610560,1.596697e+17,5.430721,5.467477
30990,4061921280,1.597212e+17,5.432057,5.466960
31000,4063232000,1.597728e+17,5.431628,5.466625
31010,4064542720,1.598243e+17,5.430697,5.466989
31020,4065853440,1.598759e+17,5.430853,5.466030
31030,4067164160,1.599274e+17,5.431770,5.467570
31040,4068474880,1.599789e+17,5.431736,5.467349
31050,4069785600,1.600305e+17,5.425130,5.466369
31060,4071096320,1.600820e+17,5.425222,5.467025
31070,4072407040,1.601336e+17,5.425687,5.467263
31080,4073717760,1.601851e+17,5.428959,5.465815
31090,4075028480,1.602366e+17,5.427555,5.466037
31100,4076339200,1.602882e+17,5.425123,5.465278
31110,4077649920,1.603397e+17,5.427585,5.465273
31120,4078960640,1.603913e+17,5.428836,5.465092
31130,4080271360,1.604428e+17,5.430404,5.465277
31140,4081582080,1.604943e+17,5.434538,5.465303
31150,4082892800,1.605459e+17,5.434430,5.465484
31160,4084203520,1.605974e+17,5.435005,5.464170
31170,4085514240,1.606490e+17,5.434051,5.464430
31180,4086824960,1.607005e+17,5.433489,5.464495
31190,4088135680,1.607520e+17,5.429758,5.464584
31200,4089446400,1.608036e+17,5.430385,5.464828
31210,4090757120,1.608551e+17,5.429458,5.463781
31220,4092067840,1.609067e+17,5.430262,5.464557
31230,4093378560,1.609582e+17,5.428678,5.465080
31240,4094689280,1.610097e+17,5.433348,5.465790
31250,4096000000,1.610613e+17,5.432174,5.464777
31260,4097310720,1.611128e+17,5.431945,5.464023
31270,4098621440,1.611644e+17,5.431216,5.464016
31280,4099932160,1.612159e+17,5.431701,5.463478
31290,4101242880,1.612674e+17,5.428353,5.463525
31300,4102553600,1.613190e+17,5.425270,5.463829
31310,4103864320,1.613705e+17,5.424330,5.463215
31320,4105175040,1.614221e+17,5.422167,5.462917
31330,4106485760,1.614736e+17,5.424679,5.462987
31340,4107796480,1.615251e+17,5.427076,5.462439
31350,4109107200,1.615767e+17,5.424930,5.462052
31360,4110417920,1.616282e+17,5.419335,5.463455
31370,4111728640,1.616797e+17,5.423455,5.463661
31380,4113039360,1.617313e+17,5.424517,5.463583
31390,4114350080,1.617828e+17,5.424672,5.462534
31400,4115660800,1.618344e+17,5.423019,5.463112
31410,4116971520,1.618859e+17,5.424955,5.462898
31420,4118282240,1.619374e+17,5.426321,5.462278
31430,4119592960,1.619890e+17,5.428231,5.462383
31440,4120903680,1.620405e+17,5.426879,5.462177
31450,4122214400,1.620921e+17,5.425646,5.463291
31460,4123525120,1.621436e+17,5.430035,5.461502
31470,4124835840,1.621951e+17,5.430115,5.461989
31480,4126146560,1.622467e+17,5.433499,5.460635
31490,4127457280,1.622982e+17,5.426905,5.461285
31500,4128768000,1.623498e+17,5.420902,5.461873
31510,4130078720,1.624013e+17,5.421939,5.460917
31520,4131389440,1.624528e+17,5.426255,5.460771
31530,4132700160,1.625044e+17,5.433642,5.460732
31540,4134010880,1.625559e+17,5.432935,5.460770
31550,4135321600,1.626075e+17,5.430766,5.461137
31560,4136632320,1.626590e+17,5.429236,5.460464
31570,4137943040,1.627105e+17,5.428882,5.459592
31580,4139253760,1.627621e+17,5.429624,5.460314
31590,4140564480,1.628136e+17,5.429826,5.460355
31600,4141875200,1.628652e+17,5.427195,5.460289
31610,4143185920,1.629167e+17,5.429353,5.460582
31620,4144496640,1.629682e+17,5.429878,5.460161
31630,4145807360,1.630198e+17,5.428117,5.459872
31640,4147118080,1.630713e+17,5.429994,5.459165
31650,4148428800,1.631229e+17,5.431688,5.459095
31660,4149739520,1.631744e+17,5.438853,5.458837
31670,4151050240,1.632259e+17,5.438996,5.459051
31680,4152360960,1.632775e+17,5.433192,5.459024
31690,4153671680,1.633290e+17,5.431773,5.459057
31700,4154982400,1.633806e+17,5.429039,5.458967
31710,4156293120,1.634321e+17,5.429358,5.458395
31720,4157603840,1.634836e+17,5.430396,5.458625
31730,4158914560,1.635352e+17,5.425035,5.459028
31740,4160225280,1.635867e+17,5.422807,5.458924
31750,4161536000,1.636383e+17,5.423992,5.457669
31760,4162846720,1.636898e+17,5.417556,5.458250
31770,4164157440,1.637413e+17,5.421932,5.457319
31780,4165468160,1.637929e+17,5.421401,5.457608
31790,4166778880,1.638444e+17,5.424084,5.457628
31800,4168089600,1.638960e+17,5.424037,5.457780
31810,4169400320,1.639475e+17,5.419058,5.458002
31820,4170711040,1.639990e+17,5.420872,5.458017
31830,4172021760,1.640506e+17,5.420798,5.457242
31840,4173332480,1.641021e+17,5.424864,5.457327
31850,4174643200,1.641537e+17,5.422087,5.457389
31860,4175953920,1.642052e+17,5.419012,5.456525
31870,4177264640,1.642567e+17,5.423802,5.457182
31880,4178575360,1.643083e+17,5.422241,5.457288
31890,4179886080,1.643598e+17,5.418217,5.456897
31900,4181196800,1.644113e+17,5.423131,5.457947
31910,4182507520,1.644629e+17,5.425374,5.456340
31920,4183818240,1.645144e+17,5.427398,5.456115
31930,4185128960,1.645660e+17,5.428216,5.455645
31940,4186439680,1.646175e+17,5.427466,5.456759
31950,4187750400,1.646690e+17,5.427120,5.456570
31960,4189061120,1.647206e+17,5.428836,5.456631
31970,4190371840,1.647721e+17,5.425416,5.456260
31980,4191682560,1.648237e+17,5.426522,5.456066
31990,4192993280,1.648752e+17,5.425818,5.455430
32000,4194304000,1.649267e+17,5.424639,5.455314
32010,4195614720,1.649783e+17,5.429107,5.455889
32020,4196925440,1.650298e+17,5.428615,5.456351
32030,4198236160,1.650814e+17,5.425859,5.455067
32040,4199546880,1.651329e+17,5.427380,5.455260
32050,4200857600,1.651844e+17,5.421449,5.455786
32060,4202168320,1.652360e+17,5.423086,5.455346
32070,4203479040,1.652875e+17,5.423113,5.455109
32080,4204789760,1.653391e+17,5.423238,5.454616
32090,4206100480,1.653906e+17,5.419997,5.454427
32100,4207411200,1.654421e+17,5.418656,5.454178
32110,4208721920,1.654937e+17,5.416919,5.453797
32120,4210032640,1.655452e+17,5.415448,5.454401
32130,4211343360,1.655968e+17,5.420364,5.455070
32140,4212654080,1.656483e+17,5.418670,5.453697
32150,4213964800,1.656998e+17,5.423206,5.453752
32160,4215275520,1.657514e+17,5.421929,5.453977
32170,4216586240,1.658029e+17,5.423834,5.453264
32180,4217896960,1.658545e+17,5.428363,5.453097
32190,4219207680,1.659060e+17,5.428011,5.452865
32200,4220518400,1.659575e+17,5.427089,5.453524
32210,4221829120,1.660091e+17,5.424975,5.453893
32220,4223139840,1.660606e+17,5.421983,5.453822
32230,4224450560,1.661122e+17,5.424179,5.453939
32240,4225761280,1.661637e+17,5.424037,5.453626
32250,4227072000,1.662152e+17,5.424151,5.453280
32260,4228382720,1.662668e+17,5.418092,5.452295
32270,4229693440,1.663183e+17,5.413162,5.452126
32280,4231004160,1.663699e+17,5.416952,5.452456
32290,4232314880,1.664214e+17,5.422723,5.452499
32300,4233625600,1.664729e+17,5.423143,5.452972
32310,4234936320,1.665245e+17,5.419117,5.452119
32320,4236247040,1.665760e+17,5.417419,5.452212
32330,4237557760,1.666276e+17,5.419500,5.452728
32340,4238868480,1.666791e+17,5.419516,5.452693
32350,4240179200,1.667306e+17,5.421237,5.452842
32360,4241489920,1.667822e+17,5.419969,5.452340
32370,4242800640,1.668337e+17,5.418364,5.451732
32380,4244111360,1.668852e+17,5.419220,5.451891
32390,4245422080,1.669368e+17,5.419425,5.451396
32400,4246732800,1.669883e+17,5.419757,5.451428
32410,4248043520,1.670399e+17,5.415816,5.451908
32420,4249354240,1.670914e+17,5.420080,5.450858
32430,4250664960,1.671429e+17,5.421716,5.450542
32440,4251975680,1.671945e+17,5.419037,5.450510
32450,4253286400,1.672460e+17,5.418679,5.450782
32460,4254597120,1.672976e+17,5.422541,5.451392
32470,4255907840,1.673491e+17,5.415459,5.450945
32480,4257218560,1.674006e+17,5.417432,5.451732
32490,4258529280,1.674522e+17,5.414272,5.451474
32500,4259840000,1.675037e+17,5.413563,5.451364
32510,4261150720,1.675553e+17,5.411420,5.450323
32520,4262461440,1.676068e+17,5.412912,5.449735
32530,4263772160,1.676583e+17,5.415218,5.449264
32540,4265082880,1.677099e+17,5.418111,5.450184
32550,4266393600,1.677614e+17,5.422027,5.450583
32560,4267704320,1.678130e+17,5.421507,5.449937
32570,4269015040,1.678645e+17,5.424351,5.449817
32580,4270325760,1.679160e+17,5.420155,5.449758
32590,4271636480,1.679676e+17,5.415896,5.450396
32600,4272947200,1.680191e+17,5.412508,5.449586
32610,4274257920,1.680707e+17,5.411690,5.449234
32620,4275568640,1.681222e+17,5.408395,5.450146
32630,4276879360,1.681737e+17,5.409334,5.449739
32640,4278190080,1.682253e+17,5.413418,5.449573
32650,4279500800,1.682768e+17,5.412420,5.449130
32660,4280811520,1.683284e+17,5.413759,5.448536
32670,4282122240,1.683799e+17,5.419299,5.449428
32680,4283432960,1.684314e+17,5.411673,5.449315
32690,4284743680,1.684830e+17,5.415882,5.448513
32700,4286054400,1.685345e+17,5.414673,5.448822
32710,4287365120,1.685861e+17,5.412212,5.449109
32720,4288675840,1.686376e+17,5.416489,5.449116
32730,4289986560,1.686891e+17,5.414446,5.449117
32740,4291297280,1.687407e+17,5.415074,5.448985
32750,4292608000,1.687922e+17,5.412820,5.448821
32760,4293918720,1.688438e+17,5.413830,5.448338
32770,4295229440,1.688953e+17,5.413494,5.448715
32780,4296540160,1.689468e+17,5.412443,5.448207
32790,4297850880,1.689984e+17,5.414617,5.447919
32800,4299161600,1.690499e+17,5.413877,5.447931
32810,4300472320,1.691015e+17,5.415699,5.448104
32820,4301783040,1.691530e+17,5.416647,5.447708
32830,4303093760,1.692045e+17,5.419421,5.447273
32840,4304404480,1.692561e+17,5.414375,5.447451
32850,4305715200,1.693076e+17,5.412182,5.447375
32860,4307025920,1.693592e+17,5.409716,5.447707
32870,4308336640,1.694107e+17,5.412585,5.447725
32880,4309647360,1.694622e+17,5.413403,5.447148
32890,4310958080,1.695138e+17,5.413086,5.447745
32900,4312268800,1.695653e+17,5.415480,5.447410
32910,4313579520,1.696168e+17,5.415472,5.447531
32920,4314890240,1.696684e+17,5.411506,5.447534
32930,4316200960,1.697199e+17,5.410459,5.446568
32940,4317511680,1.697715e+17,5.411270,5.446694
32950,4318822400,1.698230e+17,5.411721,5.446609
32960,4320133120,1.698745e+17,5.411888,5.446974
32970,4321443840,1.699261e+17,5.409293,5.446288
32980,4322754560,1.699776e+17,5.410961,5.446644
32990,4324065280,1.700292e+17,5.406913,5.446507
33000,4325376000,1.700807e+17,5.412143,5.446330
33010,4326686720,1.701322e+17,5.414228,5.445459
33020,4327997440,1.701838e+17,5.413672,5.445582
33030,4329308160,1.702353e+17,5.408063,5.445293
33040,4330618880,1.702869e+17,5.409203,5.445871
33050,4331929600,1.703384e+17,5.412125,5.445569
33060,4333240320,1.703899e+17,5.410735,5.445945
33070,4334551040,1.704415e+17,5.411435,5.445670
33080,4335861760,1.704930e+17,5.409622,5.445461
33090,4337172480,1.705446e+17,5.410700,5.445302
33100,4338483200,1.705961e+17,5.412662,5.445439
33110,4339793920,1.706476e+17,5.410722,5.445289
33120,4341104640,1.706992e+17,5.413544,5.444989
33130,4342415360,1.707507e+17,5.412091,5.444891
33140,4343726080,1.708023e+17,5.413033,5.445410
33150,4345036800,1.708538e+17,5.410854,5.444800
33160,4346347520,1.709053e+17,5.405308,5.444653
33170,4347658240,1.709569e+17,5.408103,5.444984
33180,4348968960,1.710084e+17,5.406998,5.445075
33190,4350279680,1.710600e+17,5.409225,5.444167
33200,4351590400,1.711115e+17,5.407044,5.444394
33210,4352901120,1.711630e+17,5.407790,5.443965
33220,4354211840,1.712146e+17,5.407020,5.444170
33230,4355522560,1.712661e+17,5.407760,5.444237
33240,4356833280,1.713177e+17,5.407881,5.443767
33250,4358144000,1.713692e+17,5.409123,5.445409
33260,4359454720,1.714207e+17,5.407429,5.444163
33270,4360765440,1.714723e+17,5.406243,5.443610
33280,4362076160,1.715238e+17,5.408796,5.443446
33290,4363386880,1.715754e+17,5.409971,5.443444
33300,4364697600,1.716269e+17,5.409705,5.443182
33310,4366008320,1.716784e+17,5.408957,5.442722
33320,4367319040,1.717300e+17,5.409141,5.443282
33330,4368629760,1.717815e+17,5.404920,5.442900
33340,4369940480,1.718331e+17,5.404961,5.442455
33350,4371251200,1.718846e+17,5.403279,5.442968
33360,4372561920,1.719361e+17,5.408167,5.443687
33370,4373872640,1.719877e+17,5.406425,5.443000
33380,4375183360,1.720392e+17,5.404754,5.442814
33390,4376494080,1.720907e+17,5.405557,5.442832
33400,4377804800,1.721423e+17,5.401724,5.442455
33410,4379115520,1.721938e+17,5.408001,5.442450
33420,4380426240,1.722454e+17,5.409002,5.442319
33430,4381736960,1.722969e+17,5.408148,5.442134
33440,4383047680,1.723484e+17,5.409180,5.442168
33450,4384358400,1.724000e+17,5.410347,5.442344
33460,4385669120,1.724515e+17,5.409748,5.442237
33470,4386979840,1.725031e+17,5.406673,5.441665
33480,4388290560,1.725546e+17,5.406870,5.442328
33490,4389601280,1.726061e+17,5.407140,5.441917
33500,4390912000,1.726577e+17,5.408418,5.441967
33510,4392222720,1.727092e+17,5.407561,5.441679
33520,4393533440,1.727608e+17,5.409109,5.441236
33530,4394844160,1.728123e+17,5.408448,5.441330
33540,4396154880,1.728638e+17,5.408327,5.440794
33550,4397465600,1.729154e+17,5.411161,5.441567
33560,4398776320,1.729669e+17,5.408632,5.441803
33570,4400087040,1.730185e+17,5.408972,5.441297
33580,4401397760,1.730700e+17,5.411770,5.441814
33590,4402708480,1.731215e+17,5.416508,5.441266
33600,4404019200,1.731731e+17,5.413326,5.440954
33610,4405329920,1.732246e+17,5.411757,5.440125
33620,4406640640,1.732762e+17,5.411421,5.440649
33630,4407951360,1.733277e+17,5.408342,5.440223
33640,4409262080,1.733792e+17,5.408925,5.439657
33650,4410572800,1.734308e+17,5.410646,5.439507
33660,4411883520,1.734823e+17,5.412195,5.439984
33670,4413194240,1.735339e+17,5.415847,5.440337
33680,4414504960,1.735854e+17,5.409715,5.440701
33690,4415815680,1.736369e+17,5.412718,5.440395
33700,4417126400,1.736885e+17,5.409066,5.440463
33710,4418437120,1.737400e+17,5.402055,5.439782
33720,4419747840,1.737916e+17,5.404426,5.439837
33730,4421058560,1.738431e+17,5.401505,5.440115
33740,4422369280,1.738946e+17,5.407390,5.440582
33750,4423680000,1.739462e+17,5.404201,5.439305
33760,4424990720,1.739977e+17,5.400082,5.439706
33770,4426301440,1.740493e+17,5.398404,5.438937
33780,4427612160,1.741008e+17,5.396746,5.439060
33790,4428922880,1.741523e+17,5.400166,5.439325
33800,4430233600,1.742039e+17,5.403432,5.439103
33810,4431544320,1.742554e+17,5.403944,5.438989
33820,4432855040,1.743070e+17,5.403868,5.438883
33830,4434165760,1.743585e+17,5.404128,5.438977
33840,4435476480,1.744100e+17,5.405307,5.439218
33850,4436787200,1.744616e+17,5.405246,5.439076
33860,4438097920,1.745131e+17,5.406167,5.438938
33870,4439408640,1.745647e+17,5.407016,5.439108
33880,4440719360,1.746162e+17,5.403869,5.439054
33890,4442030080,1.746677e+17,5.403599,5.438647
33900,4443340800,1.747193e+17,5.407065,5.438779
33910,4444651520,1.747708e+17,5.405183,5.438370
33920,4445962240,1.748223e+17,5.402139,5.438591
33930,4447272960,1.748739e+17,5.401085,5.437985
33940,4448583680,1.749254e+17,5.400821,5.437146
33950,4449894400,1.749770e+17,5.399733,5.437642
33960,4451205120,1.750285e+17,5.398599,5.438390
33970,4452515840,1.750800e+17,5.402162,5.437785
33980,4453826560,1.751316e+17,5.401754,5.437342
33990,4455137280,1.751831e+17,5.401333,5.437116
34000,4456448000,1.752347e+17,5.404014,5.437484
34010,4457758720,1.752862e+17,5.404079,5.437177
34020,4459069440,1.753377e+17,5.408210,5.437030
34030,4460380160,1.753893e+17,5.406889,5.436771
34040,4461690880,1.754408e+17,5.405039,5.437221
34050,4463001600,1.754924e+17,5.410721,5.437206
34060,4464312320,1.755439e+17,5.409982,5.436385
34070,4465623040,1.755954e+17,5.410000,5.435891
34080,4466933760,1.756470e+17,5.408144,5.436176
34090,4468244480,1.756985e+17,5.405882,5.435912
34100,4469555200,1.757501e+17,5.406333,5.436416
34110,4470865920,1.758016e+17,5.405325,5.436584
34120,4472176640,1.758531e+17,5.404409,5.436811
34130,4473487360,1.759047e+17,5.406265,5.436407
34140,4474798080,1.759562e+17,5.405247,5.436251
34150,4476108800,1.760078e+17,5.406207,5.436419
34160,4477419520,1.760593e+17,5.410041,5.436847
34170,4478730240,1.761108e+17,5.407272,5.436245
34180,4480040960,1.761624e+17,5.400002,5.435485
34190,4481351680,1.762139e+17,5.397077,5.435756
34200,4482662400,1.762655e+17,5.395967,5.436386
34210,4483973120,1.763170e+17,5.401753,5.436108
34220,4485283840,1.763685e+17,5.402480,5.435874
34230,4486594560,1.764201e+17,5.406685,5.435120
34240,4487905280,1.764716e+17,5.401544,5.435981
34250,4489216000,1.765232e+17,5.400147,5.435482
34260,4490526720,1.765747e+17,5.401266,5.435447
34270,4491837440,1.766262e+17,5.401279,5.435075
34280,4493148160,1.766778e+17,5.403196,5.434323
34290,4494458880,1.767293e+17,5.402036,5.435044
34300,4495769600,1.767809e+17,5.398292,5.435574
34310,4497080320,1.768324e+17,5.397592,5.435868
34320,4498391040,1.768839e+17,5.403774,5.435605
34330,4499701760,1.769355e+17,5.401153,5.435624
34340,4501012480,1.769870e+17,5.400871,5.435316
34350,4502323200,1.770386e+17,5.401231,5.435367
34360,4503633920,1.770901e+17,5.399390,5.435568
34370,4504944640,1.771416e+17,5.398079,5.435176
34380,4506255360,1.771932e+17,5.400857,5.435884
34390,4507566080,1.772447e+17,5.396379,5.434854
34400,4508876800,1.772962e+17,5.399775,5.435031
34410,4510187520,1.773478e+17,5.397758,5.435206
34420,4511498240,1.773993e+17,5.398944,5.434880
34430,4512808960,1.774509e+17,5.396380,5.434795
34440,4514119680,1.775024e+17,5.394647,5.435112
34450,4515430400,1.775539e+17,5.395994,5.434815
34460,4516741120,1.776055e+17,5.399277,5.434566
34470,4518051840,1.776570e+17,5.400672,5.434215
34480,4519362560,1.777086e+17,5.398483,5.433840
34490,4520673280,1.777601e+17,5.396790,5.434234
34500,4521984000,1.778116e+17,5.397830,5.433803
34510,4523294720,1.778632e+17,5.401250,5.433640
34520,4524605440,1.779147e+17,5.396522,5.433666
34530,4525916160,1.779663e+17,5.402100,5.433935
34540,4527226880,1.780178e+17,5.404850,5.433383
34550,4528537600,1.780693e+17,5.403200,5.433528
34560,4529848320,1.781209e+17,5.402993,5.433493
34570,4531159040,1.781724e+17,5.407747,5.433522
34580,4532469760,1.782240e+17,5.402576,5.433606
34590,4533780480,1.782755e+17,5.402565,5.434059
34600,4535091200,1.783270e+17,5.404256,5.433970
34610,4536401920,1.783786e+17,5.401251,5.433460
34620,4537712640,1.784301e+17,5.401325,5.433990
34630,4539023360,1.784817e+17,5.397468,5.434060
34640,4540334080,1.785332e+17,5.396315,5.433848
34650,4541644800,1.785847e+17,5.395826,5.433242
34660,4542955520,1.786363e+17,5.394534,5.433309
34670,4544266240,1.786878e+17,5.397352,5.433375
34680,4545576960,1.787394e+17,5.398888,5.433388
34690,4546887680,1.787909e+17,5.395188,5.433194
34700,4548198400,1.788424e+17,5.399687,5.433313
34710,4549509120,1.788940e+17,5.399783,5.432760
34720,4550819840,1.789455e+17,5.398723,5.432976
34730,4552130560,1.789971e+17,5.401239,5.433201
34740,4553441280,1.790486e+17,5.404738,5.433006
34750,4554752000,1.791001e+17,5.401607,5.432791
34760,4556062720,1.791517e+17,5.398961,5.432485
34770,4557373440,1.792032e+17,5.395879,5.432241
34780,4558684160,1.792548e+17,5.393813,5.433211
34790,4559994880,1.793063e+17,5.395913,5.432405
34800,4561305600,1.793578e+17,5.392306,5.432402
34810,4562616320,1.794094e+17,5.392431,5.432067
34820,4563927040,1.794609e+17,5.391458,5.431706
34830,4565237760,1.795125e+17,5.389909,5.431742
34840,4566548480,1.795640e+17,5.387799,5.431729
34850,4567859200,1.796155e+17,5.392470,5.432026
34860,4569169920,1.796671e+17,5.397425,5.431893
34870,4570480640,1.797186e+17,5.395725,5.431535
34880,4571791360,1.797702e+17,5.395938,5.431352
34890,4573102080,1.798217e+17,5.400182,5.431517
34900,4574412800,1.798732e+17,5.402003,5.431274
34910,4575723520,1.799248e+17,5.403038,5.431812
34920,4577034240,1.799763e+17,5.405236,5.431642
34930,4578344960,1.800278e+17,5.404358,5.431245
34940,4579655680,1.800794e+17,5.399837,5.431382
34950,4580966400,1.801309e+17,5.400663,5.431486
34960,4582277120,1.801825e+17,5.400118,5.431279
34970,4583587840,1.802340e+17,5.397280,5.431399
34980,4584898560,1.802855e+17,5.399392,5.431434
34990,4586209280,1.803371e+17,5.395981,5.431310
35000,4587520000,1.803886e+17,5.400211,5.430632
35010,4588830720,1.804402e+17,5.396940,5.430958
35020,4590141440,1.804917e+17,5.394492,5.431158
35030,4591452160,1.805432e+17,5.394237,5.430821
35040,4592762880,1.805948e+17,5.392331,5.430909
35050,4594073600,1.806463e+17,5.391351,5.430556
35060,4595384320,1.806979e+17,5.394864,5.429945
35070,4596695040,1.807494e+17,5.394809,5.430039
35080,4598005760,1.808009e+17,5.397728,5.429946
35090,4599316480,1.808525e+17,5.397289,5.429806
35100,4600627200,1.809040e+17,5.399939,5.429821
35110,4601937920,1.809556e+17,5.397001,5.429978
35120,4603248640,1.810071e+17,5.396863,5.429967
35130,4604559360,1.810586e+17,5.396144,5.429988
35140,4605870080,1.811102e+17,5.395332,5.429804
35150,4607180800,1.811617e+17,5.394745,5.430040
35160,4608491520,1.812133e+17,5.395079,5.429616
35170,4609802240,1.812648e+17,5.397858,5.429302
35180,4611112960,1.813163e+17,5.394004,5.429195
35190,4612423680,1.813679e+17,5.395123,5.429299
35200,4613734400,1.814194e+17,5.395428,5.429349
35210,4615045120,1.814710e+17,5.392482,5.429717
35220,4616355840,1.815225e+17,5.397464,5.429307
35230,4617666560,1.815740e+17,5.400960,5.428948
35240,4618977280,1.816256e+17,5.401297,5.428781
35250,4620288000,1.816771e+17,5.396963,5.428578
35260,4621598720,1.817287e+17,5.396486,5.428670
35270,4622909440,1.817802e+17,5.393117,5.428958
35280,4624220160,1.818317e+17,5.389415,5.428979
35290,4625530880,1.818833e+17,5.390963,5.428748
35300,4626841600,1.819348e+17,5.389845,5.429040
35310,4628152320,1.819864e+17,5.390761,5.428884
35320,4629463040,1.820379e+17,5.391056,5.428397
35330,4630773760,1.820894e+17,5.393550,5.428531
35340,4632084480,1.821410e+17,5.395001,5.428695
35350,4633395200,1.821925e+17,5.394130,5.428765
35360,4634705920,1.822441e+17,5.394795,5.428378
35370,4636016640,1.822956e+17,5.391921,5.428179
35380,4637327360,1.823471e+17,5.392819,5.428752
35390,4638638080,1.823987e+17,5.395525,5.428728
35400,4639948800,1.824502e+17,5.394115,5.428039
35410,4641259520,1.825018e+17,5.396558,5.428254
35420,4642570240,1.825533e+17,5.393405,5.428366
35430,4643880960,1.826048e+17,5.395050,5.428076
35440,4645191680,1.826564e+17,5.393513,5.427862
35450,4646502400,1.827079e+17,5.392583,5.427773
35460,4647813120,1.827594e+17,5.390139,5.428010
35470,4649123840,1.828110e+17,5.390456,5.427827
35480,4650434560,1.828625e+17,5.391151,5.427840
35490,4651745280,1.829141e+17,5.391131,5.427953
35500,4653056000,1.829656e+17,5.390790,5.427840
35510,4654366720,1.830171e+17,5.395161,5.427596
35520,4655677440,1.830687e+17,5.388442,5.428032
35530,4656988160,1.831202e+17,5.390847,5.427994
35540,4658298880,1.831718e+17,5.391596,5.427441
35550,4659609600,1.832233e+17,5.393261,5.427442
35560,4660920320,1.832748e+17,5.391925,5.427336
35570,4662231040,1.833264e+17,5.392360,5.427075
35580,4663541760,1.833779e+17,5.395053,5.427228
35590,4664852480,1.834295e+17,5.392105,5.427202
35600,4666163200,1.834810e+17,5.389229,5.427300
35610,4667473920,1.835325e+17,5.383672,5.427193
35620,4668784640,1.835841e+17,5.379831,5.427297
35630,4670095360,1.836356e+17,5.378756,5.427006
35640,4671406080,1.836872e+17,5.381438,5.426936
35650,4672716800,1.837387e+17,5.385765,5.427245
35660,4674027520,1.837902e+17,5.388089,5.427186
35670,4675338240,1.838418e+17,5.393501,5.426742
35680,4676648960,1.838933e+17,5.396749,5.426481
35690,4677959680,1.839449e+17,5.394875,5.426515
35700,4679270400,1.839964e+17,5.393793,5.426509
35710,4680581120,1.840479e+17,5.391711,5.426693
35720,4681891840,1.840995e+17,5.393465,5.426417
35730,4683202560,1.841510e+17,5.393412,5.426873
35740,4684513280,1.842026e+17,5.394114,5.427014
35750,4685824000,1.842541e+17,5.393877,5.426637
35760,4687134720,1.843056e+17,5.390968,5.426580
35770,4688445440,1.843572e+17,5.390990,5.426336
35780,4689756160,1.844087e+17,5.390426,5.426472
35790,4691066880,1.844603e+17,5.391339,5.426124
35800,4692377600,1.845118e+17,5.393987,5.426200
35810,4693688320,1.845633e+17,5.392457,5.425855
35820,4694999040,1.846149e+17,5.390520,5.425941
35830,4696309760,1.846664e+17,5.391315,5.425986
35840,4697620480,1.847180e+17,5.394871,5.425759
35850,4698931200,1.847695e+17,5.397295,5.425726
35860,4700241920,1.848210e+17,5.396867,5.425663
35870,4701552640,1.848726e+17,5.395744,5.426148
35880,4702863360,1.849241e+17,5.391314,5.426132
35890,4704174080,1.849757e+17,5.392669,5.425852
35900,4705484800,1.850272e+17,5.391207,5.425901
35910,4706795520,1.850787e+17,5.394153,5.425972
35920,4708106240,1.851303e+17,5.391664,5.425860
35930,4709416960,1.851818e+17,5.393032,5.425395
35940,4710727680,1.852333e+17,5.392129,5.425571
35950,4712038400,1.852849e+17,5.393384,5.425483
35960,4713349120,1.853364e+17,5.392977,5.425446
35970,4714659840,1.853880e+17,5.391477,5.425057
35980,4715970560,1.854395e+17,5.393026,5.425023
35990,4717281280,1.854910e+17,5.394715,5.425288
36000,4718592000,1.855426e+17,5.394295,5.424837
36010,4719902720,1.855941e+17,5.392022,5.424871
36020,4721213440,1.856457e+17,5.395272,5.425096
36030,4722524160,1.856972e+17,5.394211,5.424760
36040,4723834880,1.857487e+17,5.393669,5.424806
36050,4725145600,1.858003e+17,5.391737,5.424823
36060,4726456320,1.858518e+17,5.392876,5.424736
36070,4727767040,1.859034e+17,5.390240,5.424776
36080,4729077760,1.859549e+17,5.391118,5.424684
36090,4730388480,1.860064e+17,5.387215,5.424556
36100,4731699200,1.860580e+17,5.387705,5.424632
36110,4733009920,1.861095e+17,5.386273,5.424842
36120,4734320640,1.861611e+17,5.389493,5.424508
36130,4735631360,1.862126e+17,5.388984,5.424360
36140,4736942080,1.862641e+17,5.390461,5.424864
36150,4738252800,1.863157e+17,5.395169,5.424191
36160,4739563520,1.863672e+17,5.390329,5.424564
36170,4740874240,1.864188e+17,5.389323,5.423795
36180,4742184960,1.864703e+17,5.385797,5.424084
36190,4743495680,1.865218e+17,5.384679,5.423930
36200,4744806400,1.865734e+17,5.386092,5.424049
36210,4746117120,1.866249e+17,5.387233,5.423744
36220,4747427840,1.866765e+17,5.390074,5.423792
36230,4748738560,1.867280e+17,5.388816,5.424177
36240,4750049280,1.867795e+17,5.387678,5.423883
36250,4751360000,1.868311e+17,5.382197,5.423914
36260,4752670720,1.868826e+17,5.382491,5.423344
36270,4753981440,1.869342e+17,5.385136,5.423457
36280,4755292160,1.869857e+17,5.384537,5.423405
36290,4756602880,1.870372e+17,5.384636,5.424042
36300,4757913600,1.870888e+17,5.384040,5.423418
36310,4759224320,1.871403e+17,5.384572,5.423320
36320,4760535040,1.871919e+17,5.381600,5.423336
36330,4761845760,1.872434e+17,5.384919,5.423415
36340,4763156480,1.872949e+17,5.387690,5.423055
36350,4764467200,1.873465e+17,5.383945,5.423033
36360,4765777920,1.873980e+17,5.385308,5.423133
36370,4767088640,1.874496e+17,5.385450,5.423274
36380,4768399360,1.875011e+17,5.385179,5.423015
36390,4769710080,1.875526e+17,5.388522,5.423244
36400,4771020800,1.876042e+17,5.383999,5.423587
36410,4772331520,1.876557e+17,5.382014,5.422880
36420,4773642240,1.877073e+17,5.386324,5.423197
36430,4774952960,1.877588e+17,5.382161,5.423210
36440,4776263680,1.878103e+17,5.385464,5.423086
36450,4777574400,1.878619e+17,5.382354,5.423176
36460,4778885120,1.879134e+17,5.386022,5.422937
36470,4780195840,1.879649e+17,5.385960,5.423612
36480,4781506560,1.880165e+17,5.380352,5.423365
36490,4782817280,1.880680e+17,5.385573,5.422949
36500,4784128000,1.881196e+17,5.383218,5.422745
36510,4785438720,1.881711e+17,5.387891,5.422565
36520,4786749440,1.882226e+17,5.388736,5.422417
36530,4788060160,1.882742e+17,5.390936,5.422277
36540,4789370880,1.883257e+17,5.391190,5.422519
36550,4790681600,1.883773e+17,5.387928,5.422210
36560,4791992320,1.884288e+17,5.391319,5.422443
36570,4793303040,1.884803e+17,5.389354,5.422551
36580,4794613760,1.885319e+17,5.387721,5.422152
36590,4795924480,1.885834e+17,5.389997,5.421798
36600,4797235200,1.886350e+17,5.392573,5.421965
36610,4798545920,1.886865e+17,5.386860,5.421790
36620,4799856640,1.887380e+17,5.381760,5.422268
36630,4801167360,1.887896e+17,5.387069,5.422038
36640,4802478080,1.888411e+17,5.388320,5.421963
36650,4803788800,1.888927e+17,5.387101,5.421884
36660,4805099520,1.889442e+17,5.391511,5.421797
36670,4806410240,1.889957e+17,5.393397,5.422099
36680,4807720960,1.890473e+17,5.392941,5.421845
36690,4809031680,1.890988e+17,5.396082,5.421892
36700,4810342400,1.891504e+17,5.394960,5.422102
36710,4811653120,1.892019e+17,5.388119,5.421484
36720,4812963840,1.892534e+17,5.390965,5.420945
36730,4814274560,1.893050e+17,5.386605,5.421393
36740,4815585280,1.893565e+17,5.386457,5.421934
36750,4816896000,1.894081e+17,5.382179,5.421858
36760,4818206720,1.894596e+17,5.376859,5.421517
36770,4819517440,1.895111e+17,5.374173,5.421420
36780,4820828160,1.895627e+17,5.379942,5.421518
36790,4822138880,1.896142e+17,5.379648,5.421548
36800,4823449600,1.896658e+17,5.380393,5.421226
36810,4824760320,1.897173e+17,5.382481,5.421165
36820,4826071040,1.897688e+17,5.382832,5.421976
36830,4827381760,1.898204e+17,5.388098,5.421874
36840,4828692480,1.898719e+17,5.386415,5.421787
36850,4830003200,1.899235e+17,5.384776,5.421844
36860,4831313920,1.899750e+17,5.383124,5.421941
36870,4832624640,1.900265e+17,5.384654,5.421828
36880,4833935360,1.900781e+17,5.392439,5.421499
36890,4835246080,1.901296e+17,5.389214,5.421487
36900,4836556800,1.901812e+17,5.389667,5.421013
36910,4837867520,1.902327e+17,5.389130,5.421117
36920,4839178240,1.902842e+17,5.389221,5.421289
36930,4840488960,1.903358e+17,5.387417,5.421136
36940,4841799680,1.903873e+17,5.385250,5.420646
36950,4843110400,1.904388e+17,5.386515,5.420650
36960,4844421120,1.904904e+17,5.387882,5.421147
36970,4845731840,1.905419e+17,5.389409,5.420970
36980,4847042560,1.905935e+17,5.390660,5.421154
36990,4848353280,1.906450e+17,5.392444,5.420992
37000,4849664000,1.906965e+17,5.392068,5.420971
37010,4850974720,1.907481e+17,5.399033,5.420815
37020,4852285440,1.907996e+17,5.397625,5.420670
37030,4853596160,1.908512e+17,5.391514,5.420622
37040,4854906880,1.909027e+17,5.389752,5.420591
37050,4856217600,1.909542e+17,5.390343,5.420340
37060,4857528320,1.910058e+17,5.392238,5.420552
37070,4858839040,1.910573e+17,5.390875,5.420446
37080,4860149760,1.911089e+17,5.391368,5.420311
37090,4861460480,1.911604e+17,5.390779,5.420501
37100,4862771200,1.912119e+17,5.391052,5.420423
37110,4864081920,1.912635e+17,5.392149,5.420487
37120,4865392640,1.913150e+17,5.392128,5.420624
37130,4866703360,1.913666e+17,5.396087,5.420625
37140,4868014080,1.914181e+17,5.392980,5.420028
37150,4869324800,1.914696e+17,5.390378,5.420076
37160,4870635520,1.915212e+17,5.392430,5.420244
37170,4871946240,1.915727e+17,5.393029,5.420270
37180,4873256960,1.916243e+17,5.388908,5.420364
37190,4874567680,1.916758e+17,5.388228,5.420009
37200,4875878400,1.917273e+17,5.385066,5.419868
37210,4877189120,1.917789e+17,5.383082,5.419920
37220,4878499840,1.918304e+17,5.381821,5.419967
37230,4879810560,1.918820e+17,5.383823,5.420027
37240,4881121280,1.919335e+17,5.385252,5.419789
37250,4882432000,1.919850e+17,5.387307,5.419621
37260,4883742720,1.920366e+17,5.390928,5.419503
37270,4885053440,1.920881e+17,5.389590,5.419592
37280,4886364160,1.921397e+17,5.386293,5.419540
37290,4887674880,1.921912e+17,5.386283,5.419523
37300,4888985600,1.922427e+17,5.385220,5.419305
37310,4890296320,1.922943e+17,5.379778,5.419188
37320,4891607040,1.923458e+17,5.380012,5.419453
37330,4892917760,1.923974e+17,5.385005,5.419542
37340,4894228480,1.924489e+17,5.386975,5.419444
37350,4895539200,1.925004e+17,5.386811,5.419410
37360,4896849920,1.925520e+17,5.388625,5.419358
37370,4898160640,1.926035e+17,5.391406,5.419325
37380,4899471360,1.926551e+17,5.392617,5.419389
37390,4900782080,1.927066e+17,5.391283,5.419322
37400,4902092800,1.927581e+17,5.387590,5.419326
37410,4903403520,1.928097e+17,5.386269,5.419245
37420,4904714240,1.928612e+17,5.385861,5.418937
37430,4906024960,1.929128e+17,5.384814,5.418929
37440,4907335680,1.929643e+17,5.386803,5.418962
37450,4908646400,1.930158e+17,5.389473,5.419065
37460,4909957120,1.930674e+17,5.386190,5.419011
37470,4911267840,1.931189e+17,5.385231,5.418709
37480,4912578560,1.931704e+17,5.386430,5.418827
37490,4913889280,1.932220e+17,5.383268,5.418988
37500,4915200000,1.932735e+17,5.386434,5.419056
37510,4916510720,1.933251e+17,5.388222,5.418984
37520,4917821440,1.933766e+17,5.385541,5.418877
37530,4919132160,1.934281e+17,5.385136,5.418963
37540,4920442880,1.934797e+17,5.390695,5.419032
37550,4921753600,1.935312e+17,5.388460,5.419079
37560,4923064320,1.935828e+17,5.388338,5.418727
37570,4924375040,1.936343e+17,5.387042,5.418811
37580,4925685760,1.936858e+17,5.384458,5.418738
37590,4926996480,1.937374e+17,5.386478,5.418895
37600,4928307200,1.937889e+17,5.386406,5.418983
37610,4929617920,1.938405e+17,5.384622,5.418702
37620,4930928640,1.938920e+17,5.382734,5.418837
37630,4932239360,1.939435e+17,5.378682,5.418819
37640,4933550080,1.939951e+17,5.382626,5.418825
37650,4934860800,1.940466e+17,5.382933,5.418868
37660,4936171520,1.940982e+17,5.386708,5.418692
37670,4937482240,1.941497e+17,5.383080,5.418558
37680,4938792960,1.942012e+17,5.385541,5.418363
37690,4940103680,1.942528e+17,5.386210,5.418521
37700,4941414400,1.943043e+17,5.380022,5.418288
37710,4942725120,1.943559e+17,5.381793,5.418534
37720,4944035840,1.944074e+17,5.383203,5.418358
37730,4945346560,1.944589e+17,5.383355,5.418083
37740,4946657280,1.945105e+17,5.382661,5.418180
37750,4947968000,1.945620e+17,5.383460,5.418167
37760,4949278720,1.946136e+17,5.383184,5.418403
37770,4950589440,1.946651e+17,5.383013,5.418362
37780,4951900160,1.947166e+17,5.386241,5.418582
37790,4953210880,1.947682e+17,5.383616,5.418503
37800,4954521600,1.948197e+17,5.384616,5.418430
37810,4955832320,1.948713e+17,5.389213,5.418482
37820,4957143040,1.949228e+17,5.388162,5.418245
37830,4958453760,1.949743e+17,5.389089,5.417957
37840,4959764480,1.950259e+17,5.388950,5.417970
37850,4961075200,1.950774e+17,5.385472,5.417958
37860,4962385920,1.951290e+17,5.390055,5.417905
37870,4963696640,1.951805e+17,5.387953,5.417871
37880,4965007360,1.952320e+17,5.387931,5.417793
37890,4966318080,1.952836e+17,5.390716,5.417767
37900,4967628800,1.953351e+17,5.389140,5.418008
37910,4968939520,1.953867e+17,5.383839,5.417860
37920,4970250240,1.954382e+17,5.383473,5.417619
37930,4971560960,1.954897e+17,5.383437,5.417813
37940,4972871680,1.955413e+17,5.382072,5.417486
37950,4974182400,1.955928e+17,5.383347,5.417588
37960,4975493120,1.956444e+17,5.379601,5.417403
37970,4976803840,1.956959e+17,5.378360,5.417383
37980,4978114560,1.957474e+17,5.376362,5.417449
37990,4979425280,1.957990e+17,5.381491,5.417397
38000,4980736000,1.958505e+17,5.385931,5.417444
38010,4982046720,1.959020e+17,5.384902,5.417509
38020,4983357440,1.959536e+17,5.382455,5.417559
38030,4984668160,1.960051e+17,5.384062,5.417465
38040,4985978880,1.960567e+17,5.384650,5.417494
38050,4987289600,1.961082e+17,5.386961,5.417623
38060,4988600320,1.961597e+17,5.386445,5.417638
38070,4989911040,1.962113e+17,5.385110,5.417459
38080,4991221760,1.962628e+17,5.386013,5.417492
38090,4992532480,1.963144e+17,5.387155,5.417585
38100,4993843200,1.963659e+17,5.383604,5.417542
38110,4995153920,1.964174e+17,5.384748,5.417575
38120,4996464640,1.964690e+17,5.379627,5.417420
38130,4997775360,1.965205e+17,5.378119,5.417232
38140,4999086080,1.965721e+17,5.378583,5.417449
38150,5000396800,1.966236e+17,5.377027,5.417524
38160,5001707520,1.966751e+17,5.374801,5.417419
38170,5003018240,1.967267e+17,5.371441,5.417266
38180,5004328960,1.967782e+17,5.375252,5.417290
38190,5005639680,1.968298e+17,5.381186,5.417362
38200,5006950400,1.968813e+17,5.380123,5.416988
38210,5008261120,1.969328e+17,5.380324,5.416940
38220,5009571840,1.969844e+17,5.381878,5.416845
38230,5010882560,1.970359e+17,5.382645,5.417075
38240,5012193280,1.970875e+17,5.379488,5.417152
38250,5013504000,1.971390e+17,5.384560,5.417191
38260,5014814720,1.971905e+17,5.384584,5.417161
38270,5016125440,1.972421e+17,5.383104,5.417072
38280,5017436160,1.972936e+17,5.381379,5.417010
38290,5018746880,1.973452e+17,5.380924,5.416924
38300,5020057600,1.973967e+17,5.387107,5.417072
38310,5021368320,1.974482e+17,5.390173,5.417050
38320,5022679040,1.974998e+17,5.387452,5.417014
38330,5023989760,1.975513e+17,5.389027,5.416952
38340,5025300480,1.976029e+17,5.384638,5.417006
38350,5026611200,1.976544e+17,5.383590,5.416916
38360,5027921920,1.977059e+17,5.380434,5.416922
38370,5029232640,1.977575e+17,5.379480,5.416827
38380,5030543360,1.978090e+17,5.378685,5.416925
38390,5031854080,1.978606e+17,5.380812,5.416931
38400,5033164800,1.979121e+17,5.386864,5.416688
38410,5034475520,1.979636e+17,5.389078,5.416524
38420,5035786240,1.980152e+17,5.389795,5.416497
38430,5037096960,1.980667e+17,5.393748,5.416586
38440,5038407680,1.981183e+17,5.396944,5.416622
38450,5039718400,1.981698e+17,5.395989,5.416636
38460,5041029120,1.982213e+17,5.394304,5.416683
38470,5042339840,1.982729e+17,5.390857,5.416541
38480,5043650560,1.983244e+17,5.390060,5.416637
38490,5044961280,1.983759e+17,5.388941,5.416480
38500,5046272000,1.984275e+17,5.391151,5.416254
38510,5047582720,1.984790e+17,5.384238,5.416457
38520,5048893440,1.985306e+17,5.387544,5.416425
38530,5050204160,1.985821e+17,5.389055,5.416235
38540,5051514880,1.986336e+17,5.386689,5.416378
38550,5052825600,1.986852e+17,5.389344,5.416391
38560,5054136320,1.987367e+17,5.387751,5.416182
38570,5055447040,1.987883e+17,5.387198,5.416177
38580,5056757760,1.988398e+17,5.385934,5.416118
38590,5058068480,1.988913e+17,5.382993,5.416169
38600,5059379200,1.989429e+17,5.385521,5.416223
38610,5060689920,1.989944e+17,5.385031,5.416007
38620,5062000640,1.990460e+17,5.380164,5.416137
38630,5063311360,1.990975e+17,5.380677,5.416045
38640,5064622080,1.991490e+17,5.377881,5.415958
38650,5065932800,1.992006e+17,5.378534,5.415954
38660,5067243520,1.992521e+17,5.375107,5.415942
38670,5068554240,1.993037e+17,5.376345,5.415882
38680,5069864960,1.993552e+17,5.376860,5.415843
38690,5071175680,1.994067e+17,5.372249,5.415923
38700,5072486400,1.994583e+17,5.373871,5.416037
38710,5073797120,1.995098e+17,5.374777,5.416041
38720,5075107840,1.995614e+17,5.375507,5.415764
38730,5076418560,1.996129e+17,5.375196,5.415846
38740,5077729280,1.996644e+17,5.374972,5.415844
38750,5079040000,1.997160e+17,5.376754,5.415858
38760,5080350720,1.997675e+17,5.372705,5.415941
38770,5081661440,1.998191e+17,5.374567,5.415876
38780,5082972160,1.998706e+17,5.375417,5.415918
38790,5084282880,1.999221e+17,5.367247,5.415750
38800,5085593600,1.999737e+17,5.366664,5.415683
38810,5086904320,2.000252e+17,5.369112,5.415880
38820,5088215040,2.000768e+17,5.373098,5.415829
38830,5089525760,2.001283e+17,5.372973,5.415892
38840,5090836480,2.001798e+17,5.373337,5.415774
38850,5092147200,2.002314e+17,5.375645,5.415735
38860,5093457920,2.002829e+17,5.375235,5.415566
38870,5094768640,2.003345e+17,5.379666,5.415671
38880,5096079360,2.003860e+17,5.379668,5.415634
38890,5097390080,2.004375e+17,5.380148,5.415552
38900,5098700800,2.004891e+17,5.379779,5.415518
38910,5100011520,2.005406e+17,5.378807,5.415448
38920,5101322240,2.005922e+17,5.380204,5.415370
38930,5102632960,2.006437e+17,5.380158,5.415454
38940,5103943680,2.006952e+17,5.379435,5.415377
38950,5105254400,2.007468e+17,5.380340,5.415304
38960,5106565120,2.007983e+17,5.380529,5.415275
38970,5107875840,2.008499e+17,5.380593,5.415245
38980,5109186560,2.009014e+17,5.381084,5.415267
38990,5110497280,2.009529e+17,5.381829,5.415346
39000,5111808000,2.010045e+17,5.383476,5.415218
39010,5113118720,2.010560e+17,5.385362,5.415123
39020,5114429440,2.011075e+17,5.385161,5.415137
39030,5115740160,2.011591e+17,5.384378,5.415109
39040,5117050880,2.012106e+17,5.387266,5.415125
39050,5118361600,2.012622e+17,5.389242,5.415076
39060,5119672320,2.013137e+17,5.388742,5.415115
39070,5120983040,2.013652e+17,5.387708,5.415073
39080,5122293760,2.014168e+17,5.386592,5.415024
39090,5123604480,2.014683e+17,5.379642,5.414966
39100,5124915200,2.015199e+17,5.381529,5.415013
39110,5126225920,2.015714e+17,5.377050,5.414954
39120,5127536640,2.016229e+17,5.380846,5.414893
39130,5128847360,2.016745e+17,5.379163,5.414900
39140,5130158080,2.017260e+17,5.380413,5.414964
39150,5131468800,2.017776e+17,5.379771,5.415063
39160,5132779520,2.018291e+17,5.379014,5.414959
39170,5134090240,2.018806e+17,5.381198,5.414893
39180,5135400960,2.019322e+17,5.377542,5.414704
39190,5136711680,2.019837e+17,5.378185,5.414739
39200,5138022400,2.020353e+17,5.379373,5.414742
39210,5139333120,2.020868e+17,5.379978,5.414780
39220,5140643840,2.021383e+17,5.381143,5.414708
39230,5141954560,2.021899e+17,5.379510,5.414567
39240,5143265280,2.022414e+17,5.385196,5.414558
39250,5144576000,2.022930e+17,5.378692,5.414540
39260,5145886720,2.023445e+17,5.379591,5.414594
39270,5147197440,2.023960e+17,5.381452,5.414485
39280,5148508160,2.024476e+17,5.379714,5.414487
39290,5149818880,2.024991e+17,5.378952,5.414553
39300,5151129600,2.025507e+17,5.378488,5.414542
39310,5152440320,2.026022e+17,5.377774,5.414357
39320,5153751040,2.026537e+17,5.372182,5.414467
39330,5155061760,2.027053e+17,5.370924,5.414496
39340,5156372480,2.027568e+17,5.373134,5.414419
39350,5157683200,2.028084e+17,5.369877,5.414391
39360,5158993920,2.028599e+17,5.369958,5.414221
39370,5160304640,2.029114e+17,5.376397,5.414249
39380,5161615360,2.029630e+17,5.380116,5.414271
39390,5162926080,2.030145e+17,5.384625,5.414220
39400,5164236800,2.030661e+17,5.382067,5.414186
39410,5165547520,2.031176e+17,5.384084,5.414251
39420,5166858240,2.031691e+17,5.385072,5.414270
39430,5168168960,2.032207e+17,5.379487,5.414216
39440,5169479680,2.032722e+17,5.378765,5.414160
39450,5170790400,2.033238e+17,5.374155,5.414168
39460,5172101120,2.033753e+17,5.377573,5.414104
39470,5173411840,2.034268e+17,5.375802,5.414049
39480,5174722560,2.034784e+17,5.380315,5.414087
39490,5176033280,2.035299e+17,5.381760,5.414095
39500,5177344000,2.035814e+17,5.379395,5.414028
39510,5178654720,2.036330e+17,5.380407,5.414061
39520,5179965440,2.036845e+17,5.373316,5.414108
39530,5181276160,2.037361e+17,5.375425,5.414067
39540,5182586880,2.037876e+17,5.375364,5.413999
39550,5183897600,2.038391e+17,5.376076,5.413969
39560,5185208320,2.038907e+17,5.381892,5.414066
39570,5186519040,2.039422e+17,5.381172,5.414150
39580,5187829760,2.039938e+17,5.379127,5.414103
39590,5189140480,2.040453e+17,5.380278,5.414016
39600,5190451200,2.040968e+17,5.376204,5.414002
39610,5191761920,2.041484e+17,5.384124,5.414004
39620,5193072640,2.041999e+17,5.382243,5.414026
39630,5194383360,2.042515e+17,5.379041,5.414024
39640,5195694080,2.043030e+17,5.385686,5.414048
39650,5197004800,2.043545e+17,5.382147,5.414043
39660,5198315520,2.044061e+17,5.382262,5.414077
39670,5199626240,2.044576e+17,5.381578,5.414020
39680,5200936960,2.045092e+17,5.387628,5.413989
39690,5202247680,2.045607e+17,5.381600,5.414027
39700,5203558400,2.046122e+17,5.377881,5.414040
39710,5204869120,2.046638e+17,5.381578,5.414106
39720,5206179840,2.047153e+17,5.380423,5.414142
39730,5207490560,2.047669e+17,5.378006,5.414069
39740,5208801280,2.048184e+17,5.375648,5.413945
39750,5210112000,2.048699e+17,5.379209,5.413849
39760,5211422720,2.049215e+17,5.378208,5.413881
39770,5212733440,2.049730e+17,5.384252,5.413922
39780,5214044160,2.050246e+17,5.385755,5.413889
39790,5215354880,2.050761e+17,5.383090,5.413917
39800,5216665600,2.051276e+17,5.386665,5.413833
39810,5217976320,2.051792e+17,5.385379,5.413810
39820,5219287040,2.052307e+17,5.381901,5.413838
39830,5220597760,2.052823e+17,5.383204,5.413920
39840,5221908480,2.053338e+17,5.384021,5.413935
39850,5223219200,2.053853e+17,5.381174,5.413893
39860,5224529920,2.054369e+17,5.378960,5.413918
39870,5225840640,2.054884e+17,5.376528,5.413859
39880,5227151360,2.055400e+17,5.380138,5.413833
39890,5228462080,2.055915e+17,5.383401,5.413810
39900,5229772800,2.056430e+17,5.379142,5.413775
39910,5231083520,2.056946e+17,5.375645,5.413767
39920,5232394240,2.057461e+17,5.376804,5.413795
39930,5233704960,2.057977e+17,5.382566,5.413833
39940,5235015680,2.058492e+17,5.383458,5.413818
39950,5236326400,2.059007e+17,5.384776,5.413772
39960,5237637120,2.059523e+17,5.387794,5.413737
39970,5238947840,2.060038e+17,5.382158,5.413760
39980,5240258560,2.060554e+17,5.381406,5.413718
39990,5241569280,2.061069e+17,5.383903,5.413689
40000,5242880000,2.061584e+17,5.383855,5.413677
40010,5244190720,2.062100e+17,5.381112,5.413668
40020,5245501440,2.062615e+17,5.381575,5.413702
40030,5246812160,2.063130e+17,5.383538,5.413725
40040,5248122880,2.063646e+17,5.382572,5.413691
40050,5249433600,2.064161e+17,5.384993,5.413676
40060,5250744320,2.064677e+17,5.387947,5.413696
40070,5252055040,2.065192e+17,5.381945,5.413688
40080,5253365760,2.065707e+17,5.383071,5.413697
40090,5254676480,2.066223e+17,5.379618,5.413599
40100,5255987200,2.066738e+17,5.380480,5.413634
40110,5257297920,2.067254e+17,5.380278,5.413622
40120,5258608640,2.067769e+17,5.380046,5.413571
40130,5259919360,2.068284e+17,5.377417,5.413585
40140,5261230080,2.068800e+17,5.377188,5.413582
40150,5262540800,2.069315e+17,5.374592,5.413542
40160,5263851520,2.069831e+17,5.377067,5.413592
40170,5265162240,2.070346e+17,5.379423,5.413603
40180,5266472960,2.070861e+17,5.381505,5.413596
40190,5267783680,2.071377e+17,5.383499,5.413609
40200,5269094400,2.071892e+17,5.379003,5.413602
40210,5270405120,2.072408e+17,5.377717,5.413609
40220,5271715840,2.072923e+17,5.385453,5.413634
40230,5273026560,2.073438e+17,5.383818,5.413662
40240,5274337280,2.073954e+17,5.384192,5.413612
40250,5275648000,2.074469e+17,5.385718,5.413576
40260,5276958720,2.074985e+17,5.387198,5.413550
40270,5278269440,2.075500e+17,5.388264,5.413561
40280,5279580160,2.076015e+17,5.387755,5.413569
40290,5280890880,2.076531e+17,5.386373,5.413578
40300,5282201600,2.077046e+17,5.386036,5.413579
40310,5283512320,2.077562e+17,5.384954,5.413570
40320,5284823040,2.078077e+17,5.380272,5.413554
40330,5286133760,2.078592e+17,5.378107,5.413528
40340,5287444480,2.079108e+17,5.378026,5.413477
40350,5288755200,2.079623e+17,5.379881,5.413442
40360,5290065920,2.080139e+17,5.377584,5.413432
40370,5291376640,2.080654e+17,5.379692,5.413442
40380,5292687360,2.081169e+17,5.381478,5.413422
40390,5293998080,2.081685e+17,5.384750,5.413416
40400,5295308800,2.082200e+17,5.391165,5.413402
40410,5296619520,2.082716e+17,5.391005,5.413414
40420,5297930240,2.083231e+17,5.393448,5.413387
40430,5299240960,2.083746e+17,5.397995,5.413363
40440,5300551680,2.084262e+17,5.393334,5.413336
40450,5301862400,2.084777e+17,5.392505,5.413366
40460,5303173120,2.085293e+17,5.393138,5.413388
40470,5304483840,2.085808e+17,5.389169,5.413390
40480,5305794560,2.086323e+17,5.392060,5.413355
40490,5307105280,2.086839e+17,5.387609,5.413335
40500,5308416000,2.087354e+17,5.387627,5.413355
40510,5309726720,2.087870e+17,5.385226,5.413362
40520,5311037440,2.088385e+17,5.386286,5.413325
40530,5312348160,2.088900e+17,5.388708,5.413306
40540,5313658880,2.089416e+17,5.388736,5.413288
40550,5314969600,2.089931e+17,5.386672,5.413301
40560,5316280320,2.090446e+17,5.388381,5.413283
40570,5317591040,2.090962e+17,5.388343,5.413286
40580,5318901760,2.091477e+17,5.383825,5.413274
40590,5320212480,2.091993e+17,5.378712,5.413270
40600,5321523200,2.092508e+17,5.380129,5.413280
40610,5322833920,2.093023e+17,5.379239,5.413274
40620,5324144640,2.093539e+17,5.381284,5.413265
40630,5325455360,2.094054e+17,5.381754,5.413259
40640,5326766080,2.094570e+17,5.378788,5.413247
40650,5328076800,2.095085e+17,5.378981,5.413248
40660,5329387520,2.095600e+17,5.378871,5.413230
40670,5330698240,2.096116e+17,5.382735,5.413230
40680,5332008960,2.096631e+17,5.382627,5.413227
40690,5333319680,2.097147e+17,5.380814,5.413263
40700,5334630400,2.097662e+17,5.376955,5.413277
40710,5335941120,2.098177e+17,5.379151,5.413253
40720,5337251840,2.098693e+17,5.375210,5.413238
40730,5338562560,2.099208e+17,5.375772,5.413227
40740,5339873280,2.099724e+17,5.374119,5.413196
40750,5341184000,2.100239e+17,5.371465,5.413194
40760,5342494720,2.100754e+17,5.375456,5.413181
40770,5343805440,2.101270e+17,5.380256,5.413179
40780,5345116160,2.101785e+17,5.382421,5.413162
40790,5346426880,2.102301e+17,5.379485,5.413146
40800,5347737600,2.102816e+17,5.375942,5.413137
40810,5349048320,2.103331e+17,5.379977,5.413147
40820,5350359040,2.103847e+17,5.377300,5.413152
40830,5351669760,2.104362e+17,5.382019,5.413157
40840,5352980480,2.104878e+17,5.377659,5.413175
40850,5354291200,2.105393e+17,5.377057,5.413173
40860,5355601920,2.105908e+17,5.381135,5.413161
40870,5356912640,2.106424e+17,5.376771,5.413147
40880,5358223360,2.106939e+17,5.379985,5.413152
40890,5359534080,2.107455e+17,5.381277,5.413141
40900,5360844800,2.107970e+17,5.383492,5.413140
40910,5362155520,2.108485e+17,5.380442,5.413147
40920,5363466240,2.109001e+17,5.380420,5.413154
40930,5364776960,2.109516e+17,5.377934,5.413157
40940,5366087680,2.110032e+17,5.375445,5.413167
40950,5367398400,2.110547e+17,5.376560,5.413148
40960,5368709120,2.111062e+17,5.378032,5.413130
40970,5370019840,2.111578e+17,5.378491,5.413133
40980,5371330560,2.112093e+17,5.379888,5.413148
40990,5372641280,2.112609e+17,5.376098,5.413162
41000,5373952000,2.113124e+17,5.376940,5.413162
41010,5375262720,2.113639e+17,5.377081,5.413135
41020,5376573440,2.114155e+17,5.378607,5.413104
41030,5377884160,2.114670e+17,5.376746,5.413087
41040,5379194880,2.115185e+17,5.379044,5.413079
41050,5380505600,2.115701e+17,5.387656,5.413081
41060,5381816320,2.116216e+17,5.385948,5.413094
41070,5383127040,2.116732e+17,5.385142,5.413099
41080,5384437760,2.117247e+17,5.387887,5.413095
41090,5385748480,2.117762e+17,5.386107,5.413098
41100,5387059200,2.118278e+17,5.381631,5.413106
41110,5388369920,2.118793e+17,5.380253,5.413103
41120,5389680640,2.119309e+17,5.375621,5.413100
41130,5390991360,2.119824e+17,5.373836,5.413098
41140,5392302080,2.120339e+17,5.374169,5.413103
41150,5393612800,2.120855e+17,5.377603,5.413091
41160,5394923520,2.121370e+17,5.382803,5.413080
41170,5396234240,2.121886e+17,5.381330,5.413078
41180,5397544960,2.122401e+17,5.380467,5.413066
41190,5398855680,2.122916e+17,5.381359,5.413061
41200,5400166400,2.123432e+17,5.381985,5.413062
41210,5401477120,2.123947e+17,5.375975,5.413061
41220,5402787840,2.124463e+17,5.378130,5.413067
41230,5404098560,2.124978e+17,5.377758,5.413063
41240,5405409280,2.125493e+17,5.375584,5.413058
41250,5406720000,2.126009e+17,5.371934,5.413058
41260,5408030720,2.126524e+17,5.374660,5.413058
41270,5409341440,2.127040e+17,5.372815,5.413053
41280,5410652160,2.127555e+17,5.369759,5.413044
41290,5411962880,2.128070e+17,5.377250,5.413040
41300,5413273600,2.128586e+17,5.378304,5.413044
41310,5414584320,2.129101e+17,5.379021,5.413050
41320,5415895040,2.129617e+17,5.382150,5.413052
41330,5417205760,2.130132e+17,5.372672,5.413055
41340,5418516480,2.130647e+17,5.372649,5.413057
41350,5419827200,2.131163e+17,5.373721,5.413059
41360,5421137920,2.131678e+17,5.377974,5.413063
41370,5422448640,2.132194e+17,5.375155,5.413061
41380,5423759360,2.132709e+17,5.374943,5.413055
41390,5425070080,2.133224e+17,5.373863,5.413052
41400,5426380800,2.133740e+17,5.374651,5.413047
41410,5427691520,2.134255e+17,5.372538,5.413043
41420,5429002240,2.134771e+17,5.374509,5.413036
41430,5430312960,2.135286e+17,5.375053,5.413029
41440,5431623680,2.135801e+17,5.373430,5.413027
41450,5432934400,2.136317e+17,5.373416,5.413027
41460,5434245120,2.136832e+17,5.373535,5.413029
41470,5435555840,2.137348e+17,5.377029,5.413027
41480,5436866560,2.137863e+17,5.378493,5.413029
41490,5438177280,2.138378e+17,5.371724,5.413029
41500,5439488000,2.138894e+17,5.371308,5.413031
41510,5440798720,2.139409e+17,5.372949,5.413033
41520,5442109440,2.139925e+17,5.370093,5.413035
41530,5443420160,2.140440e+17,5.373117,5.413036
41540,5444730880,2.140955e+17,5.374690,5.413033
41550,5446041600,2.141471e+17,5.375644,5.413031
41560,5447352320,2.141986e+17,5.372919,5.413028
41570,5448663040,2.142501e+17,5.371529,5.413028
41580,5449973760,2.143017e+17,5.377792,5.413026
41590,5451284480,2.143532e+17,5.378326,5.413026
41600,5452595200,2.144048e+17,5.379286,5.413025
41610,5453905920,2.144563e+17,5.381141,5.413024
41620,5455216640,2.145078e+17,5.381339,5.413024
41630,5456527360,2.145594e+17,5.383047,5.413025
41640,5457838080,2.146109e+17,5.386574,5.413024
41650,5459148800,2.146625e+17,5.379812,5.413024
41660,5460459520,2.147140e+17,5.378510,5.413025
41670,5461770240,2.147655e+17,5.377854,5.413025
41680,5463080960,2.148171e+17,5.376473,5.413025
41690,5464391680,2.148686e+17,5.376577,5.413025
41700,5465702400,2.149202e+17,5.372729,5.413024
41710,5467013120,2.149717e+17,5.375065,5.413025
41720,5468323840,2.150232e+17,5.375065,5.413026
41730,5469634560,2.150748e+17,5.378772,5.413026
41740,5470945280,2.151263e+17,5.382066,5.413026
41750,5472256000,2.151779e+17,5.381926,5.413026
41760,5473566720,2.152294e+17,5.380612,5.413025
41770,5474877440,2.152809e+17,5.379712,5.413024
41780,5476188160,2.153325e+17,5.384626,5.413025
41790,5477498880,2.153840e+17,5.382297,5.413024
41800,5478809600,2.154356e+17,5.381218,5.413024
41810,5480120320,2.154871e+17,5.382510,5.413024
41820,5481431040,2.155386e+17,5.386502,5.413024
41830,5482741760,2.155902e+17,5.387440,5.413024
41840,5484052480,2.156417e+17,5.380945,5.413024
41850,5485363200,2.156933e+17,5.381094,5.413024
41860,5486673920,2.157448e+17,5.381001,5.413024
41870,5487984640,2.157963e+17,5.379797,5.413024
41880,5489295360,2.158479e+17,5.382216,5.413024
41890,5490606080,2.158994e+17,5.379830,5.413024
41900,5491916800,2.159510e+17,5.379970,5.413024
41910,5493227520,2.160025e+17,5.384032,5.413024
41920,5494538240,2.160540e+17,5.389514,5.413024
41930,5495848960,2.161056e+17,5.391890,5.413024
41940,5497159680,2.161571e+17,5.390294,5.413024
41950,5498470400,2.162087e+17,5.387232,5.413024
41960,5499781120,2.162602e+17,5.383602,5.413023
41962,5500043264,2.162705e+17,5.382534,5.395055
