step,tokens_seen,cumulative_flops,train_loss,eval_loss,eval_loss_all_pos
100,1638400,3.092376e+13,89.483688,60.674239,60.645514
200,3276800,6.184753e+13,49.763428,39.387133,39.233202
300,4915200,9.277129e+13,37.865902,35.054164,34.872160
400,6553600,1.236951e+14,33.537937,32.140104,31.942721
500,8192000,1.546188e+14,30.445244,29.452741,29.250595
600,9830400,1.855426e+14,27.899120,26.842257,26.634102
700,11468800,2.164664e+14,25.242306,24.280242,24.089039
800,13107200,2.473901e+14,22.888615,21.818735,21.647739
900,14745600,2.783139e+14,20.516581,19.576569,19.425874
1000,16384000,3.092376e+14,18.377729,17.693187,17.569262
1100,18022400,3.401614e+14,16.737997,16.103443,16.001764
1200,19660800,3.710852e+14,15.218974,14.734747,14.632030
1300,21299200,4.020089e+14,13.897499,13.575037,13.479374
1400,22937600,4.329327e+14,12.868813,12.562580,12.471129
1500,24576000,4.638565e+14,11.964423,11.773447,11.674586
1600,26214400,4.947802e+14,11.345802,11.154375,11.056395
1700,27852800,5.257040e+14,10.719257,10.629179,10.537044
1800,29491200,5.566278e+14,10.235684,10.189211,10.090798
1900,31129600,5.875515e+14,9.817104,9.841885,9.743000
2000,32768000,6.184753e+14,9.461323,9.495608,9.400673
2100,34406400,6.493991e+14,9.204898,9.247018,9.157126
2200,36044800,6.803228e+14,8.979518,9.031528,8.945548
2300,37683200,7.112466e+14,8.784410,8.853729,8.763877
2400,39321600,7.421703e+14,8.640066,8.687207,8.603853
2500,40960000,7.730941e+14,8.462438,8.572388,8.491864
2600,42598400,8.040179e+14,8.321060,8.425616,8.356206
2700,44236800,8.349416e+14,8.252565,8.341918,8.270235
2800,45875200,8.658654e+14,8.205462,8.250677,8.182727
2900,47513600,8.967892e+14,8.095073,8.208240,8.134629
3000,49152000,9.277129e+14,8.034410,8.131575,8.058860
3100,50790400,9.586367e+14,7.971323,8.062998,7.992103
3200,52428800,9.895605e+14,7.917375,8.020592,7.950797
3300,54067200,1.020484e+15,7.892566,8.009020,7.941301
3400,55705600,1.051408e+15,7.853807,7.955542,7.884230
3500,57344000,1.082332e+15,7.789065,7.909548,7.848480
3600,58982400,1.113256e+15,7.783510,7.871856,7.813805
3700,60620800,1.144179e+15,7.718568,7.862204,7.799535
3800,62259200,1.175103e+15,7.705163,7.815729,7.755333
3900,63897600,1.206027e+15,7.692256,7.777651,7.723362
4000,65536000,1.236951e+15,7.681464,7.759344,7.708848
4100,67174400,1.267874e+15,7.639050,7.720043,7.669954
4200,68812800,1.298798e+15,7.625440,7.702986,7.657809
4300,70451200,1.329722e+15,7.606521,7.706014,7.657571
4400,72089600,1.360646e+15,7.585478,7.687011,7.640553
4500,73728000,1.391569e+15,7.558179,7.671819,7.621197
4600,75366400,1.422493e+15,7.548234,7.648634,7.597287
4700,77004800,1.453417e+15,7.576931,7.623652,7.577390
4800,78643200,1.484341e+15,7.545290,7.623069,7.579786
4900,80281600,1.515264e+15,7.543200,7.601685,7.561315
5000,81920000,1.546188e+15,7.516768,7.595502,7.554773
5100,83558400,1.577112e+15,7.490228,7.573657,7.526983
5200,85196800,1.608036e+15,7.488179,7.572725,7.528339
5300,86835200,1.638960e+15,7.463608,7.552845,7.518790
5400,88473600,1.669883e+15,7.479208,7.537747,7.499342
5500,90112000,1.700807e+15,7.466462,7.525817,7.492789
5600,91750400,1.731731e+15,7.486851,7.528568,7.488605
5700,93388800,1.762655e+15,7.442597,7.514860,7.484247
5800,95027200,1.793578e+15,7.448422,7.520062,7.485165
5900,96665600,1.824502e+15,7.450474,7.506170,7.471905
6000,98304000,1.855426e+15,7.454867,7.493615,7.458390
6100,99942400,1.886350e+15,7.435680,7.488761,7.452840
6200,101580800,1.917273e+15,7.438701,7.482209,7.446267
6300,103219200,1.948197e+15,7.427223,7.467311,7.431634
6400,104857600,1.979121e+15,7.401533,7.466136,7.427399
6500,106496000,2.010045e+15,7.391976,7.468561,7.434055
6600,108134400,2.040968e+15,7.381262,7.443945,7.412932
6700,109772800,2.071892e+15,7.382488,7.458679,7.421493
6800,111411200,2.102816e+15,7.405726,7.440448,7.402905
6900,113049600,2.133740e+15,7.379229,7.437875,7.400761
7000,114688000,2.164664e+15,7.390330,7.434043,7.401582
7100,116326400,2.195587e+15,7.351393,7.432377,7.398850
7200,117964800,2.226511e+15,7.352007,7.423981,7.388637
7300,119603200,2.257435e+15,7.362496,7.413437,7.380878
7400,121241600,2.288359e+15,7.344789,7.414681,7.380423
7500,122880000,2.319282e+15,7.338443,7.433338,7.397379
7600,124518400,2.350206e+15,7.351967,7.423072,7.383771
7700,126156800,2.381130e+15,7.359600,7.403298,7.370502
7800,127795200,2.412054e+15,7.347804,7.404214,7.369516
7900,129433600,2.442977e+15,7.329895,7.388726,7.356111
8000,131072000,2.473901e+15,7.337928,7.396972,7.361561
8100,132710400,2.504825e+15,7.321068,7.386349,7.351591
8200,134348800,2.535749e+15,7.310143,7.388940,7.355252
8300,135987200,2.566672e+15,7.325196,7.379087,7.346514
8400,137625600,2.597596e+15,7.328056,7.373034,7.338031
8500,139264000,2.628520e+15,7.296358,7.366203,7.334816
8600,140902400,2.659444e+15,7.327282,7.360292,7.326349
8700,142540800,2.690368e+15,7.322048,7.365751,7.331339
8800,144179200,2.721291e+15,7.316032,7.368972,7.331256
8900,145817600,2.752215e+15,7.311387,7.360500,7.321046
9000,147456000,2.783139e+15,7.299345,7.354236,7.319307
9100,149094400,2.814063e+15,7.300451,7.354811,7.315480
9200,150732800,2.844986e+15,7.294832,7.340317,7.308193
9300,152371200,2.875910e+15,7.290791,7.346519,7.311380
9400,154009600,2.906834e+15,7.306852,7.332173,7.298393
9500,155648000,2.937758e+15,7.281370,7.333061,7.300087
9600,157286400,2.968681e+15,7.274762,7.325910,7.290666
9700,158924800,2.999605e+15,7.294350,7.323060,7.287634
9800,160563200,3.030529e+15,7.274193,7.327488,7.292120
9900,162201600,3.061453e+15,7.273612,7.333041,7.292843
10000,163840000,3.092376e+15,7.239614,7.320977,7.284362
10100,165478400,3.123300e+15,7.257293,7.313116,7.275939
10200,167116800,3.154224e+15,7.284256,7.316149,7.277484
10300,168755200,3.185148e+15,7.253638,7.309895,7.274431
10400,170393600,3.216072e+15,7.255742,7.299804,7.267284
10500,172032000,3.246995e+15,7.246332,7.309776,7.273144
10600,173670400,3.277919e+15,7.236677,7.302537,7.267543
10700,175308800,3.308843e+15,7.239186,7.296594,7.263804
10800,176947200,3.339767e+15,7.234752,7.280720,7.249311
10900,178585600,3.370690e+15,7.243571,7.283416,7.249718
11000,180224000,3.401614e+15,7.217095,7.293911,7.261150
11100,181862400,3.432538e+15,7.195657,7.274292,7.244537
11200,183500800,3.463462e+15,7.228216,7.284060,7.255095
11300,185139200,3.494385e+15,7.192210,7.280865,7.251867
11400,186777600,3.525309e+15,7.175972,7.273421,7.238878
11500,188416000,3.556233e+15,7.212013,7.265290,7.229606
11600,190054400,3.587157e+15,7.210043,7.261197,7.226392
11700,191692800,3.618080e+15,7.184730,7.259283,7.225169
11800,193331200,3.649004e+15,7.200676,7.264483,7.228457
11900,194969600,3.679928e+15,7.188049,7.254910,7.215925
12000,196608000,3.710852e+15,7.199095,7.257466,7.221170
12100,198246400,3.741776e+15,7.221175,7.250176,7.218646
12200,199884800,3.772699e+15,7.212368,7.262149,7.223640
12300,201523200,3.803623e+15,7.200972,7.252232,7.214661
12400,203161600,3.834547e+15,7.169550,7.249036,7.210278
12500,204800000,3.865471e+15,7.177575,7.246120,7.212207
12600,206438400,3.896394e+15,7.177033,7.232116,7.194592
12700,208076800,3.927318e+15,7.185802,7.230237,7.190917
12800,209715200,3.958242e+15,7.165950,7.232349,7.199723
12900,211353600,3.989166e+15,7.169809,7.229321,7.193676
13000,212992000,4.020089e+15,7.146140,7.216350,7.184105
13100,214630400,4.051013e+15,7.149107,7.225866,7.191466
13200,216268800,4.081937e+15,7.142258,7.223290,7.190469
13300,217907200,4.112861e+15,7.190203,7.213807,7.179253
13400,219545600,4.143784e+15,7.165892,7.211034,7.176167
13500,221184000,4.174708e+15,7.156166,7.208773,7.172682
13600,222822400,4.205632e+15,7.149020,7.209435,7.172421
13700,224460800,4.236556e+15,7.144159,7.199012,7.163237
13800,226099200,4.267480e+15,7.136476,7.197608,7.163495
13900,227737600,4.298403e+15,7.138484,7.190201,7.158372
14000,229376000,4.329327e+15,7.127004,7.193811,7.152718
14100,231014400,4.360251e+15,7.100244,7.194014,7.155489
14200,232652800,4.391175e+15,7.142570,7.196289,7.158083
14300,234291200,4.422098e+15,7.123357,7.180543,7.144781
14400,235929600,4.453022e+15,7.106868,7.172816,7.134811
14500,237568000,4.483946e+15,7.110679,7.175773,7.139639
14600,239206400,4.514870e+15,7.124665,7.170484,7.134309
14700,240844800,4.545793e+15,7.092739,7.168545,7.131207
14800,242483200,4.576717e+15,7.110137,7.174106,7.136661
14900,244121600,4.607641e+15,7.102785,7.165828,7.123746
15000,245760000,4.638565e+15,7.078931,7.161051,7.122797
15100,247398400,4.669488e+15,7.064613,7.153188,7.119028
15200,249036800,4.700412e+15,7.100359,7.153844,7.119480
15300,250675200,4.731336e+15,7.107165,7.162069,7.124638
15400,252313600,4.762260e+15,7.078016,7.158285,7.125466
15500,253952000,4.793184e+15,7.091335,7.143310,7.108590
15600,255590400,4.824107e+15,7.083541,7.142242,7.103958
15700,257228800,4.855031e+15,7.082494,7.139544,7.103336
15800,258867200,4.885955e+15,7.069726,7.141208,7.105954
15900,260505600,4.916879e+15,7.074958,7.131858,7.094414
16000,262144000,4.947802e+15,7.063783,7.137979,7.097991
16100,263782400,4.978726e+15,7.059445,7.121881,7.084475
16200,265420800,5.009650e+15,7.073519,7.130582,7.093184
16300,267059200,5.040574e+15,7.052789,7.117424,7.081921
16400,268697600,5.071497e+15,7.074376,7.116919,7.080936
16500,270336000,5.102421e+15,7.065216,7.111444,7.078350
16600,271974400,5.133345e+15,7.042975,7.113661,7.079191
16700,273612800,5.164269e+15,7.057988,7.111741,7.076622
16800,275251200,5.195192e+15,7.032105,7.109924,7.073578
16900,276889600,5.226116e+15,7.047291,7.102575,7.070328
17000,278528000,5.257040e+15,7.030303,7.105332,7.068211
17100,280166400,5.287964e+15,7.041854,7.102470,7.065911
17200,281804800,5.318887e+15,7.039361,7.100345,7.064225
17300,283443200,5.349811e+15,7.026351,7.093276,7.061230
17400,285081600,5.380735e+15,7.011711,7.100852,7.065711
17500,286720000,5.411659e+15,7.034704,7.098107,7.057984
17600,288358400,5.442583e+15,7.041667,7.095671,7.059272
17700,289996800,5.473506e+15,7.047841,7.089996,7.051347
17800,291635200,5.504430e+15,7.023660,7.094563,7.052291
17900,293273600,5.535354e+15,7.016582,7.083035,7.047379
18000,294912000,5.566278e+15,7.040084,7.072150,7.034944
18100,296550400,5.597201e+15,7.030314,7.076589,7.034361
18200,298188800,5.628125e+15,7.004626,7.055780,7.021604
18300,299827200,5.659049e+15,7.020655,7.066995,7.028875
18400,301465600,5.689973e+15,7.021720,7.068567,7.030084
18500,303104000,5.720896e+15,7.013086,7.063953,7.025903
18600,304742400,5.751820e+15,7.013637,7.060361,7.025030
18700,306380800,5.782744e+15,6.989936,7.055041,7.020945
18800,308019200,5.813668e+15,6.992661,7.059660,7.019028
18900,309657600,5.844591e+15,6.979458,7.048430,7.013202
19000,311296000,5.875515e+15,6.993117,7.039334,7.003904
19100,312934400,5.906439e+15,6.991751,7.048017,7.012408
19200,314572800,5.937363e+15,6.997603,7.048235,7.011666
19300,316211200,5.968287e+15,6.979046,7.040651,7.007965
19400,317849600,5.999210e+15,6.998792,7.037389,7.002724
19500,319488000,6.030134e+15,7.003094,7.033633,6.995376
19600,321126400,6.061058e+15,7.002770,7.037665,6.996364
19700,322764800,6.091982e+15,6.974607,7.023408,6.990426
19800,324403200,6.122905e+15,6.995577,7.037177,7.001074
19900,326041600,6.153829e+15,6.964147,7.031027,6.999610
20000,327680000,6.184753e+15,6.990962,7.016011,6.982807
20100,329318400,6.215677e+15,6.966443,7.011358,6.976187
20200,330956800,6.246600e+15,6.964712,7.024289,6.985085
20300,332595200,6.277524e+15,6.949736,7.024180,6.983729
20400,334233600,6.308448e+15,6.954728,7.012696,6.970480
20500,335872000,6.339372e+15,6.968751,7.014470,6.973663
20600,337510400,6.370295e+15,6.987135,7.005173,6.965798
20700,339148800,6.401219e+15,6.966158,7.007680,6.966284
20800,340787200,6.432143e+15,6.964678,7.004624,6.963008
20900,342425600,6.463067e+15,6.939661,7.010094,6.967485
21000,344064000,6.493991e+15,6.922727,7.000430,6.963999
21100,345702400,6.524914e+15,6.936687,6.984996,6.949008
21200,347340800,6.555838e+15,6.937036,6.986839,6.950236
21300,348979200,6.586762e+15,6.898953,6.990564,6.952185
21400,350617600,6.617686e+15,6.915703,6.984727,6.950083
21500,352256000,6.648609e+15,6.944555,6.977981,6.940179
21600,353894400,6.679533e+15,6.928679,6.979029,6.944321
21700,355532800,6.710457e+15,6.911877,6.968832,6.931588
21800,357171200,6.741381e+15,6.927821,6.978654,6.940747
21900,358809600,6.772304e+15,6.919412,6.961982,6.929075
22000,360448000,6.803228e+15,6.924806,6.958971,6.926371
22100,362086400,6.834152e+15,6.930333,6.962715,6.928731
22200,363724800,6.865076e+15,6.912449,6.962043,6.930647
22300,365363200,6.895999e+15,6.919095,6.952875,6.920693
22400,367001600,6.926923e+15,6.912511,6.968943,6.933980
22500,368640000,6.957847e+15,6.912787,6.950854,6.918092
22600,370278400,6.988771e+15,6.900755,6.951855,6.916763
22700,371916800,7.019695e+15,6.890390,6.948375,6.910891
22800,373555200,7.050618e+15,6.891116,6.942259,6.907055
22900,375193600,7.081542e+15,6.897250,6.935659,6.906359
23000,376832000,7.112466e+15,6.889834,6.934672,6.900094
23100,378470400,7.143390e+15,6.881574,6.930215,6.897426
23200,380108800,7.174313e+15,6.874580,6.928186,6.893553
23300,381747200,7.205237e+15,6.860567,6.924656,6.892157
23400,383385600,7.236161e+15,6.858510,6.923875,6.889554
23500,385024000,7.267085e+15,6.874544,6.915455,6.884094
23600,386662400,7.298008e+15,6.915076,6.917643,6.883373
23700,388300800,7.328932e+15,6.877614,6.922916,6.884540
23800,389939200,7.359856e+15,6.884736,6.913038,6.881153
23900,391577600,7.390780e+15,6.856324,6.906914,6.873634
24000,393216000,7.421703e+15,6.859133,6.904888,6.872911
24100,394854400,7.452627e+15,6.869347,6.895090,6.862034
24200,396492800,7.483551e+15,6.867655,6.889998,6.858728
24300,398131200,7.514475e+15,6.885134,6.892990,6.860707
24400,399769600,7.545399e+15,6.864923,6.894466,6.861057
24500,401408000,7.576322e+15,6.882277,6.900519,6.863489
24600,403046400,7.607246e+15,6.849532,6.893673,6.863402
24700,404684800,7.638170e+15,6.866631,6.880785,6.853604
24800,406323200,7.669094e+15,6.861908,6.885213,6.850749
24900,407961600,7.700017e+15,6.850550,6.888359,6.850864
25000,409600000,7.730941e+15,6.839468,6.885993,6.850414
25100,411238400,7.761865e+15,6.852722,6.881284,6.845283
25200,412876800,7.792789e+15,6.830015,6.880544,6.843665
25300,414515200,7.823712e+15,6.826219,6.877351,6.842635
25400,416153600,7.854636e+15,6.813320,6.875842,6.844944
25500,417792000,7.885560e+15,6.845040,6.871625,6.841078
25600,419430400,7.916484e+15,6.838743,6.871286,6.839787
25700,421068800,7.947407e+15,6.830173,6.868791,6.831343
25800,422707200,7.978331e+15,6.816565,6.861083,6.826847
25900,424345600,8.009255e+15,6.839583,6.859430,6.826882
26000,425984000,8.040179e+15,6.825739,6.855963,6.820064
26100,427622400,8.071103e+15,6.816565,6.853131,6.819354
26200,429260800,8.102026e+15,6.799782,6.859342,6.823730
26300,430899200,8.132950e+15,6.813812,6.857461,6.823329
26400,432537600,8.163874e+15,6.823332,6.854592,6.819955
26500,434176000,8.194798e+15,6.802401,6.844781,6.810714
26600,435814400,8.225721e+15,6.808804,6.845888,6.808201
26700,437452800,8.256645e+15,6.807049,6.841776,6.809414
26800,439091200,8.287569e+15,6.803910,6.836866,6.802972
26900,440729600,8.318493e+15,6.778027,6.832500,6.801149
27000,442368000,8.349416e+15,6.783608,6.836712,6.803706
27100,444006400,8.380340e+15,6.806666,6.846495,6.809023
27200,445644800,8.411264e+15,6.811479,6.828652,6.795508
27300,447283200,8.442188e+15,6.798253,6.825571,6.794945
27400,448921600,8.473111e+15,6.794061,6.826156,6.789511
27500,450560000,8.504035e+15,6.798005,6.822801,6.788015
27600,452198400,8.534959e+15,6.790209,6.813938,6.779970
27700,453836800,8.565883e+15,6.762493,6.814680,6.779174
27800,455475200,8.596807e+15,6.765045,6.812869,6.783669
27900,457113600,8.627730e+15,6.761279,6.815701,6.787936
28000,458752000,8.658654e+15,6.767645,6.807039,6.778177
28100,460390400,8.689578e+15,6.763295,6.807705,6.776419
28200,462028800,8.720502e+15,6.769728,6.802107,6.768073
28300,463667200,8.751425e+15,6.760370,6.796298,6.765597
28400,465305600,8.782349e+15,6.791220,6.794751,6.763691
28500,466944000,8.813273e+15,6.755943,6.797310,6.762634
28600,468582400,8.844197e+15,6.760742,6.796297,6.765764
28700,470220800,8.875120e+15,6.763924,6.791818,6.756825
28800,471859200,8.906044e+15,6.743546,6.794503,6.760691
28900,473497600,8.936968e+15,6.750619,6.791495,6.759891
29000,475136000,8.967892e+15,6.772552,6.787101,6.758407
29100,476774400,8.998815e+15,6.758602,6.787015,6.754863
29200,478412800,9.029739e+15,6.756990,6.782028,6.750622
29300,480051200,9.060663e+15,6.731767,6.774425,6.743110
29400,481689600,9.091587e+15,6.749839,6.771816,6.741591
29500,483328000,9.122511e+15,6.764431,6.761434,6.733089
29600,484966400,9.153434e+15,6.761301,6.769647,6.737200
29700,486604800,9.184358e+15,6.733061,6.765588,6.732397
29800,488243200,9.215282e+15,6.764421,6.765832,6.733465
29900,489881600,9.246206e+15,6.726264,6.764172,6.734300
30000,491520000,9.277129e+15,6.723855,6.755291,6.723612
30100,493158400,9.308053e+15,6.735373,6.754880,6.727087
30200,494796800,9.338977e+15,6.735378,6.747521,6.719282
30300,496435200,9.369901e+15,6.695187,6.754962,6.724920
30400,498073600,9.400824e+15,6.704776,6.751581,6.725077
30500,499712000,9.431748e+15,6.703779,6.746944,6.716410
30600,501350400,9.462672e+15,6.721294,6.732411,6.706622
30700,502988800,9.493596e+15,6.700182,6.739295,6.711360
30800,504627200,9.524519e+15,6.720832,6.739819,6.713876
30900,506265600,9.555443e+15,6.711926,6.731664,6.705288
31000,507904000,9.586367e+15,6.716534,6.728779,6.703316
31100,509542400,9.617291e+15,6.706350,6.733020,6.703394
31200,511180800,9.648215e+15,6.708148,6.718753,6.694476
31300,512819200,9.679138e+15,6.708899,6.721098,6.699959
31400,514457600,9.710062e+15,6.712667,6.730958,6.706850
31500,516096000,9.740986e+15,6.695659,6.721834,6.699167
31600,517734400,9.771910e+15,6.707842,6.713029,6.686907
31700,519372800,9.802833e+15,6.701385,6.712045,6.686924
31800,521011200,9.833757e+15,6.686416,6.707775,6.679970
31900,522649600,9.864681e+15,6.707069,6.713084,6.687457
32000,524288000,9.895605e+15,6.699770,6.711690,6.680172
32100,525926400,9.926528e+15,6.685256,6.702367,6.675889
32200,527564800,9.957452e+15,6.685457,6.703551,6.673307
32300,529203200,9.988376e+15,6.655899,6.691224,6.664860
32400,530841600,1.001930e+16,6.648717,6.705007,6.670806
32500,532480000,1.005022e+16,6.653483,6.695906,6.666276
32600,534118400,1.008115e+16,6.679017,6.690279,6.663055
32700,535756800,1.011207e+16,6.689939,6.695538,6.665973
32800,537395200,1.014299e+16,6.698054,6.691073,6.660641
32900,539033600,1.017392e+16,6.664252,6.693682,6.661449
33000,540672000,1.020484e+16,6.652372,6.685347,6.654570
33100,542310400,1.023577e+16,6.644753,6.684779,6.654442
33200,543948800,1.026669e+16,6.641560,6.682557,6.652885
33300,545587200,1.029761e+16,6.641653,6.678500,6.649314
33400,547225600,1.032854e+16,6.634502,6.674540,6.645214
33500,548864000,1.035946e+16,6.662575,6.674831,6.645854
33600,550502400,1.039038e+16,6.647254,6.680130,6.646807
33700,552140800,1.042131e+16,6.642724,6.672261,6.640039
33800,553779200,1.045223e+16,6.672621,6.674107,6.643889
33900,555417600,1.048316e+16,6.628201,6.666631,6.640776
34000,557056000,1.051408e+16,6.654668,6.662122,6.632259
34100,558694400,1.054500e+16,6.666298,6.664494,6.632986
34200,560332800,1.057593e+16,6.628926,6.653909,6.626511
34300,561971200,1.060685e+16,6.631686,6.660724,6.629492
34400,563609600,1.063777e+16,6.633645,6.652931,6.622270
34500,565248000,1.066870e+16,6.614704,6.654128,6.626754
34600,566886400,1.069962e+16,6.614611,6.657121,6.627682
34700,568524800,1.073055e+16,6.638535,6.641833,6.616814
34800,570163200,1.076147e+16,6.659530,6.640370,6.614545
34900,571801600,1.079239e+16,6.615263,6.634074,6.605614
35000,573440000,1.082332e+16,6.646514,6.631862,6.607143
35100,575078400,1.085424e+16,6.636958,6.641237,6.610927
35200,576716800,1.088517e+16,6.626913,6.639620,6.608977
35300,578355200,1.091609e+16,6.620464,6.635127,6.603288
35400,579993600,1.094701e+16,6.632426,6.632075,6.602149
35500,581632000,1.097794e+16,6.607246,6.628218,6.597830
35600,583270400,1.100886e+16,6.605897,6.618546,6.592107
35700,584908800,1.103978e+16,6.604938,6.619090,6.589248
35800,586547200,1.107071e+16,6.603449,6.623733,6.592190
35900,588185600,1.110163e+16,6.605181,6.617221,6.586267
36000,589824000,1.113256e+16,6.597974,6.619656,6.588821
36100,591462400,1.116348e+16,6.581645,6.608014,6.579043
36200,593100800,1.119440e+16,6.575045,6.615111,6.583494
36300,594739200,1.122533e+16,6.600007,6.607257,6.579830
36400,596377600,1.125625e+16,6.595957,6.604588,6.573523
36500,598016000,1.128717e+16,6.601523,6.601946,6.570345
36600,599654400,1.131810e+16,6.588198,6.598661,6.571020
36700,601292800,1.134902e+16,6.592986,6.596839,6.568141
36800,602931200,1.137995e+16,6.591618,6.601213,6.569789
36900,604569600,1.141087e+16,6.540009,6.600587,6.573391
37000,606208000,1.144179e+16,6.596234,6.594062,6.563688
37100,607846400,1.147272e+16,6.583961,6.593015,6.562626
37200,609484800,1.150364e+16,6.577340,6.594293,6.560781
37300,611123200,1.153456e+16,6.554481,6.592154,6.559032
37400,612761600,1.156549e+16,6.574472,6.584727,6.557458
37500,614400000,1.159641e+16,6.561715,6.571382,6.548245
37600,616038400,1.162734e+16,6.540865,6.585464,6.558251
37700,617676800,1.165826e+16,6.561221,6.576618,6.547079
37800,619315200,1.168918e+16,6.562636,6.581639,6.551955
37900,620953600,1.172011e+16,6.555493,6.569910,6.539908
38000,622592000,1.175103e+16,6.568110,6.581381,6.545147
38100,624230400,1.178195e+16,6.543389,6.567436,6.536330
38200,625868800,1.181288e+16,6.559902,6.578017,6.544521
38300,627507200,1.184380e+16,6.555986,6.572047,6.535893
38400,629145600,1.187473e+16,6.540119,6.567634,6.536339
38500,630784000,1.190565e+16,6.567342,6.562968,6.532014
38600,632422400,1.193657e+16,6.536776,6.563587,6.527642
38700,634060800,1.196750e+16,6.538241,6.550802,6.522300
38800,635699200,1.199842e+16,6.541416,6.553597,6.523879
38900,637337600,1.202934e+16,6.542580,6.555998,6.520223
39000,638976000,1.206027e+16,6.539884,6.554474,6.519506
39100,640614400,1.209119e+16,6.522315,6.557389,6.522980
39200,642252800,1.212212e+16,6.541255,6.548487,6.518562
39300,643891200,1.215304e+16,6.518331,6.544766,6.513463
39400,645529600,1.218396e+16,6.521995,6.546417,6.516994
39500,647168000,1.221489e+16,6.513293,6.541472,6.509830
39600,648806400,1.224581e+16,6.526005,6.538872,6.505701
39700,650444800,1.227673e+16,6.533904,6.534742,6.503579
39800,652083200,1.230766e+16,6.530635,6.537357,6.509601
39900,653721600,1.233858e+16,6.518634,6.530292,6.499419
40000,655360000,1.236951e+16,6.523921,6.533347,6.504485
40100,656998400,1.240043e+16,6.530823,6.521701,6.493253
40200,658636800,1.243135e+16,6.532810,6.533151,6.501234
40300,660275200,1.246228e+16,6.490145,6.523626,6.498796
40400,661913600,1.249320e+16,6.474156,6.528827,6.496581
40500,663552000,1.252412e+16,6.519946,6.516917,6.486101
40600,665190400,1.255505e+16,6.527568,6.516661,6.485090
40700,666828800,1.258597e+16,6.496938,6.523388,6.489223
40800,668467200,1.261690e+16,6.504464,6.515418,6.483276
40900,670105600,1.264782e+16,6.499027,6.508776,6.480731
41000,671744000,1.267874e+16,6.495687,6.502265,6.472806
41100,673382400,1.270967e+16,6.478017,6.515358,6.481751
41200,675020800,1.274059e+16,6.480143,6.508760,6.475204
41300,676659200,1.277151e+16,6.475595,6.502456,6.469372
41400,678297600,1.280244e+16,6.494648,6.506176,6.473559
41500,679936000,1.283336e+16,6.497341,6.504702,6.472301
41600,681574400,1.286429e+16,6.458078,6.497162,6.465192
41700,683212800,1.289521e+16,6.471056,6.497679,6.464849
41800,684851200,1.292613e+16,6.458867,6.501821,6.464712
41900,686489600,1.295706e+16,6.481792,6.493343,6.458160
42000,688128000,1.298798e+16,6.496666,6.486373,6.453379
42100,689766400,1.301890e+16,6.476312,6.486055,6.448346
42200,691404800,1.304983e+16,6.485224,6.490234,6.453495
42300,693043200,1.308075e+16,6.467323,6.478023,6.447271
42400,694681600,1.311168e+16,6.486340,6.482643,6.451819
42500,696320000,1.314260e+16,6.470613,6.480117,6.446073
42600,697958400,1.317352e+16,6.463094,6.477483,6.445508
42700,699596800,1.320445e+16,6.476807,6.476701,6.443980
42800,701235200,1.323537e+16,6.464589,6.475045,6.439465
42900,702873600,1.326629e+16,6.472362,6.469653,6.435932
43000,704512000,1.329722e+16,6.439676,6.476081,6.437081
43100,706150400,1.332814e+16,6.462370,6.464585,6.433302
43200,707788800,1.335907e+16,6.468926,6.467189,6.434274
43300,709427200,1.338999e+16,6.480109,6.470170,6.432407
43400,711065600,1.342091e+16,6.440552,6.467228,6.434142
43500,712704000,1.345184e+16,6.431627,6.456691,6.424994
43600,714342400,1.348276e+16,6.437136,6.460672,6.425766
43700,715980800,1.351369e+16,6.460801,6.457724,6.421045
43800,717619200,1.354461e+16,6.450883,6.455793,6.420569
43900,719257600,1.357553e+16,6.445392,6.452581,6.415669
44000,720896000,1.360646e+16,6.425991,6.447422,6.414703
44100,722534400,1.363738e+16,6.407574,6.439790,6.409556
44200,724172800,1.366830e+16,6.430547,6.448503,6.415050
44300,725811200,1.369923e+16,6.442664,6.440917,6.407517
44400,727449600,1.373015e+16,6.427456,6.439749,6.407299
44500,729088000,1.376108e+16,6.440655,6.438498,6.402772
44600,730726400,1.379200e+16,6.432419,6.429143,6.398461
44700,732364800,1.382292e+16,6.400062,6.438893,6.403354
44800,734003200,1.385385e+16,6.417269,6.443367,6.404599
44900,735641600,1.388477e+16,6.432415,6.427938,6.391626
45000,737280000,1.391569e+16,6.408377,6.428633,6.391534
45100,738918400,1.394662e+16,6.408596,6.424950,6.389099
45200,740556800,1.397754e+16,6.410384,6.425855,6.390086
45300,742195200,1.400847e+16,6.409009,6.430556,6.394906
45400,743833600,1.403939e+16,6.413068,6.422406,6.386260
45500,745472000,1.407031e+16,6.385432,6.423171,6.386953
45600,747110400,1.410124e+16,6.382841,6.416646,6.378901
45700,748748800,1.413216e+16,6.389806,6.412913,6.380986
45800,750387200,1.416308e+16,6.396162,6.414063,6.379846
45900,752025600,1.419401e+16,6.391335,6.407600,6.372744
46000,753664000,1.422493e+16,6.384877,6.405510,6.370826
46100,755302400,1.425586e+16,6.397278,6.409929,6.374025
46200,756940800,1.428678e+16,6.368773,6.403743,6.369002
46300,758579200,1.431770e+16,6.380390,6.406699,6.367067
46400,760217600,1.434863e+16,6.391586,6.399576,6.361735
46500,761856000,1.437955e+16,6.386142,6.391256,6.359388
46600,763494400,1.441047e+16,6.401712,6.396063,6.360894
46700,765132800,1.444140e+16,6.374897,6.386940,6.356008
46800,766771200,1.447232e+16,6.353794,6.387978,6.356268
46900,768409600,1.450325e+16,6.352067,6.388429,6.358755
47000,770048000,1.453417e+16,6.380238,6.395119,6.360199
47100,771686400,1.456509e+16,6.389676,6.380909,6.348872
47200,773324800,1.459602e+16,6.378071,6.378028,6.344600
47300,774963200,1.462694e+16,6.357965,6.379630,6.345073
47400,776601600,1.465786e+16,6.356988,6.384152,6.346261
47500,778240000,1.468879e+16,6.325838,6.386685,6.349523
47600,779878400,1.471971e+16,6.326796,6.381255,6.344802
47700,781516800,1.475064e+16,6.360191,6.379677,6.341284
47800,783155200,1.478156e+16,6.358496,6.371210,6.337424
47900,784793600,1.481248e+16,6.342790,6.375013,6.336355
48000,786432000,1.484341e+16,6.369626,6.372405,6.335483
48100,788070400,1.487433e+16,6.337001,6.374898,6.335510
48200,789708800,1.490525e+16,6.334030,6.365942,6.327126
48300,791347200,1.493618e+16,6.326818,6.367005,6.329743
48400,792985600,1.496710e+16,6.333612,6.365842,6.324676
48500,794624000,1.499803e+16,6.331444,6.372240,6.328239
48600,796262400,1.502895e+16,6.346272,6.363081,6.321117
48700,797900800,1.505987e+16,6.358607,6.360071,6.321596
48800,799539200,1.509080e+16,6.332742,6.358421,6.317740
48900,801177600,1.512172e+16,6.335191,6.360666,6.318324
49000,802816000,1.515264e+16,6.340132,6.359006,6.320215
49100,804454400,1.518357e+16,6.336933,6.351394,6.311121
49200,806092800,1.521449e+16,6.310679,6.356368,6.311957
49300,807731200,1.524542e+16,6.310160,6.355646,6.311905
49400,809369600,1.527634e+16,6.304766,6.349728,6.306775
49500,811008000,1.530726e+16,6.323390,6.351153,6.309120
49600,812646400,1.533819e+16,6.306334,6.345008,6.302344
49700,814284800,1.536911e+16,6.291689,6.335515,6.297366
49800,815923200,1.540003e+16,6.299137,6.343048,6.303340
49900,817561600,1.543096e+16,6.306162,6.337633,6.299157
50000,819200000,1.546188e+16,6.307322,6.334360,6.294030
50100,820838400,1.549281e+16,6.314937,6.334849,6.294240
50200,822476800,1.552373e+16,6.330866,6.336173,6.295170
50300,824115200,1.555465e+16,6.322126,6.334223,6.289827
50400,825753600,1.558558e+16,6.292069,6.329263,6.289399
50500,827392000,1.561650e+16,6.290449,6.328955,6.290141
50600,829030400,1.564742e+16,6.317503,6.328903,6.288707
50700,830668800,1.567835e+16,6.314766,6.325581,6.282739
50800,832307200,1.570927e+16,6.302697,6.323895,6.283365
50900,833945600,1.574020e+16,6.292563,6.316449,6.276169
51000,835584000,1.577112e+16,6.285668,6.318947,6.279698
51100,837222400,1.580204e+16,6.282687,6.314913,6.275465
51200,838860800,1.583297e+16,6.286962,6.316649,6.273144
51300,840499200,1.586389e+16,6.278190,6.306967,6.270228
51400,842137600,1.589481e+16,6.298693,6.311963,6.272617
51500,843776000,1.592574e+16,6.302585,6.307850,6.269108
51600,845414400,1.595666e+16,6.276503,6.307525,6.270059
51700,847052800,1.598759e+16,6.278059,6.299127,6.263677
51800,848691200,1.601851e+16,6.298323,6.304664,6.266346
51900,850329600,1.604943e+16,6.285467,6.298364,6.262924
52000,851968000,1.608036e+16,6.288183,6.292781,6.260267
52100,853606400,1.611128e+16,6.300660,6.292691,6.255688
52200,855244800,1.614221e+16,6.255250,6.287404,6.255824
52300,856883200,1.617313e+16,6.282314,6.287996,6.253346
52400,858521600,1.620405e+16,6.270322,6.294329,6.256069
52500,860160000,1.623498e+16,6.279225,6.292189,6.251967
52600,861798400,1.626590e+16,6.278490,6.286555,6.252638
52700,863436800,1.629682e+16,6.259560,6.289288,6.254557
52800,865075200,1.632775e+16,6.248576,6.284104,6.248100
52900,866713600,1.635867e+16,6.259112,6.279777,6.246618
53000,868352000,1.638960e+16,6.243875,6.280271,6.243647
53100,869990400,1.642052e+16,6.235620,6.280815,6.242298
53200,871628800,1.645144e+16,6.258980,6.275260,6.240726
53300,873267200,1.648237e+16,6.242805,6.271472,6.237833
53400,874905600,1.651329e+16,6.226427,6.267301,6.232541
53500,876544000,1.654421e+16,6.240002,6.272092,6.237548
53600,878182400,1.657514e+16,6.222464,6.263231,6.228682
53700,879820800,1.660606e+16,6.235548,6.269630,6.234031
53800,881459200,1.663699e+16,6.252931,6.264343,6.230043
53900,883097600,1.666791e+16,6.249792,6.258609,6.224053
54000,884736000,1.669883e+16,6.242297,6.255658,6.224139
54100,886374400,1.672976e+16,6.228277,6.259396,6.224423
54200,888012800,1.676068e+16,6.265733,6.253445,6.221595
54300,889651200,1.679160e+16,6.256126,6.258541,6.222165
54400,891289600,1.682253e+16,6.235428,6.250071,6.217542
54500,892928000,1.685345e+16,6.246384,6.250196,6.217485
54600,894566400,1.688438e+16,6.221838,6.254922,6.216542
54700,896204800,1.691530e+16,6.230389,6.254784,6.216127
54800,897843200,1.694622e+16,6.257584,6.251060,6.214324
54900,899481600,1.697715e+16,6.239394,6.248126,6.214193
55000,901120000,1.700807e+16,6.234486,6.248494,6.210135
55100,902758400,1.703899e+16,6.210455,6.246404,6.208466
55200,904396800,1.706992e+16,6.228021,6.246001,6.205838
55300,906035200,1.710084e+16,6.213057,6.247456,6.208789
55400,907673600,1.713177e+16,6.221874,6.243547,6.205738
55500,909312000,1.716269e+16,6.214120,6.237663,6.200167
55600,910950400,1.719361e+16,6.208134,6.233593,6.196852
55700,912588800,1.722454e+16,6.220641,6.236874,6.198375
55800,914227200,1.725546e+16,6.228060,6.230551,6.188937
55900,915865600,1.728638e+16,6.218208,6.230155,6.191680
56000,917504000,1.731731e+16,6.223564,6.232144,6.191758
56100,919142400,1.734823e+16,6.206787,6.235406,6.194830
56200,920780800,1.737916e+16,6.214976,6.220964,6.184844
56300,922419200,1.741008e+16,6.191429,6.228080,6.188918
56400,924057600,1.744100e+16,6.197759,6.221524,6.179215
56500,925696000,1.747193e+16,6.199510,6.217590,6.178637
56600,927334400,1.750285e+16,6.189526,6.224626,6.183159
56700,928972800,1.753377e+16,6.190480,6.221170,6.180482
56800,930611200,1.756470e+16,6.205161,6.218054,6.178895
56900,932249600,1.759562e+16,6.199422,6.216130,6.176742
57000,933888000,1.762655e+16,6.179680,6.214144,6.171624
57100,935526400,1.765747e+16,6.184278,6.225373,6.181487
57200,937164800,1.768839e+16,6.194341,6.216749,6.176903
57300,938803200,1.771932e+16,6.188361,6.217466,6.173118
57400,940441600,1.775024e+16,6.211977,6.217239,6.172922
57500,942080000,1.778116e+16,6.184799,6.202006,6.163510
57600,943718400,1.781209e+16,6.179850,6.205302,6.166428
57700,945356800,1.784301e+16,6.170759,6.200932,6.162653
57800,946995200,1.787394e+16,6.187968,6.195337,6.159730
57900,948633600,1.790486e+16,6.178756,6.200940,6.162133
58000,950272000,1.793578e+16,6.161555,6.198359,6.159952
58100,951910400,1.796671e+16,6.187966,6.194458,6.157156
58200,953548800,1.799763e+16,6.181497,6.190661,6.153654
58300,955187200,1.802855e+16,6.181323,6.192776,6.155721
58400,956825600,1.805948e+16,6.179055,6.195722,6.153037
58500,958464000,1.809040e+16,6.177348,6.190329,6.151143
58600,960102400,1.812133e+16,6.143672,6.189676,6.147464
58700,961740800,1.815225e+16,6.159621,6.183747,6.143808
58800,963379200,1.818317e+16,6.158194,6.186183,6.147638
58900,965017600,1.821410e+16,6.154405,6.177228,6.138982
59000,966656000,1.824502e+16,6.168550,6.180932,6.142330
59100,968294400,1.827594e+16,6.162711,6.184227,6.144626
59200,969932800,1.830687e+16,6.153247,6.177579,6.141168
59300,971571200,1.833779e+16,6.123756,6.172841,6.138336
59400,973209600,1.836872e+16,6.136462,6.174227,6.137816
59500,974848000,1.839964e+16,6.166022,6.171783,6.134682
59600,976486400,1.843056e+16,6.167497,6.177276,6.137424
59700,978124800,1.846149e+16,6.134126,6.166340,6.133396
59800,979763200,1.849241e+16,6.157800,6.167495,6.133359
59900,981401600,1.852333e+16,6.147424,6.166634,6.131795
60000,983040000,1.855426e+16,6.136283,6.163965,6.129383
60100,984678400,1.858518e+16,6.151136,6.161838,6.129023
60200,986316800,1.861611e+16,6.133927,6.162165,6.126370
60300,987955200,1.864703e+16,6.141845,6.159027,6.122833
60400,989593600,1.867795e+16,6.139816,6.156604,6.121742
60500,991232000,1.870888e+16,6.132746,6.148765,6.115375
60600,992870400,1.873980e+16,6.133265,6.153247,6.117609
60700,994508800,1.877073e+16,6.132139,6.156629,6.120549
60800,996147200,1.880165e+16,6.139678,6.150484,6.115483
60900,997785600,1.883257e+16,6.147750,6.146442,6.112405
61000,999424000,1.886350e+16,6.124078,6.146873,6.112530
61100,1001062400,1.889442e+16,6.142049,6.144719,6.110824
61200,1002700800,1.892534e+16,6.156060,6.155007,6.114382
61300,1004339200,1.895627e+16,6.143793,6.143804,6.107801
61400,1005977600,1.898719e+16,6.126236,6.145379,6.110698
61500,1007616000,1.901812e+16,6.144893,6.148348,6.111230
61600,1009254400,1.904904e+16,6.142004,6.144905,6.107810
61700,1010892800,1.907996e+16,6.117384,6.140951,6.106099
61800,1012531200,1.911089e+16,6.138167,6.137206,6.101775
61900,1014169600,1.914181e+16,6.123785,6.137395,6.101872
62000,1015808000,1.917273e+16,6.129724,6.132711,6.098331
62100,1017446400,1.920366e+16,6.110832,6.134840,6.096161
62200,1019084800,1.923458e+16,6.112372,6.137318,6.098685
62300,1020723200,1.926551e+16,6.128778,6.133602,6.093819
62400,1022361600,1.929643e+16,6.076189,6.126553,6.088963
62500,1024000000,1.932735e+16,6.093859,6.134055,6.091917
62600,1025638400,1.935828e+16,6.115820,6.132223,6.091033
62700,1027276800,1.938920e+16,6.088404,6.130108,6.089401
62800,1028915200,1.942012e+16,6.111343,6.125054,6.084989
62900,1030553600,1.945105e+16,6.105048,6.125607,6.083635
63000,1032192000,1.948197e+16,6.118824,6.124014,6.084562
63100,1033830400,1.951290e+16,6.097484,6.120947,6.081505
63200,1035468800,1.954382e+16,6.105365,6.122169,6.082533
63300,1037107200,1.957474e+16,6.095987,6.123739,6.083287
63400,1038745600,1.960567e+16,6.106459,6.119977,6.082237
63500,1040384000,1.963659e+16,6.105363,6.117171,6.079790
63600,1042022400,1.966751e+16,6.096557,6.116481,6.078849
63700,1043660800,1.969844e+16,6.107553,6.112891,6.073667
63800,1045299200,1.972936e+16,6.098580,6.109913,6.074873
63900,1046937600,1.976029e+16,6.081012,6.113319,6.075208
64000,1048576000,1.979121e+16,6.089522,6.108087,6.073120
64100,1050214400,1.982213e+16,6.081977,6.112582,6.071842
64200,1051852800,1.985306e+16,6.090302,6.102249,6.067775
64300,1053491200,1.988398e+16,6.095984,6.104705,6.068513
64400,1055129600,1.991490e+16,6.094176,6.098904,6.065800
64500,1056768000,1.994583e+16,6.077048,6.101694,6.067130
64600,1058406400,1.997675e+16,6.090248,6.101053,6.064071
64700,1060044800,2.000768e+16,6.105484,6.100090,6.064226
64800,1061683200,2.003860e+16,6.103769,6.097295,6.060216
64900,1063321600,2.006952e+16,6.070087,6.093725,6.060649
65000,1064960000,2.010045e+16,6.088011,6.089891,6.060861
65100,1066598400,2.013137e+16,6.067199,6.090642,6.057803
65200,1068236800,2.016229e+16,6.067677,6.087964,6.054861
65300,1069875200,2.019322e+16,6.035691,6.090544,6.055992
65400,1071513600,2.022414e+16,6.078480,6.089399,6.053325
65500,1073152000,2.025507e+16,6.079249,6.087471,6.051372
65600,1074790400,2.028599e+16,6.087443,6.087494,6.050180
65700,1076428800,2.031691e+16,6.076940,6.083968,6.047679
65800,1078067200,2.034784e+16,6.054386,6.084368,6.048861
65900,1079705600,2.037876e+16,6.058402,6.087361,6.048521
66000,1081344000,2.040968e+16,6.038677,6.081273,6.046207
66100,1082982400,2.044061e+16,6.043720,6.080910,6.044805
66200,1084620800,2.047153e+16,6.052046,6.078842,6.041645
66300,1086259200,2.050246e+16,6.064616,6.076633,6.041847
66400,1087897600,2.053338e+16,6.047312,6.079128,6.043897
66500,1089536000,2.056430e+16,6.053405,6.073264,6.037840
66600,1091174400,2.059523e+16,6.056043,6.067218,6.030307
66700,1092812800,2.062615e+16,6.079758,6.069672,6.034492
66800,1094451200,2.065707e+16,6.034497,6.068375,6.033266
66900,1096089600,2.068800e+16,6.045246,6.067594,6.031217
67000,1097728000,2.071892e+16,6.067234,6.071299,6.032332
67100,1099366400,2.074985e+16,6.075766,6.062493,6.027046
67200,1101004800,2.078077e+16,6.058012,6.063761,6.028925
67300,1102643200,2.081169e+16,6.045574,6.066373,6.030440
67400,1104281600,2.084262e+16,6.065727,6.060287,6.026024
67500,1105920000,2.087354e+16,6.075533,6.064678,6.027419
67600,1107558400,2.090446e+16,6.049672,6.062027,6.024099
67700,1109196800,2.093539e+16,6.037908,6.061052,6.024627
67800,1110835200,2.096631e+16,6.019719,6.064873,6.027568
67900,1112473600,2.099724e+16,6.026090,6.058188,6.020996
68000,1114112000,2.102816e+16,6.039696,6.053916,6.021106
68100,1115750400,2.105908e+16,6.028752,6.055919,6.020019
68200,1117388800,2.109001e+16,6.050641,6.057228,6.019300
68300,1119027200,2.112093e+16,6.042405,6.054097,6.017217
68400,1120665600,2.115185e+16,6.040255,6.049615,6.013130
68500,1122304000,2.118278e+16,6.036607,6.045988,6.010392
68600,1123942400,2.121370e+16,6.013924,6.043089,6.008272
68700,1125580800,2.124463e+16,6.039368,6.045076,6.012847
68800,1127219200,2.127555e+16,6.044015,6.044861,6.010690
68900,1128857600,2.130647e+16,6.016848,6.038061,6.008724
69000,1130496000,2.133740e+16,6.028362,6.033546,6.005976
69100,1132134400,2.136832e+16,6.017177,6.040980,6.007578
69200,1133772800,2.139925e+16,6.024379,6.034531,6.001625
69300,1135411200,2.143017e+16,6.019308,6.040836,6.004473
69400,1137049600,2.146109e+16,6.046999,6.034018,6.003508
69500,1138688000,2.149202e+16,6.053610,6.029859,5.999194
69600,1140326400,2.152294e+16,6.018624,6.038212,6.009084
69700,1141964800,2.155386e+16,6.028365,6.036908,6.005899
69800,1143603200,2.158479e+16,6.010618,6.033687,6.003098
69900,1145241600,2.161571e+16,6.030390,6.027282,6.001020
70000,1146880000,2.164664e+16,6.004803,6.026312,5.996621
70100,1148518400,2.167756e+16,6.023623,6.024108,5.993913
70200,1150156800,2.170848e+16,6.016032,6.022880,5.991476
70300,1151795200,2.173941e+16,6.013839,6.024951,5.993581
70400,1153433600,2.177033e+16,6.027624,6.025679,5.993446
70500,1155072000,2.180125e+16,6.037073,6.027505,5.993253
70600,1156710400,2.183218e+16,6.011669,6.023045,5.985933
70700,1158348800,2.186310e+16,6.017641,6.020896,5.986312
70800,1159987200,2.189403e+16,5.995457,6.023187,5.990114
70900,1161625600,2.192495e+16,6.004958,6.020262,5.986432
71000,1163264000,2.195587e+16,5.973891,6.014212,5.983235
71100,1164902400,2.198680e+16,6.015679,6.018011,5.984800
71200,1166540800,2.201772e+16,6.021035,6.020833,5.986705
71300,1168179200,2.204864e+16,6.018281,6.020000,5.986490
71400,1169817600,2.207957e+16,5.994684,6.019159,5.982121
71500,1171456000,2.211049e+16,5.981945,6.010956,5.977306
71600,1173094400,2.214142e+16,6.010889,6.008592,5.977243
71700,1174732800,2.217234e+16,6.014955,6.013425,5.978369
71800,1176371200,2.220326e+16,6.001679,6.004525,5.976835
71900,1178009600,2.223419e+16,6.004648,6.006004,5.977574
72000,1179648000,2.226511e+16,6.015116,6.006018,5.972864
72100,1181286400,2.229603e+16,5.995850,6.003148,5.969235
72200,1182924800,2.232696e+16,6.010984,6.003914,5.972593
72300,1184563200,2.235788e+16,6.004059,6.004216,5.968521
72400,1186201600,2.238881e+16,5.999746,5.997356,5.968110
72500,1187840000,2.241973e+16,6.005865,6.000363,5.970621
72600,1189478400,2.245065e+16,5.975929,5.995592,5.965948
72700,1191116800,2.248158e+16,5.991021,5.996457,5.967055
72800,1192755200,2.251250e+16,5.997818,5.997489,5.966829
72900,1194393600,2.254342e+16,5.976504,5.987710,5.960145
73000,1196032000,2.257435e+16,5.995907,5.997721,5.969914
73100,1197670400,2.260527e+16,5.975876,5.995945,5.967251
73200,1199308800,2.263620e+16,5.979758,5.996405,5.966399
73300,1200947200,2.266712e+16,5.984598,5.993083,5.963283
73400,1202585600,2.269804e+16,5.986512,5.985731,5.957365
73500,1204224000,2.272897e+16,5.996903,5.986124,5.955643
73600,1205862400,2.275989e+16,5.985703,5.990627,5.962104
73700,1207500800,2.279081e+16,5.984365,5.987536,5.957827
73800,1209139200,2.282174e+16,5.974084,5.989048,5.957246
73900,1210777600,2.285266e+16,5.987630,5.989329,5.957833
74000,1212416000,2.288359e+16,5.961979,5.984455,5.953678
74100,1214054400,2.291451e+16,5.951400,5.988401,5.958543
74200,1215692800,2.294543e+16,5.956770,5.981323,5.950403
74300,1217331200,2.297636e+16,5.974368,5.980132,5.949627
74400,1218969600,2.300728e+16,5.966133,5.988893,5.953116
74500,1220608000,2.303820e+16,5.988571,5.983189,5.952866
74600,1222246400,2.306913e+16,5.956336,5.974921,5.946586
74700,1223884800,2.310005e+16,5.963170,5.975679,5.948888
74800,1225523200,2.313098e+16,5.960406,5.976602,5.946418
74900,1227161600,2.316190e+16,5.971913,5.976561,5.943224
75000,1228800000,2.319282e+16,5.968012,5.978244,5.947706
75100,1230438400,2.322375e+16,5.956743,5.977355,5.942714
75200,1232076800,2.325467e+16,5.938946,5.975261,5.944761
75300,1233715200,2.328559e+16,5.940043,5.975677,5.942370
75400,1235353600,2.331652e+16,5.951229,5.967103,5.939112
75500,1236992000,2.334744e+16,5.953927,5.975430,5.943262
75600,1238630400,2.337837e+16,5.949587,5.968828,5.940438
75700,1240268800,2.340929e+16,5.964303,5.968073,5.939013
75800,1241907200,2.344021e+16,5.970556,5.965870,5.936487
75900,1243545600,2.347114e+16,5.949258,5.965236,5.935696
76000,1245184000,2.350206e+16,5.949610,5.964846,5.934103
76100,1246822400,2.353298e+16,5.956405,5.970553,5.938014
76200,1248460800,2.356391e+16,5.964599,5.961727,5.931648
76300,1250099200,2.359483e+16,5.974173,5.968798,5.934384
76400,1251737600,2.362576e+16,5.927957,5.964835,5.932913
76500,1253376000,2.365668e+16,5.927601,5.957121,5.924731
76600,1255014400,2.368760e+16,5.946040,5.966086,5.928558
76700,1256652800,2.371853e+16,5.937111,5.960189,5.924819
76800,1258291200,2.374945e+16,5.938843,5.956757,5.923998
76900,1259929600,2.378037e+16,5.937337,5.958170,5.926293
77000,1261568000,2.381130e+16,5.946070,5.954095,5.925023
77100,1263206400,2.384222e+16,5.955558,5.955259,5.923219
77200,1264844800,2.387315e+16,5.952244,5.952739,5.924160
77300,1266483200,2.390407e+16,5.933876,5.954693,5.925346
77400,1268121600,2.393499e+16,5.933362,5.952904,5.922963
77500,1269760000,2.396592e+16,5.936247,5.948225,5.920393
77600,1271398400,2.399684e+16,5.926901,5.948975,5.920038
77700,1273036800,2.402777e+16,5.948887,5.953741,5.920693
77800,1274675200,2.405869e+16,5.937210,5.951355,5.918223
77900,1276313600,2.408961e+16,5.919189,5.950020,5.917887
78000,1277952000,2.412054e+16,5.919815,5.948086,5.916679
78100,1279590400,2.415146e+16,5.935841,5.947244,5.915829
78200,1281228800,2.418238e+16,5.922122,5.953879,5.916617
78300,1282867200,2.421331e+16,5.930060,5.947242,5.913059
78400,1284505600,2.424423e+16,5.947337,5.944309,5.909865
78500,1286144000,2.427516e+16,5.952322,5.943561,5.910176
78600,1287782400,2.430608e+16,5.905544,5.940400,5.906851
78700,1289420800,2.433700e+16,5.931975,5.938814,5.904909
78800,1291059200,2.436793e+16,5.911467,5.944764,5.908141
78900,1292697600,2.439885e+16,5.913091,5.936006,5.903741
79000,1294336000,2.442977e+16,5.914189,5.936296,5.902697
79100,1295974400,2.446070e+16,5.926785,5.935927,5.902322
79200,1297612800,2.449162e+16,5.919042,5.935735,5.902198
79300,1299251200,2.452255e+16,5.927934,5.933528,5.902850
79400,1300889600,2.455347e+16,5.934965,5.931301,5.899191
79500,1302528000,2.458439e+16,5.931262,5.932404,5.900091
79600,1304166400,2.461532e+16,5.917480,5.932966,5.900015
79700,1305804800,2.464624e+16,5.928468,5.929573,5.896844
79800,1307443200,2.467716e+16,5.936968,5.930448,5.896708
79900,1309081600,2.470809e+16,5.895606,5.934296,5.897235
80000,1310720000,2.473901e+16,5.909572,5.930240,5.897395
80100,1312358400,2.476994e+16,5.908998,5.931324,5.898396
80200,1313996800,2.480086e+16,5.909471,5.927067,5.894411
80300,1315635200,2.483178e+16,5.904058,5.929461,5.894437
80400,1317273600,2.486271e+16,5.905496,5.926342,5.889817
80500,1318912000,2.489363e+16,5.900969,5.927257,5.889741
80600,1320550400,2.492455e+16,5.915535,5.930367,5.893401
80700,1322188800,2.495548e+16,5.904579,5.921571,5.885854
80800,1323827200,2.498640e+16,5.922296,5.919325,5.885923
80900,1325465600,2.501733e+16,5.919163,5.917902,5.884750
81000,1327104000,2.504825e+16,5.914478,5.915700,5.881783
81100,1328742400,2.507917e+16,5.924161,5.922023,5.884424
81200,1330380800,2.511010e+16,5.909532,5.923276,5.885309
81300,1332019200,2.514102e+16,5.897809,5.916614,5.881997
81400,1333657600,2.517194e+16,5.895590,5.916563,5.881843
81500,1335296000,2.520287e+16,5.877576,5.915966,5.880749
81600,1336934400,2.523379e+16,5.921454,5.913927,5.876674
81700,1338572800,2.526472e+16,5.904414,5.911913,5.877787
81800,1340211200,2.529564e+16,5.886991,5.908800,5.876340
81900,1341849600,2.532656e+16,5.879849,5.913985,5.875990
82000,1343488000,2.535749e+16,5.888144,5.912000,5.879563
82100,1345126400,2.538841e+16,5.897462,5.909502,5.875644
82200,1346764800,2.541933e+16,5.873158,5.910899,5.877385
82300,1348403200,2.545026e+16,5.891325,5.905656,5.874714
82400,1350041600,2.548118e+16,5.905013,5.911429,5.878734
82500,1351680000,2.551211e+16,5.892376,5.910187,5.875116
82600,1353318400,2.554303e+16,5.922151,5.907049,5.872736
82700,1354956800,2.557395e+16,5.905104,5.899704,5.869834
82800,1356595200,2.560488e+16,5.885985,5.901815,5.871792
82900,1358233600,2.563580e+16,5.884444,5.903412,5.871584
83000,1359872000,2.566672e+16,5.882538,5.905568,5.872794
83100,1361510400,2.569765e+16,5.883322,5.903571,5.869802
83200,1363148800,2.572857e+16,5.885305,5.899461,5.863149
83300,1364787200,2.575950e+16,5.882458,5.899142,5.865395
83400,1366425600,2.579042e+16,5.867404,5.899849,5.864265
83500,1368064000,2.582134e+16,5.881198,5.901170,5.863554
83600,1369702400,2.585227e+16,5.880380,5.896932,5.861384
83700,1371340800,2.588319e+16,5.884194,5.889702,5.857667
83800,1372979200,2.591411e+16,5.877679,5.889561,5.860429
83900,1374617600,2.594504e+16,5.859358,5.888424,5.860236
84000,1376256000,2.597596e+16,5.877165,5.887586,5.856246
84100,1377894400,2.600689e+16,5.894250,5.886369,5.856043
84200,1379532800,2.603781e+16,5.882267,5.888138,5.856725
84300,1381171200,2.606873e+16,5.898810,5.885983,5.854197
84400,1382809600,2.609966e+16,5.891637,5.883656,5.851937
84500,1384448000,2.613058e+16,5.866884,5.881411,5.848969
84600,1386086400,2.616150e+16,5.886837,5.878730,5.849340
84700,1387724800,2.619243e+16,5.889538,5.878363,5.849673
84800,1389363200,2.622335e+16,5.869312,5.878776,5.844957
84900,1391001600,2.625428e+16,5.864450,5.879775,5.847148
85000,1392640000,2.628520e+16,5.870813,5.885035,5.850166
85100,1394278400,2.631612e+16,5.878928,5.883274,5.849459
85200,1395916800,2.634705e+16,5.866711,5.877761,5.846845
85300,1397555200,2.637797e+16,5.855847,5.877488,5.844927
85400,1399193600,2.640889e+16,5.869087,5.878365,5.846160
85500,1400832000,2.643982e+16,5.856606,5.874112,5.841733
85600,1402470400,2.647074e+16,5.850402,5.870854,5.840114
85700,1404108800,2.650167e+16,5.858869,5.870682,5.837058
85800,1405747200,2.653259e+16,5.868594,5.874440,5.841588
85900,1407385600,2.656351e+16,5.856362,5.870963,5.837370
86000,1409024000,2.659444e+16,5.875396,5.872276,5.839795
86100,1410662400,2.662536e+16,5.872567,5.868399,5.836602
86200,1412300800,2.665629e+16,5.869256,5.865586,5.836240
86300,1413939200,2.668721e+16,5.846010,5.865996,5.835304
86400,1415577600,2.671813e+16,5.862322,5.863315,5.830476
86500,1417216000,2.674906e+16,5.868546,5.866093,5.831589
86600,1418854400,2.677998e+16,5.871428,5.859998,5.830877
86700,1420492800,2.681090e+16,5.866749,5.860775,5.830502
86800,1422131200,2.684183e+16,5.837604,5.866082,5.830899
86900,1423769600,2.687275e+16,5.859233,5.860926,5.827143
87000,1425408000,2.690368e+16,5.856186,5.859041,5.826519
87100,1427046400,2.693460e+16,5.853011,5.860528,5.827089
87200,1428684800,2.696552e+16,5.844272,5.859104,5.824375
87300,1430323200,2.699645e+16,5.839297,5.860814,5.825716
87400,1431961600,2.702737e+16,5.852948,5.860016,5.826110
87500,1433600000,2.705829e+16,5.843582,5.855993,5.820119
87600,1435238400,2.708922e+16,5.834580,5.857080,5.824912
87700,1436876800,2.712014e+16,5.857210,5.857780,5.823674
87800,1438515200,2.715107e+16,5.826978,5.856550,5.823258
87900,1440153600,2.718199e+16,5.863254,5.857971,5.822978
88000,1441792000,2.721291e+16,5.833886,5.857720,5.821908
88100,1443430400,2.724384e+16,5.842793,5.852570,5.818393
88200,1445068800,2.727476e+16,5.835663,5.848874,5.816750
88300,1446707200,2.730568e+16,5.839161,5.852691,5.819967
88400,1448345600,2.733661e+16,5.843310,5.852750,5.820160
88500,1449984000,2.736753e+16,5.845774,5.851573,5.815993
88600,1451622400,2.739846e+16,5.829966,5.848716,5.816695
88700,1453260800,2.742938e+16,5.830902,5.845210,5.812694
88800,1454899200,2.746030e+16,5.837378,5.842425,5.811221
88900,1456537600,2.749123e+16,5.840003,5.840068,5.811240
89000,1458176000,2.752215e+16,5.812347,5.841766,5.810360
89100,1459814400,2.755307e+16,5.845549,5.839985,5.807667
89200,1461452800,2.758400e+16,5.846231,5.841751,5.809181
89300,1463091200,2.761492e+16,5.840229,5.848102,5.814780
89400,1464729600,2.764585e+16,5.828302,5.837806,5.807595
89500,1466368000,2.767677e+16,5.826339,5.836043,5.805899
89600,1468006400,2.770769e+16,5.821687,5.836468,5.803878
89700,1469644800,2.773862e+16,5.808558,5.834726,5.804388
89800,1471283200,2.776954e+16,5.808121,5.835914,5.805188
89900,1472921600,2.780046e+16,5.834211,5.839584,5.808318
90000,1474560000,2.783139e+16,5.810004,5.834279,5.804038
90100,1476198400,2.786231e+16,5.817356,5.834034,5.802640
90200,1477836800,2.789324e+16,5.828666,5.840325,5.806470
90300,1479475200,2.792416e+16,5.821377,5.831369,5.800575
90400,1481113600,2.795508e+16,5.833824,5.831021,5.801310
90500,1482752000,2.798601e+16,5.828357,5.830192,5.799579
90600,1484390400,2.801693e+16,5.808923,5.824166,5.795709
90700,1486028800,2.804785e+16,5.830033,5.826056,5.798500
90800,1487667200,2.807878e+16,5.800665,5.821349,5.795466
90900,1489305600,2.810970e+16,5.834262,5.826577,5.796601
91000,1490944000,2.814063e+16,5.831117,5.826362,5.793098
91100,1492582400,2.817155e+16,5.828513,5.820840,5.793105
91200,1494220800,2.820247e+16,5.815884,5.823663,5.793329
91300,1495859200,2.823340e+16,5.829895,5.826459,5.793613
91400,1497497600,2.826432e+16,5.813297,5.823152,5.788551
91500,1499136000,2.829524e+16,5.820570,5.823457,5.790025
91600,1500774400,2.832617e+16,5.828361,5.819974,5.789305
91700,1502412800,2.835709e+16,5.802470,5.824066,5.788484
91800,1504051200,2.838802e+16,5.820242,5.820750,5.789983
91900,1505689600,2.841894e+16,5.814728,5.822806,5.793435
92000,1507328000,2.844986e+16,5.828612,5.816767,5.785143
92100,1508966400,2.848079e+16,5.800694,5.816621,5.786166
92200,1510604800,2.851171e+16,5.807221,5.814963,5.782753
92300,1512243200,2.854263e+16,5.825664,5.819094,5.786621
92400,1513881600,2.857356e+16,5.792316,5.813559,5.783666
92500,1515520000,2.860448e+16,5.815315,5.816173,5.783583
92600,1517158400,2.863541e+16,5.806470,5.815409,5.782932
92700,1518796800,2.866633e+16,5.812546,5.809189,5.780263
92800,1520435200,2.869725e+16,5.819987,5.812312,5.781708
92900,1522073600,2.872818e+16,5.789494,5.814186,5.782926
93000,1523712000,2.875910e+16,5.803849,5.810168,5.782174
93100,1525350400,2.879002e+16,5.793067,5.806023,5.776844
93200,1526988800,2.882095e+16,5.791334,5.808816,5.777284
93300,1528627200,2.885187e+16,5.785424,5.807875,5.777902
93400,1530265600,2.888280e+16,5.779182,5.805833,5.778746
93500,1531904000,2.891372e+16,5.788861,5.807958,5.777399
93600,1533542400,2.894464e+16,5.787610,5.805506,5.773143
93700,1535180800,2.897557e+16,5.782230,5.798441,5.769749
93800,1536819200,2.900649e+16,5.813590,5.798926,5.770205
93900,1538457600,2.903741e+16,5.807427,5.796530,5.766361
94000,1540096000,2.906834e+16,5.784416,5.801090,5.770703
94100,1541734400,2.909926e+16,5.772917,5.795501,5.768369
94200,1543372800,2.913019e+16,5.793115,5.797707,5.769842
94300,1545011200,2.916111e+16,5.778710,5.795672,5.766489
94400,1546649600,2.919203e+16,5.793376,5.797668,5.767417
94500,1548288000,2.922296e+16,5.789571,5.793925,5.766672
94600,1549926400,2.925388e+16,5.785123,5.791570,5.763310
94700,1551564800,2.928481e+16,5.796817,5.788211,5.760497
94800,1553203200,2.931573e+16,5.780758,5.788363,5.759670
94900,1554841600,2.934665e+16,5.790728,5.790661,5.762553
95000,1556480000,2.937758e+16,5.773386,5.790087,5.756423
95100,1558118400,2.940850e+16,5.778525,5.784966,5.753792
95200,1559756800,2.943942e+16,5.780777,5.786387,5.755540
95300,1561395200,2.947035e+16,5.800497,5.789548,5.759041
95400,1563033600,2.950127e+16,5.795361,5.791945,5.758697
95500,1564672000,2.953220e+16,5.775459,5.781738,5.752716
95600,1566310400,2.956312e+16,5.764873,5.779164,5.751868
95700,1567948800,2.959404e+16,5.794106,5.787800,5.754088
95800,1569587200,2.962497e+16,5.771138,5.784039,5.750488
95900,1571225600,2.965589e+16,5.768428,5.785187,5.755019
96000,1572864000,2.968681e+16,5.765911,5.779233,5.749278
96100,1574502400,2.971774e+16,5.777399,5.778823,5.748368
96200,1576140800,2.974866e+16,5.782184,5.777226,5.747894
96300,1577779200,2.977959e+16,5.744665,5.776771,5.747392
96400,1579417600,2.981051e+16,5.760681,5.776833,5.745907
96500,1581056000,2.984143e+16,5.787364,5.773699,5.744660
96600,1582694400,2.987236e+16,5.780362,5.778965,5.751364
96700,1584332800,2.990328e+16,5.781256,5.773093,5.746223
96800,1585971200,2.993420e+16,5.772711,5.774063,5.745284
96900,1587609600,2.996513e+16,5.784128,5.772859,5.741692
97000,1589248000,2.999605e+16,5.771712,5.775223,5.745204
97100,1590886400,3.002698e+16,5.749380,5.771337,5.744403
97200,1592524800,3.005790e+16,5.775610,5.769954,5.741294
97300,1594163200,3.008882e+16,5.760184,5.766932,5.741666
97400,1595801600,3.011975e+16,5.758443,5.763693,5.738491
97500,1597440000,3.015067e+16,5.778845,5.770116,5.742714
97600,1599078400,3.018159e+16,5.749446,5.763256,5.740583
97700,1600716800,3.021252e+16,5.779286,5.758121,5.739426
97800,1602355200,3.024344e+16,5.740570,5.759315,5.735038
97900,1603993600,3.027437e+16,5.746092,5.759165,5.736002
98000,1605632000,3.030529e+16,5.754077,5.751866,5.731696
98100,1607270400,3.033621e+16,5.766338,5.757924,5.737556
98200,1608908800,3.036714e+16,5.754743,5.753678,5.734345
98300,1610547200,3.039806e+16,5.764656,5.755220,5.733388
98400,1612185600,3.042898e+16,5.773444,5.759876,5.736878
98500,1613824000,3.045991e+16,5.773431,5.755740,5.732382
98600,1615462400,3.049083e+16,5.753136,5.764552,5.736542
98700,1617100800,3.052176e+16,5.752145,5.755210,5.730566
98800,1618739200,3.055268e+16,5.743366,5.757063,5.731841
98900,1620377600,3.058360e+16,5.759941,5.756520,5.731385
99000,1622016000,3.061453e+16,5.749427,5.760970,5.733423
99100,1623654400,3.064545e+16,5.738802,5.751334,5.728307
99200,1625292800,3.067637e+16,5.748184,5.753745,5.727901
99300,1626931200,3.070730e+16,5.762286,5.750732,5.727578
99400,1628569600,3.073822e+16,5.747244,5.752546,5.727261
99500,1630208000,3.076915e+16,5.745403,5.750442,5.726075
99600,1631846400,3.080007e+16,5.750308,5.750785,5.723971
99700,1633484800,3.083099e+16,5.742812,5.750450,5.723925
99800,1635123200,3.086192e+16,5.745844,5.746105,5.720822
99900,1636761600,3.089284e+16,5.736398,5.746277,5.721481
100000,1638400000,3.092376e+16,5.761981,5.744591,5.718030
100100,1640038400,3.095469e+16,5.735766,5.745574,5.717009
100200,1641676800,3.098561e+16,5.731673,5.743832,5.719747
100300,1643315200,3.101654e+16,5.724673,5.741678,5.717681
100400,1644953600,3.104746e+16,5.747102,5.745902,5.718804
100500,1646592000,3.107838e+16,5.775483,5.745969,5.720176
100600,1648230400,3.110931e+16,5.756542,5.749212,5.720921
100700,1649868800,3.114023e+16,5.743343,5.744793,5.717302
100800,1651507200,3.117115e+16,5.747415,5.742651,5.713696
100900,1653145600,3.120208e+16,5.726828,5.737925,5.714884
101000,1654784000,3.123300e+16,5.724568,5.746352,5.717060
101100,1656422400,3.126393e+16,5.742110,5.743603,5.714161
101200,1658060800,3.129485e+16,5.734704,5.738877,5.712157
101300,1659699200,3.132577e+16,5.736882,5.748011,5.712989
101400,1661337600,3.135670e+16,5.742818,5.744467,5.711360
101500,1662976000,3.138762e+16,5.741588,5.742890,5.709420
101600,1664614400,3.141854e+16,5.748847,5.741539,5.710134
101700,1666252800,3.144947e+16,5.720940,5.738407,5.711159
101800,1667891200,3.148039e+16,5.748107,5.738960,5.709830
101900,1669529600,3.151132e+16,5.745814,5.733954,5.706709
102000,1671168000,3.154224e+16,5.737148,5.735177,5.706791
102100,1672806400,3.157316e+16,5.730775,5.732641,5.703395
102200,1674444800,3.160409e+16,5.716978,5.729450,5.703589
102300,1676083200,3.163501e+16,5.728695,5.737303,5.708405
102400,1677721600,3.166593e+16,5.725456,5.734873,5.706105
102500,1679360000,3.169686e+16,5.746244,5.735695,5.705724
102600,1680998400,3.172778e+16,5.735788,5.734779,5.702440
102700,1682636800,3.175871e+16,5.708936,5.735825,5.702513
102800,1684275200,3.178963e+16,5.705179,5.733309,5.700269
102900,1685913600,3.182055e+16,5.708188,5.730713,5.698779
103000,1687552000,3.185148e+16,5.722579,5.729019,5.699854
103100,1689190400,3.188240e+16,5.741406,5.731707,5.700413
103200,1690828800,3.191332e+16,5.729385,5.732801,5.698045
103300,1692467200,3.194425e+16,5.728464,5.729428,5.694409
103400,1694105600,3.197517e+16,5.718795,5.728636,5.695542
103500,1695744000,3.200610e+16,5.707989,5.726258,5.692020
103600,1697382400,3.203702e+16,5.711673,5.729402,5.695788
103700,1699020800,3.206794e+16,5.716691,5.725562,5.692920
103800,1700659200,3.209887e+16,5.711591,5.727801,5.697337
103900,1702297600,3.212979e+16,5.702419,5.727092,5.695331
104000,1703936000,3.216072e+16,5.723406,5.724964,5.694122
104100,1705574400,3.219164e+16,5.722444,5.722088,5.692189
104200,1707212800,3.222256e+16,5.714452,5.718823,5.689182
104300,1708851200,3.225349e+16,5.708930,5.722941,5.692547
104400,1710489600,3.228441e+16,5.697913,5.720573,5.691067
104500,1712128000,3.231533e+16,5.706308,5.716107,5.688636
104600,1713766400,3.234626e+16,5.712496,5.720532,5.690411
104700,1715404800,3.237718e+16,5.716859,5.716629,5.687893
104800,1717043200,3.240811e+16,5.704292,5.716123,5.684550
104900,1718681600,3.243903e+16,5.694458,5.715628,5.683252
105000,1720320000,3.246995e+16,5.711056,5.708011,5.681631
105100,1721958400,3.250088e+16,5.703030,5.709844,5.681071
105200,1723596800,3.253180e+16,5.717927,5.712082,5.683227
105300,1725235200,3.256272e+16,5.693411,5.715197,5.682617
105400,1726873600,3.259365e+16,5.697563,5.717466,5.687301
105500,1728512000,3.262457e+16,5.710893,5.714942,5.681594
105600,1730150400,3.265550e+16,5.705786,5.710702,5.678571
105700,1731788800,3.268642e+16,5.720110,5.714533,5.680930
105800,1733427200,3.271734e+16,5.691329,5.712678,5.680961
105900,1735065600,3.274827e+16,5.703174,5.708775,5.677783
106000,1736704000,3.277919e+16,5.689368,5.712744,5.677910
106100,1738342400,3.281011e+16,5.726335,5.709081,5.678195
106200,1739980800,3.284104e+16,5.695967,5.708007,5.676709
106300,1741619200,3.287196e+16,5.689049,5.707446,5.672754
106400,1743257600,3.290289e+16,5.684577,5.707697,5.671570
106500,1744896000,3.293381e+16,5.679152,5.708470,5.673129
106600,1746534400,3.296473e+16,5.696385,5.707899,5.674086
106700,1748172800,3.299566e+16,5.695053,5.713955,5.673158
106800,1749811200,3.302658e+16,5.700663,5.708816,5.673238
106900,1751449600,3.305750e+16,5.685410,5.708264,5.672374
107000,1753088000,3.308843e+16,5.687304,5.701702,5.670022
107100,1754726400,3.311935e+16,5.681853,5.699728,5.665940
107200,1756364800,3.315028e+16,5.705253,5.700363,5.665820
107300,1758003200,3.318120e+16,5.687754,5.698628,5.667000
107400,1759641600,3.321212e+16,5.670142,5.697499,5.663441
107500,1761280000,3.324305e+16,5.686758,5.696752,5.661648
107600,1762918400,3.327397e+16,5.675317,5.699865,5.668855
107700,1764556800,3.330489e+16,5.670751,5.698601,5.664548
107800,1766195200,3.333582e+16,5.677939,5.698298,5.663940
107900,1767833600,3.336674e+16,5.692945,5.694999,5.662443
108000,1769472000,3.339767e+16,5.666581,5.702522,5.666127
108100,1771110400,3.342859e+16,5.666751,5.695605,5.663218
108200,1772748800,3.345951e+16,5.657020,5.696663,5.662213
108300,1774387200,3.349044e+16,5.698967,5.692681,5.658771
108400,1776025600,3.352136e+16,5.699894,5.695790,5.659597
108500,1777664000,3.355228e+16,5.672900,5.695088,5.659932
108600,1779302400,3.358321e+16,5.685360,5.689426,5.657263
108700,1780940800,3.361413e+16,5.682108,5.685430,5.657725
108800,1782579200,3.364506e+16,5.689119,5.689512,5.661056
108900,1784217600,3.367598e+16,5.665684,5.691540,5.658676
109000,1785856000,3.370690e+16,5.656766,5.690959,5.661475
109100,1787494400,3.373783e+16,5.697824,5.687092,5.656807
109200,1789132800,3.376875e+16,5.677937,5.685912,5.653310
109300,1790771200,3.379967e+16,5.695211,5.687964,5.652294
109400,1792409600,3.383060e+16,5.685598,5.686114,5.655936
109500,1794048000,3.386152e+16,5.685863,5.679042,5.650288
109600,1795686400,3.389245e+16,5.714046,5.684459,5.650724
109700,1797324800,3.392337e+16,5.680192,5.686985,5.651232
109800,1798963200,3.395429e+16,5.653923,5.683472,5.651455
109900,1800601600,3.398522e+16,5.685901,5.680332,5.649407
110000,1802240000,3.401614e+16,5.671264,5.681841,5.652149
110100,1803878400,3.404706e+16,5.660656,5.683180,5.647151
110200,1805516800,3.407799e+16,5.685461,5.678707,5.649017
110300,1807155200,3.410891e+16,5.671988,5.678637,5.645501
110400,1808793600,3.413984e+16,5.685441,5.682650,5.649535
110500,1810432000,3.417076e+16,5.664658,5.679447,5.646309
110600,1812070400,3.420168e+16,5.668749,5.678696,5.644629
110700,1813708800,3.423261e+16,5.656271,5.680428,5.646294
110800,1815347200,3.426353e+16,5.663783,5.677138,5.643354
110900,1816985600,3.429445e+16,5.663779,5.681778,5.648934
111000,1818624000,3.432538e+16,5.669867,5.677880,5.643954
111100,1820262400,3.435630e+16,5.652071,5.677848,5.640818
111200,1821900800,3.438723e+16,5.667024,5.677122,5.642415
111300,1823539200,3.441815e+16,5.649319,5.679455,5.642450
111400,1825177600,3.444907e+16,5.669679,5.671823,5.641625
111500,1826816000,3.448000e+16,5.652310,5.673970,5.642054
111600,1828454400,3.451092e+16,5.645556,5.670020,5.637252
111700,1830092800,3.454184e+16,5.669553,5.670691,5.637714
111800,1831731200,3.457277e+16,5.644480,5.667124,5.637059
111900,1833369600,3.460369e+16,5.690752,5.663424,5.630596
112000,1835008000,3.463462e+16,5.674278,5.669607,5.637139
112100,1836646400,3.466554e+16,5.650632,5.664781,5.631810
112200,1838284800,3.469646e+16,5.653646,5.662584,5.629783
112300,1839923200,3.472739e+16,5.636505,5.663385,5.633271
112400,1841561600,3.475831e+16,5.651744,5.661965,5.629842
112500,1843200000,3.478924e+16,5.637549,5.663679,5.631910
112600,1844838400,3.482016e+16,5.642759,5.660547,5.627963
112700,1846476800,3.485108e+16,5.651082,5.660344,5.631533
112800,1848115200,3.488201e+16,5.660543,5.664730,5.632279
112900,1849753600,3.491293e+16,5.658368,5.663307,5.629590
113000,1851392000,3.494385e+16,5.653027,5.659483,5.628067
113100,1853030400,3.497478e+16,5.647311,5.656312,5.626815
113200,1854668800,3.500570e+16,5.654727,5.654079,5.626824
113300,1856307200,3.503663e+16,5.641024,5.655892,5.625659
113400,1857945600,3.506755e+16,5.645250,5.653980,5.624513
113500,1859584000,3.509847e+16,5.652555,5.657436,5.625120
113600,1861222400,3.512940e+16,5.647515,5.652754,5.621660
113700,1862860800,3.516032e+16,5.637436,5.650661,5.623765
113800,1864499200,3.519124e+16,5.633701,5.652389,5.620292
113900,1866137600,3.522217e+16,5.632486,5.650253,5.621610
114000,1867776000,3.525309e+16,5.638784,5.649510,5.620453
114100,1869414400,3.528402e+16,5.653684,5.654399,5.619225
114200,1871052800,3.531494e+16,5.668365,5.653329,5.618721
114300,1872691200,3.534586e+16,5.644090,5.653033,5.617862
114400,1874329600,3.537679e+16,5.658551,5.659026,5.620926
114500,1875968000,3.540771e+16,5.648208,5.653695,5.616960
114600,1877606400,3.543863e+16,5.634310,5.651583,5.618989
114700,1879244800,3.546956e+16,5.655940,5.652579,5.617575
114800,1880883200,3.550048e+16,5.644769,5.645943,5.612864
114900,1882521600,3.553141e+16,5.641327,5.646767,5.613387
115000,1884160000,3.556233e+16,5.629425,5.645902,5.611469
115100,1885798400,3.559325e+16,5.620778,5.645399,5.611255
115200,1887436800,3.562418e+16,5.645428,5.649058,5.613346
115300,1889075200,3.565510e+16,5.656487,5.651340,5.615133
115400,1890713600,3.568602e+16,5.629888,5.649993,5.610535
115500,1892352000,3.571695e+16,5.644228,5.647950,5.611648
115600,1893990400,3.574787e+16,5.628952,5.649287,5.611645
115700,1895628800,3.577880e+16,5.626269,5.644377,5.608796
115800,1897267200,3.580972e+16,5.620001,5.642317,5.608407
115900,1898905600,3.584064e+16,5.623248,5.640362,5.605189
116000,1900544000,3.587157e+16,5.621234,5.641351,5.606336
116100,1902182400,3.590249e+16,5.653246,5.637955,5.604496
116200,1903820800,3.593341e+16,5.636986,5.639308,5.603194
116300,1905459200,3.596434e+16,5.644267,5.641654,5.603981
116400,1907097600,3.599526e+16,5.635652,5.640389,5.602905
116500,1908736000,3.602619e+16,5.639367,5.635152,5.601509
116600,1910374400,3.605711e+16,5.639649,5.636637,5.603480
116700,1912012800,3.608803e+16,5.632923,5.638072,5.603520
116800,1913651200,3.611896e+16,5.601277,5.635312,5.600316
116900,1915289600,3.614988e+16,5.618506,5.635252,5.600046
117000,1916928000,3.618080e+16,5.602901,5.636070,5.596867
117100,1918566400,3.621173e+16,5.624618,5.635531,5.598142
117200,1920204800,3.624265e+16,5.633365,5.634341,5.595696
117300,1921843200,3.627358e+16,5.622334,5.635785,5.598039
117400,1923481600,3.630450e+16,5.625081,5.635128,5.595124
117500,1925120000,3.633542e+16,5.613430,5.632765,5.596307
117600,1926758400,3.636635e+16,5.617221,5.632648,5.592993
117700,1928396800,3.639727e+16,5.625237,5.631403,5.593154
117800,1930035200,3.642819e+16,5.611750,5.628145,5.592912
117900,1931673600,3.645912e+16,5.632379,5.626999,5.590473
118000,1933312000,3.649004e+16,5.589564,5.625658,5.590354
118100,1934950400,3.652097e+16,5.605675,5.624511,5.590592
118200,1936588800,3.655189e+16,5.617630,5.627654,5.591245
118300,1938227200,3.658281e+16,5.629192,5.624744,5.590007
118400,1939865600,3.661374e+16,5.605873,5.620163,5.588589
118500,1941504000,3.664466e+16,5.597736,5.620529,5.588863
118600,1943142400,3.667558e+16,5.611239,5.622647,5.588748
118700,1944780800,3.670651e+16,5.620108,5.623364,5.590140
118800,1946419200,3.673743e+16,5.612395,5.622195,5.589735
118900,1948057600,3.676836e+16,5.607748,5.619021,5.586272
119000,1949696000,3.679928e+16,5.611771,5.615972,5.585592
119100,1951334400,3.683020e+16,5.625717,5.616596,5.584722
119200,1952972800,3.686113e+16,5.579081,5.623443,5.587495
119300,1954611200,3.689205e+16,5.581900,5.616139,5.580967
119400,1956249600,3.692297e+16,5.615722,5.615506,5.580847
119500,1957888000,3.695390e+16,5.613993,5.616617,5.579933
119600,1959526400,3.698482e+16,5.618210,5.615483,5.581958
119700,1961164800,3.701575e+16,5.600374,5.613106,5.577526
119800,1962803200,3.704667e+16,5.619345,5.611980,5.577284
119900,1964441600,3.707759e+16,5.613995,5.614569,5.577986
120000,1966080000,3.710852e+16,5.611544,5.612379,5.577521
120100,1967718400,3.713944e+16,5.595633,5.615983,5.578275
120200,1969356800,3.717036e+16,5.599437,5.611799,5.575140
120300,1970995200,3.720129e+16,5.599159,5.609111,5.573851
120400,1972633600,3.723221e+16,5.595353,5.608302,5.573092
120500,1974272000,3.726314e+16,5.603992,5.605958,5.573248
120600,1975910400,3.729406e+16,5.619445,5.605655,5.571960
120700,1977548800,3.732498e+16,5.599849,5.608028,5.574579
120800,1979187200,3.735591e+16,5.613566,5.604938,5.569388
120900,1980825600,3.738683e+16,5.592410,5.611970,5.573908
121000,1982464000,3.741776e+16,5.602561,5.608229,5.570712
121100,1984102400,3.744868e+16,5.591671,5.611046,5.575159
121200,1985740800,3.747960e+16,5.594596,5.610086,5.572879
121300,1987379200,3.751053e+16,5.587328,5.613421,5.575739
121400,1989017600,3.754145e+16,5.608871,5.608207,5.572025
121500,1990656000,3.757237e+16,5.572589,5.603204,5.566962
121600,1992294400,3.760330e+16,5.583049,5.604633,5.566536
121700,1993932800,3.763422e+16,5.608081,5.601498,5.567670
121800,1995571200,3.766515e+16,5.592419,5.599679,5.567607
121900,1997209600,3.769607e+16,5.570843,5.595075,5.563148
122000,1998848000,3.772699e+16,5.575141,5.599648,5.563235
122100,2000486400,3.775792e+16,5.578563,5.598933,5.564538
122200,2002124800,3.778884e+16,5.581157,5.603233,5.565637
122300,2003763200,3.781976e+16,5.565482,5.601664,5.564056
122400,2005401600,3.785069e+16,5.559025,5.599708,5.561738
122500,2007040000,3.788161e+16,5.614426,5.597149,5.560204
122600,2008678400,3.791254e+16,5.593805,5.592662,5.559948
122700,2010316800,3.794346e+16,5.579664,5.594249,5.558624
122800,2011955200,3.797438e+16,5.570086,5.592031,5.556085
122900,2013593600,3.800531e+16,5.592198,5.599410,5.561561
123000,2015232000,3.803623e+16,5.601084,5.595998,5.562697
123100,2016870400,3.806715e+16,5.590937,5.592265,5.559686
123200,2018508800,3.809808e+16,5.622350,5.597507,5.559367
123300,2020147200,3.812900e+16,5.588277,5.601426,5.561539
123400,2021785600,3.815993e+16,5.570109,5.591835,5.556791
123500,2023424000,3.819085e+16,5.556727,5.591295,5.556131
123600,2025062400,3.822177e+16,5.596925,5.591939,5.554364
123700,2026700800,3.825270e+16,5.587270,5.590426,5.555224
123800,2028339200,3.828362e+16,5.557366,5.587477,5.552744
123900,2029977600,3.831454e+16,5.586394,5.588386,5.551627
124000,2031616000,3.834547e+16,5.589218,5.595849,5.557128
124100,2033254400,3.837639e+16,5.586461,5.588562,5.553470
124200,2034892800,3.840732e+16,5.599580,5.581324,5.553406
124300,2036531200,3.843824e+16,5.593867,5.586848,5.553398
124400,2038169600,3.846916e+16,5.599802,5.586916,5.552661
124500,2039808000,3.850009e+16,5.565323,5.586322,5.553831
124600,2041446400,3.853101e+16,5.566583,5.589412,5.552039
124700,2043084800,3.856193e+16,5.578645,5.587448,5.551812
124800,2044723200,3.859286e+16,5.589831,5.584902,5.549997
124900,2046361600,3.862378e+16,5.572077,5.584129,5.547828
125000,2048000000,3.865471e+16,5.567423,5.579688,5.544150
125100,2049638400,3.868563e+16,5.596032,5.581656,5.546768
125200,2051276800,3.871655e+16,5.573750,5.584249,5.548842
125300,2052915200,3.874748e+16,5.576092,5.582666,5.548381
125400,2054553600,3.877840e+16,5.570296,5.582485,5.545663
125500,2056192000,3.880932e+16,5.576397,5.580946,5.547075
125600,2057830400,3.884025e+16,5.590078,5.571845,5.540708
125700,2059468800,3.887117e+16,5.571200,5.580923,5.544360
125800,2061107200,3.890210e+16,5.600523,5.577137,5.545131
125900,2062745600,3.893302e+16,5.558548,5.576381,5.541276
126000,2064384000,3.896394e+16,5.562193,5.576261,5.541870
126100,2066022400,3.899487e+16,5.560376,5.577241,5.543016
126200,2067660800,3.902579e+16,5.584336,5.578874,5.540188
126300,2069299200,3.905671e+16,5.561408,5.574462,5.540664
126400,2070937600,3.908764e+16,5.547061,5.569288,5.538734
126500,2072576000,3.911856e+16,5.565362,5.568117,5.537152
126600,2074214400,3.914949e+16,5.551967,5.567842,5.537941
126700,2075852800,3.918041e+16,5.538857,5.568629,5.536576
126800,2077491200,3.921133e+16,5.558424,5.570194,5.537541
126900,2079129600,3.924226e+16,5.564651,5.565055,5.533527
127000,2080768000,3.927318e+16,5.563113,5.560724,5.529548
127100,2082406400,3.930410e+16,5.541450,5.566433,5.531136
127200,2084044800,3.933503e+16,5.545508,5.565982,5.531633
127300,2085683200,3.936595e+16,5.525297,5.565606,5.531791
127400,2087321600,3.939688e+16,5.548014,5.567328,5.533845
127500,2088960000,3.942780e+16,5.571674,5.568432,5.533734
127600,2090598400,3.945872e+16,5.553482,5.563506,5.531457
127700,2092236800,3.948965e+16,5.571030,5.560656,5.530234
127800,2093875200,3.952057e+16,5.540908,5.565436,5.528450
127900,2095513600,3.955149e+16,5.537951,5.561846,5.527031
128000,2097152000,3.958242e+16,5.566930,5.560818,5.528259
128100,2098790400,3.961334e+16,5.561972,5.563314,5.529257
128200,2100428800,3.964427e+16,5.532412,5.563646,5.527814
128300,2102067200,3.967519e+16,5.551867,5.560570,5.527796
128400,2103705600,3.970611e+16,5.545893,5.569897,5.530913
128500,2105344000,3.973704e+16,5.533090,5.567047,5.529611
128600,2106982400,3.976796e+16,5.574758,5.559153,5.524531
128700,2108620800,3.979888e+16,5.534628,5.564467,5.528332
128800,2110259200,3.982981e+16,5.546877,5.555859,5.521966
128900,2111897600,3.986073e+16,5.553722,5.552637,5.521430
129000,2113536000,3.989166e+16,5.552877,5.553733,5.523099
129100,2115174400,3.992258e+16,5.548285,5.558300,5.524282
129200,2116812800,3.995350e+16,5.551779,5.557017,5.523933
129300,2118451200,3.998443e+16,5.539950,5.556511,5.520458
129400,2120089600,4.001535e+16,5.544480,5.556892,5.521102
129500,2121728000,4.004628e+16,5.569008,5.556793,5.520244
129600,2123366400,4.007720e+16,5.525050,5.554316,5.517723
129700,2125004800,4.010812e+16,5.536968,5.551249,5.514843
129800,2126643200,4.013905e+16,5.517967,5.548586,5.515339
129900,2128281600,4.016997e+16,5.563841,5.553370,5.516214
130000,2129920000,4.020089e+16,5.540078,5.551589,5.517039
130100,2131558400,4.023182e+16,5.547659,5.552866,5.516684
130200,2133196800,4.026274e+16,5.536850,5.555710,5.517913
130300,2134835200,4.029367e+16,5.545366,5.548913,5.513839
130400,2136473600,4.032459e+16,5.528078,5.548193,5.513838
130500,2138112000,4.035551e+16,5.517283,5.544492,5.509546
130600,2139750400,4.038644e+16,5.547870,5.549445,5.513935
130700,2141388800,4.041736e+16,5.532274,5.546544,5.513299
130800,2143027200,4.044828e+16,5.538977,5.545124,5.509939
130900,2144665600,4.047921e+16,5.543180,5.545687,5.512729
131000,2146304000,4.051013e+16,5.540838,5.543799,5.509951
131100,2147942400,4.054106e+16,5.536766,5.541004,5.509071
131200,2149580800,4.057198e+16,5.520094,5.538062,5.507183
131300,2151219200,4.060290e+16,5.529272,5.536800,5.503650
131400,2152857600,4.063383e+16,5.527879,5.540626,5.507263
131500,2154496000,4.066475e+16,5.544528,5.542531,5.505485
131600,2156134400,4.069567e+16,5.538383,5.542567,5.504821
131700,2157772800,4.072660e+16,5.519180,5.535781,5.501266
131800,2159411200,4.075752e+16,5.522856,5.533427,5.502658
131900,2161049600,4.078845e+16,5.511479,5.532688,5.501909
132000,2162688000,4.081937e+16,5.524620,5.536469,5.503292
132100,2164326400,4.085029e+16,5.505061,5.534559,5.503641
132200,2165964800,4.088122e+16,5.518338,5.542307,5.507560
132300,2167603200,4.091214e+16,5.503829,5.537324,5.503016
132400,2169241600,4.094306e+16,5.541084,5.537961,5.503018
132500,2170880000,4.097399e+16,5.539929,5.533685,5.501684
132600,2172518400,4.100491e+16,5.542746,5.536828,5.501314
132700,2174156800,4.103584e+16,5.533907,5.534454,5.501762
132800,2175795200,4.106676e+16,5.528386,5.530701,5.500261
132900,2177433600,4.109768e+16,5.535052,5.529809,5.498040
133000,2179072000,4.112861e+16,5.515711,5.527213,5.495582
133100,2180710400,4.115953e+16,5.535515,5.534671,5.501846
133200,2182348800,4.119045e+16,5.535126,5.528641,5.493933
133300,2183987200,4.122138e+16,5.510576,5.530494,5.497157
133400,2185625600,4.125230e+16,5.537775,5.527448,5.495143
133500,2187264000,4.128323e+16,5.501225,5.528606,5.493691
133600,2188902400,4.131415e+16,5.519954,5.528961,5.494778
133700,2190540800,4.134507e+16,5.523055,5.524062,5.491199
133800,2192179200,4.137600e+16,5.509595,5.521455,5.490571
133900,2193817600,4.140692e+16,5.504501,5.527193,5.492382
134000,2195456000,4.143784e+16,5.510347,5.527824,5.491966
134100,2197094400,4.146877e+16,5.525152,5.531593,5.493608
134200,2198732800,4.149969e+16,5.495781,5.529699,5.491264
134300,2200371200,4.153062e+16,5.524071,5.530865,5.493922
134400,2202009600,4.156154e+16,5.506222,5.523058,5.488213
134500,2203648000,4.159246e+16,5.522258,5.522570,5.486798
134600,2205286400,4.162339e+16,5.492431,5.519265,5.483664
134700,2206924800,4.165431e+16,5.521113,5.520576,5.484688
134800,2208563200,4.168523e+16,5.521593,5.521456,5.485541
134900,2210201600,4.171616e+16,5.500520,5.526384,5.486082
135000,2211840000,4.174708e+16,5.521430,5.523585,5.485875
135100,2213478400,4.177801e+16,5.515036,5.520292,5.483706
135200,2215116800,4.180893e+16,5.499905,5.523212,5.484238
135300,2216755200,4.183985e+16,5.543099,5.524013,5.485033
135400,2218393600,4.187078e+16,5.519447,5.523741,5.487640
135500,2220032000,4.190170e+16,5.511545,5.520434,5.483349
135600,2221670400,4.193262e+16,5.501531,5.518116,5.483372
135700,2223308800,4.196355e+16,5.511495,5.520680,5.482241
135800,2224947200,4.199447e+16,5.519110,5.517086,5.481705
135900,2226585600,4.202540e+16,5.490818,5.516846,5.484228
136000,2228224000,4.205632e+16,5.532179,5.518285,5.481420
136100,2229862400,4.208724e+16,5.532998,5.520098,5.481564
136200,2231500800,4.211817e+16,5.521972,5.516221,5.481071
136300,2233139200,4.214909e+16,5.518017,5.518966,5.480934
136400,2234777600,4.218001e+16,5.513455,5.515957,5.478467
136500,2236416000,4.221094e+16,5.519986,5.514060,5.477593
136600,2238054400,4.224186e+16,5.507672,5.512005,5.476502
136700,2239692800,4.227279e+16,5.497791,5.513230,5.478105
136800,2241331200,4.230371e+16,5.472809,5.513903,5.474981
136900,2242969600,4.233463e+16,5.495275,5.505840,5.474147
137000,2244608000,4.236556e+16,5.508599,5.504360,5.471065
137100,2246246400,4.239648e+16,5.487879,5.505697,5.470903
137200,2247884800,4.242740e+16,5.520905,5.506672,5.471768
137300,2249523200,4.245833e+16,5.487230,5.501890,5.467262
137400,2251161600,4.248925e+16,5.494792,5.506969,5.469656
137500,2252800000,4.252018e+16,5.513656,5.512230,5.473937
137600,2254438400,4.255110e+16,5.477283,5.504937,5.470531
137700,2256076800,4.258202e+16,5.491324,5.507328,5.468732
137800,2257715200,4.261295e+16,5.495465,5.506223,5.468898
137900,2259353600,4.264387e+16,5.490905,5.507891,5.471490
138000,2260992000,4.267480e+16,5.492430,5.502651,5.467672
138100,2262630400,4.270572e+16,5.513467,5.498872,5.464706
138200,2264268800,4.273664e+16,5.505501,5.500096,5.463922
138300,2265907200,4.276757e+16,5.502372,5.503265,5.465053
138400,2267545600,4.279849e+16,5.478373,5.499134,5.467672
138500,2269184000,4.282941e+16,5.481988,5.495251,5.464254
138600,2270822400,4.286034e+16,5.480850,5.498595,5.465523
138700,2272460800,4.289126e+16,5.507625,5.494507,5.463532
138800,2274099200,4.292219e+16,5.483986,5.497357,5.464958
138900,2275737600,4.295311e+16,5.467340,5.496548,5.465423
139000,2277376000,4.298403e+16,5.480705,5.494727,5.464840
139100,2279014400,4.301496e+16,5.493392,5.489479,5.459812
139200,2280652800,4.304588e+16,5.492153,5.493988,5.462740
139300,2282291200,4.307680e+16,5.470422,5.495048,5.463313
139400,2283929600,4.310773e+16,5.476837,5.494391,5.463121
139500,2285568000,4.313865e+16,5.470363,5.500116,5.463359
139600,2287206400,4.316958e+16,5.498656,5.494550,5.463270
139700,2288844800,4.320050e+16,5.456739,5.500895,5.466723
139800,2290483200,4.323142e+16,5.478186,5.495388,5.460443
139900,2292121600,4.326235e+16,5.479815,5.494073,5.460164
140000,2293760000,4.329327e+16,5.504590,5.492898,5.455966
140100,2295398400,4.332419e+16,5.476230,5.489748,5.455385
140200,2297036800,4.335512e+16,5.469943,5.488090,5.455338
140300,2298675200,4.338604e+16,5.494709,5.491721,5.455406
140400,2300313600,4.341697e+16,5.485142,5.488366,5.456554
140500,2301952000,4.344789e+16,5.482239,5.488827,5.455789
140600,2303590400,4.347881e+16,5.476895,5.488089,5.453949
140700,2305228800,4.350974e+16,5.488636,5.487446,5.451921
140800,2306867200,4.354066e+16,5.488826,5.487285,5.453558
140900,2308505600,4.357158e+16,5.471931,5.485123,5.450185
141000,2310144000,4.360251e+16,5.460035,5.486405,5.452955
141100,2311782400,4.363343e+16,5.484302,5.484185,5.452295
141200,2313420800,4.366436e+16,5.454842,5.483639,5.451302
141300,2315059200,4.369528e+16,5.463477,5.480855,5.449365
141400,2316697600,4.372620e+16,5.494062,5.485023,5.452210
141500,2318336000,4.375713e+16,5.486581,5.488119,5.450354
141600,2319974400,4.378805e+16,5.489831,5.485639,5.449665
141700,2321612800,4.381897e+16,5.482699,5.484422,5.449444
141800,2323251200,4.384990e+16,5.471120,5.486670,5.449878
141900,2324889600,4.388082e+16,5.480041,5.479769,5.444943
142000,2326528000,4.391175e+16,5.469707,5.481575,5.446310
142100,2328166400,4.394267e+16,5.455065,5.481304,5.446518
142200,2329804800,4.397359e+16,5.454332,5.479402,5.445879
142300,2331443200,4.400452e+16,5.464936,5.476894,5.444012
142400,2333081600,4.403544e+16,5.458267,5.472432,5.441331
142500,2334720000,4.406636e+16,5.482047,5.477829,5.443315
142600,2336358400,4.409729e+16,5.468678,5.471675,5.439189
142700,2337996800,4.412821e+16,5.486103,5.472683,5.441014
142800,2339635200,4.415914e+16,5.463483,5.474342,5.439709
142900,2341273600,4.419006e+16,5.486813,5.467095,5.437278
143000,2342912000,4.422098e+16,5.473892,5.471354,5.441221
143100,2344550400,4.425191e+16,5.485367,5.468153,5.440283
143200,2346188800,4.428283e+16,5.465226,5.467453,5.439266
143300,2347827200,4.431375e+16,5.475042,5.471699,5.441467
143400,2349465600,4.434468e+16,5.448705,5.469502,5.439309
143500,2351104000,4.437560e+16,5.468617,5.468187,5.438611
143600,2352742400,4.440653e+16,5.466606,5.466297,5.433850
143700,2354380800,4.443745e+16,5.464825,5.464548,5.433459
143800,2356019200,4.446837e+16,5.468891,5.462002,5.433084
143900,2357657600,4.449930e+16,5.457180,5.466725,5.432774
144000,2359296000,4.453022e+16,5.478474,5.467254,5.433275
144100,2360934400,4.456114e+16,5.459490,5.469991,5.434026
144200,2362572800,4.459207e+16,5.486545,5.467988,5.434409
144300,2364211200,4.462299e+16,5.470068,5.466319,5.434612
144400,2365849600,4.465392e+16,5.441245,5.464324,5.432704
144500,2367488000,4.468484e+16,5.471437,5.465467,5.430075
144600,2369126400,4.471576e+16,5.479319,5.459968,5.428978
144700,2370764800,4.474669e+16,5.443117,5.460058,5.430724
144800,2372403200,4.477761e+16,5.458717,5.460793,5.430446
144900,2374041600,4.480853e+16,5.451620,5.462660,5.434421
145000,2375680000,4.483946e+16,5.465999,5.465232,5.434521
145100,2377318400,4.487038e+16,5.466319,5.464912,5.430563
145200,2378956800,4.490131e+16,5.450061,5.467418,5.431961
145300,2380595200,4.493223e+16,5.457037,5.466211,5.427713
145400,2382233600,4.496315e+16,5.455909,5.463167,5.425017
145500,2383872000,4.499408e+16,5.437444,5.464773,5.428592
145600,2385510400,4.502500e+16,5.439765,5.462046,5.428084
145700,2387148800,4.505592e+16,5.453390,5.461139,5.428101
145800,2388787200,4.508685e+16,5.456376,5.457094,5.425533
145900,2390425600,4.511777e+16,5.437334,5.455725,5.426604
146000,2392064000,4.514870e+16,5.451479,5.459772,5.427399
146100,2393702400,4.517962e+16,5.443654,5.461155,5.427287
146200,2395340800,4.521054e+16,5.452889,5.455963,5.424936
146300,2396979200,4.524147e+16,5.457255,5.455858,5.425024
146400,2398617600,4.527239e+16,5.453065,5.461651,5.425490
146500,2400256000,4.530332e+16,5.456500,5.457149,5.421023
146600,2401894400,4.533424e+16,5.472557,5.456655,5.419554
146700,2403532800,4.536516e+16,5.459652,5.454955,5.421243
146800,2405171200,4.539609e+16,5.464145,5.452467,5.419707
146900,2406809600,4.542701e+16,5.450359,5.453126,5.420303
147000,2408448000,4.545793e+16,5.438427,5.454638,5.421708
147100,2410086400,4.548886e+16,5.442005,5.455943,5.421684
147200,2411724800,4.551978e+16,5.417911,5.456910,5.419603
147300,2413363200,4.555071e+16,5.444600,5.450525,5.416525
147400,2415001600,4.558163e+16,5.437712,5.445361,5.415086
147500,2416640000,4.561255e+16,5.433762,5.448881,5.413079
147600,2418278400,4.564348e+16,5.424764,5.452059,5.416687
147700,2419916800,4.567440e+16,5.444756,5.449364,5.416037
147800,2421555200,4.570532e+16,5.451341,5.446971,5.412884
147900,2423193600,4.573625e+16,5.442875,5.449747,5.418111
148000,2424832000,4.576717e+16,5.427539,5.447361,5.416216
148100,2426470400,4.579810e+16,5.443301,5.447723,5.414851
148200,2428108800,4.582902e+16,5.444034,5.450483,5.416346
148300,2429747200,4.585994e+16,5.445156,5.447721,5.414289
148400,2431385600,4.589087e+16,5.434444,5.443595,5.408828
148500,2433024000,4.592179e+16,5.458181,5.449220,5.410895
148600,2434662400,4.595271e+16,5.452055,5.447008,5.410283
148700,2436300800,4.598364e+16,5.449449,5.442240,5.409968
148800,2437939200,4.601456e+16,5.431263,5.444146,5.410004
148900,2439577600,4.604549e+16,5.422430,5.442897,5.409298
149000,2441216000,4.607641e+16,5.410988,5.440124,5.408082
149100,2442854400,4.610733e+16,5.418464,5.440550,5.408131
149200,2444492800,4.613826e+16,5.449168,5.442394,5.410468
149300,2446131200,4.616918e+16,5.450972,5.439207,5.405939
149400,2447769600,4.620010e+16,5.441974,5.437090,5.406661
149500,2449408000,4.623103e+16,5.417203,5.435685,5.405206
149600,2451046400,4.626195e+16,5.441701,5.434371,5.403175
149700,2452684800,4.629288e+16,5.461827,5.434057,5.404309
149800,2454323200,4.632380e+16,5.445628,5.436400,5.402512
149900,2455961600,4.635472e+16,5.436192,5.433606,5.400509
150000,2457600000,4.638565e+16,5.438651,5.437102,5.401424
150100,2459238400,4.641657e+16,5.427626,5.436178,5.402603
150200,2460876800,4.644749e+16,5.434810,5.437658,5.404377
150300,2462515200,4.647842e+16,5.434811,5.431695,5.399739
150400,2464153600,4.650934e+16,5.446157,5.432707,5.397577
150500,2465792000,4.654027e+16,5.431402,5.431830,5.398392
150600,2467430400,4.657119e+16,5.414422,5.430657,5.397120
150700,2469068800,4.660211e+16,5.432503,5.436888,5.401998
150800,2470707200,4.663304e+16,5.450428,5.427646,5.394094
150900,2472345600,4.666396e+16,5.438251,5.432548,5.397683
151000,2473984000,4.669488e+16,5.434288,5.430242,5.395891
151100,2475622400,4.672581e+16,5.416876,5.431111,5.395133
151200,2477260800,4.675673e+16,5.418338,5.430338,5.396953
151300,2478899200,4.678766e+16,5.435177,5.426409,5.395877
151400,2480537600,4.681858e+16,5.433074,5.427257,5.397701
151500,2482176000,4.684950e+16,5.442347,5.426351,5.396212
151600,2483814400,4.688043e+16,5.401777,5.423725,5.395306
151700,2485452800,4.691135e+16,5.414374,5.423815,5.395908
151800,2487091200,4.694227e+16,5.435446,5.426731,5.398138
151900,2488729600,4.697320e+16,5.426022,5.424000,5.394111
152000,2490368000,4.700412e+16,5.408790,5.427677,5.391700
152100,2492006400,4.703505e+16,5.411548,5.428965,5.394194
152200,2493644800,4.706597e+16,5.419103,5.423365,5.389995
152300,2495283200,4.709689e+16,5.430905,5.423867,5.391885
152400,2496921600,4.712782e+16,5.412771,5.423956,5.392504
152500,2498560000,4.715874e+16,5.393082,5.420633,5.391336
152600,2500198400,4.718966e+16,5.431578,5.419121,5.390263
152700,2501836800,4.722059e+16,5.421659,5.419110,5.390485
152800,2503475200,4.725151e+16,5.425871,5.413598,5.386570
152900,2505113600,4.728244e+16,5.418756,5.413453,5.386118
153000,2506752000,4.731336e+16,5.423271,5.420655,5.388178
153100,2508390400,4.734428e+16,5.422196,5.421353,5.391663
153200,2510028800,4.737521e+16,5.404531,5.413909,5.386629
153300,2511667200,4.740613e+16,5.397727,5.415602,5.384463
153400,2513305600,4.743705e+16,5.435635,5.414864,5.383419
153500,2514944000,4.746798e+16,5.417963,5.421220,5.390064
153600,2516582400,4.749890e+16,5.428952,5.414359,5.386644
153700,2518220800,4.752983e+16,5.433528,5.413367,5.384009
153800,2519859200,4.756075e+16,5.422281,5.418405,5.385380
153900,2521497600,4.759167e+16,5.430223,5.416432,5.383899
154000,2523136000,4.762260e+16,5.433640,5.413091,5.380801
154100,2524774400,4.765352e+16,5.386546,5.415106,5.381015
154200,2526412800,4.768444e+16,5.405056,5.416369,5.382581
154300,2528051200,4.771537e+16,5.426533,5.423261,5.386598
154400,2529689600,4.774629e+16,5.403571,5.416848,5.381409
154500,2531328000,4.777722e+16,5.408179,5.419121,5.384231
154600,2532966400,4.780814e+16,5.408998,5.422264,5.382408
154700,2534604800,4.783906e+16,5.433859,5.420454,5.381449
154800,2536243200,4.786999e+16,5.410390,5.416929,5.376871
154900,2537881600,4.790091e+16,5.399807,5.421644,5.380138
155000,2539520000,4.793184e+16,5.411141,5.420744,5.381913
155100,2541158400,4.796276e+16,5.401290,5.413195,5.375464
155200,2542796800,4.799368e+16,5.438796,5.412187,5.378470
155300,2544435200,4.802461e+16,5.391302,5.418928,5.380464
155400,2546073600,4.805553e+16,5.406035,5.414115,5.375076
155500,2547712000,4.808645e+16,5.423088,5.412837,5.375258
155600,2549350400,4.811738e+16,5.395136,5.408867,5.373536
155700,2550988800,4.814830e+16,5.402676,5.417337,5.378779
155800,2552627200,4.817923e+16,5.407644,5.413481,5.377090
155900,2554265600,4.821015e+16,5.417529,5.416094,5.377406
156000,2555904000,4.824107e+16,5.414251,5.412826,5.376122
156100,2557542400,4.827200e+16,5.394445,5.414675,5.377224
156200,2559180800,4.830292e+16,5.415490,5.410218,5.373651
156300,2560819200,4.833384e+16,5.385303,5.403179,5.372248
156400,2562457600,4.836477e+16,5.412043,5.404256,5.370703
156500,2564096000,4.839569e+16,5.386881,5.406943,5.371169
156600,2565734400,4.842662e+16,5.384949,5.405717,5.371048
156700,2567372800,4.845754e+16,5.414433,5.406574,5.371892
156800,2569011200,4.848846e+16,5.413756,5.406457,5.369725
156900,2570649600,4.851939e+16,5.408240,5.402756,5.369297
157000,2572288000,4.855031e+16,5.413308,5.407445,5.372241
157100,2573926400,4.858123e+16,5.415655,5.405510,5.372877
157200,2575564800,4.861216e+16,5.412464,5.404248,5.368734
157300,2577203200,4.864308e+16,5.423452,5.401014,5.367190
157400,2578841600,4.867401e+16,5.386977,5.400526,5.369632
157500,2580480000,4.870493e+16,5.410051,5.398011,5.365680
157600,2582118400,4.873585e+16,5.387994,5.396821,5.364056
157700,2583756800,4.876678e+16,5.383643,5.401558,5.366535
157800,2585395200,4.879770e+16,5.400861,5.401873,5.364109
157900,2587033600,4.882862e+16,5.421662,5.402221,5.368528
158000,2588672000,4.885955e+16,5.388720,5.398405,5.364065
158100,2590310400,4.889047e+16,5.379740,5.399962,5.366694
158200,2591948800,4.892140e+16,5.397323,5.398588,5.362675
158300,2593587200,4.895232e+16,5.399739,5.397792,5.361327
158400,2595225600,4.898324e+16,5.372488,5.400053,5.364551
158500,2596864000,4.901417e+16,5.359892,5.398818,5.363840
158600,2598502400,4.904509e+16,5.402781,5.397689,5.362316
158700,2600140800,4.907601e+16,5.407125,5.396936,5.360909
158800,2601779200,4.910694e+16,5.382649,5.400027,5.364742
158900,2603417600,4.913786e+16,5.384394,5.396513,5.361484
159000,2605056000,4.916879e+16,5.401031,5.390876,5.358287
159100,2606694400,4.919971e+16,5.401385,5.385409,5.356812
159200,2608332800,4.923063e+16,5.390749,5.386993,5.357214
159300,2609971200,4.926156e+16,5.390994,5.388391,5.357093
159400,2611609600,4.929248e+16,5.392097,5.396095,5.360896
159500,2613248000,4.932340e+16,5.388334,5.391203,5.359000
159600,2614886400,4.935433e+16,5.395090,5.390509,5.358945
159700,2616524800,4.938525e+16,5.425235,5.385382,5.356808
159800,2618163200,4.941618e+16,5.412896,5.389387,5.355605
159900,2619801600,4.944710e+16,5.399826,5.386701,5.356973
160000,2621440000,4.947802e+16,5.383657,5.386651,5.354215
160100,2623078400,4.950895e+16,5.383763,5.384442,5.355849
160200,2624716800,4.953987e+16,5.387476,5.387324,5.354840
160300,2626355200,4.957079e+16,5.408654,5.387804,5.353381
160400,2627993600,4.960172e+16,5.382591,5.387608,5.353807
160500,2629632000,4.963264e+16,5.390094,5.389818,5.355642
160600,2631270400,4.966357e+16,5.412009,5.383846,5.349980
160700,2632908800,4.969449e+16,5.381228,5.386478,5.351382
160800,2634547200,4.972541e+16,5.388748,5.390736,5.354107
160900,2636185600,4.975634e+16,5.389122,5.387703,5.354320
161000,2637824000,4.978726e+16,5.391761,5.384679,5.348544
161100,2639462400,4.981818e+16,5.391302,5.384059,5.348173
161200,2641100800,4.984911e+16,5.385073,5.382398,5.347385
161300,2642739200,4.988003e+16,5.380050,5.388704,5.351952
161400,2644377600,4.991096e+16,5.384248,5.388535,5.349986
161500,2646016000,4.994188e+16,5.384054,5.386840,5.348987
161600,2647654400,4.997280e+16,5.386722,5.384642,5.346757
161700,2649292800,5.000373e+16,5.387859,5.377617,5.342665
161800,2650931200,5.003465e+16,5.382284,5.380230,5.345246
161900,2652569600,5.006557e+16,5.401291,5.385438,5.345423
162000,2654208000,5.009650e+16,5.381624,5.384035,5.345884
162100,2655846400,5.012742e+16,5.369795,5.379711,5.344601
162200,2657484800,5.015835e+16,5.391910,5.382235,5.346267
162300,2659123200,5.018927e+16,5.366343,5.373798,5.342772
162400,2660761600,5.022019e+16,5.372873,5.378185,5.343798
162500,2662400000,5.025112e+16,5.376458,5.379765,5.342981
162600,2664038400,5.028204e+16,5.368298,5.381930,5.341672
162700,2665676800,5.031296e+16,5.377822,5.382504,5.341646
162800,2667315200,5.034389e+16,5.392593,5.379542,5.342878
162900,2668953600,5.037481e+16,5.390042,5.379616,5.343450
163000,2670592000,5.040574e+16,5.388675,5.380804,5.340801
163100,2672230400,5.043666e+16,5.369122,5.379369,5.343881
163200,2673868800,5.046758e+16,5.386781,5.379452,5.341986
163300,2675507200,5.049851e+16,5.387193,5.376726,5.340852
163400,2677145600,5.052943e+16,5.394141,5.376461,5.338895
163500,2678784000,5.056036e+16,5.386331,5.372867,5.336107
163600,2680422400,5.059128e+16,5.368977,5.377160,5.341703
163700,2682060800,5.062220e+16,5.387899,5.377215,5.340342
163800,2683699200,5.065313e+16,5.362355,5.378723,5.343133
163900,2685337600,5.068405e+16,5.392444,5.372356,5.338177
164000,2686976000,5.071497e+16,5.353816,5.374694,5.337222
164100,2688614400,5.074590e+16,5.391289,5.378108,5.340619
164200,2690252800,5.077682e+16,5.378644,5.369129,5.336215
164300,2691891200,5.080775e+16,5.380083,5.371489,5.335297
164400,2693529600,5.083867e+16,5.365078,5.367504,5.335517
164500,2695168000,5.086959e+16,5.376837,5.373057,5.338323
164600,2696806400,5.090052e+16,5.388085,5.371855,5.336500
164700,2698444800,5.093144e+16,5.362823,5.370695,5.336519
164800,2700083200,5.096236e+16,5.365062,5.371433,5.335725
164900,2701721600,5.099329e+16,5.351931,5.369245,5.333636
165000,2703360000,5.102421e+16,5.363673,5.367460,5.336011
165100,2704998400,5.105514e+16,5.355647,5.365948,5.334848
165200,2706636800,5.108606e+16,5.353613,5.359241,5.329206
165300,2708275200,5.111698e+16,5.365760,5.365706,5.334391
165400,2709913600,5.114791e+16,5.392066,5.363428,5.335218
165500,2711552000,5.117883e+16,5.385997,5.367204,5.332405
165600,2713190400,5.120975e+16,5.357673,5.364847,5.332719
165700,2714828800,5.124068e+16,5.363137,5.365773,5.331272
165800,2716467200,5.127160e+16,5.380269,5.364376,5.333498
165900,2718105600,5.130253e+16,5.375196,5.368213,5.335690
166000,2719744000,5.133345e+16,5.374648,5.366170,5.330080
166100,2721382400,5.136437e+16,5.367707,5.366979,5.331301
166200,2723020800,5.139530e+16,5.379604,5.366558,5.330233
166300,2724659200,5.142622e+16,5.365157,5.366741,5.327799
166400,2726297600,5.145714e+16,5.372481,5.362725,5.328890
166500,2727936000,5.148807e+16,5.369424,5.360541,5.330229
166600,2729574400,5.151899e+16,5.365901,5.361554,5.327814
166700,2731212800,5.154992e+16,5.361484,5.365769,5.329637
166800,2732851200,5.158084e+16,5.364219,5.358861,5.324191
166900,2734489600,5.161176e+16,5.338361,5.360974,5.324733
167000,2736128000,5.164269e+16,5.373939,5.367146,5.330133
167100,2737766400,5.167361e+16,5.378830,5.364281,5.327693
167200,2739404800,5.170453e+16,5.357978,5.364796,5.326847
167300,2741043200,5.173546e+16,5.361939,5.364018,5.325193
167400,2742681600,5.176638e+16,5.365360,5.356764,5.323518
167500,2744320000,5.179731e+16,5.376541,5.359150,5.323717
167600,2745958400,5.182823e+16,5.347967,5.361614,5.324877
167700,2747596800,5.185915e+16,5.341076,5.357550,5.324343
167800,2749235200,5.189008e+16,5.353535,5.359877,5.325450
167900,2750873600,5.192100e+16,5.352725,5.354131,5.322146
168000,2752512000,5.195192e+16,5.348325,5.354450,5.322555
168100,2754150400,5.198285e+16,5.348642,5.352181,5.320322
168200,2755788800,5.201377e+16,5.335361,5.352615,5.323250
168300,2757427200,5.204470e+16,5.367583,5.355292,5.322333
168400,2759065600,5.207562e+16,5.357026,5.352016,5.318693
168500,2760704000,5.210654e+16,5.341243,5.349610,5.318275
168600,2762342400,5.213747e+16,5.343884,5.351478,5.320408
168700,2763980800,5.216839e+16,5.342037,5.351319,5.319073
168800,2765619200,5.219931e+16,5.342182,5.347029,5.315512
168900,2767257600,5.223024e+16,5.364737,5.350366,5.317409
169000,2768896000,5.226116e+16,5.334937,5.344570,5.314804
169100,2770534400,5.229209e+16,5.347823,5.349466,5.315640
169200,2772172800,5.232301e+16,5.352169,5.349149,5.316867
169300,2773811200,5.235393e+16,5.354783,5.347683,5.316554
169400,2775449600,5.238486e+16,5.354115,5.343353,5.313456
169500,2777088000,5.241578e+16,5.359494,5.345717,5.314383
169600,2778726400,5.244670e+16,5.344892,5.351416,5.319056
169700,2780364800,5.247763e+16,5.347880,5.345266,5.314700
169800,2782003200,5.250855e+16,5.343753,5.347103,5.315726
169900,2783641600,5.253948e+16,5.327685,5.346737,5.315688
170000,2785280000,5.257040e+16,5.350756,5.343930,5.312777
170100,2786918400,5.260132e+16,5.361113,5.342010,5.309555
170200,2788556800,5.263225e+16,5.337145,5.342525,5.308882
170300,2790195200,5.266317e+16,5.320431,5.347150,5.312665
170400,2791833600,5.269409e+16,5.350213,5.343816,5.309920
170500,2793472000,5.272502e+16,5.361784,5.342143,5.308851
170600,2795110400,5.275594e+16,5.354203,5.344248,5.307415
170700,2796748800,5.278687e+16,5.325352,5.343072,5.312775
170800,2798387200,5.281779e+16,5.338844,5.338199,5.307371
170900,2800025600,5.284871e+16,5.300730,5.337747,5.306824
171000,2801664000,5.287964e+16,5.334237,5.338736,5.307150
171100,2803302400,5.291056e+16,5.346506,5.342845,5.309747
171200,2804940800,5.294148e+16,5.345064,5.346051,5.313088
171300,2806579200,5.297241e+16,5.323412,5.339106,5.309419
171400,2808217600,5.300333e+16,5.358995,5.339501,5.307483
171500,2809856000,5.303426e+16,5.337709,5.334796,5.306004
171600,2811494400,5.306518e+16,5.333279,5.341511,5.309793
171700,2813132800,5.309610e+16,5.344874,5.339187,5.308069
171800,2814771200,5.312703e+16,5.349075,5.337167,5.308220
171900,2816409600,5.315795e+16,5.322255,5.338530,5.307670
172000,2818048000,5.318887e+16,5.329662,5.339324,5.309597
172100,2819686400,5.321980e+16,5.327116,5.341146,5.307469
172200,2821324800,5.325072e+16,5.333573,5.336931,5.305307
172300,2822963200,5.328165e+16,5.332012,5.334934,5.305173
172400,2824601600,5.331257e+16,5.333048,5.333659,5.304885
172500,2826240000,5.334349e+16,5.317544,5.332495,5.305157
172600,2827878400,5.337442e+16,5.344900,5.327929,5.303570
172700,2829516800,5.340534e+16,5.352002,5.331975,5.304323
172800,2831155200,5.343627e+16,5.347848,5.332259,5.305996
172900,2832793600,5.346719e+16,5.329552,5.333981,5.305604
173000,2834432000,5.349811e+16,5.322866,5.338343,5.305826
173100,2836070400,5.352904e+16,5.333630,5.331829,5.301282
173200,2837708800,5.355996e+16,5.319658,5.330525,5.300996
173300,2839347200,5.359088e+16,5.336684,5.319730,5.295441
173400,2840985600,5.362181e+16,5.333386,5.321903,5.298622
173500,2842624000,5.365273e+16,5.336653,5.326166,5.299707
173600,2844262400,5.368366e+16,5.334878,5.321347,5.296173
173700,2845900800,5.371458e+16,5.334110,5.326300,5.299113
173800,2847539200,5.374550e+16,5.320496,5.325881,5.298611
173900,2849177600,5.377643e+16,5.311052,5.325444,5.297654
174000,2850816000,5.380735e+16,5.326573,5.326574,5.299834
174100,2852454400,5.383827e+16,5.335730,5.324453,5.295945
174200,2854092800,5.386920e+16,5.345839,5.327033,5.298711
174300,2855731200,5.390012e+16,5.344048,5.329649,5.298338
174400,2857369600,5.393105e+16,5.336188,5.330706,5.297961
174500,2859008000,5.396197e+16,5.349290,5.331789,5.297627
174600,2860646400,5.399289e+16,5.331006,5.329271,5.299716
174700,2862284800,5.402382e+16,5.337928,5.328570,5.296180
174800,2863923200,5.405474e+16,5.337793,5.326523,5.296144
174900,2865561600,5.408566e+16,5.318291,5.325381,5.292747
175000,2867200000,5.411659e+16,5.332360,5.325475,5.294718
175100,2868838400,5.414751e+16,5.308041,5.324138,5.292761
175200,2870476800,5.417844e+16,5.310423,5.327966,5.295165
175300,2872115200,5.420936e+16,5.299820,5.321141,5.288556
175400,2873753600,5.424028e+16,5.336030,5.320715,5.292205
175500,2875392000,5.427121e+16,5.349922,5.314666,5.289648
175600,2877030400,5.430213e+16,5.334078,5.317574,5.289619
175700,2878668800,5.433305e+16,5.319939,5.322959,5.290679
175800,2880307200,5.436398e+16,5.318689,5.320604,5.290906
175900,2881945600,5.439490e+16,5.320419,5.322249,5.291330
176000,2883584000,5.442583e+16,5.308103,5.319410,5.289316
176100,2885222400,5.445675e+16,5.328805,5.317798,5.289488
176200,2886860800,5.448767e+16,5.328079,5.316328,5.287609
176300,2888499200,5.451860e+16,5.324342,5.319707,5.289832
176400,2890137600,5.454952e+16,5.329946,5.316753,5.289825
176500,2891776000,5.458044e+16,5.330458,5.321582,5.288767
176600,2893414400,5.461137e+16,5.338356,5.321229,5.289430
176700,2895052800,5.464229e+16,5.337628,5.317076,5.288198
176800,2896691200,5.467322e+16,5.347929,5.313882,5.286212
176900,2898329600,5.470414e+16,5.329890,5.315629,5.288270
177000,2899968000,5.473506e+16,5.320121,5.317217,5.287020
177100,2901606400,5.476599e+16,5.330591,5.315922,5.283525
177200,2903244800,5.479691e+16,5.317165,5.318617,5.283538
177300,2904883200,5.482783e+16,5.309330,5.315661,5.284042
177400,2906521600,5.485876e+16,5.347485,5.313442,5.283665
177500,2908160000,5.488968e+16,5.320181,5.312283,5.282125
177600,2909798400,5.492061e+16,5.345458,5.315381,5.282373
177700,2911436800,5.495153e+16,5.300377,5.316040,5.284209
177800,2913075200,5.498245e+16,5.301405,5.312065,5.279211
177900,2914713600,5.501338e+16,5.313788,5.318471,5.282722
178000,2916352000,5.504430e+16,5.339714,5.315043,5.279822
178100,2917990400,5.507522e+16,5.315330,5.316613,5.281219
178200,2919628800,5.510615e+16,5.346709,5.315448,5.282429
178300,2921267200,5.513707e+16,5.339205,5.319928,5.284417
178400,2922905600,5.516800e+16,5.324700,5.315800,5.281017
178500,2924544000,5.519892e+16,5.313529,5.311938,5.277278
178600,2926182400,5.522984e+16,5.323503,5.309578,5.277023
178700,2927820800,5.526077e+16,5.307507,5.311295,5.280217
178800,2929459200,5.529169e+16,5.301755,5.312110,5.279014
178900,2931097600,5.532261e+16,5.303073,5.312564,5.276271
179000,2932736000,5.535354e+16,5.338577,5.310662,5.276010
179100,2934374400,5.538446e+16,5.307714,5.308741,5.274846
179200,2936012800,5.541539e+16,5.299298,5.308625,5.276372
179300,2937651200,5.544631e+16,5.313593,5.306429,5.275764
179400,2939289600,5.547723e+16,5.297944,5.306715,5.274721
179500,2940928000,5.550816e+16,5.313450,5.308528,5.274219
179600,2942566400,5.553908e+16,5.313878,5.304348,5.274681
179700,2944204800,5.557000e+16,5.320870,5.303506,5.272993
179800,2945843200,5.560093e+16,5.324188,5.304057,5.274957
179900,2947481600,5.563185e+16,5.316379,5.302442,5.275688
180000,2949120000,5.566278e+16,5.326322,5.307613,5.276406
180100,2950758400,5.569370e+16,5.306219,5.301605,5.274660
180200,2952396800,5.572462e+16,5.298651,5.306304,5.276179
180300,2954035200,5.575555e+16,5.310924,5.300413,5.272613
180400,2955673600,5.578647e+16,5.301989,5.301815,5.273007
180500,2957312000,5.581739e+16,5.321849,5.304615,5.274455
180600,2958950400,5.584832e+16,5.316596,5.299847,5.270323
180700,2960588800,5.587924e+16,5.308650,5.303650,5.270892
180800,2962227200,5.591017e+16,5.300526,5.305649,5.271624
180900,2963865600,5.594109e+16,5.292452,5.303889,5.272460
181000,2965504000,5.597201e+16,5.295299,5.299904,5.270049
181100,2967142400,5.600294e+16,5.304396,5.301436,5.271966
181200,2968780800,5.603386e+16,5.302610,5.304815,5.272781
181300,2970419200,5.606479e+16,5.293919,5.299364,5.268163
181400,2972057600,5.609571e+16,5.312912,5.296814,5.268679
181500,2973696000,5.612663e+16,5.311726,5.297503,5.265442
181600,2975334400,5.615756e+16,5.296576,5.299194,5.267756
181700,2976972800,5.618848e+16,5.307604,5.295389,5.265630
181800,2978611200,5.621940e+16,5.316676,5.301425,5.269305
181900,2980249600,5.625033e+16,5.307497,5.295714,5.266195
182000,2981888000,5.628125e+16,5.299159,5.301307,5.268888
182100,2983526400,5.631218e+16,5.299784,5.295031,5.263401
182200,2985164800,5.634310e+16,5.304178,5.299027,5.265810
182300,2986803200,5.637402e+16,5.313821,5.299228,5.265330
182400,2988441600,5.640495e+16,5.295789,5.292462,5.261947
182500,2990080000,5.643587e+16,5.296788,5.295609,5.266074
182600,2991718400,5.646679e+16,5.305551,5.289990,5.264190
182700,2993356800,5.649772e+16,5.288926,5.291538,5.262400
182800,2994995200,5.652864e+16,5.311273,5.292993,5.265156
182900,2996633600,5.655957e+16,5.295067,5.292959,5.264812
183000,2998272000,5.659049e+16,5.314958,5.293078,5.262520
183100,2999910400,5.662141e+16,5.321718,5.293616,5.264624
183200,3001548800,5.665234e+16,5.319557,5.294262,5.263551
183300,3003187200,5.668326e+16,5.299593,5.291714,5.261468
183400,3004825600,5.671418e+16,5.297381,5.294540,5.263839
183500,3006464000,5.674511e+16,5.313131,5.294317,5.262825
183600,3008102400,5.677603e+16,5.314044,5.288912,5.260714
183700,3009740800,5.680696e+16,5.296026,5.289467,5.258736
183800,3011379200,5.683788e+16,5.289452,5.295583,5.263257
183900,3013017600,5.686880e+16,5.286377,5.293417,5.258242
184000,3014656000,5.689973e+16,5.288195,5.291781,5.258405
184100,3016294400,5.693065e+16,5.291232,5.292430,5.257503
184200,3017932800,5.696157e+16,5.298875,5.295649,5.259548
184300,3019571200,5.699250e+16,5.276819,5.295851,5.261727
184400,3021209600,5.702342e+16,5.298021,5.295285,5.261570
184500,3022848000,5.705435e+16,5.299974,5.296131,5.261157
184600,3024486400,5.708527e+16,5.290530,5.295210,5.260015
184700,3026124800,5.711619e+16,5.294331,5.284818,5.254295
184800,3027763200,5.714712e+16,5.298448,5.285437,5.255601
184900,3029401600,5.717804e+16,5.300286,5.284151,5.256056
185000,3031040000,5.720896e+16,5.295868,5.285236,5.257017
185100,3032678400,5.723989e+16,5.274188,5.288403,5.256469
185200,3034316800,5.727081e+16,5.275337,5.289283,5.255838
185300,3035955200,5.730174e+16,5.278062,5.289641,5.258722
185400,3037593600,5.733266e+16,5.298993,5.289022,5.257718
185500,3039232000,5.736358e+16,5.299176,5.288644,5.251992
185600,3040870400,5.739451e+16,5.289315,5.284955,5.252557
185700,3042508800,5.742543e+16,5.289241,5.285402,5.251095
185800,3044147200,5.745635e+16,5.266624,5.286889,5.254109
185900,3045785600,5.748728e+16,5.312420,5.292781,5.255677
186000,3047424000,5.751820e+16,5.280751,5.287862,5.253478
186100,3049062400,5.754913e+16,5.301641,5.286291,5.251234
186200,3050700800,5.758005e+16,5.293820,5.286962,5.252886
186300,3052339200,5.761097e+16,5.274394,5.285030,5.251574
186400,3053977600,5.764190e+16,5.295051,5.285758,5.253258
186500,3055616000,5.767282e+16,5.298903,5.282889,5.253487
186600,3057254400,5.770374e+16,5.299481,5.280913,5.252383
186700,3058892800,5.773467e+16,5.293737,5.285239,5.254068
186800,3060531200,5.776559e+16,5.286380,5.276131,5.248838
186900,3062169600,5.779652e+16,5.280012,5.277544,5.248022
187000,3063808000,5.782744e+16,5.288939,5.279333,5.249670
187100,3065446400,5.785836e+16,5.301736,5.277613,5.249636
187200,3067084800,5.788929e+16,5.279241,5.284555,5.249127
187300,3068723200,5.792021e+16,5.296704,5.282419,5.248408
187400,3070361600,5.795113e+16,5.287940,5.285141,5.247398
187500,3072000000,5.798206e+16,5.276996,5.281948,5.244363
187600,3073638400,5.801298e+16,5.295117,5.278129,5.243760
187700,3075276800,5.804391e+16,5.299596,5.277840,5.244754
187800,3076915200,5.807483e+16,5.313110,5.280100,5.248622
187900,3078553600,5.810575e+16,5.307642,5.279337,5.244019
188000,3080192000,5.813668e+16,5.256387,5.279058,5.243884
188100,3081830400,5.816760e+16,5.277550,5.278102,5.245392
188200,3083468800,5.819852e+16,5.285402,5.279269,5.243128
188300,3085107200,5.822945e+16,5.274474,5.275335,5.241786
188400,3086745600,5.826037e+16,5.306025,5.278811,5.246968
188500,3088384000,5.829130e+16,5.296556,5.278955,5.244630
188600,3090022400,5.832222e+16,5.293658,5.277093,5.243177
188700,3091660800,5.835314e+16,5.300749,5.276189,5.243061
188800,3093299200,5.838407e+16,5.278473,5.281436,5.248194
188900,3094937600,5.841499e+16,5.285735,5.276551,5.242515
189000,3096576000,5.844591e+16,5.280022,5.279025,5.246483
189100,3098214400,5.847684e+16,5.279532,5.277996,5.244040
189200,3099852800,5.850776e+16,5.267617,5.279002,5.244019
189300,3101491200,5.853869e+16,5.289674,5.281404,5.245966
189400,3103129600,5.856961e+16,5.274741,5.276316,5.241953
189500,3104768000,5.860053e+16,5.278076,5.279730,5.243420
189600,3106406400,5.863146e+16,5.268561,5.278739,5.241850
189700,3108044800,5.866238e+16,5.283475,5.278366,5.240823
189800,3109683200,5.869331e+16,5.298471,5.279465,5.241246
189900,3111321600,5.872423e+16,5.291528,5.280344,5.239915
190000,3112960000,5.875515e+16,5.268009,5.281145,5.240516
190100,3114598400,5.878608e+16,5.274719,5.280500,5.242844
190200,3116236800,5.881700e+16,5.272535,5.276501,5.236975
190300,3117875200,5.884792e+16,5.282691,5.285236,5.239395
190400,3119513600,5.887885e+16,5.283228,5.278288,5.236043
190500,3121152000,5.890977e+16,5.270825,5.279086,5.239608
190600,3122790400,5.894070e+16,5.294021,5.277855,5.237906
190700,3124428800,5.897162e+16,5.281671,5.279218,5.239408
190800,3126067200,5.900254e+16,5.272378,5.276188,5.239976
190900,3127705600,5.903347e+16,5.254625,5.278234,5.239266
191000,3129344000,5.906439e+16,5.280992,5.275102,5.238824
191100,3130982400,5.909531e+16,5.262815,5.273731,5.237492
191200,3132620800,5.912624e+16,5.275754,5.275586,5.237192
191300,3134259200,5.915716e+16,5.274689,5.270249,5.234761
191400,3135897600,5.918809e+16,5.291033,5.273908,5.233771
191500,3137536000,5.921901e+16,5.262618,5.278798,5.235537
191600,3139174400,5.924993e+16,5.271395,5.281468,5.236913
191700,3140812800,5.928086e+16,5.260461,5.279757,5.238842
191800,3142451200,5.931178e+16,5.245164,5.278999,5.239864
191900,3144089600,5.934270e+16,5.248392,5.274770,5.237747
192000,3145728000,5.937363e+16,5.260755,5.274787,5.236096
192100,3147366400,5.940455e+16,5.286136,5.274919,5.237729
192200,3149004800,5.943548e+16,5.250072,5.273879,5.235954
192300,3150643200,5.946640e+16,5.259161,5.274581,5.234974
192400,3152281600,5.949732e+16,5.272303,5.274328,5.237343
192500,3153920000,5.952825e+16,5.254111,5.273792,5.235491
192600,3155558400,5.955917e+16,5.274161,5.279114,5.237796
192700,3157196800,5.959009e+16,5.259713,5.273850,5.235185
192800,3158835200,5.962102e+16,5.259728,5.267365,5.231866
192900,3160473600,5.965194e+16,5.272254,5.266866,5.233719
193000,3162112000,5.968287e+16,5.253930,5.273036,5.234389
193100,3163750400,5.971379e+16,5.277005,5.267766,5.231580
193200,3165388800,5.974471e+16,5.252291,5.270378,5.231613
193300,3167027200,5.977564e+16,5.258306,5.264173,5.227743
193400,3168665600,5.980656e+16,5.258381,5.263885,5.228370
193500,3170304000,5.983748e+16,5.258865,5.264197,5.228933
193600,3171942400,5.986841e+16,5.265504,5.265604,5.229767
193700,3173580800,5.989933e+16,5.257507,5.260780,5.228257
193800,3175219200,5.993026e+16,5.278877,5.266936,5.229632
193900,3176857600,5.996118e+16,5.274170,5.258791,5.225692
194000,3178496000,5.999210e+16,5.252154,5.257942,5.225040
194100,3180134400,6.002303e+16,5.258798,5.262841,5.229328
194200,3181772800,6.005395e+16,5.277850,5.260044,5.225555
194300,3183411200,6.008487e+16,5.253919,5.260191,5.224331
194400,3185049600,6.011580e+16,5.272303,5.263937,5.227284
194500,3186688000,6.014672e+16,5.271371,5.262802,5.225961
194600,3188326400,6.017765e+16,5.261063,5.263264,5.227834
194700,3189964800,6.020857e+16,5.251661,5.258735,5.227081
194800,3191603200,6.023949e+16,5.238964,5.262522,5.228749
194900,3193241600,6.027042e+16,5.244617,5.262537,5.227360
195000,3194880000,6.030134e+16,5.265113,5.262376,5.229664
195100,3196518400,6.033226e+16,5.238435,5.260798,5.225651
195200,3198156800,6.036319e+16,5.269839,5.261730,5.229235
195300,3199795200,6.039411e+16,5.251009,5.259001,5.226338
195400,3201433600,6.042504e+16,5.259462,5.258948,5.225058
195500,3203072000,6.045596e+16,5.254582,5.256209,5.226170
195600,3204710400,6.048688e+16,5.237882,5.256840,5.225332
195700,3206348800,6.051781e+16,5.256247,5.259508,5.227231
195800,3207987200,6.054873e+16,5.262316,5.259596,5.225608
195900,3209625600,6.057965e+16,5.246737,5.261900,5.225744
196000,3211264000,6.061058e+16,5.241671,5.256712,5.222419
196100,3212902400,6.064150e+16,5.252111,5.262116,5.225084
196200,3214540800,6.067243e+16,5.279562,5.262380,5.227177
196300,3216179200,6.070335e+16,5.254813,5.261610,5.224508
196400,3217817600,6.073427e+16,5.256287,5.259788,5.224805
196500,3219456000,6.076520e+16,5.263160,5.256638,5.224292
196600,3221094400,6.079612e+16,5.273901,5.258209,5.227993
196700,3222732800,6.082704e+16,5.254222,5.254113,5.224843
196800,3224371200,6.085797e+16,5.250453,5.261752,5.230698
196900,3226009600,6.088889e+16,5.259160,5.262781,5.228934
197000,3227648000,6.091982e+16,5.249929,5.256231,5.224658
197100,3229286400,6.095074e+16,5.242527,5.256761,5.226441
197200,3230924800,6.098166e+16,5.252275,5.259559,5.230109
197300,3232563200,6.101259e+16,5.256735,5.253929,5.221605
197400,3234201600,6.104351e+16,5.248329,5.253954,5.221266
197500,3235840000,6.107443e+16,5.234114,5.253350,5.220392
197600,3237478400,6.110536e+16,5.260036,5.254630,5.223036
197700,3239116800,6.113628e+16,5.265448,5.254513,5.221993
197800,3240755200,6.116721e+16,5.249500,5.258596,5.223921
197900,3242393600,6.119813e+16,5.255732,5.256591,5.221748
198000,3244032000,6.122905e+16,5.258783,5.253486,5.220413
198100,3245670400,6.125998e+16,5.238052,5.250372,5.221456
198200,3247308800,6.129090e+16,5.229097,5.250856,5.219862
198300,3248947200,6.132183e+16,5.257730,5.249140,5.217335
198400,3250585600,6.135275e+16,5.254077,5.249498,5.220559
198500,3252224000,6.138367e+16,5.257699,5.255688,5.223462
198600,3253862400,6.141460e+16,5.240211,5.251192,5.219942
198700,3255500800,6.144552e+16,5.279157,5.250982,5.218523
198800,3257139200,6.147644e+16,5.247447,5.249224,5.218860
198900,3258777600,6.150737e+16,5.237822,5.252105,5.218913
199000,3260416000,6.153829e+16,5.233998,5.247157,5.216336
199100,3262054400,6.156922e+16,5.233850,5.246582,5.215464
199200,3263692800,6.160014e+16,5.262392,5.252790,5.217554
199300,3265331200,6.163106e+16,5.234991,5.248172,5.213699
199400,3266969600,6.166199e+16,5.219666,5.252541,5.215498
199500,3268608000,6.169291e+16,5.248029,5.251327,5.216150
199600,3270246400,6.172383e+16,5.258349,5.250918,5.216265
199700,3271884800,6.175476e+16,5.248411,5.247148,5.214754
199800,3273523200,6.178568e+16,5.227696,5.247794,5.215461
199900,3275161600,6.181661e+16,5.221496,5.246839,5.212630
200000,3276800000,6.184753e+16,5.260824,5.247561,5.214253
200100,3278438400,6.187845e+16,5.248825,5.248254,5.214473
200200,3280076800,6.190938e+16,5.249277,5.246414,5.211536
200300,3281715200,6.194030e+16,5.272735,5.246491,5.214070
200400,3283353600,6.197122e+16,5.242599,5.247911,5.212657
200500,3284992000,6.200215e+16,5.253223,5.250579,5.214689
200600,3286630400,6.203307e+16,5.274229,5.250526,5.212456
200700,3288268800,6.206400e+16,5.256184,5.247847,5.211306
200800,3289907200,6.209492e+16,5.254198,5.243902,5.210991
200900,3291545600,6.212584e+16,5.254667,5.243505,5.208405
201000,3293184000,6.215677e+16,5.246611,5.248120,5.211348
201100,3294822400,6.218769e+16,5.248821,5.246634,5.211154
201200,3296460800,6.221861e+16,5.247462,5.241380,5.207163
201300,3298099200,6.224954e+16,5.236627,5.243999,5.208094
201400,3299737600,6.228046e+16,5.250980,5.244843,5.209235
201500,3301376000,6.231139e+16,5.250802,5.245618,5.210577
201600,3303014400,6.234231e+16,5.247759,5.238468,5.209298
201700,3304652800,6.237323e+16,5.220032,5.241172,5.209768
201800,3306291200,6.240416e+16,5.240397,5.241345,5.210289
201900,3307929600,6.243508e+16,5.229960,5.243660,5.213322
202000,3309568000,6.246600e+16,5.224329,5.238246,5.208607
202100,3311206400,6.249693e+16,5.232024,5.241352,5.206664
202200,3312844800,6.252785e+16,5.242974,5.240032,5.206909
202300,3314483200,6.255878e+16,5.235772,5.232722,5.205917
202400,3316121600,6.258970e+16,5.252309,5.236898,5.208915
202500,3317760000,6.262062e+16,5.260972,5.241811,5.208072
202600,3319398400,6.265155e+16,5.249248,5.236999,5.206596
202700,3321036800,6.268247e+16,5.253972,5.241999,5.208682
202800,3322675200,6.271339e+16,5.222188,5.238449,5.206449
202900,3324313600,6.274432e+16,5.222097,5.242220,5.209550
203000,3325952000,6.277524e+16,5.225293,5.235262,5.207724
203100,3327590400,6.280617e+16,5.232499,5.239972,5.208937
203200,3329228800,6.283709e+16,5.241319,5.239376,5.206606
203300,3330867200,6.286801e+16,5.242142,5.243318,5.211736
203400,3332505600,6.289894e+16,5.244938,5.239679,5.205997
203500,3334144000,6.292986e+16,5.237525,5.242518,5.208341
203600,3335782400,6.296078e+16,5.233743,5.243817,5.209075
203700,3337420800,6.299171e+16,5.246368,5.237373,5.204077
203800,3339059200,6.302263e+16,5.261837,5.236987,5.207012
203900,3340697600,6.305356e+16,5.233130,5.235907,5.208058
204000,3342336000,6.308448e+16,5.226078,5.237300,5.208370
204100,3343974400,6.311540e+16,5.223752,5.241184,5.210533
204200,3345612800,6.314633e+16,5.239591,5.237239,5.205267
204300,3347251200,6.317725e+16,5.235032,5.235386,5.205860
204400,3348889600,6.320817e+16,5.226914,5.235276,5.206976
204500,3350528000,6.323910e+16,5.236125,5.232217,5.204507
204600,3352166400,6.327002e+16,5.224765,5.230970,5.204541
204700,3353804800,6.330095e+16,5.219628,5.237483,5.207629
204800,3355443200,6.333187e+16,5.256199,5.234038,5.203920
204900,3357081600,6.336279e+16,5.214887,5.232039,5.204022
205000,3358720000,6.339372e+16,5.201859,5.233781,5.204238
205100,3360358400,6.342464e+16,5.244531,5.236273,5.203221
205200,3361996800,6.345556e+16,5.248027,5.233895,5.201427
205300,3363635200,6.348649e+16,5.235122,5.233974,5.205941
205400,3365273600,6.351741e+16,5.219916,5.231546,5.201158
205500,3366912000,6.354834e+16,5.230485,5.232211,5.202819
205600,3368550400,6.357926e+16,5.233890,5.232336,5.202704
205700,3370188800,6.361018e+16,5.257295,5.229944,5.199356
205800,3371827200,6.364111e+16,5.232800,5.233525,5.200954
205900,3373465600,6.367203e+16,5.226306,5.230042,5.198197
206000,3375104000,6.370295e+16,5.253964,5.228953,5.200657
206100,3376742400,6.373388e+16,5.224778,5.233383,5.200490
206200,3378380800,6.376480e+16,5.222972,5.226406,5.195723
206300,3380019200,6.379573e+16,5.234450,5.227058,5.195809
206400,3381657600,6.382665e+16,5.240613,5.230188,5.199342
206500,3383296000,6.385757e+16,5.200119,5.227022,5.194792
206600,3384934400,6.388850e+16,5.189842,5.232715,5.198010
206700,3386572800,6.391942e+16,5.226393,5.226029,5.195423
206800,3388211200,6.395035e+16,5.219431,5.229757,5.196149
206900,3389849600,6.398127e+16,5.233403,5.232678,5.199565
207000,3391488000,6.401219e+16,5.232717,5.229012,5.197604
207100,3393126400,6.404312e+16,5.226998,5.224248,5.194720
207200,3394764800,6.407404e+16,5.242041,5.231038,5.197811
207300,3396403200,6.410496e+16,5.220164,5.227222,5.194190
207400,3398041600,6.413589e+16,5.214366,5.230577,5.195093
207500,3399680000,6.416681e+16,5.218341,5.226538,5.193034
207600,3401318400,6.419774e+16,5.237241,5.225704,5.192369
207700,3402956800,6.422866e+16,5.265245,5.226805,5.193264
207800,3404595200,6.425958e+16,5.231244,5.228983,5.195059
207900,3406233600,6.429051e+16,5.199462,5.229762,5.194919
208000,3407872000,6.432143e+16,5.207798,5.227583,5.193809
208100,3409510400,6.435235e+16,5.240261,5.228151,5.193286
208200,3411148800,6.438328e+16,5.233837,5.223757,5.192324
208300,3412787200,6.441420e+16,5.225314,5.226302,5.194756
208400,3414425600,6.444513e+16,5.208787,5.223976,5.193603
208500,3416064000,6.447605e+16,5.237914,5.218761,5.190248
208600,3417702400,6.450697e+16,5.236650,5.217938,5.185197
208700,3419340800,6.453790e+16,5.234405,5.223393,5.191105
208800,3420979200,6.456882e+16,5.222649,5.220845,5.189615
208900,3422617600,6.459974e+16,5.218957,5.217786,5.188991
209000,3424256000,6.463067e+16,5.236082,5.221332,5.190594
209100,3425894400,6.466159e+16,5.215086,5.223438,5.187679
209200,3427532800,6.469252e+16,5.223853,5.224381,5.188112
209300,3429171200,6.472344e+16,5.230402,5.221554,5.186328
209400,3430809600,6.475436e+16,5.215668,5.223743,5.189292
209500,3432448000,6.478529e+16,5.213195,5.223536,5.188297
209600,3434086400,6.481621e+16,5.208711,5.223132,5.187492
209700,3435724800,6.484713e+16,5.225681,5.224842,5.189999
209800,3437363200,6.487806e+16,5.203130,5.216379,5.182782
209900,3439001600,6.490898e+16,5.222494,5.220436,5.185042
210000,3440640000,6.493991e+16,5.208790,5.222843,5.187440
210100,3442278400,6.497083e+16,5.213555,5.219826,5.185345
210200,3443916800,6.500175e+16,5.196012,5.219334,5.186665
210300,3445555200,6.503268e+16,5.214180,5.216825,5.186897
210400,3447193600,6.506360e+16,5.227373,5.221711,5.188275
210500,3448832000,6.509452e+16,5.218816,5.220365,5.186891
210600,3450470400,6.512545e+16,5.231489,5.213106,5.184641
210700,3452108800,6.515637e+16,5.226746,5.213771,5.184018
210800,3453747200,6.518730e+16,5.241776,5.214559,5.181983
210900,3455385600,6.521822e+16,5.229153,5.216854,5.184266
211000,3457024000,6.524914e+16,5.219230,5.220535,5.186564
211100,3458662400,6.528007e+16,5.224219,5.215622,5.181990
211200,3460300800,6.531099e+16,5.233683,5.214782,5.180808
211300,3461939200,6.534191e+16,5.221643,5.211993,5.182970
211400,3463577600,6.537284e+16,5.204115,5.211814,5.181427
211500,3465216000,6.540376e+16,5.200423,5.211502,5.179294
211600,3466854400,6.543469e+16,5.225014,5.211619,5.179273
211700,3468492800,6.546561e+16,5.214442,5.212766,5.181580
211800,3470131200,6.549653e+16,5.214704,5.211083,5.178111
211900,3471769600,6.552746e+16,5.224244,5.209031,5.178449
212000,3473408000,6.555838e+16,5.207555,5.207829,5.178081
212100,3475046400,6.558930e+16,5.218234,5.205649,5.178134
212200,3476684800,6.562023e+16,5.211187,5.206756,5.175999
212300,3478323200,6.565115e+16,5.228448,5.210971,5.180199
212400,3479961600,6.568208e+16,5.215368,5.210666,5.178171
212500,3481600000,6.571300e+16,5.236228,5.212008,5.180093
212600,3483238400,6.574392e+16,5.234735,5.208237,5.176799
212700,3484876800,6.577485e+16,5.210101,5.212214,5.180376
212800,3486515200,6.580577e+16,5.200625,5.208656,5.175774
212900,3488153600,6.583669e+16,5.204378,5.210192,5.178041
213000,3489792000,6.586762e+16,5.231627,5.211178,5.180418
213100,3491430400,6.589854e+16,5.240162,5.209991,5.178434
213200,3493068800,6.592947e+16,5.239838,5.207655,5.175768
213300,3494707200,6.596039e+16,5.212511,5.209061,5.178093
213400,3496345600,6.599131e+16,5.215186,5.210570,5.177778
213500,3497984000,6.602224e+16,5.216881,5.206571,5.175656
213600,3499622400,6.605316e+16,5.218340,5.207318,5.174846
213700,3501260800,6.608408e+16,5.213973,5.211302,5.176155
213800,3502899200,6.611501e+16,5.215427,5.210326,5.176374
213900,3504537600,6.614593e+16,5.205919,5.206029,5.173926
214000,3506176000,6.617686e+16,5.219604,5.209313,5.179325
214100,3507814400,6.620778e+16,5.219011,5.206617,5.175491
214200,3509452800,6.623870e+16,5.208994,5.207254,5.173602
214300,3511091200,6.626963e+16,5.209373,5.207387,5.176290
214400,3512729600,6.630055e+16,5.206072,5.211810,5.177994
214500,3514368000,6.633147e+16,5.212302,5.207401,5.173592
214600,3516006400,6.636240e+16,5.200936,5.208684,5.173668
214700,3517644800,6.639332e+16,5.213747,5.210896,5.175517
214800,3519283200,6.642425e+16,5.194025,5.208524,5.172159
214900,3520921600,6.645517e+16,5.227876,5.211488,5.175057
215000,3522560000,6.648609e+16,5.204742,5.212177,5.173930
215100,3524198400,6.651702e+16,5.201757,5.207863,5.174396
215200,3525836800,6.654794e+16,5.193081,5.209422,5.171511
215300,3527475200,6.657887e+16,5.241243,5.205502,5.172601
215400,3529113600,6.660979e+16,5.235514,5.204123,5.171069
215500,3530752000,6.664071e+16,5.224417,5.207219,5.171179
215600,3532390400,6.667164e+16,5.214301,5.204799,5.172434
215700,3534028800,6.670256e+16,5.228583,5.206082,5.173021
215800,3535667200,6.673348e+16,5.218239,5.202956,5.171060
215900,3537305600,6.676441e+16,5.214432,5.206093,5.172243
216000,3538944000,6.679533e+16,5.195956,5.203947,5.170651
216100,3540582400,6.682626e+16,5.216404,5.208004,5.172179
216200,3542220800,6.685718e+16,5.215405,5.209235,5.172735
216300,3543859200,6.688810e+16,5.209030,5.206199,5.171654
216400,3545497600,6.691903e+16,5.187605,5.204268,5.168721
216500,3547136000,6.694995e+16,5.200470,5.211827,5.172491
216600,3548774400,6.698087e+16,5.210494,5.208738,5.171161
216700,3550412800,6.701180e+16,5.196533,5.204348,5.166717
216800,3552051200,6.704272e+16,5.216465,5.204301,5.170324
216900,3553689600,6.707365e+16,5.210316,5.204596,5.169006
217000,3555328000,6.710457e+16,5.199927,5.210073,5.171656
217100,3556966400,6.713549e+16,5.205480,5.208359,5.171687
217200,3558604800,6.716642e+16,5.228652,5.203240,5.168709
217300,3560243200,6.719734e+16,5.222017,5.212605,5.173065
217400,3561881600,6.722826e+16,5.203613,5.203079,5.166408
217500,3563520000,6.725919e+16,5.192218,5.206065,5.169111
217600,3565158400,6.729011e+16,5.184461,5.207258,5.169461
217700,3566796800,6.732104e+16,5.175424,5.203149,5.165943
217800,3568435200,6.735196e+16,5.189883,5.206586,5.169668
217900,3570073600,6.738288e+16,5.193239,5.206163,5.168084
218000,3571712000,6.741381e+16,5.204463,5.210050,5.168177
218100,3573350400,6.744473e+16,5.224042,5.203517,5.166771
218200,3574988800,6.747565e+16,5.210739,5.205687,5.169409
218300,3576627200,6.750658e+16,5.214421,5.202851,5.166523
218400,3578265600,6.753750e+16,5.198391,5.206412,5.166600
218500,3579904000,6.756843e+16,5.190208,5.206522,5.167840
218600,3581542400,6.759935e+16,5.212806,5.203476,5.168233
218700,3583180800,6.763027e+16,5.203901,5.203784,5.167103
218800,3584819200,6.766120e+16,5.194189,5.204085,5.167346
218900,3586457600,6.769212e+16,5.200763,5.202583,5.165441
219000,3588096000,6.772304e+16,5.210254,5.204762,5.167113
219100,3589734400,6.775397e+16,5.197404,5.208092,5.168755
219200,3591372800,6.778489e+16,5.199893,5.199026,5.160484
219300,3593011200,6.781582e+16,5.188082,5.205126,5.163951
219400,3594649600,6.784674e+16,5.191641,5.204889,5.164646
219500,3596288000,6.787766e+16,5.192759,5.202235,5.160853
219600,3597926400,6.790859e+16,5.204030,5.200524,5.161452
219700,3599564800,6.793951e+16,5.196325,5.196977,5.161040
219800,3601203200,6.797043e+16,5.173987,5.196029,5.161253
219900,3602841600,6.800136e+16,5.200463,5.194976,5.160547
220000,3604480000,6.803228e+16,5.214228,5.195234,5.159401
220100,3606118400,6.806321e+16,5.207752,5.194803,5.160403
220200,3607756800,6.809413e+16,5.190106,5.195621,5.160610
220300,3609395200,6.812505e+16,5.195289,5.198810,5.161942
220400,3611033600,6.815598e+16,5.168458,5.196334,5.160662
220500,3612672000,6.818690e+16,5.181450,5.193909,5.158923
220600,3614310400,6.821782e+16,5.183534,5.194056,5.160850
220700,3615948800,6.824875e+16,5.186655,5.191348,5.159973
220800,3617587200,6.827967e+16,5.186357,5.193769,5.161938
220900,3619225600,6.831060e+16,5.185031,5.192863,5.159910
221000,3620864000,6.834152e+16,5.187237,5.192692,5.159368
221100,3622502400,6.837244e+16,5.200090,5.191404,5.157674
221200,3624140800,6.840337e+16,5.207949,5.187199,5.159091
221300,3625779200,6.843429e+16,5.193546,5.184671,5.156514
221400,3627417600,6.846521e+16,5.188199,5.191818,5.159578
221500,3629056000,6.849614e+16,5.177173,5.191539,5.156349
221600,3630694400,6.852706e+16,5.188543,5.187605,5.155074
221700,3632332800,6.855799e+16,5.202404,5.186212,5.154448
221800,3633971200,6.858891e+16,5.195025,5.190168,5.155890
221900,3635609600,6.861983e+16,5.198436,5.189487,5.155901
222000,3637248000,6.865076e+16,5.202159,5.189152,5.155972
222100,3638886400,6.868168e+16,5.202555,5.191036,5.158466
222200,3640524800,6.871260e+16,5.191295,5.190824,5.156416
222300,3642163200,6.874353e+16,5.198569,5.196644,5.160809
222400,3643801600,6.877445e+16,5.193534,5.196687,5.159026
222500,3645440000,6.880538e+16,5.196029,5.192917,5.157844
222600,3647078400,6.883630e+16,5.209854,5.193350,5.157496
222700,3648716800,6.886722e+16,5.204782,5.192123,5.156706
222800,3650355200,6.889815e+16,5.168771,5.195756,5.156898
222900,3651993600,6.892907e+16,5.182608,5.197236,5.159070
223000,3653632000,6.895999e+16,5.194031,5.191337,5.153555
223100,3655270400,6.899092e+16,5.187383,5.183765,5.150369
223200,3656908800,6.902184e+16,5.209189,5.193004,5.153385
223300,3658547200,6.905277e+16,5.199139,5.191175,5.151737
223400,3660185600,6.908369e+16,5.200305,5.195604,5.152249
223500,3661824000,6.911461e+16,5.191672,5.196699,5.151803
223600,3663462400,6.914554e+16,5.176759,5.198730,5.155131
223700,3665100800,6.917646e+16,5.208283,5.188764,5.153476
223800,3666739200,6.920739e+16,5.200006,5.192324,5.152074
223900,3668377600,6.923831e+16,5.188073,5.190311,5.152123
224000,3670016000,6.926923e+16,5.173471,5.193726,5.150891
224100,3671654400,6.930016e+16,5.180892,5.192328,5.153442
224200,3673292800,6.933108e+16,5.194563,5.188578,5.151926
224300,3674931200,6.936200e+16,5.201602,5.189538,5.152459
224400,3676569600,6.939293e+16,5.188915,5.188080,5.152462
224500,3678208000,6.942385e+16,5.202555,5.193652,5.153476
224600,3679846400,6.945478e+16,5.189882,5.189075,5.149313
224700,3681484800,6.948570e+16,5.173331,5.189185,5.149248
224800,3683123200,6.951662e+16,5.171305,5.188719,5.149399
224900,3684761600,6.954755e+16,5.175739,5.188192,5.148636
225000,3686400000,6.957847e+16,5.182757,5.188664,5.149723
225100,3688038400,6.960939e+16,5.179978,5.187951,5.149855
225200,3689676800,6.964032e+16,5.189318,5.180850,5.146309
225300,3691315200,6.967124e+16,5.187639,5.185628,5.149737
225400,3692953600,6.970217e+16,5.191188,5.185922,5.149749
225500,3694592000,6.973309e+16,5.180312,5.186932,5.146954
225600,3696230400,6.976401e+16,5.178235,5.191364,5.149806
225700,3697868800,6.979494e+16,5.178661,5.187943,5.148298
225800,3699507200,6.982586e+16,5.202159,5.190076,5.148979
225900,3701145600,6.985678e+16,5.183303,5.189331,5.148437
226000,3702784000,6.988771e+16,5.181679,5.190731,5.149110
226100,3704422400,6.991863e+16,5.188471,5.188568,5.148700
226200,3706060800,6.994956e+16,5.202112,5.187255,5.147490
226300,3707699200,6.998048e+16,5.175725,5.185946,5.146249
226400,3709337600,7.001140e+16,5.173648,5.187085,5.146406
226500,3710976000,7.004233e+16,5.180149,5.180819,5.142401
226600,3712614400,7.007325e+16,5.183795,5.182537,5.144346
226700,3714252800,7.010417e+16,5.193257,5.188239,5.148367
226800,3715891200,7.013510e+16,5.198603,5.183122,5.146315
226900,3717529600,7.016602e+16,5.180591,5.183531,5.145174
227000,3719168000,7.019695e+16,5.183717,5.182525,5.143172
227100,3720806400,7.022787e+16,5.199632,5.182261,5.142128
227200,3722444800,7.025879e+16,5.175327,5.177307,5.141056
227300,3724083200,7.028972e+16,5.176704,5.176020,5.143302
227400,3725721600,7.032064e+16,5.167625,5.182780,5.145249
227500,3727360000,7.035156e+16,5.171079,5.179935,5.146010
227600,3728998400,7.038249e+16,5.168346,5.180352,5.142148
227700,3730636800,7.041341e+16,5.184550,5.176206,5.142264
227800,3732275200,7.044434e+16,5.168118,5.173866,5.140947
227900,3733913600,7.047526e+16,5.177110,5.178181,5.143228
228000,3735552000,7.050618e+16,5.160573,5.176080,5.139440
228100,3737190400,7.053711e+16,5.184911,5.174874,5.140384
228200,3738828800,7.056803e+16,5.175377,5.178854,5.141014
228300,3740467200,7.059895e+16,5.180118,5.178087,5.140762
228400,3742105600,7.062988e+16,5.188093,5.175130,5.138238
228500,3743744000,7.066080e+16,5.159054,5.175660,5.139307
228600,3745382400,7.069173e+16,5.186234,5.174419,5.139013
228700,3747020800,7.072265e+16,5.179835,5.175748,5.140185
228800,3748659200,7.075357e+16,5.173169,5.177434,5.139898
228900,3750297600,7.078450e+16,5.147714,5.175070,5.138386
229000,3751936000,7.081542e+16,5.179054,5.175997,5.138049
229100,3753574400,7.084634e+16,5.184607,5.172140,5.137284
229200,3755212800,7.087727e+16,5.168591,5.173107,5.137710
229300,3756851200,7.090819e+16,5.171850,5.175591,5.137655
229400,3758489600,7.093912e+16,5.167360,5.172419,5.136492
229500,3760128000,7.097004e+16,5.167655,5.167726,5.135733
229600,3761766400,7.100096e+16,5.168291,5.168511,5.136962
229700,3763404800,7.103189e+16,5.173872,5.167137,5.131905
229800,3765043200,7.106281e+16,5.202782,5.170506,5.135792
229900,3766681600,7.109373e+16,5.174747,5.176051,5.137077
230000,3768320000,7.112466e+16,5.181830,5.172541,5.134056
230100,3769958400,7.115558e+16,5.177776,5.173871,5.135352
230200,3771596800,7.118651e+16,5.199570,5.169312,5.133432
230300,3773235200,7.121743e+16,5.202939,5.169553,5.135423
230400,3774873600,7.124835e+16,5.203232,5.171247,5.135921
230500,3776512000,7.127928e+16,5.158536,5.173348,5.135200
230600,3778150400,7.131020e+16,5.157451,5.176382,5.134785
230700,3779788800,7.134112e+16,5.175850,5.173896,5.132465
230800,3781427200,7.137205e+16,5.186212,5.169682,5.131928
230900,3783065600,7.140297e+16,5.191231,5.173394,5.133895
231000,3784704000,7.143390e+16,5.179616,5.178140,5.135467
231100,3786342400,7.146482e+16,5.163444,5.173526,5.132282
231200,3787980800,7.149574e+16,5.191669,5.171804,5.132798
231300,3789619200,7.152667e+16,5.163357,5.169740,5.131576
231400,3791257600,7.155759e+16,5.173847,5.166551,5.128565
231500,3792896000,7.158851e+16,5.176571,5.171198,5.130893
231600,3794534400,7.161944e+16,5.172339,5.170321,5.133115
231700,3796172800,7.165036e+16,5.186688,5.170209,5.133389
231800,3797811200,7.168129e+16,5.183885,5.172542,5.133903
231900,3799449600,7.171221e+16,5.173127,5.171571,5.134195
232000,3801088000,7.174313e+16,5.187727,5.171712,5.135699
232100,3802726400,7.177406e+16,5.177169,5.173319,5.135336
232200,3804364800,7.180498e+16,5.163871,5.164714,5.131807
232300,3806003200,7.183591e+16,5.165445,5.165892,5.132201
232400,3807641600,7.186683e+16,5.158796,5.164555,5.131855
232500,3809280000,7.189775e+16,5.170526,5.164852,5.133904
232600,3810918400,7.192868e+16,5.150635,5.166324,5.133662
232700,3812556800,7.195960e+16,5.173483,5.163837,5.130570
232800,3814195200,7.199052e+16,5.156622,5.164414,5.132309
232900,3815833600,7.202145e+16,5.171550,5.167073,5.134228
233000,3817472000,7.205237e+16,5.179088,5.163023,5.130135
233100,3819110400,7.208330e+16,5.171573,5.164304,5.130118
233200,3820748800,7.211422e+16,5.172507,5.166408,5.129613
233300,3822387200,7.214514e+16,5.186103,5.165668,5.130513
233400,3824025600,7.217607e+16,5.159168,5.164107,5.130115
233500,3825664000,7.220699e+16,5.164531,5.162012,5.128996
233600,3827302400,7.223791e+16,5.188199,5.165929,5.131851
233700,3828940800,7.226884e+16,5.170376,5.164658,5.129600
233800,3830579200,7.229976e+16,5.172973,5.165542,5.131056
233900,3832217600,7.233069e+16,5.146850,5.162714,5.129457
234000,3833856000,7.236161e+16,5.164996,5.159421,5.127342
234100,3835494400,7.239253e+16,5.166473,5.162754,5.130154
234200,3837132800,7.242346e+16,5.167998,5.163211,5.128815
234300,3838771200,7.245438e+16,5.175158,5.164338,5.130694
234400,3840409600,7.248530e+16,5.156449,5.158687,5.128809
234500,3842048000,7.251623e+16,5.167690,5.159019,5.128118
234600,3843686400,7.254715e+16,5.185867,5.162633,5.127570
234700,3845324800,7.257808e+16,5.164766,5.161973,5.127642
234800,3846963200,7.260900e+16,5.178806,5.162892,5.125564
234900,3848601600,7.263992e+16,5.163489,5.164218,5.128393
235000,3850240000,7.267085e+16,5.151907,5.161316,5.125362
235100,3851878400,7.270177e+16,5.173892,5.167347,5.128427
235200,3853516800,7.273269e+16,5.170152,5.166578,5.127618
235300,3855155200,7.276362e+16,5.149114,5.163154,5.126261
235400,3856793600,7.279454e+16,5.189123,5.160605,5.124725
235500,3858432000,7.282547e+16,5.184343,5.161161,5.125833
235600,3860070400,7.285639e+16,5.169065,5.164747,5.126815
235700,3861708800,7.288731e+16,5.145062,5.160651,5.126281
235800,3863347200,7.291824e+16,5.150916,5.162724,5.124857
235900,3864985600,7.294916e+16,5.177816,5.156000,5.124240
236000,3866624000,7.298008e+16,5.159295,5.160053,5.127462
236100,3868262400,7.301101e+16,5.161326,5.156907,5.126136
236200,3869900800,7.304193e+16,5.146639,5.162512,5.128210
236300,3871539200,7.307286e+16,5.138347,5.162489,5.128129
236400,3873177600,7.310378e+16,5.142951,5.158979,5.126516
236500,3874816000,7.313470e+16,5.153305,5.159618,5.124621
236600,3876454400,7.316563e+16,5.178295,5.158223,5.124345
236700,3878092800,7.319655e+16,5.179809,5.158359,5.125633
236800,3879731200,7.322747e+16,5.156506,5.159755,5.124854
236900,3881369600,7.325840e+16,5.169965,5.160913,5.127194
237000,3883008000,7.328932e+16,5.163546,5.158181,5.125234
237100,3884646400,7.332025e+16,5.158904,5.154867,5.121466
237200,3886284800,7.335117e+16,5.145797,5.157327,5.122009
237300,3887923200,7.338209e+16,5.156324,5.155328,5.121579
237400,3889561600,7.341302e+16,5.168107,5.156602,5.120642
237500,3891200000,7.344394e+16,5.159266,5.153799,5.120012
237600,3892838400,7.347486e+16,5.139096,5.151132,5.119834
237700,3894476800,7.350579e+16,5.158317,5.150973,5.119907
237800,3896115200,7.353671e+16,5.157680,5.149581,5.121252
237900,3897753600,7.356764e+16,5.170726,5.149163,5.120636
238000,3899392000,7.359856e+16,5.177092,5.154784,5.121329
238100,3901030400,7.362948e+16,5.170024,5.154498,5.118928
238200,3902668800,7.366041e+16,5.147971,5.152537,5.117461
238300,3904307200,7.369133e+16,5.161660,5.154688,5.117674
238400,3905945600,7.372225e+16,5.189353,5.153216,5.119803
238500,3907584000,7.375318e+16,5.182766,5.150042,5.118870
238600,3909222400,7.378410e+16,5.163175,5.157843,5.121861
238700,3910860800,7.381503e+16,5.175642,5.151889,5.117707
238800,3912499200,7.384595e+16,5.144766,5.159035,5.123396
238900,3914137600,7.387687e+16,5.149580,5.157220,5.121663
239000,3915776000,7.390780e+16,5.180085,5.156922,5.120897
239100,3917414400,7.393872e+16,5.162155,5.154579,5.120277
239200,3919052800,7.396964e+16,5.148665,5.154027,5.118839
239300,3920691200,7.400057e+16,5.160636,5.151554,5.117159
239400,3922329600,7.403149e+16,5.148905,5.153137,5.117953
239500,3923968000,7.406242e+16,5.167689,5.149742,5.115356
239600,3925606400,7.409334e+16,5.157091,5.153260,5.119454
239700,3927244800,7.412426e+16,5.157565,5.155322,5.117604
239800,3928883200,7.415519e+16,5.165903,5.155464,5.117497
239900,3930521600,7.418611e+16,5.163608,5.150796,5.116728
240000,3932160000,7.421703e+16,5.166327,5.150321,5.115102
240100,3933798400,7.424796e+16,5.178236,5.149846,5.115443
240200,3935436800,7.427888e+16,5.167292,5.153070,5.117099
240300,3937075200,7.430981e+16,5.159334,5.150699,5.115016
240400,3938713600,7.434073e+16,5.153199,5.151922,5.116275
240500,3940352000,7.437165e+16,5.144959,5.150982,5.115929
240600,3941990400,7.440258e+16,5.149798,5.147320,5.114325
240700,3943628800,7.443350e+16,5.169957,5.152342,5.117260
240800,3945267200,7.446442e+16,5.158374,5.152484,5.117387
240900,3946905600,7.449535e+16,5.144318,5.148818,5.115757
241000,3948544000,7.452627e+16,5.158412,5.148329,5.116790
241100,3950182400,7.455720e+16,5.160137,5.149840,5.118228
241200,3951820800,7.458812e+16,5.156475,5.151002,5.117466
241300,3953459200,7.461904e+16,5.162646,5.147802,5.114838
241400,3955097600,7.464997e+16,5.139654,5.149761,5.113546
241500,3956736000,7.468089e+16,5.157242,5.151889,5.114275
241600,3958374400,7.471182e+16,5.162890,5.150747,5.115505
241700,3960012800,7.474274e+16,5.160941,5.150329,5.114689
241800,3961651200,7.477366e+16,5.145861,5.151373,5.113141
241900,3963289600,7.480459e+16,5.152861,5.152898,5.113904
242000,3964928000,7.483551e+16,5.145196,5.151790,5.114403
242100,3966566400,7.486643e+16,5.131370,5.150965,5.113222
242200,3968204800,7.489736e+16,5.138349,5.148429,5.113563
242300,3969843200,7.492828e+16,5.146812,5.146921,5.111097
242400,3971481600,7.495921e+16,5.136882,5.153357,5.115893
242500,3973120000,7.499013e+16,5.130608,5.151363,5.112765
242600,3974758400,7.502105e+16,5.155013,5.151201,5.113419
242700,3976396800,7.505198e+16,5.142483,5.147046,5.108608
242800,3978035200,7.508290e+16,5.156476,5.149261,5.110838
242900,3979673600,7.511382e+16,5.146688,5.149180,5.110990
243000,3981312000,7.514475e+16,5.147139,5.144284,5.110817
243100,3982950400,7.517567e+16,5.137860,5.146771,5.111258
243200,3984588800,7.520660e+16,5.146603,5.146429,5.109912
243300,3986227200,7.523752e+16,5.147545,5.150623,5.109088
243400,3987865600,7.526844e+16,5.106608,5.147605,5.108830
243500,3989504000,7.529937e+16,5.158682,5.147451,5.109326
243600,3991142400,7.533029e+16,5.150375,5.151505,5.111509
243700,3992780800,7.536121e+16,5.148037,5.149131,5.109508
243800,3994419200,7.539214e+16,5.127061,5.147978,5.112864
243900,3996057600,7.542306e+16,5.142302,5.146778,5.111493
244000,3997696000,7.545399e+16,5.135709,5.149686,5.112404
244100,3999334400,7.548491e+16,5.158045,5.147606,5.108042
244200,4000972800,7.551583e+16,5.153431,5.146291,5.111022
244300,4002611200,7.554676e+16,5.167389,5.145870,5.108827
244400,4004249600,7.557768e+16,5.157584,5.147220,5.110755
244500,4005888000,7.560860e+16,5.134038,5.145534,5.109368
244600,4007526400,7.563953e+16,5.131824,5.145087,5.109735
244700,4009164800,7.567045e+16,5.128759,5.147592,5.113014
244800,4010803200,7.570138e+16,5.130705,5.144851,5.109055
244900,4012441600,7.573230e+16,5.135355,5.143099,5.106784
245000,4014080000,7.576322e+16,5.165317,5.145158,5.108575
245100,4015718400,7.579415e+16,5.154790,5.140939,5.106793
245200,4017356800,7.582507e+16,5.145902,5.141183,5.106076
245300,4018995200,7.585599e+16,5.144474,5.141423,5.108178
245400,4020633600,7.588692e+16,5.146014,5.143989,5.107685
245500,4022272000,7.591784e+16,5.139991,5.141162,5.105494
245600,4023910400,7.594877e+16,5.153690,5.141790,5.103519
245700,4025548800,7.597969e+16,5.140657,5.137955,5.103452
245800,4027187200,7.601061e+16,5.142623,5.139510,5.104651
245900,4028825600,7.604154e+16,5.124180,5.135242,5.104820
246000,4030464000,7.607246e+16,5.142831,5.139641,5.105130
246100,4032102400,7.610338e+16,5.118154,5.135223,5.102240
246200,4033740800,7.613431e+16,5.146419,5.134354,5.102163
246300,4035379200,7.616523e+16,5.138060,5.137530,5.103593
246400,4037017600,7.619616e+16,5.141839,5.135744,5.102280
246500,4038656000,7.622708e+16,5.137127,5.138561,5.103108
246600,4040294400,7.625800e+16,5.135652,5.136312,5.103001
246700,4041932800,7.628893e+16,5.135382,5.134445,5.102588
246800,4043571200,7.631985e+16,5.151146,5.132368,5.102625
246900,4045209600,7.635077e+16,5.157662,5.133284,5.102681
247000,4046848000,7.638170e+16,5.148921,5.133135,5.104472
247100,4048486400,7.641262e+16,5.159037,5.139455,5.105172
247200,4050124800,7.644355e+16,5.141105,5.135976,5.102737
247300,4051763200,7.647447e+16,5.131595,5.137385,5.104353
247400,4053401600,7.650539e+16,5.136397,5.131073,5.100720
247500,4055040000,7.653632e+16,5.140458,5.132702,5.102426
247600,4056678400,7.656724e+16,5.126294,5.137829,5.100639
247700,4058316800,7.659816e+16,5.139938,5.139763,5.103159
247800,4059955200,7.662909e+16,5.149504,5.133757,5.098480
247900,4061593600,7.666001e+16,5.151767,5.135660,5.099923
248000,4063232000,7.669094e+16,5.143346,5.137049,5.100493
248100,4064870400,7.672186e+16,5.143137,5.137030,5.100695
248200,4066508800,7.675278e+16,5.124344,5.133683,5.098225
248300,4068147200,7.678371e+16,5.137920,5.133306,5.097786
248400,4069785600,7.681463e+16,5.132592,5.134574,5.098671
248500,4071424000,7.684555e+16,5.126127,5.134714,5.100232
248600,4073062400,7.687648e+16,5.147269,5.135523,5.101441
248700,4074700800,7.690740e+16,5.152886,5.134298,5.100541
248800,4076339200,7.693833e+16,5.124081,5.131444,5.097637
248900,4077977600,7.696925e+16,5.155259,5.131211,5.097521
249000,4079616000,7.700017e+16,5.135324,5.133088,5.098234
249100,4081254400,7.703110e+16,5.131883,5.128671,5.095743
249200,4082892800,7.706202e+16,5.133680,5.130033,5.096335
249300,4084531200,7.709294e+16,5.131163,5.131133,5.097306
249400,4086169600,7.712387e+16,5.125002,5.126593,5.093955
249500,4087808000,7.715479e+16,5.141785,5.131687,5.099681
249600,4089446400,7.718572e+16,5.152340,5.136930,5.101518
249700,4091084800,7.721664e+16,5.144867,5.132220,5.098043
249800,4092723200,7.724756e+16,5.131072,5.130201,5.095698
249900,4094361600,7.727849e+16,5.122550,5.133225,5.095341
250000,4096000000,7.730941e+16,5.114461,5.129148,5.094132
250100,4097638400,7.734034e+16,5.121366,5.133828,5.096845
250200,4099276800,7.737126e+16,5.133179,5.137435,5.098868
250300,4100915200,7.740218e+16,5.134159,5.141179,5.097894
250400,4102553600,7.743311e+16,5.127293,5.132240,5.095277
250500,4104192000,7.746403e+16,5.122293,5.131613,5.095898
250600,4105830400,7.749495e+16,5.136744,5.134447,5.098447
250700,4107468800,7.752588e+16,5.142395,5.132443,5.097615
250800,4109107200,7.755680e+16,5.142693,5.130616,5.095776
250900,4110745600,7.758773e+16,5.137120,5.129795,5.094811
251000,4112384000,7.761865e+16,5.118258,5.129831,5.095801
251100,4114022400,7.764957e+16,5.124107,5.129321,5.094349
251200,4115660800,7.768050e+16,5.122411,5.129367,5.094435
251300,4117299200,7.771142e+16,5.131677,5.130917,5.093849
251400,4118937600,7.774234e+16,5.129233,5.133180,5.095500
251500,4120576000,7.777327e+16,5.126054,5.127315,5.092355
251600,4122214400,7.780419e+16,5.132387,5.125576,5.092702
251700,4123852800,7.783512e+16,5.116845,5.125419,5.092467
251800,4125491200,7.786604e+16,5.142561,5.129217,5.093021
251900,4127129600,7.789696e+16,5.140568,5.131225,5.093230
252000,4128768000,7.792789e+16,5.146919,5.128295,5.090161
252100,4130406400,7.795881e+16,5.135726,5.132915,5.091625
252200,4132044800,7.798973e+16,5.121012,5.132810,5.093001
252300,4133683200,7.802066e+16,5.140720,5.127144,5.090301
252400,4135321600,7.805158e+16,5.133732,5.131583,5.096252
252500,4136960000,7.808251e+16,5.143137,5.126527,5.092159
252600,4138598400,7.811343e+16,5.130621,5.129407,5.094479
252700,4140236800,7.814435e+16,5.135558,5.130362,5.093893
252800,4141875200,7.817528e+16,5.136379,5.127589,5.092782
252900,4143513600,7.820620e+16,5.117791,5.130062,5.090532
253000,4145152000,7.823712e+16,5.131925,5.129813,5.092855
253100,4146790400,7.826805e+16,5.138963,5.126648,5.089591
253200,4148428800,7.829897e+16,5.145947,5.128944,5.092297
253300,4150067200,7.832990e+16,5.145599,5.130482,5.090778
253400,4151705600,7.836082e+16,5.125385,5.125295,5.087319
253500,4153344000,7.839174e+16,5.132401,5.124200,5.089021
253600,4154982400,7.842267e+16,5.130088,5.122245,5.087093
253700,4156620800,7.845359e+16,5.135780,5.122006,5.089178
253800,4158259200,7.848451e+16,5.143217,5.121520,5.087971
253900,4159897600,7.851544e+16,5.144269,5.120056,5.086806
254000,4161536000,7.854636e+16,5.139995,5.115319,5.085816
254100,4163174400,7.857729e+16,5.107634,5.121116,5.085399
254200,4164812800,7.860821e+16,5.115702,5.124237,5.087603
254300,4166451200,7.863913e+16,5.126401,5.120177,5.085815
254400,4168089600,7.867006e+16,5.132537,5.128042,5.090123
254500,4169728000,7.870098e+16,5.134450,5.121910,5.085506
254600,4171366400,7.873190e+16,5.129222,5.122148,5.086665
254700,4173004800,7.876283e+16,5.134200,5.123827,5.087085
254800,4174643200,7.879375e+16,5.123673,5.124479,5.086342
254900,4176281600,7.882468e+16,5.150234,5.126388,5.088770
255000,4177920000,7.885560e+16,5.126421,5.123570,5.088542
255100,4179558400,7.888652e+16,5.126737,5.121537,5.086180
255200,4181196800,7.891745e+16,5.120290,5.120602,5.084868
255300,4182835200,7.894837e+16,5.108349,5.120063,5.087295
255400,4184473600,7.897929e+16,5.135194,5.120325,5.088091
255500,4186112000,7.901022e+16,5.112286,5.121050,5.085811
255600,4187750400,7.904114e+16,5.108282,5.121876,5.086707
255700,4189388800,7.907207e+16,5.142271,5.122276,5.086269
255800,4191027200,7.910299e+16,5.123138,5.121965,5.086143
255900,4192665600,7.913391e+16,5.114084,5.118943,5.083502
256000,4194304000,7.916484e+16,5.132176,5.118797,5.081412
256100,4195942400,7.919576e+16,5.140878,5.120931,5.082803
256200,4197580800,7.922668e+16,5.121902,5.121701,5.084134
256300,4199219200,7.925761e+16,5.118883,5.117626,5.084953
256400,4200857600,7.928853e+16,5.119635,5.117445,5.085116
256500,4202496000,7.931946e+16,5.108559,5.115372,5.084533
256600,4204134400,7.935038e+16,5.120560,5.109631,5.081563
256700,4205772800,7.938130e+16,5.144536,5.117034,5.085294
256800,4207411200,7.941223e+16,5.137306,5.110909,5.082920
256900,4209049600,7.944315e+16,5.116222,5.111403,5.081232
257000,4210688000,7.947407e+16,5.121157,5.110959,5.079751
257100,4212326400,7.950500e+16,5.116507,5.109234,5.078236
257200,4213964800,7.953592e+16,5.126610,5.112280,5.078390
257300,4215603200,7.956685e+16,5.123178,5.116742,5.078645
257400,4217241600,7.959777e+16,5.121628,5.118841,5.082113
257500,4218880000,7.962869e+16,5.112723,5.116479,5.081163
257600,4220518400,7.965962e+16,5.107616,5.116463,5.080297
257700,4222156800,7.969054e+16,5.156109,5.118277,5.080761
257800,4223795200,7.972146e+16,5.137979,5.123523,5.082203
257900,4225433600,7.975239e+16,5.128580,5.121168,5.080751
258000,4227072000,7.978331e+16,5.122993,5.116305,5.079480
258100,4228710400,7.981424e+16,5.123430,5.118819,5.079942
258200,4230348800,7.984516e+16,5.113711,5.118566,5.080483
258300,4231987200,7.987608e+16,5.121563,5.119387,5.081830
258400,4233625600,7.990701e+16,5.126978,5.122769,5.084991
258500,4235264000,7.993793e+16,5.123828,5.120246,5.079788
258600,4236902400,7.996886e+16,5.127203,5.119321,5.080228
258700,4238540800,7.999978e+16,5.117720,5.115450,5.079812
258800,4240179200,8.003070e+16,5.121171,5.113269,5.078928
258900,4241817600,8.006163e+16,5.129539,5.116217,5.079795
259000,4243456000,8.009255e+16,5.129034,5.116394,5.079938
259100,4245094400,8.012347e+16,5.130747,5.114710,5.077598
259200,4246732800,8.015440e+16,5.123473,5.114919,5.080766
259300,4248371200,8.018532e+16,5.132255,5.112424,5.080028
259400,4250009600,8.021625e+16,5.122502,5.115588,5.080354
259500,4251648000,8.024717e+16,5.105792,5.114790,5.079267
259600,4253286400,8.027809e+16,5.105206,5.115567,5.079508
259700,4254924800,8.030902e+16,5.100749,5.114547,5.076309
259800,4256563200,8.033994e+16,5.109751,5.120113,5.083420
259900,4258201600,8.037086e+16,5.119321,5.120503,5.078030
260000,4259840000,8.040179e+16,5.136022,5.121339,5.080688
260100,4261478400,8.043271e+16,5.124856,5.116634,5.078290
260200,4263116800,8.046364e+16,5.123494,5.117414,5.080049
260300,4264755200,8.049456e+16,5.115084,5.114557,5.077527
260400,4266393600,8.052548e+16,5.130990,5.116729,5.078605
260500,4268032000,8.055641e+16,5.126558,5.109937,5.075168
260600,4269670400,8.058733e+16,5.131291,5.112150,5.077297
260700,4271308800,8.061825e+16,5.118144,5.116030,5.076816
260800,4272947200,8.064918e+16,5.115502,5.117618,5.076614
260900,4274585600,8.068010e+16,5.125695,5.114171,5.077421
261000,4276224000,8.071103e+16,5.107403,5.109612,5.076748
261100,4277862400,8.074195e+16,5.090221,5.111042,5.076262
261200,4279500800,8.077287e+16,5.093235,5.115368,5.078924
261300,4281139200,8.080380e+16,5.104423,5.111864,5.077407
261400,4282777600,8.083472e+16,5.121001,5.114773,5.078732
261500,4284416000,8.086564e+16,5.123718,5.108278,5.075341
261600,4286054400,8.089657e+16,5.119862,5.113102,5.077324
261700,4287692800,8.092749e+16,5.104584,5.113087,5.077028
261800,4289331200,8.095842e+16,5.101007,5.111546,5.075247
261900,4290969600,8.098934e+16,5.105861,5.112993,5.077892
262000,4292608000,8.102026e+16,5.124882,5.111712,5.077291
262100,4294246400,8.105119e+16,5.090271,5.113160,5.079195
262200,4295884800,8.108211e+16,5.117758,5.109260,5.076071
262300,4297523200,8.111303e+16,5.106137,5.114308,5.077719
262400,4299161600,8.114396e+16,5.123773,5.116073,5.079786
262500,4300800000,8.117488e+16,5.136935,5.114315,5.077176
262600,4302438400,8.120581e+16,5.120018,5.115160,5.076345
262700,4304076800,8.123673e+16,5.108508,5.111876,5.075606
262800,4305715200,8.126765e+16,5.120839,5.107741,5.073496
262900,4307353600,8.129858e+16,5.101982,5.109083,5.072892
263000,4308992000,8.132950e+16,5.103264,5.114167,5.076101
263100,4310630400,8.136042e+16,5.111866,5.110934,5.073695
263200,4312268800,8.139135e+16,5.098659,5.115339,5.075546
263300,4313907200,8.142227e+16,5.109311,5.118567,5.077028
263400,4315545600,8.145320e+16,5.107971,5.113094,5.073863
263500,4317184000,8.148412e+16,5.110917,5.114374,5.077133
263600,4318822400,8.151504e+16,5.121386,5.115680,5.076631
263700,4320460800,8.154597e+16,5.130392,5.112837,5.075177
263800,4322099200,8.157689e+16,5.133199,5.113477,5.074489
263900,4323737600,8.160781e+16,5.120629,5.111653,5.072571
264000,4325376000,8.163874e+16,5.112597,5.114622,5.074232
264100,4327014400,8.166966e+16,5.112626,5.110715,5.072345
264200,4328652800,8.170059e+16,5.106544,5.112762,5.074390
264300,4330291200,8.173151e+16,5.114322,5.113737,5.070497
264400,4331929600,8.176243e+16,5.105243,5.110650,5.072146
264500,4333568000,8.179336e+16,5.092845,5.111973,5.071530
264600,4335206400,8.182428e+16,5.105386,5.114114,5.073887
264700,4336844800,8.185520e+16,5.108223,5.112182,5.072386
264800,4338483200,8.188613e+16,5.111410,5.111252,5.071425
264900,4340121600,8.191705e+16,5.118659,5.112455,5.073081
265000,4341760000,8.194798e+16,5.117072,5.108782,5.071387
265100,4343398400,8.197890e+16,5.111186,5.112091,5.071665
265200,4345036800,8.200982e+16,5.090345,5.107484,5.071040
265300,4346675200,8.204075e+16,5.092435,5.108185,5.072157
265400,4348313600,8.207167e+16,5.098203,5.110622,5.073180
265500,4349952000,8.210259e+16,5.129640,5.109891,5.071359
265600,4351590400,8.213352e+16,5.103092,5.107543,5.070178
265700,4353228800,8.216444e+16,5.098556,5.109794,5.071421
265800,4354867200,8.219537e+16,5.110169,5.111634,5.070564
265900,4356505600,8.222629e+16,5.103861,5.112292,5.071314
266000,4358144000,8.225721e+16,5.111232,5.110950,5.070620
266100,4359782400,8.228814e+16,5.117913,5.109375,5.069218
266200,4361420800,8.231906e+16,5.135255,5.112683,5.070008
266300,4363059200,8.234998e+16,5.107282,5.109751,5.069924
266400,4364697600,8.238091e+16,5.117651,5.111549,5.070011
266500,4366336000,8.241183e+16,5.113585,5.112799,5.068944
266600,4367974400,8.244276e+16,5.107099,5.110067,5.069771
266700,4369612800,8.247368e+16,5.114526,5.108405,5.067977
266800,4371251200,8.250460e+16,5.118682,5.107200,5.067425
266900,4372889600,8.253553e+16,5.090607,5.110744,5.068301
267000,4374528000,8.256645e+16,5.122748,5.107974,5.068688
267100,4376166400,8.259738e+16,5.114042,5.107170,5.068953
267200,4377804800,8.262830e+16,5.096047,5.108675,5.067662
267300,4379443200,8.265922e+16,5.103862,5.106144,5.068599
267400,4381081600,8.269015e+16,5.126117,5.108506,5.071316
267500,4382720000,8.272107e+16,5.100677,5.108934,5.068566
267600,4384358400,8.275199e+16,5.113004,5.106596,5.068129
267700,4385996800,8.278292e+16,5.122340,5.106715,5.069270
267800,4387635200,8.281384e+16,5.089297,5.102959,5.067146
267900,4389273600,8.284477e+16,5.114021,5.103079,5.067359
268000,4390912000,8.287569e+16,5.125737,5.104967,5.068391
268100,4392550400,8.290661e+16,5.107643,5.100019,5.067251
268200,4394188800,8.293754e+16,5.102841,5.098825,5.065606
268300,4395827200,8.296846e+16,5.111412,5.100042,5.064758
268400,4397465600,8.299938e+16,5.115128,5.101050,5.067833
268500,4399104000,8.303031e+16,5.080996,5.100952,5.067369
268600,4400742400,8.306123e+16,5.110569,5.102998,5.066625
268700,4402380800,8.309216e+16,5.090641,5.104182,5.065566
268800,4404019200,8.312308e+16,5.097875,5.103098,5.063668
268900,4405657600,8.315400e+16,5.093414,5.103060,5.065320
269000,4407296000,8.318493e+16,5.105250,5.098325,5.061838
269100,4408934400,8.321585e+16,5.099875,5.096671,5.062660
269200,4410572800,8.324677e+16,5.097214,5.098894,5.064147
269300,4412211200,8.327770e+16,5.104896,5.101107,5.065518
269400,4413849600,8.330862e+16,5.093612,5.095375,5.061924
269500,4415488000,8.333955e+16,5.079792,5.096732,5.062126
269600,4417126400,8.337047e+16,5.102398,5.100068,5.063680
269700,4418764800,8.340139e+16,5.089948,5.098262,5.062089
269800,4420403200,8.343232e+16,5.113802,5.099106,5.061283
269900,4422041600,8.346324e+16,5.095909,5.097769,5.060985
270000,4423680000,8.349416e+16,5.106020,5.099975,5.064809
270100,4425318400,8.352509e+16,5.109895,5.098011,5.061236
270200,4426956800,8.355601e+16,5.090242,5.101803,5.062305
270300,4428595200,8.358694e+16,5.089120,5.099917,5.062762
270400,4430233600,8.361786e+16,5.095545,5.097148,5.061056
270500,4431872000,8.364878e+16,5.081769,5.095869,5.059314
270600,4433510400,8.367971e+16,5.100922,5.099145,5.060608
270700,4435148800,8.371063e+16,5.107571,5.098304,5.061075
270800,4436787200,8.374155e+16,5.110908,5.097612,5.060591
270900,4438425600,8.377248e+16,5.118093,5.095315,5.060791
271000,4440064000,8.380340e+16,5.097365,5.098785,5.061669
271100,4441702400,8.383433e+16,5.082959,5.098314,5.060429
271200,4443340800,8.386525e+16,5.094786,5.097724,5.062314
271300,4444979200,8.389617e+16,5.097354,5.092915,5.057714
271400,4446617600,8.392710e+16,5.083347,5.096612,5.058459
271500,4448256000,8.395802e+16,5.076101,5.095788,5.057016
271600,4449894400,8.398894e+16,5.070368,5.097201,5.059446
271700,4451532800,8.401987e+16,5.090802,5.092124,5.055792
271800,4453171200,8.405079e+16,5.097873,5.094172,5.057670
271900,4454809600,8.408172e+16,5.079152,5.097045,5.057691
272000,4456448000,8.411264e+16,5.105042,5.093331,5.056364
272100,4458086400,8.414356e+16,5.098341,5.095073,5.058396
272200,4459724800,8.417449e+16,5.085690,5.092999,5.056612
272300,4461363200,8.420541e+16,5.105623,5.089877,5.056109
272400,4463001600,8.423633e+16,5.086808,5.093198,5.054625
272500,4464640000,8.426726e+16,5.095408,5.093486,5.057767
272600,4466278400,8.429818e+16,5.103742,5.089578,5.054520
272700,4467916800,8.432911e+16,5.130223,5.094451,5.059062
272800,4469555200,8.436003e+16,5.108131,5.091610,5.055685
272900,4471193600,8.439095e+16,5.094585,5.088080,5.054731
273000,4472832000,8.442188e+16,5.089275,5.090906,5.056527
273100,4474470400,8.445280e+16,5.102074,5.089172,5.053750
273200,4476108800,8.448372e+16,5.091936,5.092977,5.054094
273300,4477747200,8.451465e+16,5.093489,5.088690,5.053936
273400,4479385600,8.454557e+16,5.113288,5.090702,5.055826
273500,4481024000,8.457650e+16,5.126616,5.088585,5.053326
273600,4482662400,8.460742e+16,5.095893,5.087708,5.054472
273700,4484300800,8.463834e+16,5.111260,5.091727,5.053396
273800,4485939200,8.466927e+16,5.089741,5.088665,5.051368
273900,4487577600,8.470019e+16,5.090878,5.092219,5.053476
274000,4489216000,8.473111e+16,5.101866,5.090868,5.053798
274100,4490854400,8.476204e+16,5.105003,5.093452,5.052705
274200,4492492800,8.479296e+16,5.077309,5.088201,5.050015
274300,4494131200,8.482389e+16,5.091794,5.087362,5.050970
274400,4495769600,8.485481e+16,5.085120,5.090787,5.053786
274500,4497408000,8.488573e+16,5.090102,5.090506,5.053068
274600,4499046400,8.491666e+16,5.113630,5.088106,5.053746
274700,4500684800,8.494758e+16,5.103349,5.088580,5.052171
274800,4502323200,8.497850e+16,5.092970,5.086390,5.050727
274900,4503961600,8.500943e+16,5.099068,5.086216,5.049644
275000,4505600000,8.504035e+16,5.087331,5.090376,5.051813
275100,4507238400,8.507128e+16,5.103185,5.086974,5.051302
275200,4508876800,8.510220e+16,5.091906,5.085110,5.051186
275300,4510515200,8.513312e+16,5.081052,5.089191,5.052169
275400,4512153600,8.516405e+16,5.077321,5.087821,5.052606
275500,4513792000,8.519497e+16,5.110639,5.088744,5.052473
275600,4515430400,8.522590e+16,5.087737,5.089120,5.053571
275700,4517068800,8.525682e+16,5.071091,5.086671,5.051680
275800,4518707200,8.528774e+16,5.099329,5.087792,5.052045
275900,4520345600,8.531867e+16,5.107170,5.094657,5.054524
276000,4521984000,8.534959e+16,5.105060,5.088670,5.054130
276100,4523622400,8.538051e+16,5.066653,5.087496,5.052266
276200,4525260800,8.541144e+16,5.093617,5.089534,5.053751
276300,4526899200,8.544236e+16,5.102664,5.087157,5.053713
276400,4528537600,8.547329e+16,5.112807,5.085070,5.051057
276500,4530176000,8.550421e+16,5.093341,5.087050,5.053402
276600,4531814400,8.553513e+16,5.080683,5.087014,5.051268
276700,4533452800,8.556606e+16,5.070056,5.082889,5.049687
276800,4535091200,8.559698e+16,5.097126,5.081330,5.049097
276900,4536729600,8.562790e+16,5.121953,5.085177,5.050226
277000,4538368000,8.565883e+16,5.087381,5.083215,5.048408
277100,4540006400,8.568975e+16,5.079215,5.088409,5.049525
277200,4541644800,8.572068e+16,5.080148,5.086563,5.050820
277300,4543283200,8.575160e+16,5.092331,5.084227,5.048966
277400,4544921600,8.578252e+16,5.092231,5.084439,5.047170
277500,4546560000,8.581345e+16,5.093888,5.085752,5.048562
277600,4548198400,8.584437e+16,5.106635,5.081684,5.046136
277700,4549836800,8.587529e+16,5.093879,5.083035,5.047814
277800,4551475200,8.590622e+16,5.095420,5.088869,5.050101
277900,4553113600,8.593714e+16,5.077418,5.090659,5.050266
278000,4554752000,8.596807e+16,5.101672,5.083432,5.047472
278100,4556390400,8.599899e+16,5.118192,5.085411,5.048688
278200,4558028800,8.602991e+16,5.095072,5.085995,5.049413
278300,4559667200,8.606084e+16,5.100349,5.081650,5.046978
278400,4561305600,8.609176e+16,5.086475,5.085029,5.046321
278500,4562944000,8.612268e+16,5.092460,5.089030,5.049636
278600,4564582400,8.615361e+16,5.089418,5.083670,5.047256
278700,4566220800,8.618453e+16,5.094255,5.083496,5.047436
278800,4567859200,8.621546e+16,5.094185,5.084658,5.046936
278900,4569497600,8.624638e+16,5.078218,5.087410,5.048882
279000,4571136000,8.627730e+16,5.060569,5.086980,5.048367
279100,4572774400,8.630823e+16,5.072537,5.080941,5.042997
279200,4574412800,8.633915e+16,5.090584,5.082721,5.047101
279300,4576051200,8.637007e+16,5.101149,5.078484,5.043530
279400,4577689600,8.640100e+16,5.096081,5.080991,5.045193
279500,4579328000,8.643192e+16,5.097051,5.082905,5.047005
279600,4580966400,8.646285e+16,5.092678,5.080367,5.045542
279700,4582604800,8.649377e+16,5.074996,5.081245,5.045494
279800,4584243200,8.652469e+16,5.091767,5.082665,5.044584
279900,4585881600,8.655562e+16,5.063271,5.076958,5.042553
280000,4587520000,8.658654e+16,5.081924,5.078811,5.044946
280100,4589158400,8.661746e+16,5.101460,5.079532,5.045430
280200,4590796800,8.664839e+16,5.083385,5.079266,5.043203
280300,4592435200,8.667931e+16,5.093435,5.077846,5.045217
280400,4594073600,8.671024e+16,5.085959,5.077385,5.046709
280500,4595712000,8.674116e+16,5.081251,5.079079,5.045446
280600,4597350400,8.677208e+16,5.072546,5.080896,5.042820
280700,4598988800,8.680301e+16,5.073332,5.078614,5.043945
280800,4600627200,8.683393e+16,5.078282,5.080196,5.042273
280900,4602265600,8.686485e+16,5.092028,5.080117,5.044806
281000,4603904000,8.689578e+16,5.093021,5.083452,5.045519
281100,4605542400,8.692670e+16,5.119144,5.075948,5.041614
281200,4607180800,8.695763e+16,5.079049,5.081867,5.044490
281300,4608819200,8.698855e+16,5.087880,5.080748,5.042439
281400,4610457600,8.701947e+16,5.077355,5.077928,5.042124
281500,4612096000,8.705040e+16,5.091368,5.076342,5.043061
281600,4613734400,8.708132e+16,5.080912,5.074306,5.042495
281700,4615372800,8.711224e+16,5.091305,5.072593,5.040819
281800,4617011200,8.714317e+16,5.080706,5.075661,5.042832
281900,4618649600,8.717409e+16,5.060797,5.074321,5.040767
282000,4620288000,8.720502e+16,5.076542,5.075253,5.040600
282100,4621926400,8.723594e+16,5.082767,5.075839,5.040448
282200,4623564800,8.726686e+16,5.109237,5.075809,5.040983
282300,4625203200,8.729779e+16,5.080662,5.079426,5.042225
282400,4626841600,8.732871e+16,5.090809,5.079840,5.041846
282500,4628480000,8.735963e+16,5.091633,5.078653,5.042137
282600,4630118400,8.739056e+16,5.088930,5.076354,5.041288
282700,4631756800,8.742148e+16,5.082956,5.074645,5.039964
282800,4633395200,8.745241e+16,5.082233,5.073119,5.040078
282900,4635033600,8.748333e+16,5.106696,5.076628,5.040979
283000,4636672000,8.751425e+16,5.098494,5.073305,5.040493
283100,4638310400,8.754518e+16,5.093632,5.072813,5.037470
283200,4639948800,8.757610e+16,5.086096,5.073843,5.038435
283300,4641587200,8.760702e+16,5.095756,5.072894,5.037228
283400,4643225600,8.763795e+16,5.077475,5.073466,5.038860
283500,4644864000,8.766887e+16,5.059486,5.076414,5.038452
283600,4646502400,8.769980e+16,5.077504,5.077642,5.038613
283700,4648140800,8.773072e+16,5.087257,5.073103,5.038286
283800,4649779200,8.776164e+16,5.085338,5.070633,5.037057
283900,4651417600,8.779257e+16,5.089643,5.071855,5.039346
284000,4653056000,8.782349e+16,5.071782,5.074390,5.039471
284100,4654694400,8.785442e+16,5.077066,5.075753,5.039598
284200,4656332800,8.788534e+16,5.079538,5.076028,5.038993
284300,4657971200,8.791626e+16,5.061430,5.077750,5.039081
284400,4659609600,8.794719e+16,5.077824,5.077875,5.039938
284500,4661248000,8.797811e+16,5.088066,5.074814,5.036195
284600,4662886400,8.800903e+16,5.079710,5.073725,5.036990
284700,4664524800,8.803996e+16,5.080170,5.070824,5.035829
284800,4666163200,8.807088e+16,5.086742,5.070007,5.036739
284900,4667801600,8.810181e+16,5.082124,5.070529,5.037206
285000,4669440000,8.813273e+16,5.068669,5.073387,5.038233
285100,4671078400,8.816365e+16,5.072579,5.074510,5.038356
285200,4672716800,8.819458e+16,5.095425,5.073969,5.038726
285300,4674355200,8.822550e+16,5.082431,5.075789,5.038879
285400,4675993600,8.825642e+16,5.072699,5.075580,5.036842
285500,4677632000,8.828735e+16,5.070090,5.070833,5.034177
285600,4679270400,8.831827e+16,5.062235,5.073637,5.034042
285700,4680908800,8.834920e+16,5.069865,5.075977,5.036553
285800,4682547200,8.838012e+16,5.067873,5.074567,5.035355
285900,4684185600,8.841104e+16,5.075321,5.077135,5.037019
286000,4685824000,8.844197e+16,5.063536,5.073268,5.034479
286100,4687462400,8.847289e+16,5.086769,5.076757,5.036636
286200,4689100800,8.850381e+16,5.063860,5.074093,5.035023
286300,4690739200,8.853474e+16,5.052944,5.075227,5.034858
286400,4692377600,8.856566e+16,5.073700,5.075347,5.035084
286500,4694016000,8.859659e+16,5.066988,5.074570,5.035198
286600,4695654400,8.862751e+16,5.063794,5.073366,5.034789
286700,4697292800,8.865843e+16,5.097967,5.070918,5.032610
286800,4698931200,8.868936e+16,5.089240,5.070744,5.033020
286900,4700569600,8.872028e+16,5.072587,5.072103,5.031136
287000,4702208000,8.875120e+16,5.081946,5.074833,5.034452
287100,4703846400,8.878213e+16,5.081272,5.071593,5.034739
287200,4705484800,8.881305e+16,5.062434,5.070013,5.031000
287300,4707123200,8.884398e+16,5.074588,5.072447,5.031667
287400,4708761600,8.887490e+16,5.078121,5.071080,5.032151
287500,4710400000,8.890582e+16,5.086511,5.071276,5.032829
287600,4712038400,8.893675e+16,5.094981,5.069413,5.030995
287700,4713676800,8.896767e+16,5.082068,5.069629,5.033493
287800,4715315200,8.899859e+16,5.085337,5.069811,5.033128
287900,4716953600,8.902952e+16,5.052944,5.073103,5.033871
288000,4718592000,8.906044e+16,5.062872,5.073302,5.034090
288100,4720230400,8.909137e+16,5.080013,5.071445,5.031678
288200,4721868800,8.912229e+16,5.067757,5.068528,5.030231
288300,4723507200,8.915321e+16,5.078163,5.069730,5.030386
288400,4725145600,8.918414e+16,5.045213,5.071756,5.032100
288500,4726784000,8.921506e+16,5.076719,5.064118,5.029022
288600,4728422400,8.924598e+16,5.069394,5.064911,5.031362
288700,4730060800,8.927691e+16,5.066655,5.065166,5.029608
288800,4731699200,8.930783e+16,5.083601,5.063389,5.029746
288900,4733337600,8.933876e+16,5.094244,5.064196,5.030330
289000,4734976000,8.936968e+16,5.040992,5.068051,5.029765
289100,4736614400,8.940060e+16,5.082786,5.068211,5.029515
289200,4738252800,8.943153e+16,5.066845,5.063828,5.028460
289300,4739891200,8.946245e+16,5.060060,5.065822,5.027932
289400,4741529600,8.949337e+16,5.093272,5.063971,5.026874
289500,4743168000,8.952430e+16,5.086374,5.064385,5.028131
289600,4744806400,8.955522e+16,5.066814,5.067082,5.027850
289700,4746444800,8.958615e+16,5.073484,5.067039,5.028353
289800,4748083200,8.961707e+16,5.048816,5.065192,5.029478
289900,4749721600,8.964799e+16,5.067293,5.063600,5.028052
290000,4751360000,8.967892e+16,5.054824,5.064953,5.027052
290100,4752998400,8.970984e+16,5.067496,5.066299,5.029178
290200,4754636800,8.974076e+16,5.081397,5.069669,5.026968
290300,4756275200,8.977169e+16,5.055326,5.071669,5.029877
290400,4757913600,8.980261e+16,5.056591,5.067548,5.028156
290500,4759552000,8.983354e+16,5.063866,5.067089,5.026994
290600,4761190400,8.986446e+16,5.069510,5.066600,5.027195
290700,4762828800,8.989538e+16,5.059436,5.066104,5.026033
290800,4764467200,8.992631e+16,5.066838,5.060974,5.024845
290900,4766105600,8.995723e+16,5.099055,5.059094,5.023680
291000,4767744000,8.998815e+16,5.078742,5.058662,5.023321
291100,4769382400,9.001908e+16,5.084101,5.064495,5.026653
291200,4771020800,9.005000e+16,5.084701,5.064703,5.025321
291300,4772659200,9.008093e+16,5.070904,5.061119,5.023858
291400,4774297600,9.011185e+16,5.086024,5.062104,5.023657
291500,4775936000,9.014277e+16,5.050865,5.063138,5.025395
291600,4777574400,9.017370e+16,5.045894,5.061762,5.023183
291700,4779212800,9.020462e+16,5.070432,5.065276,5.024040
291800,4780851200,9.023554e+16,5.066979,5.060465,5.024042
291900,4782489600,9.026647e+16,5.066805,5.057200,5.023137
292000,4784128000,9.029739e+16,5.057099,5.058584,5.025255
292100,4785766400,9.032832e+16,5.073629,5.063983,5.025019
292200,4787404800,9.035924e+16,5.075938,5.063448,5.025110
292300,4789043200,9.039016e+16,5.058982,5.057429,5.023075
292400,4790681600,9.042109e+16,5.071993,5.063990,5.023978
292500,4792320000,9.045201e+16,5.072448,5.059322,5.022797
292600,4793958400,9.048294e+16,5.067474,5.060814,5.023054
292700,4795596800,9.051386e+16,5.059215,5.058260,5.019855
292800,4797235200,9.054478e+16,5.058041,5.059728,5.021268
292900,4798873600,9.057571e+16,5.054878,5.059586,5.024901
293000,4800512000,9.060663e+16,5.050081,5.060373,5.023487
293100,4802150400,9.063755e+16,5.049845,5.057235,5.020856
293200,4803788800,9.066848e+16,5.059993,5.062515,5.022879
293300,4805427200,9.069940e+16,5.043305,5.061673,5.020835
293400,4807065600,9.073033e+16,5.057757,5.061174,5.020968
293500,4808704000,9.076125e+16,5.035144,5.058708,5.019764
293600,4810342400,9.079217e+16,5.056286,5.062448,5.022160
293700,4811980800,9.082310e+16,5.060727,5.059284,5.020248
293800,4813619200,9.085402e+16,5.065444,5.058652,5.018711
293900,4815257600,9.088494e+16,5.079930,5.060085,5.020609
294000,4816896000,9.091587e+16,5.063908,5.061362,5.021290
294100,4818534400,9.094679e+16,5.074627,5.057143,5.022055
294200,4820172800,9.097772e+16,5.077849,5.058458,5.020699
294300,4821811200,9.100864e+16,5.062866,5.056146,5.020162
294400,4823449600,9.103956e+16,5.051353,5.060021,5.020603
294500,4825088000,9.107049e+16,5.065201,5.060074,5.019383
294600,4826726400,9.110141e+16,5.077450,5.057992,5.020457
294700,4828364800,9.113233e+16,5.050282,5.058463,5.019874
294800,4830003200,9.116326e+16,5.050297,5.061280,5.020767
294900,4831641600,9.119418e+16,5.063848,5.062877,5.022149
295000,4833280000,9.122511e+16,5.071509,5.059545,5.020106
295100,4834918400,9.125603e+16,5.056202,5.059262,5.019147
295200,4836556800,9.128695e+16,5.077904,5.055888,5.016197
295300,4838195200,9.131788e+16,5.056451,5.055797,5.017801
295400,4839833600,9.134880e+16,5.064147,5.059712,5.020901
295500,4841472000,9.137972e+16,5.054030,5.060475,5.020584
295600,4843110400,9.141065e+16,5.051782,5.059121,5.019263
295700,4844748800,9.144157e+16,5.056332,5.056552,5.016450
295800,4846387200,9.147250e+16,5.049343,5.060279,5.019750
295900,4848025600,9.150342e+16,5.054594,5.053803,5.016788
296000,4849664000,9.153434e+16,5.051865,5.058342,5.018797
296100,4851302400,9.156527e+16,5.062430,5.057892,5.019761
296200,4852940800,9.159619e+16,5.053462,5.059739,5.018950
296300,4854579200,9.162711e+16,5.053156,5.059511,5.018883
296400,4856217600,9.165804e+16,5.059533,5.056588,5.018113
296500,4857856000,9.168896e+16,5.062082,5.056258,5.018950
296600,4859494400,9.171989e+16,5.047044,5.057104,5.021112
296700,4861132800,9.175081e+16,5.044852,5.054169,5.016173
296800,4862771200,9.178173e+16,5.035574,5.053615,5.018218
296900,4864409600,9.181266e+16,5.068374,5.053519,5.018859
297000,4866048000,9.184358e+16,5.061901,5.056437,5.019339
297100,4867686400,9.187450e+16,5.061093,5.060731,5.021411
297200,4869324800,9.190543e+16,5.069392,5.056364,5.018933
297300,4870963200,9.193635e+16,5.056094,5.061660,5.021251
297400,4872601600,9.196728e+16,5.059582,5.054294,5.017957
297500,4874240000,9.199820e+16,5.051470,5.060333,5.018765
297600,4875878400,9.202912e+16,5.047641,5.060679,5.021113
297700,4877516800,9.206005e+16,5.040124,5.059712,5.020250
297800,4879155200,9.209097e+16,5.052737,5.053870,5.015562
297900,4880793600,9.212189e+16,5.069491,5.059023,5.015801
298000,4882432000,9.215282e+16,5.062584,5.055444,5.016178
298100,4884070400,9.218374e+16,5.059702,5.054863,5.015943
298200,4885708800,9.221467e+16,5.066765,5.058467,5.017733
298300,4887347200,9.224559e+16,5.029714,5.054622,5.015113
298400,4888985600,9.227651e+16,5.026336,5.054762,5.014599
298500,4890624000,9.230744e+16,5.056399,5.056984,5.016592
298600,4892262400,9.233836e+16,5.061586,5.058505,5.016606
298700,4893900800,9.236928e+16,5.058288,5.056392,5.013545
298800,4895539200,9.240021e+16,5.044745,5.055719,5.014844
298900,4897177600,9.243113e+16,5.058443,5.056259,5.013701
299000,4898816000,9.246206e+16,5.044803,5.055539,5.014175
299100,4900454400,9.249298e+16,5.055872,5.052093,5.013028
299200,4902092800,9.252390e+16,5.043757,5.050476,5.012061
299300,4903731200,9.255483e+16,5.049352,5.052796,5.013567
299400,4905369600,9.258575e+16,5.034687,5.051630,5.012233
299500,4907008000,9.261667e+16,5.051387,5.049755,5.010644
299600,4908646400,9.264760e+16,5.047254,5.047752,5.008807
299700,4910284800,9.267852e+16,5.059577,5.047164,5.009479
299800,4911923200,9.270945e+16,5.043749,5.049183,5.010434
299900,4913561600,9.274037e+16,5.038181,5.046560,5.008198
300000,4915200000,9.277129e+16,5.037158,5.048624,5.009998
300100,4916838400,9.280222e+16,5.048392,5.046736,5.008941
300200,4918476800,9.283314e+16,5.052420,5.049625,5.011598
300300,4920115200,9.286406e+16,5.047181,5.048017,5.010311
300400,4921753600,9.289499e+16,5.076178,5.045781,5.009977
300500,4923392000,9.292591e+16,5.080393,5.044574,5.010675
300600,4925030400,9.295684e+16,5.059117,5.047083,5.012862
300700,4926668800,9.298776e+16,5.070477,5.047695,5.011450
300800,4928307200,9.301868e+16,5.038015,5.044820,5.011397
300900,4929945600,9.304961e+16,5.028379,5.044117,5.010254
301000,4931584000,9.308053e+16,5.047866,5.042909,5.012284
301100,4933222400,9.311146e+16,5.036818,5.042881,5.008899
301200,4934860800,9.314238e+16,5.040656,5.049286,5.011884
301300,4936499200,9.317330e+16,5.021823,5.046430,5.009734
301400,4938137600,9.320423e+16,5.062907,5.047229,5.010026
301500,4939776000,9.323515e+16,5.051027,5.047718,5.010111
301600,4941414400,9.326607e+16,5.031044,5.046397,5.010997
301700,4943052800,9.329700e+16,5.048698,5.045698,5.010243
301800,4944691200,9.332792e+16,5.071110,5.048878,5.009993
301900,4946329600,9.335885e+16,5.040887,5.047513,5.011048
302000,4947968000,9.338977e+16,5.044989,5.044625,5.009959
302100,4949606400,9.342069e+16,5.059598,5.044752,5.010672
302200,4951244800,9.345162e+16,5.068714,5.045990,5.009080
302300,4952883200,9.348254e+16,5.052577,5.043982,5.007220
302400,4954521600,9.351346e+16,5.059844,5.044137,5.008217
302500,4956160000,9.354439e+16,5.034938,5.042573,5.008824
302600,4957798400,9.357531e+16,5.062139,5.048133,5.011938
302700,4959436800,9.360624e+16,5.041427,5.045427,5.010491
302800,4961075200,9.363716e+16,5.062719,5.043706,5.010180
302900,4962713600,9.366808e+16,5.047163,5.041621,5.009358
303000,4964352000,9.369901e+16,5.045119,5.043541,5.009703
303100,4965990400,9.372993e+16,5.052018,5.040682,5.007716
303200,4967628800,9.376085e+16,5.036523,5.046933,5.011789
303300,4969267200,9.379178e+16,5.066624,5.042938,5.008695
303400,4970905600,9.382270e+16,5.039326,5.042829,5.008957
303500,4972544000,9.385363e+16,5.037349,5.042522,5.009554
303600,4974182400,9.388455e+16,5.035152,5.042708,5.007985
303700,4975820800,9.391547e+16,5.064269,5.040297,5.007051
303800,4977459200,9.394640e+16,5.063472,5.038961,5.007522
303900,4979097600,9.397732e+16,5.061422,5.039087,5.007697
304000,4980736000,9.400824e+16,5.057100,5.039096,5.006105
304100,4982374400,9.403917e+16,5.047648,5.036266,5.006383
304200,4984012800,9.407009e+16,5.046783,5.039671,5.006792
304300,4985651200,9.410102e+16,5.048887,5.035999,5.006761
304400,4987289600,9.413194e+16,5.059947,5.040508,5.007675
304500,4988928000,9.416286e+16,5.021186,5.041824,5.007552
304600,4990566400,9.419379e+16,5.030771,5.041375,5.006372
304700,4992204800,9.422471e+16,5.075384,5.038825,5.005101
304800,4993843200,9.425563e+16,5.067561,5.041540,5.007519
304900,4995481600,9.428656e+16,5.062433,5.039006,5.006749
305000,4997120000,9.431748e+16,5.046288,5.038263,5.005780
305100,4998758400,9.434841e+16,5.039998,5.038585,5.004596
305200,5000396800,9.437933e+16,5.026114,5.039796,5.005206
305300,5002035200,9.441025e+16,5.021062,5.039012,5.005413
305400,5003673600,9.444118e+16,5.022862,5.036512,5.004123
305500,5005312000,9.447210e+16,5.050077,5.040349,5.007394
305600,5006950400,9.450302e+16,5.033630,5.035715,5.003520
305700,5008588800,9.453395e+16,5.038503,5.035776,5.004711
305800,5010227200,9.456487e+16,5.039272,5.035005,5.004342
305900,5011865600,9.459580e+16,5.034964,5.033253,5.004125
306000,5013504000,9.462672e+16,5.019165,5.038585,5.004553
306100,5015142400,9.465764e+16,5.045626,5.041259,5.006587
306200,5016780800,9.468857e+16,5.049547,5.036560,5.004770
306300,5018419200,9.471949e+16,5.033442,5.037804,5.003055
306400,5020057600,9.475041e+16,5.045871,5.037301,5.002686
306500,5021696000,9.478134e+16,5.021402,5.035770,5.003069
306600,5023334400,9.481226e+16,5.040823,5.033822,5.000531
306700,5024972800,9.484319e+16,5.061018,5.035779,5.001572
306800,5026611200,9.487411e+16,5.046015,5.032951,4.999834
306900,5028249600,9.490503e+16,5.031550,5.033067,5.000088
307000,5029888000,9.493596e+16,5.025808,5.038594,5.001357
307100,5031526400,9.496688e+16,5.015294,5.035638,5.001685
307200,5033164800,9.499780e+16,5.001674,5.035753,5.000005
307300,5034803200,9.502873e+16,5.029422,5.030230,4.999891
307400,5036441600,9.505965e+16,5.045818,5.032079,4.999692
307500,5038080000,9.509058e+16,5.048316,5.032233,5.001474
307600,5039718400,9.512150e+16,5.048829,5.033143,5.001500
307700,5041356800,9.515242e+16,5.028373,5.030447,5.001346
307800,5042995200,9.518335e+16,5.025094,5.032648,5.000626
307900,5044633600,9.521427e+16,5.026323,5.029915,4.999148
308000,5046272000,9.524519e+16,5.042220,5.031928,4.999271
308100,5047910400,9.527612e+16,5.049724,5.035246,4.999972
308200,5049548800,9.530704e+16,5.024655,5.034910,4.999597
308300,5051187200,9.533797e+16,5.043870,5.035855,5.000695
308400,5052825600,9.536889e+16,5.041116,5.035838,5.000829
308500,5054464000,9.539981e+16,5.021904,5.035472,5.001770
308600,5056102400,9.543074e+16,5.045338,5.038373,5.002252
308700,5057740800,9.546166e+16,5.026078,5.038975,5.003413
308800,5059379200,9.549258e+16,5.030047,5.038783,5.001676
308900,5061017600,9.552351e+16,5.012433,5.038020,4.999898
309000,5062656000,9.555443e+16,5.023089,5.041355,5.004319
309100,5064294400,9.558536e+16,5.018018,5.040470,5.002775
309200,5065932800,9.561628e+16,5.037189,5.035335,4.999514
309300,5067571200,9.564720e+16,5.024851,5.032939,4.998453
309400,5069209600,9.567813e+16,5.039381,5.030486,4.996573
309500,5070848000,9.570905e+16,5.023251,5.035191,4.999576
309600,5072486400,9.573997e+16,5.035892,5.040414,5.000881
309700,5074124800,9.577090e+16,5.019990,5.037389,4.999465
309800,5075763200,9.580182e+16,5.052581,5.038811,5.000638
309900,5077401600,9.583275e+16,5.024421,5.037079,4.998357
310000,5079040000,9.586367e+16,5.027287,5.037613,4.996896
310100,5080678400,9.589459e+16,5.017157,5.036614,4.998115
310200,5082316800,9.592552e+16,5.009701,5.033966,4.995748
310300,5083955200,9.595644e+16,5.035192,5.033006,4.997236
310400,5085593600,9.598737e+16,5.049803,5.031513,4.994921
310500,5087232000,9.601829e+16,5.013610,5.028113,4.995019
310600,5088870400,9.604921e+16,5.034800,5.029222,4.994354
310700,5090508800,9.608014e+16,5.025816,5.024942,4.994769
310800,5092147200,9.611106e+16,5.036581,5.031038,4.996031
310900,5093785600,9.614198e+16,5.034429,5.028997,4.995404
311000,5095424000,9.617291e+16,5.014675,5.027449,4.993997
311100,5097062400,9.620383e+16,5.051564,5.031681,4.995701
311200,5098700800,9.623476e+16,5.027908,5.035621,4.995661
311300,5100339200,9.626568e+16,5.033913,5.030305,4.994104
311400,5101977600,9.629660e+16,5.044590,5.027814,4.995707
311500,5103616000,9.632753e+16,5.032166,5.033654,4.995201
311600,5105254400,9.635845e+16,5.037001,5.033433,4.995136
311700,5106892800,9.638937e+16,5.033066,5.029010,4.994971
311800,5108531200,9.642030e+16,5.057562,5.026750,4.994796
311900,5110169600,9.645122e+16,5.017252,5.026260,4.993607
312000,5111808000,9.648215e+16,5.049287,5.029209,4.994913
312100,5113446400,9.651307e+16,5.005181,5.031021,4.995365
312200,5115084800,9.654399e+16,5.011710,5.030254,4.992659
312300,5116723200,9.657492e+16,5.038892,5.029327,4.994415
312400,5118361600,9.660584e+16,5.031016,5.029599,4.994339
312500,5120000000,9.663676e+16,5.036722,5.028175,4.994434
312600,5121638400,9.666769e+16,5.015383,5.029465,4.992551
312700,5123276800,9.669861e+16,5.027904,5.021809,4.987726
312800,5124915200,9.672954e+16,5.032864,5.023102,4.990044
312900,5126553600,9.676046e+16,5.034305,5.021882,4.991428
313000,5128192000,9.679138e+16,5.062958,5.022393,4.990995
313100,5129830400,9.682231e+16,5.042300,5.022606,4.991189
313200,5131468800,9.685323e+16,5.050135,5.022364,4.991274
313300,5133107200,9.688415e+16,5.028491,5.023113,4.991989
313400,5134745600,9.691508e+16,5.029667,5.020918,4.989084
313500,5136384000,9.694600e+16,5.046065,5.022598,4.989924
313600,5138022400,9.697693e+16,5.023829,5.025706,4.990483
313700,5139660800,9.700785e+16,5.054029,5.021698,4.986869
313800,5141299200,9.703877e+16,5.032526,5.022694,4.988898
313900,5142937600,9.706970e+16,5.015682,5.023341,4.987376
314000,5144576000,9.710062e+16,5.045465,5.029052,4.991477
314100,5146214400,9.713154e+16,5.025418,5.024374,4.988041
314200,5147852800,9.716247e+16,5.014090,5.021490,4.987681
314300,5149491200,9.719339e+16,5.009166,5.024972,4.991371
314400,5151129600,9.722432e+16,5.033490,5.021360,4.988243
314500,5152768000,9.725524e+16,5.021962,5.023151,4.989489
314600,5154406400,9.728616e+16,5.042503,5.024735,4.991460
314700,5156044800,9.731709e+16,5.015629,5.026211,4.988719
314800,5157683200,9.734801e+16,5.023839,5.026651,4.989977
314900,5159321600,9.737893e+16,5.038606,5.025662,4.991441
315000,5160960000,9.740986e+16,5.036298,5.027472,4.989053
315100,5162598400,9.744078e+16,5.037330,5.029118,4.989106
315200,5164236800,9.747171e+16,5.046098,5.026143,4.990191
315300,5165875200,9.750263e+16,5.041944,5.021639,4.987626
315400,5167513600,9.753355e+16,5.009885,5.022657,4.988972
315500,5169152000,9.756448e+16,5.027476,5.019050,4.987835
315600,5170790400,9.759540e+16,5.030111,5.024122,4.989610
315700,5172428800,9.762632e+16,5.038036,5.023661,4.989609
315800,5174067200,9.765725e+16,5.040576,5.022016,4.987584
315900,5175705600,9.768817e+16,4.998921,5.024575,4.989875
316000,5177344000,9.771910e+16,5.014495,5.024644,4.988731
316100,5178982400,9.775002e+16,5.063195,5.023745,4.986541
316200,5180620800,9.778094e+16,5.009040,5.018166,4.983796
316300,5182259200,9.781187e+16,5.034064,5.021216,4.986538
316400,5183897600,9.784279e+16,5.028452,5.017672,4.985057
316500,5185536000,9.787371e+16,5.037613,5.017982,4.983913
316600,5187174400,9.790464e+16,5.024963,5.024056,4.987880
316700,5188812800,9.793556e+16,5.038317,5.019609,4.984150
316800,5190451200,9.796649e+16,5.030599,5.021340,4.985726
316900,5192089600,9.799741e+16,5.025008,5.019236,4.984645
317000,5193728000,9.802833e+16,5.013666,5.016481,4.983986
317100,5195366400,9.805926e+16,5.019090,5.020571,4.987291
317200,5197004800,9.809018e+16,5.031749,5.018096,4.984266
317300,5198643200,9.812110e+16,5.018852,5.021923,4.984067
317400,5200281600,9.815203e+16,4.997510,5.015631,4.980989
317500,5201920000,9.818295e+16,5.021576,5.017264,4.982359
317600,5203558400,9.821388e+16,5.032135,5.016949,4.982745
317700,5205196800,9.824480e+16,5.037664,5.015581,4.982408
317800,5206835200,9.827572e+16,5.016392,5.017191,4.983299
317900,5208473600,9.830665e+16,5.041059,5.016707,4.983247
318000,5210112000,9.833757e+16,5.040106,5.013807,4.981992
318100,5211750400,9.836849e+16,5.025619,5.013196,4.980604
318200,5213388800,9.839942e+16,5.025013,5.016185,4.981787
318300,5215027200,9.843034e+16,5.039503,5.015311,4.980045
318400,5216665600,9.846127e+16,5.028603,5.012604,4.978521
318500,5218304000,9.849219e+16,5.025870,5.019432,4.983799
318600,5219942400,9.852311e+16,5.003897,5.018233,4.982082
318700,5221580800,9.855404e+16,5.018659,5.015338,4.978576
318800,5223219200,9.858496e+16,5.003946,5.018707,4.980248
318900,5224857600,9.861589e+16,5.030425,5.020280,4.982144
319000,5226496000,9.864681e+16,5.024571,5.014549,4.979010
319100,5228134400,9.867773e+16,5.060618,5.012285,4.980258
319200,5229772800,9.870866e+16,5.039855,5.015427,4.980729
319300,5231411200,9.873958e+16,5.034977,5.016397,4.980920
319400,5233049600,9.877050e+16,5.028114,5.016086,4.980329
319500,5234688000,9.880143e+16,5.036147,5.015646,4.980681
319600,5236326400,9.883235e+16,5.041056,5.016304,4.979153
319700,5237964800,9.886328e+16,5.020910,5.015800,4.981070
319800,5239603200,9.889420e+16,5.016209,5.018202,4.981753
319900,5241241600,9.892512e+16,5.002242,5.015597,4.981236
320000,5242880000,9.895605e+16,5.015430,5.014320,4.981550
320100,5244518400,9.898697e+16,5.001900,5.014071,4.981281
320200,5246156800,9.901789e+16,5.012078,5.016307,4.983352
320300,5247795200,9.904882e+16,5.005663,5.014698,4.980075
320400,5249433600,9.907974e+16,5.034138,5.011959,4.980057
320500,5251072000,9.911067e+16,5.010780,5.014203,4.980120
320600,5252710400,9.914159e+16,5.018742,5.012395,4.978407
320700,5254348800,9.917251e+16,5.016447,5.016190,4.980948
320800,5255987200,9.920344e+16,5.015112,5.015505,4.978450
320900,5257625600,9.923436e+16,5.018132,5.011954,4.976711
321000,5259264000,9.926528e+16,5.022322,5.011690,4.976545
321100,5260902400,9.929621e+16,5.017879,5.012852,4.975657
321200,5262540800,9.932713e+16,5.037289,5.012293,4.976415
321300,5264179200,9.935806e+16,5.020380,5.013418,4.976996
321400,5265817600,9.938898e+16,5.008095,5.010913,4.976016
321500,5267456000,9.941990e+16,5.022377,5.009777,4.974595
321600,5269094400,9.945083e+16,5.012711,5.014908,4.978882
321700,5270732800,9.948175e+16,5.017507,5.013121,4.977447
321800,5272371200,9.951267e+16,5.020419,5.010254,4.974082
321900,5274009600,9.954360e+16,5.023449,5.010332,4.977774
322000,5275648000,9.957452e+16,5.020909,5.010392,4.976864
322100,5277286400,9.960545e+16,4.999145,5.010238,4.976662
322200,5278924800,9.963637e+16,5.034972,5.013423,4.977449
322300,5280563200,9.966729e+16,5.021058,5.009730,4.975776
322400,5282201600,9.969822e+16,5.031975,5.010401,4.976018
322500,5283840000,9.972914e+16,5.035173,5.009148,4.973976
322600,5285478400,9.976006e+16,5.022673,5.013961,4.975630
322700,5287116800,9.979099e+16,5.008363,5.012043,4.974000
322800,5288755200,9.982191e+16,5.018897,5.017880,4.977961
322900,5290393600,9.985284e+16,5.005519,5.007078,4.972849
323000,5292032000,9.988376e+16,4.996493,5.010880,4.974349
323100,5293670400,9.991468e+16,5.008997,5.009001,4.974634
323200,5295308800,9.994561e+16,5.047215,5.009696,4.974334
323300,5296947200,9.997653e+16,4.991816,5.008828,4.974090
323400,5298585600,1.000075e+17,5.009225,5.013988,4.976796
323500,5300224000,1.000384e+17,5.031238,5.012684,4.976042
323600,5301862400,1.000693e+17,5.032692,5.014736,4.976778
323700,5303500800,1.001002e+17,5.027127,5.014272,4.974297
323800,5305139200,1.001311e+17,5.011229,5.013195,4.976205
323900,5306777600,1.001621e+17,5.018859,5.014566,4.974306
324000,5308416000,1.001930e+17,5.014653,5.015279,4.974143
324100,5310054400,1.002239e+17,5.001146,5.014866,4.975523
324200,5311692800,1.002548e+17,4.981887,5.016089,4.975039
324300,5313331200,1.002858e+17,5.010076,5.012625,4.975579
324400,5314969600,1.003167e+17,5.026021,5.012568,4.976382
324500,5316608000,1.003476e+17,4.995248,5.011023,4.973347
324600,5318246400,1.003785e+17,5.021113,5.011363,4.974877
324700,5319884800,1.004095e+17,5.035357,5.008956,4.972519
324800,5321523200,1.004404e+17,5.031297,5.007767,4.973243
324900,5323161600,1.004713e+17,5.027484,5.006741,4.972718
325000,5324800000,1.005022e+17,5.028969,5.006777,4.973327
325100,5326438400,1.005332e+17,5.003583,5.004321,4.972848
325200,5328076800,1.005641e+17,5.015717,5.008217,4.973661
325300,5329715200,1.005950e+17,5.000161,5.009023,4.974105
325400,5331353600,1.006259e+17,5.006502,5.005757,4.971734
325500,5332992000,1.006569e+17,5.019100,5.008305,4.974515
325600,5334630400,1.006878e+17,5.011911,5.009173,4.972893
325700,5336268800,1.007187e+17,5.021457,5.005942,4.971061
325800,5337907200,1.007496e+17,5.033654,5.007008,4.973034
325900,5339545600,1.007805e+17,5.016788,5.004450,4.970894
326000,5341184000,1.008115e+17,5.007477,5.003131,4.971546
326100,5342822400,1.008424e+17,5.014709,5.003751,4.972803
326200,5344460800,1.008733e+17,5.034799,5.003169,4.972056
326300,5346099200,1.009042e+17,5.007535,5.005619,4.971553
326400,5347737600,1.009352e+17,5.039438,5.005448,4.969142
326500,5349376000,1.009661e+17,5.023345,5.005564,4.970955
326600,5351014400,1.009970e+17,5.032343,5.004408,4.970010
326700,5352652800,1.010279e+17,5.037075,5.001710,4.967919
326800,5354291200,1.010589e+17,5.020143,5.005184,4.970385
326900,5355929600,1.010898e+17,5.002313,5.002766,4.968856
327000,5357568000,1.011207e+17,4.993093,5.006151,4.970230
327100,5359206400,1.011516e+17,5.023689,5.006124,4.969761
327200,5360844800,1.011826e+17,4.997485,5.006048,4.968516
327300,5362483200,1.012135e+17,5.006253,5.007294,4.968310
327400,5364121600,1.012444e+17,5.011016,5.005092,4.967088
327500,5365760000,1.012753e+17,4.998790,5.003879,4.966179
327600,5367398400,1.013063e+17,5.011291,4.999191,4.962415
327700,5369036800,1.013372e+17,5.023736,5.004487,4.965515
327800,5370675200,1.013681e+17,5.025352,5.009229,4.967832
327900,5372313600,1.013990e+17,5.010681,5.006298,4.967151
328000,5373952000,1.014299e+17,5.012516,5.004439,4.967119
328100,5375590400,1.014609e+17,5.016264,5.008121,4.967039
328200,5377228800,1.014918e+17,4.991355,5.007059,4.967348
328300,5378867200,1.015227e+17,5.015485,5.005324,4.966540
328400,5380505600,1.015536e+17,4.997496,5.004274,4.966415
328500,5382144000,1.015846e+17,5.018160,5.003046,4.966027
328600,5383782400,1.016155e+17,5.015068,5.003623,4.966712
328700,5385420800,1.016464e+17,5.000094,5.002465,4.964831
328800,5387059200,1.016773e+17,5.011238,5.002218,4.964785
328900,5388697600,1.017083e+17,5.014758,5.006113,4.967412
329000,5390336000,1.017392e+17,4.994455,5.002746,4.966714
329100,5391974400,1.017701e+17,4.999417,5.006765,4.968566
329200,5393612800,1.018010e+17,5.004272,5.002340,4.964223
329300,5395251200,1.018320e+17,4.999928,5.004433,4.967012
329400,5396889600,1.018629e+17,5.006248,5.002911,4.965571
329500,5398528000,1.018938e+17,5.018939,5.003158,4.964748
329600,5400166400,1.019247e+17,5.010098,5.002312,4.966356
329700,5401804800,1.019557e+17,5.034774,5.002879,4.968129
329800,5403443200,1.019866e+17,5.014476,4.999015,4.965429
329900,5405081600,1.020175e+17,5.001876,5.000056,4.966386
330000,5406720000,1.020484e+17,5.003842,5.000584,4.966318
330100,5408358400,1.020793e+17,5.008373,4.998460,4.964905
330200,5409996800,1.021103e+17,5.009574,4.998158,4.962309
330300,5411635200,1.021412e+17,4.971310,4.998536,4.963670
330400,5413273600,1.021721e+17,5.015077,5.000130,4.962873
330500,5414912000,1.022030e+17,4.983907,4.998856,4.964038
330600,5416550400,1.022340e+17,5.015757,4.996468,4.963728
330700,5418188800,1.022649e+17,5.021860,4.997450,4.963969
330800,5419827200,1.022958e+17,5.010105,4.998578,4.961643
330900,5421465600,1.023267e+17,4.989918,4.996853,4.960911
331000,5423104000,1.023577e+17,5.002903,4.998090,4.963289
331100,5424742400,1.023886e+17,5.006577,4.995150,4.960727
331200,5426380800,1.024195e+17,4.978626,4.999014,4.964797
331300,5428019200,1.024504e+17,5.028927,4.998019,4.963978
331400,5429657600,1.024814e+17,5.009836,4.997634,4.963043
331500,5431296000,1.025123e+17,5.004139,4.997311,4.962379
331600,5432934400,1.025432e+17,4.989697,4.996805,4.961125
331700,5434572800,1.025741e+17,5.010878,4.995421,4.960158
331800,5436211200,1.026051e+17,5.000458,4.997573,4.959920
331900,5437849600,1.026360e+17,5.016849,4.997693,4.959758
332000,5439488000,1.026669e+17,5.025707,4.997353,4.961532
332100,5441126400,1.026978e+17,5.008056,4.996209,4.959389
332200,5442764800,1.027287e+17,4.994519,4.999768,4.962045
332300,5444403200,1.027597e+17,4.993901,4.997629,4.960179
332400,5446041600,1.027906e+17,5.006505,4.996602,4.960242
332500,5447680000,1.028215e+17,5.002837,5.000648,4.960803
332600,5449318400,1.028524e+17,4.996089,4.999564,4.959595
332700,5450956800,1.028834e+17,5.014261,4.998798,4.958325
332800,5452595200,1.029143e+17,4.999681,4.999630,4.960521
332900,5454233600,1.029452e+17,4.997369,4.999342,4.959931
333000,5455872000,1.029761e+17,5.004405,4.997763,4.959032
333100,5457510400,1.030071e+17,4.989055,4.998469,4.959174
333200,5459148800,1.030380e+17,4.989086,4.998686,4.958862
333300,5460787200,1.030689e+17,4.992142,4.998300,4.957900
333400,5462425600,1.030998e+17,5.011265,4.998042,4.958494
333500,5464064000,1.031308e+17,5.004402,4.998837,4.959106
333600,5465702400,1.031617e+17,4.982764,4.995088,4.956903
333700,5467340800,1.031926e+17,4.994206,4.993474,4.957416
333800,5468979200,1.032235e+17,5.004575,4.996321,4.957693
333900,5470617600,1.032544e+17,4.998291,4.991559,4.956680
334000,5472256000,1.032854e+17,5.005092,4.992408,4.957930
334100,5473894400,1.033163e+17,4.988288,4.995069,4.957989
334200,5475532800,1.033472e+17,5.002593,4.995912,4.955877
334300,5477171200,1.033781e+17,5.007506,4.998847,4.957595
334400,5478809600,1.034091e+17,5.013782,4.995059,4.956944
334500,5480448000,1.034400e+17,4.989932,4.993542,4.955061
334600,5482086400,1.034709e+17,4.986195,4.994397,4.957070
334700,5483724800,1.035018e+17,4.994947,4.995894,4.956972
334800,5485363200,1.035328e+17,5.005957,4.992115,4.956804
334900,5487001600,1.035637e+17,5.021672,4.990368,4.954618
335000,5488640000,1.035946e+17,4.999672,4.995457,4.957214
335100,5490278400,1.036255e+17,4.986645,4.993261,4.956791
335200,5491916800,1.036565e+17,4.989621,4.989502,4.954649
335300,5493555200,1.036874e+17,5.015323,4.991295,4.956309
335400,5495193600,1.037183e+17,5.019446,4.986602,4.953773
335500,5496832000,1.037492e+17,5.003300,4.988038,4.954808
335600,5498470400,1.037802e+17,5.027307,4.988249,4.954566
335700,5500108800,1.038111e+17,5.010977,4.985006,4.951513
335800,5501747200,1.038420e+17,5.000155,4.988678,4.954573
335900,5503385600,1.038729e+17,5.015761,4.986650,4.952716
336000,5505024000,1.039038e+17,4.991596,4.991705,4.955555
336100,5506662400,1.039348e+17,4.993842,4.989726,4.952251
336200,5508300800,1.039657e+17,4.999138,4.989675,4.954104
336300,5509939200,1.039966e+17,4.991231,4.990914,4.953335
336400,5511577600,1.040275e+17,5.001112,4.988007,4.952127
336500,5513216000,1.040585e+17,5.003001,4.994369,4.955063
336600,5514854400,1.040894e+17,4.992384,4.989981,4.953468
336700,5516492800,1.041203e+17,4.983876,4.991368,4.955395
336800,5518131200,1.041512e+17,4.994112,4.985796,4.953301
336900,5519769600,1.041822e+17,4.996691,4.984392,4.951996
337000,5521408000,1.042131e+17,5.007475,4.985339,4.951417
337100,5523046400,1.042440e+17,4.992983,4.986376,4.952646
337200,5524684800,1.042749e+17,5.013448,4.982570,4.949201
337300,5526323200,1.043059e+17,5.008726,4.986317,4.952515
337400,5527961600,1.043368e+17,4.979905,4.987769,4.953995
337500,5529600000,1.043677e+17,4.994143,4.985246,4.952941
337600,5531238400,1.043986e+17,5.014346,4.987008,4.954023
337700,5532876800,1.044296e+17,4.986471,4.983567,4.951503
337800,5534515200,1.044605e+17,4.980276,4.981777,4.950472
337900,5536153600,1.044914e+17,4.984003,4.983719,4.949128
338000,5537792000,1.045223e+17,4.991070,4.983649,4.950779
338100,5539430400,1.045532e+17,4.989304,4.986536,4.953081
338200,5541068800,1.045842e+17,4.983829,4.985447,4.952586
338300,5542707200,1.046151e+17,4.968232,4.988437,4.953077
338400,5544345600,1.046460e+17,4.993170,4.989810,4.954362
338500,5545984000,1.046769e+17,4.980403,4.983578,4.951826
338600,5547622400,1.047079e+17,4.984893,4.985741,4.953801
338700,5549260800,1.047388e+17,4.981674,4.985270,4.952114
338800,5550899200,1.047697e+17,5.003509,4.984024,4.951358
338900,5552537600,1.048006e+17,4.998570,4.984587,4.950437
339000,5554176000,1.048316e+17,4.984929,4.986627,4.951376
339100,5555814400,1.048625e+17,4.982517,4.984560,4.949324
339200,5557452800,1.048934e+17,5.007074,4.981519,4.947625
339300,5559091200,1.049243e+17,5.008926,4.984398,4.948652
339400,5560729600,1.049553e+17,5.004178,4.986187,4.951464
339500,5562368000,1.049862e+17,4.993112,4.984890,4.950728
339600,5564006400,1.050171e+17,5.003164,4.985313,4.950221
339700,5565644800,1.050480e+17,4.985847,4.981362,4.948060
339800,5567283200,1.050790e+17,4.992235,4.981138,4.948071
339900,5568921600,1.051099e+17,5.006854,4.982939,4.949908
340000,5570560000,1.051408e+17,5.012121,4.982624,4.947866
340100,5572198400,1.051717e+17,4.980828,4.978712,4.947111
340200,5573836800,1.052026e+17,4.991832,4.982041,4.946116
340300,5575475200,1.052336e+17,4.981166,4.982627,4.947463
340400,5577113600,1.052645e+17,4.969669,4.984559,4.946045
340500,5578752000,1.052954e+17,4.987292,4.979079,4.943765
340600,5580390400,1.053263e+17,4.999542,4.980773,4.945860
340700,5582028800,1.053573e+17,5.008516,4.983021,4.946575
340800,5583667200,1.053882e+17,4.994992,4.984495,4.948369
340900,5585305600,1.054191e+17,4.974205,4.980558,4.947108
341000,5586944000,1.054500e+17,4.989749,4.982853,4.946238
341100,5588582400,1.054810e+17,4.998882,4.980358,4.944998
341200,5590220800,1.055119e+17,4.988047,4.979623,4.945158
341300,5591859200,1.055428e+17,5.000514,4.982071,4.947805
341400,5593497600,1.055737e+17,4.981644,4.979525,4.944909
341500,5595136000,1.056047e+17,4.992404,4.973860,4.944072
341600,5596774400,1.056356e+17,4.998090,4.978791,4.945315
341700,5598412800,1.056665e+17,4.996124,4.980820,4.946221
341800,5600051200,1.056974e+17,4.961996,4.980771,4.944139
341900,5601689600,1.057284e+17,4.972188,4.977055,4.942970
342000,5603328000,1.057593e+17,4.988369,4.978158,4.942248
342100,5604966400,1.057902e+17,5.007093,4.980672,4.942226
342200,5606604800,1.058211e+17,4.977589,4.981649,4.943249
342300,5608243200,1.058520e+17,4.980851,4.984508,4.945833
342400,5609881600,1.058830e+17,4.975937,4.979954,4.942061
342500,5611520000,1.059139e+17,5.000784,4.977087,4.941903
342600,5613158400,1.059448e+17,4.978021,4.980327,4.943779
342700,5614796800,1.059757e+17,4.986060,4.980394,4.944457
342800,5616435200,1.060067e+17,4.975490,4.980272,4.944236
342900,5618073600,1.060376e+17,4.983125,4.980221,4.941902
343000,5619712000,1.060685e+17,4.986730,4.981942,4.943221
343100,5621350400,1.060994e+17,4.982811,4.979814,4.941889
343200,5622988800,1.061304e+17,4.992302,4.981106,4.942881
343300,5624627200,1.061613e+17,4.992780,4.981171,4.943271
343400,5626265600,1.061922e+17,4.987492,4.982945,4.942841
343500,5627904000,1.062231e+17,4.992050,4.979907,4.941387
343600,5629542400,1.062541e+17,4.984332,4.976902,4.940561
343700,5631180800,1.062850e+17,4.978959,4.978740,4.941578
343800,5632819200,1.063159e+17,4.991223,4.979234,4.941227
343900,5634457600,1.063468e+17,4.995387,4.979326,4.942653
344000,5636096000,1.063777e+17,4.979634,4.979270,4.940469
344100,5637734400,1.064087e+17,4.996508,4.978695,4.940710
344200,5639372800,1.064396e+17,4.970087,4.980519,4.941474
344300,5641011200,1.064705e+17,4.964518,4.976433,4.939232
344400,5642649600,1.065014e+17,4.973198,4.975452,4.937854
344500,5644288000,1.065324e+17,4.976578,4.974793,4.939154
344600,5645926400,1.065633e+17,4.998655,4.974257,4.938876
344700,5647564800,1.065942e+17,4.991842,4.976451,4.941189
344800,5649203200,1.066251e+17,4.978822,4.975192,4.938632
344900,5650841600,1.066561e+17,4.997082,4.978411,4.939777
345000,5652480000,1.066870e+17,4.965858,4.977637,4.939800
345100,5654118400,1.067179e+17,4.994266,4.976192,4.938749
345200,5655756800,1.067488e+17,4.989110,4.973285,4.938448
345300,5657395200,1.067798e+17,4.966959,4.972333,4.936994
345400,5659033600,1.068107e+17,4.973974,4.972998,4.939658
345500,5660672000,1.068416e+17,4.991302,4.969518,4.936781
345600,5662310400,1.068725e+17,4.991118,4.972489,4.937699
345700,5663948800,1.069035e+17,5.009121,4.973419,4.938099
345800,5665587200,1.069344e+17,4.983667,4.974198,4.937635
345900,5667225600,1.069653e+17,4.974420,4.973280,4.938513
346000,5668864000,1.069962e+17,4.990296,4.972070,4.938365
346100,5670502400,1.070271e+17,4.990832,4.973454,4.939069
346200,5672140800,1.070581e+17,4.981745,4.975550,4.938490
346300,5673779200,1.070890e+17,4.993449,4.974287,4.937909
346400,5675417600,1.071199e+17,4.977244,4.971559,4.937733
346500,5677056000,1.071508e+17,4.981870,4.974801,4.940313
346600,5678694400,1.071818e+17,4.973155,4.974339,4.938550
346700,5680332800,1.072127e+17,4.977873,4.975160,4.939677
346800,5681971200,1.072436e+17,4.985037,4.974631,4.940577
346900,5683609600,1.072745e+17,4.967023,4.970425,4.938669
347000,5685248000,1.073055e+17,4.968260,4.972114,4.937154
347100,5686886400,1.073364e+17,4.980279,4.971666,4.937005
347200,5688524800,1.073673e+17,4.987444,4.971552,4.935838
347300,5690163200,1.073982e+17,4.968371,4.976005,4.937342
347400,5691801600,1.074292e+17,4.972963,4.974554,4.935693
347500,5693440000,1.074601e+17,4.951045,4.972288,4.934319
347600,5695078400,1.074910e+17,4.978916,4.973487,4.934129
347700,5696716800,1.075219e+17,4.976985,4.975247,4.936289
347800,5698355200,1.075529e+17,4.982790,4.973530,4.935551
347900,5699993600,1.075838e+17,4.965844,4.975813,4.937400
348000,5701632000,1.076147e+17,4.971583,4.970327,4.935131
348100,5703270400,1.076456e+17,4.973003,4.970599,4.934099
348200,5704908800,1.076765e+17,4.987902,4.966886,4.932569
348300,5706547200,1.077075e+17,4.955689,4.971641,4.933722
348400,5708185600,1.077384e+17,4.974503,4.972064,4.934318
348500,5709824000,1.077693e+17,4.940165,4.971352,4.934397
348600,5711462400,1.078002e+17,4.965771,4.969483,4.933587
348700,5713100800,1.078312e+17,4.991436,4.968529,4.930695
348800,5714739200,1.078621e+17,4.976555,4.970343,4.932078
348900,5716377600,1.078930e+17,4.980106,4.970738,4.931740
349000,5718016000,1.079239e+17,4.997778,4.969214,4.932911
349100,5719654400,1.079549e+17,4.976181,4.973159,4.933363
349200,5721292800,1.079858e+17,5.003026,4.965788,4.930551
349300,5722931200,1.080167e+17,4.976560,4.968346,4.930926
349400,5724569600,1.080476e+17,4.957030,4.968312,4.930403
349500,5726208000,1.080786e+17,4.973655,4.970635,4.930809
349600,5727846400,1.081095e+17,4.966097,4.968410,4.931043
349700,5729484800,1.081404e+17,4.979337,4.971980,4.931754
349800,5731123200,1.081713e+17,4.978687,4.972351,4.929806
349900,5732761600,1.082023e+17,4.963060,4.972983,4.930935
350000,5734400000,1.082332e+17,4.978957,4.972707,4.931659
350100,5736038400,1.082641e+17,4.957966,4.974430,4.934705
350200,5737676800,1.082950e+17,4.961576,4.971081,4.931475
350300,5739315200,1.083259e+17,4.966649,4.969944,4.929616
350400,5740953600,1.083569e+17,4.960106,4.968378,4.930850
350500,5742592000,1.083878e+17,4.984245,4.969319,4.933044
350600,5744230400,1.084187e+17,4.990906,4.967680,4.931134
350700,5745868800,1.084496e+17,4.971762,4.967107,4.931555
350800,5747507200,1.084806e+17,4.967596,4.968252,4.933151
350900,5749145600,1.085115e+17,4.959951,4.967215,4.931488
351000,5750784000,1.085424e+17,4.979954,4.968940,4.931656
351100,5752422400,1.085733e+17,4.967011,4.967216,4.931292
351200,5754060800,1.086043e+17,4.964567,4.967189,4.930803
351300,5755699200,1.086352e+17,4.947755,4.964958,4.930506
351400,5757337600,1.086661e+17,4.936244,4.963040,4.929052
351500,5758976000,1.086970e+17,4.965066,4.966202,4.929866
351600,5760614400,1.087280e+17,4.980851,4.968982,4.932605
351700,5762252800,1.087589e+17,4.972713,4.964667,4.929396
351800,5763891200,1.087898e+17,4.983579,4.965436,4.930107
351900,5765529600,1.088207e+17,4.987257,4.966498,4.929127
352000,5767168000,1.088517e+17,4.972917,4.964039,4.928565
352100,5768806400,1.088826e+17,4.967749,4.968249,4.931094
352200,5770444800,1.089135e+17,4.965834,4.964672,4.927391
352300,5772083200,1.089444e+17,4.983202,4.962810,4.928057
352400,5773721600,1.089753e+17,4.974940,4.964095,4.929156
352500,5775360000,1.090063e+17,4.976490,4.966614,4.929436
352600,5776998400,1.090372e+17,4.972252,4.962214,4.927045
352700,5778636800,1.090681e+17,4.971954,4.962677,4.928080
352800,5780275200,1.090990e+17,4.947478,4.962996,4.927631
352900,5781913600,1.091300e+17,4.949975,4.965962,4.928230
353000,5783552000,1.091609e+17,4.951244,4.967306,4.928039
353100,5785190400,1.091918e+17,4.966829,4.970826,4.929244
353200,5786828800,1.092227e+17,4.958312,4.965227,4.928449
353300,5788467200,1.092537e+17,4.965248,4.966433,4.928804
353400,5790105600,1.092846e+17,4.988478,4.966093,4.928572
353500,5791744000,1.093155e+17,4.972351,4.966265,4.928923
353600,5793382400,1.093464e+17,4.967837,4.963736,4.927424
353700,5795020800,1.093774e+17,4.978863,4.963826,4.928137
353800,5796659200,1.094083e+17,4.969518,4.961974,4.926598
353900,5798297600,1.094392e+17,4.968168,4.962271,4.925213
354000,5799936000,1.094701e+17,4.980960,4.962321,4.925205
354100,5801574400,1.095011e+17,4.977631,4.962295,4.925555
354200,5803212800,1.095320e+17,4.959501,4.961696,4.924893
354300,5804851200,1.095629e+17,4.980361,4.961249,4.923853
354400,5806489600,1.095938e+17,4.979691,4.960606,4.923333
354500,5808128000,1.096247e+17,4.954282,4.959064,4.923773
354600,5809766400,1.096557e+17,4.958826,4.958614,4.922907
354700,5811404800,1.096866e+17,4.955300,4.957643,4.921732
354800,5813043200,1.097175e+17,4.962708,4.955759,4.920306
354900,5814681600,1.097484e+17,4.974340,4.955226,4.921243
355000,5816320000,1.097794e+17,4.970795,4.957073,4.923941
355100,5817958400,1.098103e+17,4.987784,4.955306,4.922916
355200,5819596800,1.098412e+17,4.986258,4.959988,4.921744
355300,5821235200,1.098721e+17,4.953516,4.959620,4.922754
355400,5822873600,1.099031e+17,4.972897,4.958331,4.920966
355500,5824512000,1.099340e+17,4.949714,4.957823,4.922402
355600,5826150400,1.099649e+17,4.978366,4.959647,4.921838
355700,5827788800,1.099958e+17,4.945102,4.959334,4.923041
355800,5829427200,1.100268e+17,4.955460,4.957436,4.921669
355900,5831065600,1.100577e+17,4.966054,4.957313,4.921062
356000,5832704000,1.100886e+17,4.999202,4.959541,4.921055
356100,5834342400,1.101195e+17,4.978842,4.954310,4.919234
356200,5835980800,1.101504e+17,4.965422,4.954631,4.918977
356300,5837619200,1.101814e+17,4.968596,4.954495,4.920269
356400,5839257600,1.102123e+17,4.971133,4.955285,4.920801
356500,5840896000,1.102432e+17,4.961483,4.957342,4.921129
356600,5842534400,1.102741e+17,4.950504,4.957984,4.922815
356700,5844172800,1.103051e+17,4.954326,4.957138,4.920677
356800,5845811200,1.103360e+17,4.957916,4.956630,4.920651
356900,5847449600,1.103669e+17,4.988430,4.958472,4.921778
357000,5849088000,1.103978e+17,4.981393,4.958996,4.920499
357100,5850726400,1.104288e+17,4.965679,4.956635,4.920827
357200,5852364800,1.104597e+17,4.962602,4.957837,4.921052
357300,5854003200,1.104906e+17,4.964366,4.956213,4.918777
357400,5855641600,1.105215e+17,4.960452,4.956423,4.919128
357500,5857280000,1.105525e+17,4.969006,4.956242,4.918772
357600,5858918400,1.105834e+17,4.979084,4.957765,4.918176
357700,5860556800,1.106143e+17,4.959415,4.953517,4.918099
357800,5862195200,1.106452e+17,4.938709,4.954395,4.916735
357900,5863833600,1.106762e+17,4.953280,4.953504,4.918722
358000,5865472000,1.107071e+17,4.965358,4.952514,4.917963
358100,5867110400,1.107380e+17,4.967606,4.957614,4.920279
358200,5868748800,1.107689e+17,4.965510,4.954909,4.916035
358300,5870387200,1.107998e+17,4.950882,4.954653,4.918239
358400,5872025600,1.108308e+17,4.964902,4.953487,4.917097
358500,5873664000,1.108617e+17,4.978828,4.954817,4.916518
358600,5875302400,1.108926e+17,4.964336,4.956336,4.917478
358700,5876940800,1.109235e+17,4.964309,4.954971,4.917212
358800,5878579200,1.109545e+17,4.955429,4.955042,4.917880
358900,5880217600,1.109854e+17,4.966036,4.953514,4.917756
359000,5881856000,1.110163e+17,4.963675,4.952440,4.916251
359100,5883494400,1.110472e+17,4.957747,4.953493,4.916986
359200,5885132800,1.110782e+17,4.958021,4.953783,4.916936
359300,5886771200,1.111091e+17,4.953534,4.957969,4.919250
359400,5888409600,1.111400e+17,4.963567,4.954897,4.917289
359500,5890048000,1.111709e+17,4.958315,4.954302,4.916098
359600,5891686400,1.112019e+17,4.953392,4.957878,4.917394
359700,5893324800,1.112328e+17,4.952256,4.953452,4.916330
359800,5894963200,1.112637e+17,4.948948,4.953829,4.915447
359900,5896601600,1.112946e+17,4.973751,4.954555,4.915567
360000,5898240000,1.113256e+17,4.950838,4.952889,4.913871
360100,5899878400,1.113565e+17,4.952159,4.952980,4.914358
360200,5901516800,1.113874e+17,4.970797,4.951538,4.915177
360300,5903155200,1.114183e+17,4.975090,4.951127,4.915055
360400,5904793600,1.114492e+17,4.974967,4.950926,4.915345
360500,5906432000,1.114802e+17,4.956581,4.952453,4.916453
360600,5908070400,1.115111e+17,4.941587,4.949765,4.913835
360700,5909708800,1.115420e+17,4.958643,4.952143,4.917039
360800,5911347200,1.115729e+17,4.949275,4.950008,4.915637
360900,5912985600,1.116039e+17,4.953200,4.950737,4.915352
361000,5914624000,1.116348e+17,4.956993,4.947997,4.913938
361100,5916262400,1.116657e+17,4.951861,4.952967,4.915782
361200,5917900800,1.116966e+17,4.958965,4.952055,4.915104
361300,5919539200,1.117276e+17,4.955157,4.952391,4.914834
361400,5921177600,1.117585e+17,4.957287,4.952563,4.915563
361500,5922816000,1.117894e+17,4.962553,4.951108,4.915468
361600,5924454400,1.118203e+17,4.957994,4.950899,4.915939
361700,5926092800,1.118513e+17,4.939677,4.951634,4.914842
361800,5927731200,1.118822e+17,4.950413,4.950413,4.913148
361900,5929369600,1.119131e+17,4.973392,4.950049,4.912851
362000,5931008000,1.119440e+17,4.958237,4.952441,4.915323
362100,5932646400,1.119750e+17,4.974864,4.951185,4.913866
362200,5934284800,1.120059e+17,4.973517,4.949786,4.912883
362300,5935923200,1.120368e+17,4.959396,4.948090,4.912249
362400,5937561600,1.120677e+17,4.934507,4.950089,4.913985
362500,5939200000,1.120986e+17,4.932662,4.950456,4.912708
362600,5940838400,1.121296e+17,4.950482,4.945284,4.910576
362700,5942476800,1.121605e+17,4.952694,4.942561,4.908679
362800,5944115200,1.121914e+17,4.967027,4.946403,4.910919
362900,5945753600,1.122223e+17,4.972680,4.945907,4.912020
363000,5947392000,1.122533e+17,4.953131,4.945562,4.912115
363100,5949030400,1.122842e+17,4.967067,4.946999,4.912185
363200,5950668800,1.123151e+17,4.960209,4.948680,4.911990
363300,5952307200,1.123460e+17,4.972633,4.945789,4.914053
363400,5953945600,1.123770e+17,4.973531,4.946353,4.910656
363500,5955584000,1.124079e+17,4.953333,4.946529,4.910599
363600,5957222400,1.124388e+17,4.957324,4.945716,4.910601
363700,5958860800,1.124697e+17,4.963959,4.949371,4.914107
363800,5960499200,1.125007e+17,4.951761,4.946264,4.912687
363900,5962137600,1.125316e+17,4.952905,4.945365,4.911993
364000,5963776000,1.125625e+17,4.953362,4.943624,4.911943
364100,5965414400,1.125934e+17,4.950083,4.945101,4.912643
364200,5967052800,1.126244e+17,4.945513,4.946041,4.912878
364300,5968691200,1.126553e+17,4.965047,4.945708,4.911528
364400,5970329600,1.126862e+17,4.961556,4.945020,4.913621
364500,5971968000,1.127171e+17,4.957651,4.944058,4.913380
364600,5973606400,1.127480e+17,4.966168,4.944369,4.913507
364700,5975244800,1.127790e+17,4.958004,4.943533,4.909675
364800,5976883200,1.128099e+17,4.962357,4.942430,4.909097
364900,5978521600,1.128408e+17,4.957992,4.944949,4.908763
365000,5980160000,1.128717e+17,4.947580,4.947026,4.909970
365100,5981798400,1.129027e+17,4.923429,4.944518,4.908278
365200,5983436800,1.129336e+17,4.952721,4.943595,4.908416
365300,5985075200,1.129645e+17,4.965828,4.941989,4.906431
365400,5986713600,1.129954e+17,4.955800,4.941841,4.908150
365500,5988352000,1.130264e+17,4.949554,4.941554,4.908270
365600,5989990400,1.130573e+17,4.932281,4.940272,4.908338
365700,5991628800,1.130882e+17,4.941652,4.940439,4.907616
365800,5993267200,1.131191e+17,4.967279,4.941398,4.908981
365900,5994905600,1.131501e+17,4.971165,4.942360,4.909169
366000,5996544000,1.131810e+17,4.971892,4.941053,4.907176
366100,5998182400,1.132119e+17,4.959584,4.939562,4.906409
366200,5999820800,1.132428e+17,4.948330,4.940252,4.908152
366300,6001459200,1.132737e+17,4.924707,4.943890,4.908491
366400,6003097600,1.133047e+17,4.943566,4.944366,4.909367
366500,6004736000,1.133356e+17,4.951241,4.941227,4.907771
366600,6006374400,1.133665e+17,4.950027,4.940541,4.908217
366700,6008012800,1.133974e+17,4.951149,4.938675,4.906974
366800,6009651200,1.134284e+17,4.952603,4.939398,4.907626
366900,6011289600,1.134593e+17,4.957826,4.938837,4.907561
367000,6012928000,1.134902e+17,4.935323,4.938402,4.908862
367100,6014566400,1.135211e+17,4.944288,4.943808,4.907831
367200,6016204800,1.135521e+17,4.973403,4.943092,4.908089
367300,6017843200,1.135830e+17,4.933843,4.940974,4.906422
367400,6019481600,1.136139e+17,4.940444,4.941629,4.908332
367500,6021120000,1.136448e+17,4.937305,4.944315,4.908324
367600,6022758400,1.136758e+17,4.946548,4.940218,4.905777
367700,6024396800,1.137067e+17,4.944762,4.943812,4.906759
367800,6026035200,1.137376e+17,4.953057,4.942750,4.907299
367900,6027673600,1.137685e+17,4.942492,4.941860,4.905482
368000,6029312000,1.137995e+17,4.930892,4.943077,4.905402
368100,6030950400,1.138304e+17,4.952397,4.939219,4.903868
368200,6032588800,1.138613e+17,4.934568,4.939656,4.902991
368300,6034227200,1.138922e+17,4.952152,4.940847,4.905435
368400,6035865600,1.139231e+17,4.967676,4.940386,4.903574
368500,6037504000,1.139541e+17,4.968866,4.942001,4.906095
368600,6039142400,1.139850e+17,4.948062,4.938940,4.905319
368700,6040780800,1.140159e+17,4.952026,4.940444,4.904872
368800,6042419200,1.140468e+17,4.942269,4.942033,4.905006
368900,6044057600,1.140778e+17,4.942505,4.939786,4.904656
369000,6045696000,1.141087e+17,4.951282,4.941317,4.905781
369100,6047334400,1.141396e+17,4.940248,4.944489,4.905665
369200,6048972800,1.141705e+17,4.947133,4.940357,4.904428
369300,6050611200,1.142015e+17,4.953686,4.941937,4.906005
369400,6052249600,1.142324e+17,4.960887,4.941744,4.905260
369500,6053888000,1.142633e+17,4.957372,4.943114,4.906742
369600,6055526400,1.142942e+17,4.978822,4.943528,4.905307
369700,6057164800,1.143252e+17,4.913018,4.939235,4.903893
369800,6058803200,1.143561e+17,4.943506,4.941039,4.905485
369900,6060441600,1.143870e+17,4.943187,4.939318,4.903353
370000,6062080000,1.144179e+17,4.949479,4.937611,4.902398
370100,6063718400,1.144489e+17,4.953972,4.936352,4.901873
370200,6065356800,1.144798e+17,4.928399,4.936979,4.901968
370300,6066995200,1.145107e+17,4.928273,4.938838,4.903122
370400,6068633600,1.145416e+17,4.973737,4.936854,4.902133
370500,6070272000,1.145725e+17,4.940564,4.936762,4.903203
370600,6071910400,1.146035e+17,4.938686,4.935994,4.900860
370700,6073548800,1.146344e+17,4.967671,4.934647,4.901061
370800,6075187200,1.146653e+17,4.932679,4.936150,4.902392
370900,6076825600,1.146962e+17,4.922108,4.938003,4.904257
371000,6078464000,1.147272e+17,4.967749,4.936159,4.903039
371100,6080102400,1.147581e+17,4.946937,4.934233,4.902173
371200,6081740800,1.147890e+17,4.934079,4.937596,4.903292
371300,6083379200,1.148199e+17,4.936433,4.934358,4.901566
371400,6085017600,1.148509e+17,4.945816,4.938119,4.904411
371500,6086656000,1.148818e+17,4.924444,4.936973,4.903408
371600,6088294400,1.149127e+17,4.947152,4.938849,4.904322
371700,6089932800,1.149436e+17,4.948770,4.935582,4.902451
371800,6091571200,1.149746e+17,4.953164,4.935974,4.901297
371900,6093209600,1.150055e+17,4.942015,4.936290,4.900217
372000,6094848000,1.150364e+17,4.932624,4.933699,4.900191
372100,6096486400,1.150673e+17,4.944822,4.935645,4.901521
372200,6098124800,1.150983e+17,4.929347,4.932718,4.900549
372300,6099763200,1.151292e+17,4.941155,4.932662,4.899278
372400,6101401600,1.151601e+17,4.923209,4.936143,4.901862
372500,6103040000,1.151910e+17,4.948748,4.934363,4.900193
372600,6104678400,1.152219e+17,4.938332,4.933362,4.899263
372700,6106316800,1.152529e+17,4.942926,4.934084,4.900882
372800,6107955200,1.152838e+17,4.933423,4.932308,4.898228
372900,6109593600,1.153147e+17,4.961167,4.932027,4.896786
373000,6111232000,1.153456e+17,4.950204,4.931051,4.897926
373100,6112870400,1.153766e+17,4.939173,4.933050,4.898664
373200,6114508800,1.154075e+17,4.939324,4.935162,4.900418
373300,6116147200,1.154384e+17,4.939698,4.934188,4.898080
373400,6117785600,1.154693e+17,4.947219,4.933175,4.898410
373500,6119424000,1.155003e+17,4.939844,4.934292,4.897342
373600,6121062400,1.155312e+17,4.951219,4.932678,4.899064
373700,6122700800,1.155621e+17,4.949891,4.931945,4.898068
373800,6124339200,1.155930e+17,4.957322,4.932658,4.897647
373900,6125977600,1.156240e+17,4.934977,4.929813,4.897364
374000,6127616000,1.156549e+17,4.967993,4.928425,4.895392
374100,6129254400,1.156858e+17,4.952628,4.931398,4.897444
374200,6130892800,1.157167e+17,4.923527,4.927502,4.897860
374300,6132531200,1.157477e+17,4.939905,4.928110,4.898130
374400,6134169600,1.157786e+17,4.933960,4.928297,4.895576
374500,6135808000,1.158095e+17,4.929462,4.930757,4.896111
374600,6137446400,1.158404e+17,4.951822,4.930436,4.896826
374700,6139084800,1.158713e+17,4.936079,4.925627,4.894091
374800,6140723200,1.159023e+17,4.947209,4.930995,4.894855
374900,6142361600,1.159332e+17,4.937692,4.931358,4.894549
375000,6144000000,1.159641e+17,4.931548,4.933149,4.896786
375100,6145638400,1.159950e+17,4.963959,4.930770,4.894570
375200,6147276800,1.160260e+17,4.966725,4.933802,4.897195
375300,6148915200,1.160569e+17,4.942772,4.936918,4.898416
375400,6150553600,1.160878e+17,4.937821,4.934957,4.895860
375500,6152192000,1.161187e+17,4.933883,4.932193,4.895262
375600,6153830400,1.161497e+17,4.932719,4.932735,4.895938
375700,6155468800,1.161806e+17,4.924473,4.934007,4.896316
375800,6157107200,1.162115e+17,4.942735,4.930257,4.894904
375900,6158745600,1.162424e+17,4.954455,4.928137,4.893262
376000,6160384000,1.162734e+17,4.966240,4.928468,4.893246
376100,6162022400,1.163043e+17,4.928609,4.930350,4.895166
376200,6163660800,1.163352e+17,4.914976,4.934397,4.897874
376300,6165299200,1.163661e+17,4.928012,4.931398,4.895410
376400,6166937600,1.163970e+17,4.932015,4.932398,4.895310
376500,6168576000,1.164280e+17,4.935479,4.933185,4.897265
376600,6170214400,1.164589e+17,4.946056,4.930864,4.894629
376700,6171852800,1.164898e+17,4.946890,4.930151,4.892450
376800,6173491200,1.165207e+17,4.940933,4.929797,4.893877
376900,6175129600,1.165517e+17,4.926655,4.932736,4.894582
377000,6176768000,1.165826e+17,4.952435,4.933193,4.895684
377100,6178406400,1.166135e+17,4.958752,4.926997,4.894689
377200,6180044800,1.166444e+17,4.942655,4.929960,4.895837
377300,6181683200,1.166754e+17,4.942619,4.927964,4.895295
377400,6183321600,1.167063e+17,4.943680,4.928553,4.894960
377500,6184960000,1.167372e+17,4.945714,4.925139,4.892726
377600,6186598400,1.167681e+17,4.928034,4.926084,4.893205
377700,6188236800,1.167991e+17,4.920533,4.926587,4.893706
377800,6189875200,1.168300e+17,4.924582,4.927317,4.894310
377900,6191513600,1.168609e+17,4.941209,4.925082,4.891924
378000,6193152000,1.168918e+17,4.949245,4.929373,4.892811
378100,6194790400,1.169228e+17,4.925540,4.928008,4.891375
378200,6196428800,1.169537e+17,4.934791,4.927806,4.892757
378300,6198067200,1.169846e+17,4.931249,4.928186,4.891518
378400,6199705600,1.170155e+17,4.941988,4.928547,4.891886
378500,6201344000,1.170464e+17,4.951219,4.927988,4.893021
378600,6202982400,1.170774e+17,4.935101,4.926132,4.891042
378700,6204620800,1.171083e+17,4.941632,4.926798,4.890817
378800,6206259200,1.171392e+17,4.931704,4.926925,4.891308
378900,6207897600,1.171701e+17,4.943583,4.924698,4.891068
379000,6209536000,1.172011e+17,4.917258,4.924735,4.891796
379100,6211174400,1.172320e+17,4.912885,4.926985,4.892138
379200,6212812800,1.172629e+17,4.945492,4.925032,4.892266
379300,6214451200,1.172938e+17,4.929968,4.924614,4.891879
379400,6216089600,1.173248e+17,4.933330,4.926180,4.892740
379500,6217728000,1.173557e+17,4.930680,4.926333,4.891115
379600,6219366400,1.173866e+17,4.926092,4.923658,4.890349
379700,6221004800,1.174175e+17,4.922945,4.927044,4.890621
379800,6222643200,1.174485e+17,4.899613,4.928199,4.891863
379900,6224281600,1.174794e+17,4.933285,4.924676,4.890679
380000,6225920000,1.175103e+17,4.932794,4.924773,4.889241
380100,6227558400,1.175412e+17,4.925168,4.926473,4.889840
380200,6229196800,1.175722e+17,4.953099,4.924412,4.889645
380300,6230835200,1.176031e+17,4.932955,4.925694,4.888779
380400,6232473600,1.176340e+17,4.940499,4.924461,4.888470
380500,6234112000,1.176649e+17,4.913895,4.924480,4.889294
380600,6235750400,1.176958e+17,4.932614,4.923961,4.888072
380700,6237388800,1.177268e+17,4.955152,4.925944,4.888387
380800,6239027200,1.177577e+17,4.924084,4.925709,4.888300
380900,6240665600,1.177886e+17,4.929258,4.924343,4.887384
381000,6242304000,1.178195e+17,4.919187,4.923868,4.885302
381100,6243942400,1.178505e+17,4.912993,4.921435,4.885528
381200,6245580800,1.178814e+17,4.936734,4.923087,4.886033
381300,6247219200,1.179123e+17,4.926520,4.922860,4.885726
381400,6248857600,1.179432e+17,4.916600,4.924751,4.885875
381500,6250496000,1.179742e+17,4.939989,4.923830,4.885920
381600,6252134400,1.180051e+17,4.924047,4.923939,4.886873
381700,6253772800,1.180360e+17,4.932636,4.923180,4.886329
381800,6255411200,1.180669e+17,4.922017,4.923898,4.887163
381900,6257049600,1.180979e+17,4.925309,4.922119,4.885264
382000,6258688000,1.181288e+17,4.919256,4.924159,4.886868
382100,6260326400,1.181597e+17,4.922523,4.929930,4.887604
382200,6261964800,1.181906e+17,4.933312,4.927496,4.886953
382300,6263603200,1.182216e+17,4.944022,4.924785,4.886091
382400,6265241600,1.182525e+17,4.933007,4.925859,4.885959
382500,6266880000,1.182834e+17,4.942039,4.925352,4.887051
382600,6268518400,1.183143e+17,4.928615,4.924048,4.885572
382700,6270156800,1.183452e+17,4.923597,4.924332,4.886073
382800,6271795200,1.183762e+17,4.938272,4.919926,4.885918
382900,6273433600,1.184071e+17,4.923094,4.920274,4.885981
383000,6275072000,1.184380e+17,4.921284,4.921779,4.885839
383100,6276710400,1.184689e+17,4.932539,4.922799,4.886657
383200,6278348800,1.184999e+17,4.920602,4.920355,4.884096
383300,6279987200,1.185308e+17,4.919094,4.919135,4.884743
383400,6281625600,1.185617e+17,4.925267,4.918989,4.885368
383500,6283264000,1.185926e+17,4.914878,4.920226,4.884353
383600,6284902400,1.186236e+17,4.908963,4.920681,4.885640
383700,6286540800,1.186545e+17,4.906817,4.918012,4.883134
383800,6288179200,1.186854e+17,4.945094,4.917134,4.882813
383900,6289817600,1.187163e+17,4.909606,4.919877,4.884982
384000,6291456000,1.187473e+17,4.928152,4.918997,4.884355
384100,6293094400,1.187782e+17,4.936004,4.919134,4.882473
384200,6294732800,1.188091e+17,4.928124,4.920206,4.884404
384300,6296371200,1.188400e+17,4.928522,4.918478,4.881671
384400,6298009600,1.188710e+17,4.944998,4.920532,4.882654
384500,6299648000,1.189019e+17,4.923941,4.922491,4.882091
384600,6301286400,1.189328e+17,4.920121,4.921071,4.883057
384700,6302924800,1.189637e+17,4.927010,4.921667,4.883611
384800,6304563200,1.189946e+17,4.919842,4.916523,4.881633
384900,6306201600,1.190256e+17,4.923641,4.918406,4.882957
385000,6307840000,1.190565e+17,4.918872,4.915519,4.880790
385100,6309478400,1.190874e+17,4.916175,4.912958,4.878405
385200,6311116800,1.191183e+17,4.924243,4.916618,4.881147
385300,6312755200,1.191493e+17,4.913064,4.913944,4.878137
385400,6314393600,1.191802e+17,4.928688,4.915661,4.880173
385500,6316032000,1.192111e+17,4.950515,4.914842,4.879962
385600,6317670400,1.192420e+17,4.907050,4.914110,4.879224
385700,6319308800,1.192730e+17,4.886899,4.914319,4.877431
385800,6320947200,1.193039e+17,4.920160,4.914172,4.877169
385900,6322585600,1.193348e+17,4.923416,4.914657,4.878998
386000,6324224000,1.193657e+17,4.908095,4.914659,4.878823
386100,6325862400,1.193967e+17,4.930054,4.916295,4.881247
386200,6327500800,1.194276e+17,4.930557,4.916172,4.878965
386300,6329139200,1.194585e+17,4.901857,4.916017,4.879453
386400,6330777600,1.194894e+17,4.912113,4.913996,4.878305
386500,6332416000,1.195203e+17,4.925152,4.915466,4.878692
386600,6334054400,1.195513e+17,4.905199,4.912275,4.877166
386700,6335692800,1.195822e+17,4.925378,4.914748,4.878394
386800,6337331200,1.196131e+17,4.915041,4.914282,4.878813
386900,6338969600,1.196440e+17,4.936129,4.915196,4.879739
387000,6340608000,1.196750e+17,4.911169,4.914511,4.877374
387100,6342246400,1.197059e+17,4.916891,4.914925,4.876588
387200,6343884800,1.197368e+17,4.900407,4.914624,4.876982
387300,6345523200,1.197677e+17,4.925637,4.911690,4.877693
387400,6347161600,1.197987e+17,4.897650,4.912806,4.876396
387500,6348800000,1.198296e+17,4.929617,4.911037,4.876161
387600,6350438400,1.198605e+17,4.930632,4.910859,4.875111
387700,6352076800,1.198914e+17,4.926400,4.914149,4.877168
387800,6353715200,1.199224e+17,4.921400,4.912945,4.876429
387900,6355353600,1.199533e+17,4.925741,4.908617,4.874891
388000,6356992000,1.199842e+17,4.946775,4.908784,4.875417
388100,6358630400,1.200151e+17,4.924623,4.910083,4.876665
388200,6360268800,1.200461e+17,4.917284,4.911655,4.876963
388300,6361907200,1.200770e+17,4.916239,4.910457,4.874761
388400,6363545600,1.201079e+17,4.914593,4.913638,4.876710
388500,6365184000,1.201388e+17,4.922710,4.911960,4.877050
388600,6366822400,1.201697e+17,4.916502,4.913448,4.876351
388700,6368460800,1.202007e+17,4.934646,4.911402,4.875341
388800,6370099200,1.202316e+17,4.903904,4.912924,4.875095
388900,6371737600,1.202625e+17,4.921857,4.911816,4.875139
389000,6373376000,1.202934e+17,4.921669,4.912148,4.875271
389100,6375014400,1.203244e+17,4.919695,4.910132,4.874177
389200,6376652800,1.203553e+17,4.907312,4.911595,4.875511
389300,6378291200,1.203862e+17,4.921108,4.911825,4.874929
389400,6379929600,1.204171e+17,4.942684,4.909670,4.874834
389500,6381568000,1.204481e+17,4.902593,4.910410,4.876143
389600,6383206400,1.204790e+17,4.900636,4.905609,4.872802
389700,6384844800,1.205099e+17,4.907893,4.907644,4.873723
389800,6386483200,1.205408e+17,4.913824,4.910145,4.875836
389900,6388121600,1.205718e+17,4.931809,4.910482,4.874025
390000,6389760000,1.206027e+17,4.946717,4.908285,4.873171
390100,6391398400,1.206336e+17,4.931199,4.905381,4.872890
390200,6393036800,1.206645e+17,4.908646,4.904612,4.871538
390300,6394675200,1.206955e+17,4.894429,4.907469,4.873154
390400,6396313600,1.207264e+17,4.911275,4.906251,4.873161
390500,6397952000,1.207573e+17,4.897787,4.907772,4.873641
390600,6399590400,1.207882e+17,4.909952,4.907479,4.873183
390700,6401228800,1.208191e+17,4.917089,4.908240,4.872815
390800,6402867200,1.208501e+17,4.906968,4.908239,4.872892
390900,6404505600,1.208810e+17,4.932214,4.908072,4.874317
391000,6406144000,1.209119e+17,4.920281,4.907068,4.874457
391100,6407782400,1.209428e+17,4.928354,4.905253,4.872780
391200,6409420800,1.209738e+17,4.910423,4.909411,4.873700
391300,6411059200,1.210047e+17,4.930006,4.907010,4.872438
391400,6412697600,1.210356e+17,4.970794,4.908999,4.873820
391500,6414336000,1.210665e+17,4.948961,4.908786,4.873727
391600,6415974400,1.210975e+17,4.936325,4.907076,4.873648
391700,6417612800,1.211284e+17,4.926272,4.910605,4.875003
391800,6419251200,1.211593e+17,4.912449,4.909122,4.872777
391900,6420889600,1.211902e+17,4.939828,4.907461,4.872789
392000,6422528000,1.212212e+17,4.908479,4.906800,4.872361
392100,6424166400,1.212521e+17,4.905923,4.907892,4.872531
392200,6425804800,1.212830e+17,4.905541,4.906594,4.871848
392300,6427443200,1.213139e+17,4.922491,4.906231,4.871928
392400,6429081600,1.213449e+17,4.916987,4.907769,4.873511
392500,6430720000,1.213758e+17,4.924831,4.905666,4.871994
392600,6432358400,1.214067e+17,4.936184,4.905971,4.872346
392700,6433996800,1.214376e+17,4.913957,4.905374,4.871522
392800,6435635200,1.214685e+17,4.926626,4.906456,4.871361
392900,6437273600,1.214995e+17,4.934783,4.909839,4.874071
393000,6438912000,1.215304e+17,4.921371,4.907293,4.871262
393100,6440550400,1.215613e+17,4.916937,4.905479,4.870127
393200,6442188800,1.215922e+17,4.913153,4.903172,4.869724
393300,6443827200,1.216232e+17,4.911394,4.902216,4.869425
393400,6445465600,1.216541e+17,4.911592,4.905262,4.870753
393500,6447104000,1.216850e+17,4.923222,4.905685,4.870435
393600,6448742400,1.217159e+17,4.915913,4.906164,4.872244
393700,6450380800,1.217469e+17,4.932807,4.906006,4.871094
393800,6452019200,1.217778e+17,4.900398,4.906643,4.869738
393900,6453657600,1.218087e+17,4.912248,4.907225,4.871021
394000,6455296000,1.218396e+17,4.901274,4.905465,4.868027
394100,6456934400,1.218706e+17,4.932711,4.908526,4.869866
394200,6458572800,1.219015e+17,4.900764,4.906886,4.868888
394300,6460211200,1.219324e+17,4.906645,4.906604,4.868941
394400,6461849600,1.219633e+17,4.912026,4.909490,4.868787
394500,6463488000,1.219943e+17,4.915326,4.910589,4.870486
394600,6465126400,1.220252e+17,4.933575,4.906132,4.868385
394700,6466764800,1.220561e+17,4.906716,4.904840,4.868935
394800,6468403200,1.220870e+17,4.932981,4.902533,4.867182
394900,6470041600,1.221179e+17,4.927843,4.904692,4.868620
395000,6471680000,1.221489e+17,4.905981,4.903457,4.867953
395100,6473318400,1.221798e+17,4.901092,4.899863,4.865853
395200,6474956800,1.222107e+17,4.936966,4.900967,4.866252
395300,6476595200,1.222416e+17,4.927165,4.902319,4.867292
395400,6478233600,1.222726e+17,4.901217,4.901129,4.866577
395500,6479872000,1.223035e+17,4.906090,4.900423,4.866543
395600,6481510400,1.223344e+17,4.880919,4.897443,4.865398
395700,6483148800,1.223653e+17,4.916319,4.898949,4.867067
395800,6484787200,1.223963e+17,4.921848,4.902258,4.866524
395900,6486425600,1.224272e+17,4.923594,4.898996,4.865810
396000,6488064000,1.224581e+17,4.924375,4.903371,4.866821
396100,6489702400,1.224890e+17,4.910862,4.905155,4.870215
396200,6491340800,1.225200e+17,4.917117,4.906762,4.868916
396300,6492979200,1.225509e+17,4.922199,4.906842,4.868854
396400,6494617600,1.225818e+17,4.913042,4.902848,4.867134
396500,6496256000,1.226127e+17,4.925230,4.903356,4.866987
396600,6497894400,1.226437e+17,4.894235,4.900303,4.866031
396700,6499532800,1.226746e+17,4.921306,4.900566,4.865888
396800,6501171200,1.227055e+17,4.893414,4.899048,4.866398
396900,6502809600,1.227364e+17,4.899389,4.901688,4.867779
397000,6504448000,1.227673e+17,4.900493,4.901721,4.865335
397100,6506086400,1.227983e+17,4.903588,4.900758,4.866790
397200,6507724800,1.228292e+17,4.892198,4.900516,4.865522
397300,6509363200,1.228601e+17,4.918287,4.899520,4.864561
397400,6511001600,1.228910e+17,4.901881,4.899712,4.865288
397500,6512640000,1.229220e+17,4.910394,4.901460,4.865090
397600,6514278400,1.229529e+17,4.900096,4.899952,4.865653
397700,6515916800,1.229838e+17,4.910083,4.902199,4.865986
397800,6517555200,1.230147e+17,4.937500,4.899131,4.863341
397900,6519193600,1.230457e+17,4.904965,4.899990,4.863509
398000,6520832000,1.230766e+17,4.892462,4.899329,4.863832
398100,6522470400,1.231075e+17,4.898777,4.899851,4.864133
398200,6524108800,1.231384e+17,4.910686,4.900530,4.863779
398300,6525747200,1.231694e+17,4.936402,4.899840,4.863714
398400,6527385600,1.232003e+17,4.893754,4.900070,4.864106
398500,6529024000,1.232312e+17,4.917388,4.900166,4.863825
398600,6530662400,1.232621e+17,4.921859,4.897250,4.861848
398700,6532300800,1.232930e+17,4.898685,4.899354,4.862569
398800,6533939200,1.233240e+17,4.897302,4.898165,4.862858
398900,6535577600,1.233549e+17,4.925354,4.896553,4.862026
399000,6537216000,1.233858e+17,4.921123,4.898765,4.862142
399100,6538854400,1.234167e+17,4.905792,4.896475,4.860227
399200,6540492800,1.234477e+17,4.903650,4.899291,4.861435
399300,6542131200,1.234786e+17,4.891281,4.899725,4.862815
399400,6543769600,1.235095e+17,4.916618,4.901168,4.862912
399500,6545408000,1.235404e+17,4.900345,4.898129,4.861839
399600,6547046400,1.235714e+17,4.892965,4.896305,4.861392
399700,6548684800,1.236023e+17,4.906388,4.896085,4.860919
399800,6550323200,1.236332e+17,4.918123,4.897213,4.861281
399900,6551961600,1.236641e+17,4.895859,4.893821,4.860684
400000,6553600000,1.236951e+17,4.901346,4.896611,4.861567
400100,6555238400,1.237260e+17,4.894825,4.897482,4.862373
400200,6556876800,1.237569e+17,4.898466,4.897099,4.860985
400300,6558515200,1.237878e+17,4.886437,4.896451,4.860062
400400,6560153600,1.238188e+17,4.900594,4.896167,4.860351
400500,6561792000,1.238497e+17,4.899972,4.896413,4.860859
400600,6563430400,1.238806e+17,4.909997,4.894841,4.860081
400700,6565068800,1.239115e+17,4.909871,4.893428,4.860080
400800,6566707200,1.239424e+17,4.916376,4.893940,4.860352
400900,6568345600,1.239734e+17,4.906071,4.893479,4.860979
401000,6569984000,1.240043e+17,4.892503,4.896345,4.861469
401100,6571622400,1.240352e+17,4.912643,4.893632,4.859284
401200,6573260800,1.240661e+17,4.908270,4.891145,4.856683
401300,6574899200,1.240971e+17,4.884177,4.895754,4.860700
401400,6576537600,1.241280e+17,4.895137,4.895155,4.858883
401500,6578176000,1.241589e+17,4.910483,4.892977,4.858028
401600,6579814400,1.241898e+17,4.882827,4.895262,4.859733
401700,6581452800,1.242208e+17,4.891550,4.893766,4.858367
401800,6583091200,1.242517e+17,4.903401,4.895454,4.858454
401900,6584729600,1.242826e+17,4.894025,4.896236,4.860258
402000,6586368000,1.243135e+17,4.896963,4.894450,4.860169
402100,6588006400,1.243445e+17,4.900203,4.895006,4.858496
402200,6589644800,1.243754e+17,4.906805,4.894797,4.857095
402300,6591283200,1.244063e+17,4.897001,4.894715,4.857722
402400,6592921600,1.244372e+17,4.896694,4.895599,4.858882
402500,6594560000,1.244682e+17,4.889808,4.894311,4.858393
402600,6596198400,1.244991e+17,4.904628,4.894216,4.858829
402700,6597836800,1.245300e+17,4.887937,4.895128,4.859156
402800,6599475200,1.245609e+17,4.883680,4.893995,4.858910
402900,6601113600,1.245918e+17,4.899234,4.893727,4.859020
403000,6602752000,1.246228e+17,4.886040,4.893188,4.858068
403100,6604390400,1.246537e+17,4.879418,4.894267,4.858784
403200,6606028800,1.246846e+17,4.886684,4.890855,4.856695
403300,6607667200,1.247155e+17,4.919057,4.892058,4.857002
403400,6609305600,1.247465e+17,4.925154,4.889089,4.856642
403500,6610944000,1.247774e+17,4.939232,4.887750,4.856708
403600,6612582400,1.248083e+17,4.912241,4.889721,4.855154
403700,6614220800,1.248392e+17,4.905806,4.889122,4.855646
403800,6615859200,1.248702e+17,4.904180,4.888747,4.856107
403900,6617497600,1.249011e+17,4.892485,4.889209,4.855257
404000,6619136000,1.249320e+17,4.904496,4.888065,4.854223
404100,6620774400,1.249629e+17,4.906836,4.889670,4.856338
404200,6622412800,1.249939e+17,4.910439,4.891859,4.856885
404300,6624051200,1.250248e+17,4.904443,4.893553,4.856278
404400,6625689600,1.250557e+17,4.890985,4.893432,4.856670
404500,6627328000,1.250866e+17,4.902420,4.888834,4.855529
404600,6628966400,1.251176e+17,4.898072,4.890610,4.855904
404700,6630604800,1.251485e+17,4.890479,4.889273,4.854078
404800,6632243200,1.251794e+17,4.898533,4.893575,4.855096
404900,6633881600,1.252103e+17,4.877142,4.892982,4.857517
405000,6635520000,1.252412e+17,4.904979,4.891788,4.855918
405100,6637158400,1.252722e+17,4.901334,4.889378,4.853800
405200,6638796800,1.253031e+17,4.892593,4.889260,4.853175
405300,6640435200,1.253340e+17,4.888686,4.890769,4.853623
405400,6642073600,1.253649e+17,4.938615,4.891354,4.855673
405500,6643712000,1.253959e+17,4.900703,4.891128,4.853751
405600,6645350400,1.254268e+17,4.911969,4.892003,4.854204
405700,6646988800,1.254577e+17,4.883801,4.892321,4.854268
405800,6648627200,1.254886e+17,4.888557,4.892507,4.853615
405900,6650265600,1.255196e+17,4.886927,4.894345,4.854492
406000,6651904000,1.255505e+17,4.930954,4.891411,4.854294
406100,6653542400,1.255814e+17,4.921881,4.892870,4.855458
406200,6655180800,1.256123e+17,4.910498,4.890727,4.854850
406300,6656819200,1.256433e+17,4.898349,4.893947,4.856197
406400,6658457600,1.256742e+17,4.883045,4.888976,4.853836
406500,6660096000,1.257051e+17,4.895855,4.890081,4.854387
406600,6661734400,1.257360e+17,4.919978,4.888677,4.853843
406700,6663372800,1.257670e+17,4.896169,4.888497,4.853941
406800,6665011200,1.257979e+17,4.915251,4.888772,4.853147
406900,6666649600,1.258288e+17,4.910572,4.889764,4.854413
407000,6668288000,1.258597e+17,4.888999,4.889788,4.854089
407100,6669926400,1.258906e+17,4.901826,4.887998,4.853686
407200,6671564800,1.259216e+17,4.907215,4.889296,4.853893
407300,6673203200,1.259525e+17,4.894206,4.889961,4.854690
407400,6674841600,1.259834e+17,4.905651,4.888887,4.853593
407500,6676480000,1.260143e+17,4.903861,4.886630,4.852004
407600,6678118400,1.260453e+17,4.934240,4.886810,4.852022
407700,6679756800,1.260762e+17,4.882815,4.889023,4.852470
407800,6681395200,1.261071e+17,4.894699,4.887828,4.852381
407900,6683033600,1.261380e+17,4.885347,4.888997,4.852934
408000,6684672000,1.261690e+17,4.898825,4.889189,4.852284
408100,6686310400,1.261999e+17,4.873042,4.889985,4.851915
408200,6687948800,1.262308e+17,4.884131,4.886580,4.851982
408300,6689587200,1.262617e+17,4.915596,4.885099,4.850362
408400,6691225600,1.262927e+17,4.905576,4.885852,4.851422
408500,6692864000,1.263236e+17,4.896673,4.885460,4.850727
408600,6694502400,1.263545e+17,4.895435,4.884882,4.851267
408700,6696140800,1.263854e+17,4.912878,4.885493,4.850805
408800,6697779200,1.264163e+17,4.889253,4.885483,4.850843
408900,6699417600,1.264473e+17,4.914654,4.889986,4.851696
409000,6701056000,1.264782e+17,4.890397,4.890392,4.851211
409100,6702694400,1.265091e+17,4.921835,4.889609,4.850776
409200,6704332800,1.265400e+17,4.889239,4.888942,4.850419
409300,6705971200,1.265710e+17,4.905724,4.888756,4.851645
409400,6707609600,1.266019e+17,4.907981,4.887402,4.849403
409500,6709248000,1.266328e+17,4.905268,4.888383,4.850777
409600,6710886400,1.266637e+17,4.902965,4.884925,4.849210
409700,6712524800,1.266947e+17,4.884903,4.886010,4.848915
409800,6714163200,1.267256e+17,4.915906,4.885945,4.849355
409900,6715801600,1.267565e+17,4.895363,4.885345,4.850666
410000,6717440000,1.267874e+17,4.893209,4.883875,4.849124
410100,6719078400,1.268184e+17,4.895132,4.883920,4.848791
410200,6720716800,1.268493e+17,4.890845,4.883749,4.848698
410300,6722355200,1.268802e+17,4.903645,4.883662,4.849224
410400,6723993600,1.269111e+17,4.891784,4.884258,4.848861
410500,6725632000,1.269421e+17,4.886351,4.886663,4.849432
410600,6727270400,1.269730e+17,4.880613,4.885734,4.848172
410700,6728908800,1.270039e+17,4.908271,4.884236,4.848569
410800,6730547200,1.270348e+17,4.907631,4.884543,4.849187
410900,6732185600,1.270657e+17,4.892610,4.883012,4.848967
411000,6733824000,1.270967e+17,4.892845,4.883913,4.848870
411100,6735462400,1.271276e+17,4.877987,4.884216,4.848383
411200,6737100800,1.271585e+17,4.892025,4.881187,4.847090
411300,6738739200,1.271894e+17,4.904851,4.881487,4.845861
411400,6740377600,1.272204e+17,4.884078,4.883718,4.847254
411500,6742016000,1.272513e+17,4.876664,4.882179,4.846687
411600,6743654400,1.272822e+17,4.893869,4.881596,4.846390
411700,6745292800,1.273131e+17,4.875214,4.879991,4.844842
411800,6746931200,1.273441e+17,4.884655,4.882336,4.846678
411900,6748569600,1.273750e+17,4.873774,4.880731,4.845771
412000,6750208000,1.274059e+17,4.861530,4.882223,4.846260
412100,6751846400,1.274368e+17,4.882864,4.884398,4.847526
412200,6753484800,1.274678e+17,4.891640,4.883511,4.847353
412300,6755123200,1.274987e+17,4.911466,4.885081,4.847153
412400,6756761600,1.275296e+17,4.884922,4.883453,4.846245
412500,6758400000,1.275605e+17,4.891237,4.885365,4.848334
412600,6760038400,1.275915e+17,4.900534,4.885642,4.846694
412700,6761676800,1.276224e+17,4.879065,4.884322,4.846222
412800,6763315200,1.276533e+17,4.891093,4.882876,4.846632
412900,6764953600,1.276842e+17,4.882922,4.882821,4.845679
413000,6766592000,1.277151e+17,4.884074,4.880465,4.844646
413100,6768230400,1.277461e+17,4.906830,4.883399,4.845267
413200,6769868800,1.277770e+17,4.895186,4.881654,4.844727
413300,6771507200,1.278079e+17,4.903047,4.880097,4.845896
413400,6773145600,1.278388e+17,4.881095,4.882299,4.845806
413500,6774784000,1.278698e+17,4.874052,4.882318,4.844964
413600,6776422400,1.279007e+17,4.897645,4.881544,4.845628
413700,6778060800,1.279316e+17,4.902175,4.878246,4.844178
413800,6779699200,1.279625e+17,4.889502,4.879940,4.843952
413900,6781337600,1.279935e+17,4.877009,4.881576,4.845112
414000,6782976000,1.280244e+17,4.883462,4.878755,4.844670
414100,6784614400,1.280553e+17,4.893742,4.877288,4.843744
414200,6786252800,1.280862e+17,4.887697,4.875454,4.842798
414300,6787891200,1.281172e+17,4.896404,4.879389,4.843667
414400,6789529600,1.281481e+17,4.876000,4.880152,4.842988
414500,6791168000,1.281790e+17,4.892036,4.880940,4.844410
414600,6792806400,1.282099e+17,4.882726,4.878083,4.843476
414700,6794444800,1.282409e+17,4.885803,4.879138,4.843495
414800,6796083200,1.282718e+17,4.865661,4.880089,4.842894
414900,6797721600,1.283027e+17,4.898821,4.882739,4.845893
415000,6799360000,1.283336e+17,4.889351,4.879931,4.844840
415100,6800998400,1.283645e+17,4.904358,4.877633,4.843744
415200,6802636800,1.283955e+17,4.889604,4.878815,4.844137
415300,6804275200,1.284264e+17,4.881604,4.880349,4.843773
415400,6805913600,1.284573e+17,4.897779,4.878779,4.842536
415500,6807552000,1.284882e+17,4.886364,4.878327,4.843286
415600,6809190400,1.285192e+17,4.885641,4.876398,4.842663
415700,6810828800,1.285501e+17,4.883372,4.877514,4.843569
415800,6812467200,1.285810e+17,4.891902,4.876521,4.841607
415900,6814105600,1.286119e+17,4.873913,4.878132,4.842844
416000,6815744000,1.286429e+17,4.885430,4.877308,4.841563
416100,6817382400,1.286738e+17,4.910358,4.879798,4.843842
416200,6819020800,1.287047e+17,4.868739,4.876459,4.841230
416300,6820659200,1.287356e+17,4.898051,4.876771,4.841587
416400,6822297600,1.287666e+17,4.875269,4.877935,4.841141
416500,6823936000,1.287975e+17,4.873008,4.876609,4.841733
416600,6825574400,1.288284e+17,4.884418,4.875091,4.841447
416700,6827212800,1.288593e+17,4.907304,4.876708,4.842081
416800,6828851200,1.288903e+17,4.879062,4.879197,4.841485
416900,6830489600,1.289212e+17,4.869979,4.877727,4.840252
417000,6832128000,1.289521e+17,4.902517,4.876413,4.840254
417100,6833766400,1.289830e+17,4.887623,4.875620,4.839601
417200,6835404800,1.290139e+17,4.879330,4.877070,4.839377
417300,6837043200,1.290449e+17,4.864017,4.877034,4.839834
417400,6838681600,1.290758e+17,4.888202,4.878781,4.840307
417500,6840320000,1.291067e+17,4.879086,4.876964,4.839495
417600,6841958400,1.291376e+17,4.897539,4.875892,4.840541
417700,6843596800,1.291686e+17,4.910673,4.874806,4.838954
417800,6845235200,1.291995e+17,4.885402,4.875687,4.838802
417900,6846873600,1.292304e+17,4.882703,4.876484,4.838373
418000,6848512000,1.292613e+17,4.887652,4.876544,4.837541
418100,6850150400,1.292923e+17,4.867296,4.875792,4.837671
418200,6851788800,1.293232e+17,4.888352,4.876432,4.838238
418300,6853427200,1.293541e+17,4.880121,4.876116,4.837404
418400,6855065600,1.293850e+17,4.886296,4.877016,4.839447
418500,6856704000,1.294160e+17,4.897294,4.880419,4.839608
418600,6858342400,1.294469e+17,4.891967,4.879358,4.837873
418700,6859980800,1.294778e+17,4.899305,4.878739,4.839488
418800,6861619200,1.295087e+17,4.885117,4.879173,4.839983
418900,6863257600,1.295396e+17,4.888485,4.875336,4.837912
419000,6864896000,1.295706e+17,4.889901,4.876536,4.837736
419100,6866534400,1.296015e+17,4.887625,4.878259,4.840059
419200,6868172800,1.296324e+17,4.870006,4.881052,4.841503
419300,6869811200,1.296633e+17,4.903871,4.877006,4.838235
419400,6871449600,1.296943e+17,4.876047,4.878409,4.838776
419500,6873088000,1.297252e+17,4.885235,4.879812,4.839517
419600,6874726400,1.297561e+17,4.894137,4.875960,4.838049
419700,6876364800,1.297870e+17,4.874320,4.877604,4.838867
419800,6878003200,1.298180e+17,4.863430,4.875041,4.837997
419900,6879641600,1.298489e+17,4.881832,4.877913,4.838568
420000,6881280000,1.298798e+17,4.911917,4.877223,4.837031
420100,6882918400,1.299107e+17,4.891433,4.877226,4.838043
420200,6884556800,1.299417e+17,4.867659,4.878218,4.838992
420300,6886195200,1.299726e+17,4.874964,4.879255,4.838560
420400,6887833600,1.300035e+17,4.891895,4.875761,4.836401
420500,6889472000,1.300344e+17,4.868743,4.876576,4.837058
420600,6891110400,1.300654e+17,4.890466,4.875115,4.836211
420700,6892748800,1.300963e+17,4.864779,4.876430,4.836665
420800,6894387200,1.301272e+17,4.885620,4.874106,4.836892
420900,6896025600,1.301581e+17,4.879086,4.874120,4.835632
421000,6897664000,1.301890e+17,4.858309,4.876240,4.836605
421100,6899302400,1.302200e+17,4.864681,4.874799,4.835396
421200,6900940800,1.302509e+17,4.882624,4.874258,4.835396
421300,6902579200,1.302818e+17,4.879460,4.872295,4.833950
421400,6904217600,1.303127e+17,4.883932,4.870627,4.833482
421500,6905856000,1.303437e+17,4.874791,4.870031,4.833735
421600,6907494400,1.303746e+17,4.886121,4.869518,4.834657
421700,6909132800,1.304055e+17,4.887099,4.872204,4.834888
421800,6910771200,1.304364e+17,4.876225,4.868455,4.833297
421900,6912409600,1.304674e+17,4.890224,4.870155,4.833816
422000,6914048000,1.304983e+17,4.877131,4.871389,4.834616
422100,6915686400,1.305292e+17,4.878641,4.870373,4.832535
422200,6917324800,1.305601e+17,4.888893,4.871374,4.834267
422300,6918963200,1.305911e+17,4.878144,4.868921,4.832488
422400,6920601600,1.306220e+17,4.883666,4.866415,4.832008
422500,6922240000,1.306529e+17,4.859496,4.865177,4.832252
422600,6923878400,1.306838e+17,4.897698,4.866189,4.830879
422700,6925516800,1.307148e+17,4.885931,4.866730,4.831193
422800,6927155200,1.307457e+17,4.881111,4.869746,4.832003
422900,6928793600,1.307766e+17,4.880174,4.870464,4.833113
423000,6930432000,1.308075e+17,4.875476,4.868939,4.831221
423100,6932070400,1.308384e+17,4.891713,4.870046,4.832745
423200,6933708800,1.308694e+17,4.857567,4.869192,4.831516
423300,6935347200,1.309003e+17,4.865706,4.870345,4.833222
423400,6936985600,1.309312e+17,4.886265,4.868534,4.832451
423500,6938624000,1.309621e+17,4.870637,4.870399,4.833257
423600,6940262400,1.309931e+17,4.861315,4.868565,4.832204
423700,6941900800,1.310240e+17,4.897338,4.867782,4.832014
423800,6943539200,1.310549e+17,4.883089,4.870059,4.831960
423900,6945177600,1.310858e+17,4.878187,4.868651,4.831724
424000,6946816000,1.311168e+17,4.887691,4.869000,4.831059
424100,6948454400,1.311477e+17,4.900273,4.869070,4.830089
424200,6950092800,1.311786e+17,4.876302,4.868952,4.829820
424300,6951731200,1.312095e+17,4.879182,4.867366,4.830976
424400,6953369600,1.312405e+17,4.878024,4.868821,4.830369
424500,6955008000,1.312714e+17,4.885939,4.871302,4.832583
424600,6956646400,1.313023e+17,4.882607,4.869727,4.832430
424700,6958284800,1.313332e+17,4.885448,4.870910,4.832032
424800,6959923200,1.313642e+17,4.848977,4.868252,4.831930
424900,6961561600,1.313951e+17,4.856473,4.867728,4.830968
425000,6963200000,1.314260e+17,4.871158,4.866925,4.832142
425100,6964838400,1.314569e+17,4.869062,4.864506,4.830664
425200,6966476800,1.314878e+17,4.878718,4.869065,4.832852
425300,6968115200,1.315188e+17,4.844064,4.867985,4.832472
425400,6969753600,1.315497e+17,4.881437,4.870044,4.833553
425500,6971392000,1.315806e+17,4.878848,4.870761,4.833305
425600,6973030400,1.316115e+17,4.880761,4.872071,4.833451
425700,6974668800,1.316425e+17,4.881660,4.869751,4.831669
425800,6976307200,1.316734e+17,4.861048,4.870800,4.831422
425900,6977945600,1.317043e+17,4.899118,4.871570,4.833675
426000,6979584000,1.317352e+17,4.872513,4.871239,4.832455
426100,6981222400,1.317662e+17,4.874023,4.871519,4.833025
426200,6982860800,1.317971e+17,4.864705,4.870041,4.832814
426300,6984499200,1.318280e+17,4.866689,4.869648,4.830175
426400,6986137600,1.318589e+17,4.876950,4.867499,4.830012
426500,6987776000,1.318899e+17,4.865937,4.869071,4.831627
426600,6989414400,1.319208e+17,4.873821,4.868868,4.830590
426700,6991052800,1.319517e+17,4.899411,4.870487,4.833449
426800,6992691200,1.319826e+17,4.883009,4.867202,4.831023
426900,6994329600,1.320136e+17,4.876774,4.869095,4.832175
427000,6995968000,1.320445e+17,4.877264,4.871977,4.833219
427100,6997606400,1.320754e+17,4.890395,4.869680,4.830353
427200,6999244800,1.321063e+17,4.864208,4.868826,4.830327
427300,7000883200,1.321372e+17,4.863604,4.870054,4.829843
427400,7002521600,1.321682e+17,4.881809,4.868676,4.829466
427500,7004160000,1.321991e+17,4.858708,4.871499,4.831361
427600,7005798400,1.322300e+17,4.869668,4.868997,4.830780
427700,7007436800,1.322609e+17,4.870307,4.867198,4.830288
427800,7009075200,1.322919e+17,4.895855,4.866693,4.829445
427900,7010713600,1.323228e+17,4.854393,4.864679,4.829181
428000,7012352000,1.323537e+17,4.883652,4.863802,4.828844
428100,7013990400,1.323846e+17,4.872681,4.864112,4.828811
428200,7015628800,1.324156e+17,4.869923,4.865564,4.830660
428300,7017267200,1.324465e+17,4.859400,4.864457,4.828502
428400,7018905600,1.324774e+17,4.881629,4.864250,4.828664
428500,7020544000,1.325083e+17,4.860157,4.864109,4.828319
428600,7022182400,1.325393e+17,4.884853,4.866469,4.827564
428700,7023820800,1.325702e+17,4.873263,4.866515,4.827695
428800,7025459200,1.326011e+17,4.880746,4.866935,4.828188
428900,7027097600,1.326320e+17,4.882804,4.869821,4.829453
429000,7028736000,1.326629e+17,4.860336,4.868813,4.827894
429100,7030374400,1.326939e+17,4.882861,4.863718,4.827184
429200,7032012800,1.327248e+17,4.882021,4.866684,4.829173
429300,7033651200,1.327557e+17,4.891946,4.866762,4.829624
429400,7035289600,1.327866e+17,4.874796,4.865291,4.828067
429500,7036928000,1.328176e+17,4.882014,4.864989,4.827499
429600,7038566400,1.328485e+17,4.881034,4.865711,4.827941
429700,7040204800,1.328794e+17,4.878060,4.863635,4.828018
429800,7041843200,1.329103e+17,4.864704,4.866166,4.828249
429900,7043481600,1.329413e+17,4.875331,4.866096,4.827768
430000,7045120000,1.329722e+17,4.873647,4.865089,4.825821
430100,7046758400,1.330031e+17,4.851156,4.864582,4.826584
430200,7048396800,1.330340e+17,4.892581,4.863877,4.827300
430300,7050035200,1.330650e+17,4.869987,4.862077,4.825483
430400,7051673600,1.330959e+17,4.878614,4.862881,4.827116
430500,7053312000,1.331268e+17,4.881860,4.865098,4.827836
430600,7054950400,1.331577e+17,4.849672,4.862233,4.824581
430700,7056588800,1.331887e+17,4.854169,4.863510,4.825441
430800,7058227200,1.332196e+17,4.889594,4.865063,4.826654
430900,7059865600,1.332505e+17,4.855786,4.865907,4.826731
431000,7061504000,1.332814e+17,4.856349,4.865591,4.826332
431100,7063142400,1.333123e+17,4.879328,4.866073,4.826940
431200,7064780800,1.333433e+17,4.859894,4.867124,4.827364
431300,7066419200,1.333742e+17,4.868963,4.865254,4.826360
431400,7068057600,1.334051e+17,4.887106,4.866022,4.826447
431500,7069696000,1.334360e+17,4.881191,4.862831,4.824613
431600,7071334400,1.334670e+17,4.853585,4.861585,4.824009
431700,7072972800,1.334979e+17,4.870238,4.861364,4.825064
431800,7074611200,1.335288e+17,4.872924,4.861269,4.825539
431900,7076249600,1.335597e+17,4.858301,4.860537,4.824588
432000,7077888000,1.335907e+17,4.887694,4.858120,4.823655
432100,7079526400,1.336216e+17,4.859639,4.859609,4.825040
432200,7081164800,1.336525e+17,4.854292,4.858483,4.823542
432300,7082803200,1.336834e+17,4.871042,4.857810,4.823726
432400,7084441600,1.337144e+17,4.879171,4.860327,4.823210
432500,7086080000,1.337453e+17,4.885136,4.860125,4.824845
432600,7087718400,1.337762e+17,4.888878,4.860984,4.824098
432700,7089356800,1.338071e+17,4.873304,4.859165,4.823575
432800,7090995200,1.338381e+17,4.862546,4.856753,4.822688
432900,7092633600,1.338690e+17,4.843289,4.856438,4.822054
433000,7094272000,1.338999e+17,4.856447,4.857416,4.822821
433100,7095910400,1.339308e+17,4.870945,4.859491,4.823942
433200,7097548800,1.339617e+17,4.870548,4.860120,4.823224
433300,7099187200,1.339927e+17,4.878210,4.861267,4.823661
433400,7100825600,1.340236e+17,4.872809,4.859461,4.823985
433500,7102464000,1.340545e+17,4.863622,4.861969,4.823825
433600,7104102400,1.340854e+17,4.864813,4.861176,4.824240
433700,7105740800,1.341164e+17,4.885740,4.860982,4.825064
433800,7107379200,1.341473e+17,4.856003,4.859944,4.824074
433900,7109017600,1.341782e+17,4.877217,4.859854,4.824309
434000,7110656000,1.342091e+17,4.870492,4.857994,4.824554
434100,7112294400,1.342401e+17,4.871962,4.859647,4.824572
434200,7113932800,1.342710e+17,4.864145,4.858718,4.824246
434300,7115571200,1.343019e+17,4.852880,4.860452,4.824896
434400,7117209600,1.343328e+17,4.838584,4.857177,4.822641
434500,7118848000,1.343638e+17,4.859160,4.859941,4.823316
434600,7120486400,1.343947e+17,4.870524,4.857755,4.823046
434700,7122124800,1.344256e+17,4.853431,4.857096,4.823078
434800,7123763200,1.344565e+17,4.893653,4.857848,4.823616
434900,7125401600,1.344875e+17,4.876268,4.860014,4.823392
435000,7127040000,1.345184e+17,4.872859,4.859385,4.822759
435100,7128678400,1.345493e+17,4.874191,4.858059,4.824164
435200,7130316800,1.345802e+17,4.857183,4.857994,4.823330
435300,7131955200,1.346111e+17,4.855727,4.859176,4.822041
435400,7133593600,1.346421e+17,4.858081,4.856372,4.821758
435500,7135232000,1.346730e+17,4.863116,4.858225,4.823332
435600,7136870400,1.347039e+17,4.856184,4.856110,4.821462
435700,7138508800,1.347348e+17,4.869684,4.856463,4.820840
435800,7140147200,1.347658e+17,4.845809,4.857735,4.821448
435900,7141785600,1.347967e+17,4.857435,4.859273,4.821170
436000,7143424000,1.348276e+17,4.862045,4.859839,4.821400
436100,7145062400,1.348585e+17,4.893688,4.857497,4.821147
436200,7146700800,1.348895e+17,4.860673,4.855965,4.819851
436300,7148339200,1.349204e+17,4.882894,4.858323,4.820191
436400,7149977600,1.349513e+17,4.842457,4.857067,4.818519
436500,7151616000,1.349822e+17,4.859475,4.857027,4.819208
436600,7153254400,1.350132e+17,4.859449,4.856973,4.818802
436700,7154892800,1.350441e+17,4.874924,4.855804,4.820225
436800,7156531200,1.350750e+17,4.856507,4.854481,4.820125
436900,7158169600,1.351059e+17,4.857710,4.855754,4.819748
437000,7159808000,1.351369e+17,4.853214,4.857923,4.820093
437100,7161446400,1.351678e+17,4.885571,4.857670,4.820234
437200,7163084800,1.351987e+17,4.860914,4.858326,4.820488
437300,7164723200,1.352296e+17,4.865161,4.855610,4.818848
437400,7166361600,1.352605e+17,4.864933,4.855680,4.820545
437500,7168000000,1.352915e+17,4.867061,4.853438,4.820255
437600,7169638400,1.353224e+17,4.861413,4.854940,4.820263
437700,7171276800,1.353533e+17,4.852839,4.855548,4.820653
437800,7172915200,1.353842e+17,4.854486,4.853943,4.818923
437900,7174553600,1.354152e+17,4.871337,4.856286,4.821407
438000,7176192000,1.354461e+17,4.869946,4.856158,4.819192
438100,7177830400,1.354770e+17,4.880306,4.854560,4.820235
438200,7179468800,1.355079e+17,4.872347,4.854529,4.819930
438300,7181107200,1.355389e+17,4.864944,4.854876,4.819972
438400,7182745600,1.355698e+17,4.884332,4.855696,4.819556
438500,7184384000,1.356007e+17,4.899659,4.856020,4.819671
438600,7186022400,1.356316e+17,4.869290,4.855192,4.819013
438700,7187660800,1.356626e+17,4.867803,4.855238,4.818345
438800,7189299200,1.356935e+17,4.859564,4.856040,4.818623
438900,7190937600,1.357244e+17,4.859873,4.857433,4.819781
439000,7192576000,1.357553e+17,4.869624,4.856673,4.819545
439100,7194214400,1.357863e+17,4.853526,4.854893,4.819224
439200,7195852800,1.358172e+17,4.850019,4.854728,4.818807
439300,7197491200,1.358481e+17,4.875512,4.855149,4.819289
439400,7199129600,1.358790e+17,4.850884,4.854789,4.818694
439500,7200768000,1.359099e+17,4.862724,4.855363,4.818985
439600,7202406400,1.359409e+17,4.859895,4.853630,4.817510
439700,7204044800,1.359718e+17,4.850898,4.854542,4.818770
439800,7205683200,1.360027e+17,4.867887,4.855519,4.818219
439900,7207321600,1.360336e+17,4.840454,4.856350,4.818205
440000,7208960000,1.360646e+17,4.884366,4.854858,4.817289
440100,7210598400,1.360955e+17,4.878615,4.854078,4.817624
440200,7212236800,1.361264e+17,4.869212,4.852626,4.817191
440300,7213875200,1.361573e+17,4.877220,4.852814,4.816315
440400,7215513600,1.361883e+17,4.874339,4.852458,4.816724
440500,7217152000,1.362192e+17,4.850410,4.853671,4.817736
440600,7218790400,1.362501e+17,4.827797,4.851666,4.816860
440700,7220428800,1.362810e+17,4.844003,4.852121,4.817929
440800,7222067200,1.363120e+17,4.869530,4.849519,4.816320
440900,7223705600,1.363429e+17,4.860648,4.852502,4.817633
441000,7225344000,1.363738e+17,4.856719,4.853294,4.817162
441100,7226982400,1.364047e+17,4.850292,4.853024,4.816828
441200,7228620800,1.364356e+17,4.859894,4.852930,4.815752
441300,7230259200,1.364666e+17,4.871578,4.854054,4.815786
441400,7231897600,1.364975e+17,4.875589,4.855095,4.817273
441500,7233536000,1.365284e+17,4.845757,4.851352,4.816370
441600,7235174400,1.365593e+17,4.844663,4.853011,4.815103
441700,7236812800,1.365903e+17,4.851169,4.851128,4.814603
441800,7238451200,1.366212e+17,4.878021,4.853113,4.815307
441900,7240089600,1.366521e+17,4.870867,4.853984,4.816556
442000,7241728000,1.366830e+17,4.858412,4.852447,4.816543
442100,7243366400,1.367140e+17,4.872110,4.851869,4.815115
442200,7245004800,1.367449e+17,4.863451,4.851668,4.815496
442300,7246643200,1.367758e+17,4.840398,4.852100,4.815047
442400,7248281600,1.368067e+17,4.859386,4.853034,4.814697
442500,7249920000,1.368377e+17,4.857278,4.855322,4.817413
442600,7251558400,1.368686e+17,4.866657,4.852214,4.815302
442700,7253196800,1.368995e+17,4.852909,4.855077,4.815727
442800,7254835200,1.369304e+17,4.873105,4.854024,4.816318
442900,7256473600,1.369614e+17,4.848113,4.854562,4.815614
443000,7258112000,1.369923e+17,4.861199,4.852105,4.814707
443100,7259750400,1.370232e+17,4.859478,4.853866,4.815029
443200,7261388800,1.370541e+17,4.868021,4.852696,4.814216
443300,7263027200,1.370850e+17,4.863046,4.854159,4.815112
443400,7264665600,1.371160e+17,4.851863,4.855080,4.814574
443500,7266304000,1.371469e+17,4.855865,4.854501,4.817058
443600,7267942400,1.371778e+17,4.852582,4.852361,4.814584
443700,7269580800,1.372087e+17,4.834844,4.853035,4.814732
443800,7271219200,1.372397e+17,4.867801,4.851668,4.814687
443900,7272857600,1.372706e+17,4.883508,4.851560,4.814544
444000,7274496000,1.373015e+17,4.879455,4.852293,4.815639
444100,7276134400,1.373324e+17,4.860795,4.851195,4.814295
444200,7277772800,1.373634e+17,4.861573,4.851991,4.813859
444300,7279411200,1.373943e+17,4.843707,4.851065,4.813482
444400,7281049600,1.374252e+17,4.850099,4.851890,4.812617
444500,7282688000,1.374561e+17,4.873800,4.850507,4.812635
444600,7284326400,1.374871e+17,4.882720,4.850654,4.813137
444700,7285964800,1.375180e+17,4.864372,4.851838,4.812664
444800,7287603200,1.375489e+17,4.863079,4.850491,4.811452
444900,7289241600,1.375798e+17,4.855334,4.850254,4.811533
445000,7290880000,1.376108e+17,4.851553,4.847488,4.810851
445100,7292518400,1.376417e+17,4.855348,4.848809,4.811989
445200,7294156800,1.376726e+17,4.854647,4.849463,4.812257
445300,7295795200,1.377035e+17,4.871154,4.847530,4.810231
445400,7297433600,1.377344e+17,4.857637,4.847623,4.810748
445500,7299072000,1.377654e+17,4.857328,4.846965,4.810739
445600,7300710400,1.377963e+17,4.850529,4.845613,4.811101
445700,7302348800,1.378272e+17,4.838149,4.844244,4.810302
445800,7303987200,1.378581e+17,4.886311,4.843828,4.810194
445900,7305625600,1.378891e+17,4.874061,4.845117,4.810630
446000,7307264000,1.379200e+17,4.843076,4.845385,4.809500
446100,7308902400,1.379509e+17,4.840186,4.844982,4.809047
446200,7310540800,1.379818e+17,4.882102,4.847291,4.809454
446300,7312179200,1.380128e+17,4.854799,4.846473,4.809022
446400,7313817600,1.380437e+17,4.864612,4.847079,4.810723
446500,7315456000,1.380746e+17,4.874373,4.844795,4.810503
446600,7317094400,1.381055e+17,4.861459,4.847396,4.812005
446700,7318732800,1.381365e+17,4.865508,4.844737,4.810941
446800,7320371200,1.381674e+17,4.854987,4.844073,4.810550
446900,7322009600,1.381983e+17,4.862218,4.843567,4.810110
447000,7323648000,1.382292e+17,4.838003,4.842857,4.808793
447100,7325286400,1.382602e+17,4.858420,4.842854,4.808164
447200,7326924800,1.382911e+17,4.850488,4.845234,4.809296
447300,7328563200,1.383220e+17,4.868096,4.843589,4.809442
447400,7330201600,1.383529e+17,4.853833,4.845731,4.808603
447500,7331840000,1.383838e+17,4.856661,4.846028,4.810705
447600,7333478400,1.384148e+17,4.880329,4.845748,4.810001
447700,7335116800,1.384457e+17,4.840063,4.845261,4.809671
447800,7336755200,1.384766e+17,4.862258,4.843013,4.808414
447900,7338393600,1.385075e+17,4.827563,4.843820,4.810012
448000,7340032000,1.385385e+17,4.832357,4.843818,4.810091
448100,7341670400,1.385694e+17,4.863350,4.841561,4.808343
448200,7343308800,1.386003e+17,4.853140,4.841958,4.808756
448300,7344947200,1.386312e+17,4.840539,4.841203,4.808779
448400,7346585600,1.386622e+17,4.852587,4.841294,4.809194
448500,7348224000,1.386931e+17,4.877523,4.841797,4.807639
448600,7349862400,1.387240e+17,4.831910,4.841248,4.808068
448700,7351500800,1.387549e+17,4.852069,4.840990,4.808209
448800,7353139200,1.387859e+17,4.840161,4.843170,4.807909
448900,7354777600,1.388168e+17,4.857525,4.841895,4.808133
449000,7356416000,1.388477e+17,4.872062,4.842374,4.807488
449100,7358054400,1.388786e+17,4.840836,4.842200,4.807691
449200,7359692800,1.389096e+17,4.856172,4.845506,4.809068
449300,7361331200,1.389405e+17,4.852149,4.844383,4.808226
449400,7362969600,1.389714e+17,4.844626,4.844022,4.808599
449500,7364608000,1.390023e+17,4.863857,4.845775,4.809577
449600,7366246400,1.390332e+17,4.849622,4.846623,4.809454
449700,7367884800,1.390642e+17,4.856488,4.843589,4.807592
449800,7369523200,1.390951e+17,4.858804,4.841405,4.807154
449900,7371161600,1.391260e+17,4.846893,4.842804,4.807470
450000,7372800000,1.391569e+17,4.849309,4.842782,4.807319
450100,7374438400,1.391879e+17,4.867968,4.840268,4.806129
450200,7376076800,1.392188e+17,4.843100,4.841446,4.807343
450300,7377715200,1.392497e+17,4.852282,4.841003,4.807028
450400,7379353600,1.392806e+17,4.838223,4.842272,4.807863
450500,7380992000,1.393116e+17,4.859000,4.842153,4.807159
450600,7382630400,1.393425e+17,4.856696,4.843055,4.808363
450700,7384268800,1.393734e+17,4.825575,4.841617,4.808203
450800,7385907200,1.394043e+17,4.836503,4.841905,4.807617
450900,7387545600,1.394353e+17,4.847302,4.842313,4.807155
451000,7389184000,1.394662e+17,4.849726,4.844632,4.807427
451100,7390822400,1.394971e+17,4.864619,4.842175,4.807165
451200,7392460800,1.395280e+17,4.863399,4.841282,4.806507
451300,7394099200,1.395589e+17,4.856110,4.840865,4.806522
451400,7395737600,1.395899e+17,4.854540,4.841157,4.805632
451500,7397376000,1.396208e+17,4.840264,4.841039,4.806760
451600,7399014400,1.396517e+17,4.862974,4.842796,4.806243
451700,7400652800,1.396826e+17,4.857325,4.842696,4.806811
451800,7402291200,1.397136e+17,4.852029,4.842709,4.808025
451900,7403929600,1.397445e+17,4.869729,4.844553,4.807818
452000,7405568000,1.397754e+17,4.851285,4.844842,4.808627
452100,7407206400,1.398063e+17,4.845704,4.844163,4.807833
452200,7408844800,1.398373e+17,4.826601,4.843042,4.807905
452300,7410483200,1.398682e+17,4.847211,4.843699,4.807853
452400,7412121600,1.398991e+17,4.836732,4.841976,4.806983
452500,7413760000,1.399300e+17,4.851427,4.842937,4.808264
452600,7415398400,1.399610e+17,4.852654,4.841277,4.807666
452700,7417036800,1.399919e+17,4.836528,4.841320,4.807333
452800,7418675200,1.400228e+17,4.839007,4.841043,4.807848
452900,7420313600,1.400537e+17,4.859251,4.842467,4.807665
453000,7421952000,1.400847e+17,4.835486,4.839893,4.806249
453100,7423590400,1.401156e+17,4.849258,4.838253,4.805877
453200,7425228800,1.401465e+17,4.851130,4.838037,4.807310
453300,7426867200,1.401774e+17,4.855745,4.839862,4.808411
453400,7428505600,1.402083e+17,4.869445,4.839036,4.807832
453500,7430144000,1.402393e+17,4.862295,4.838294,4.806495
453600,7431782400,1.402702e+17,4.830517,4.836685,4.805787
453700,7433420800,1.403011e+17,4.855133,4.837695,4.806741
453800,7435059200,1.403320e+17,4.843356,4.839636,4.806578
453900,7436697600,1.403630e+17,4.848915,4.841697,4.807270
454000,7438336000,1.403939e+17,4.840681,4.838842,4.806944
454100,7439974400,1.404248e+17,4.849683,4.839821,4.806140
454200,7441612800,1.404557e+17,4.850832,4.840916,4.806403
454300,7443251200,1.404867e+17,4.856578,4.839639,4.806057
454400,7444889600,1.405176e+17,4.863293,4.836837,4.804593
454500,7446528000,1.405485e+17,4.843292,4.837402,4.804810
454600,7448166400,1.405794e+17,4.847569,4.838591,4.804843
454700,7449804800,1.406104e+17,4.874162,4.837764,4.804084
454800,7451443200,1.406413e+17,4.854494,4.839115,4.804975
454900,7453081600,1.406722e+17,4.846868,4.837046,4.804191
455000,7454720000,1.407031e+17,4.870959,4.837931,4.802795
455100,7456358400,1.407341e+17,4.849021,4.835056,4.802837
455200,7457996800,1.407650e+17,4.865484,4.835887,4.803255
455300,7459635200,1.407959e+17,4.836028,4.837726,4.804306
455400,7461273600,1.408268e+17,4.845337,4.836189,4.802958
455500,7462912000,1.408577e+17,4.842511,4.836430,4.802068
455600,7464550400,1.408887e+17,4.868886,4.837988,4.802902
455700,7466188800,1.409196e+17,4.840391,4.836475,4.802255
455800,7467827200,1.409505e+17,4.841207,4.838253,4.802642
455900,7469465600,1.409814e+17,4.849320,4.838934,4.802837
456000,7471104000,1.410124e+17,4.845529,4.838559,4.803094
456100,7472742400,1.410433e+17,4.851972,4.839363,4.804574
456200,7474380800,1.410742e+17,4.832478,4.835694,4.804653
456300,7476019200,1.411051e+17,4.838508,4.837854,4.803514
456400,7477657600,1.411361e+17,4.835646,4.835958,4.802927
456500,7479296000,1.411670e+17,4.839742,4.838001,4.804338
456600,7480934400,1.411979e+17,4.833344,4.836562,4.802874
456700,7482572800,1.412288e+17,4.810813,4.834851,4.802475
456800,7484211200,1.412598e+17,4.822354,4.835376,4.801327
456900,7485849600,1.412907e+17,4.843012,4.834222,4.801814
457000,7487488000,1.413216e+17,4.837586,4.836251,4.802332
457100,7489126400,1.413525e+17,4.860735,4.834535,4.802980
457200,7490764800,1.413835e+17,4.839153,4.832554,4.802535
457300,7492403200,1.414144e+17,4.867366,4.833407,4.802879
457400,7494041600,1.414453e+17,4.853932,4.832675,4.801383
457500,7495680000,1.414762e+17,4.848856,4.835231,4.801956
457600,7497318400,1.415071e+17,4.853704,4.834766,4.801769
457700,7498956800,1.415381e+17,4.851451,4.837105,4.802002
457800,7500595200,1.415690e+17,4.860108,4.835156,4.800166
457900,7502233600,1.415999e+17,4.840572,4.835579,4.800057
458000,7503872000,1.416308e+17,4.841176,4.836347,4.801284
458100,7505510400,1.416618e+17,4.837927,4.837922,4.801412
458200,7507148800,1.416927e+17,4.841978,4.835557,4.800234
458300,7508787200,1.417236e+17,4.844338,4.836555,4.800383
458400,7510425600,1.417545e+17,4.837392,4.836712,4.801013
458500,7512064000,1.417855e+17,4.846249,4.836252,4.802544
458600,7513702400,1.418164e+17,4.827055,4.834436,4.800774
458700,7515340800,1.418473e+17,4.859912,4.834406,4.801666
458800,7516979200,1.418782e+17,4.848147,4.833486,4.801078
458900,7518617600,1.419092e+17,4.841439,4.834798,4.802452
459000,7520256000,1.419401e+17,4.867262,4.835557,4.802015
459100,7521894400,1.419710e+17,4.866457,4.832320,4.801897
459200,7523532800,1.420019e+17,4.851174,4.832461,4.800695
459300,7525171200,1.420329e+17,4.842656,4.831911,4.801376
459400,7526809600,1.420638e+17,4.837788,4.830619,4.799255
459500,7528448000,1.420947e+17,4.848215,4.832290,4.800531
459600,7530086400,1.421256e+17,4.819696,4.830653,4.799576
459700,7531724800,1.421565e+17,4.811957,4.830881,4.800737
459800,7533363200,1.421875e+17,4.855950,4.832648,4.802181
459900,7535001600,1.422184e+17,4.843937,4.835207,4.801718
460000,7536640000,1.422493e+17,4.830377,4.834378,4.801952
460100,7538278400,1.422802e+17,4.853681,4.833828,4.801617
460200,7539916800,1.423112e+17,4.829366,4.833766,4.799640
460300,7541555200,1.423421e+17,4.835397,4.832520,4.800164
460400,7543193600,1.423730e+17,4.861373,4.832667,4.799963
460500,7544832000,1.424039e+17,4.876510,4.832468,4.800676
460600,7546470400,1.424349e+17,4.807639,4.830073,4.799575
460700,7548108800,1.424658e+17,4.874985,4.831210,4.800649
460800,7549747200,1.424967e+17,4.829201,4.835447,4.801950
460900,7551385600,1.425276e+17,4.833432,4.834988,4.801815
461000,7553024000,1.425586e+17,4.860970,4.833942,4.801044
461100,7554662400,1.425895e+17,4.854337,4.833134,4.800975
461200,7556300800,1.426204e+17,4.845562,4.833468,4.800426
461300,7557939200,1.426513e+17,4.841030,4.834660,4.801890
461400,7559577600,1.426822e+17,4.848724,4.834056,4.801084
461500,7561216000,1.427132e+17,4.844126,4.834829,4.801599
461600,7562854400,1.427441e+17,4.862340,4.834590,4.801772
461700,7564492800,1.427750e+17,4.844933,4.832746,4.800674
461800,7566131200,1.428059e+17,4.860693,4.833875,4.801280
461900,7567769600,1.428369e+17,4.840100,4.834775,4.801981
462000,7569408000,1.428678e+17,4.833293,4.835180,4.801496
462100,7571046400,1.428987e+17,4.825624,4.834749,4.801389
462200,7572684800,1.429296e+17,4.837403,4.832109,4.800229
462300,7574323200,1.429606e+17,4.839145,4.833182,4.800401
462400,7575961600,1.429915e+17,4.849946,4.834235,4.801030
462500,7577600000,1.430224e+17,4.834227,4.833366,4.800417
462600,7579238400,1.430533e+17,4.842910,4.835130,4.800340
462700,7580876800,1.430843e+17,4.870234,4.832588,4.799060
462800,7582515200,1.431152e+17,4.854969,4.831228,4.798963
462900,7584153600,1.431461e+17,4.843984,4.833468,4.800300
463000,7585792000,1.431770e+17,4.848640,4.831496,4.799395
463100,7587430400,1.432080e+17,4.848428,4.833375,4.800028
463200,7589068800,1.432389e+17,4.851050,4.834109,4.799310
463300,7590707200,1.432698e+17,4.837945,4.831717,4.799097
463400,7592345600,1.433007e+17,4.839645,4.830556,4.798649
463500,7593984000,1.433316e+17,4.835951,4.831161,4.798574
463600,7595622400,1.433626e+17,4.836883,4.832349,4.799995
463700,7597260800,1.433935e+17,4.839569,4.830901,4.797745
463800,7598899200,1.434244e+17,4.816801,4.830597,4.798344
463900,7600537600,1.434553e+17,4.838037,4.830972,4.797469
464000,7602176000,1.434863e+17,4.832216,4.831481,4.798691
464100,7603814400,1.435172e+17,4.831586,4.832548,4.799229
464200,7605452800,1.435481e+17,4.855594,4.832483,4.799170
464300,7607091200,1.435790e+17,4.856353,4.833549,4.798190
464400,7608729600,1.436100e+17,4.867759,4.832698,4.797596
464500,7610368000,1.436409e+17,4.843425,4.831969,4.797342
464600,7612006400,1.436718e+17,4.829766,4.832721,4.798889
464700,7613644800,1.437027e+17,4.843306,4.833474,4.798888
464800,7615283200,1.437337e+17,4.847666,4.832874,4.797737
464900,7616921600,1.437646e+17,4.846384,4.831254,4.797656
465000,7618560000,1.437955e+17,4.833413,4.830873,4.796379
465100,7620198400,1.438264e+17,4.827703,4.830934,4.795799
465200,7621836800,1.438574e+17,4.833004,4.832614,4.797573
465300,7623475200,1.438883e+17,4.837802,4.830387,4.795738
465400,7625113600,1.439192e+17,4.847495,4.832077,4.798075
465500,7626752000,1.439501e+17,4.856693,4.831547,4.797961
465600,7628390400,1.439810e+17,4.860707,4.829805,4.797375
465700,7630028800,1.440120e+17,4.844442,4.828180,4.796084
465800,7631667200,1.440429e+17,4.844389,4.827217,4.796476
465900,7633305600,1.440738e+17,4.852176,4.830599,4.797675
466000,7634944000,1.441047e+17,4.822739,4.827617,4.797282
466100,7636582400,1.441357e+17,4.853226,4.829851,4.797618
466200,7638220800,1.441666e+17,4.839048,4.827791,4.796296
466300,7639859200,1.441975e+17,4.832608,4.830101,4.797410
466400,7641497600,1.442284e+17,4.856724,4.831824,4.797642
466500,7643136000,1.442594e+17,4.844067,4.829061,4.796495
466600,7644774400,1.442903e+17,4.847586,4.829018,4.797096
466700,7646412800,1.443212e+17,4.852948,4.827777,4.796827
466800,7648051200,1.443521e+17,4.833285,4.829305,4.796807
466900,7649689600,1.443831e+17,4.825353,4.828809,4.797270
467000,7651328000,1.444140e+17,4.835142,4.828684,4.796857
467100,7652966400,1.444449e+17,4.829269,4.829431,4.797459
467200,7654604800,1.444758e+17,4.852552,4.828902,4.796336
467300,7656243200,1.445068e+17,4.843555,4.827834,4.795433
467400,7657881600,1.445377e+17,4.848044,4.829865,4.796937
467500,7659520000,1.445686e+17,4.833154,4.830233,4.796994
467600,7661158400,1.445995e+17,4.823877,4.832019,4.796213
467700,7662796800,1.446304e+17,4.840545,4.832539,4.796604
467800,7664435200,1.446614e+17,4.836232,4.831180,4.796187
467900,7666073600,1.446923e+17,4.821362,4.831278,4.796878
468000,7667712000,1.447232e+17,4.839618,4.831868,4.796144
468100,7669350400,1.447541e+17,4.843520,4.831758,4.796436
468200,7670988800,1.447851e+17,4.853352,4.830479,4.795698
468300,7672627200,1.448160e+17,4.831861,4.830122,4.794621
468400,7674265600,1.448469e+17,4.813879,4.829546,4.795676
468500,7675904000,1.448778e+17,4.848192,4.831422,4.796704
468600,7677542400,1.449088e+17,4.825949,4.830745,4.795960
468700,7679180800,1.449397e+17,4.839397,4.830679,4.795950
468800,7680819200,1.449706e+17,4.819189,4.831646,4.796239
468900,7682457600,1.450015e+17,4.826879,4.832283,4.796903
469000,7684096000,1.450325e+17,4.823802,4.831330,4.795298
469100,7685734400,1.450634e+17,4.827662,4.831520,4.795782
469200,7687372800,1.450943e+17,4.836488,4.831541,4.795181
469300,7689011200,1.451252e+17,4.856457,4.829231,4.794420
469400,7690649600,1.451562e+17,4.843235,4.829222,4.792785
469500,7692288000,1.451871e+17,4.849034,4.830063,4.794031
469600,7693926400,1.452180e+17,4.848484,4.827212,4.793717
469700,7695564800,1.452489e+17,4.864719,4.825915,4.793083
469800,7697203200,1.452798e+17,4.826820,4.827944,4.794686
469900,7698841600,1.453108e+17,4.818377,4.825850,4.793968
470000,7700480000,1.453417e+17,4.844211,4.828514,4.794845
470100,7702118400,1.453726e+17,4.825215,4.828578,4.794722
470200,7703756800,1.454035e+17,4.815959,4.828071,4.794490
470300,7705395200,1.454345e+17,4.834409,4.826363,4.793907
470400,7707033600,1.454654e+17,4.834023,4.825723,4.792946
470500,7708672000,1.454963e+17,4.837220,4.827174,4.793490
470600,7710310400,1.455272e+17,4.809741,4.827792,4.793383
470700,7711948800,1.455582e+17,4.849087,4.828436,4.794364
470800,7713587200,1.455891e+17,4.821195,4.828385,4.794153
470900,7715225600,1.456200e+17,4.842453,4.827336,4.793085
471000,7716864000,1.456509e+17,4.830791,4.826541,4.793456
471100,7718502400,1.456819e+17,4.841198,4.824868,4.793194
471200,7720140800,1.457128e+17,4.823195,4.825664,4.792211
471300,7721779200,1.457437e+17,4.838006,4.823456,4.791164
471400,7723417600,1.457746e+17,4.848596,4.821726,4.791706
471500,7725056000,1.458055e+17,4.817127,4.824354,4.792738
471600,7726694400,1.458365e+17,4.815923,4.822461,4.792185
471700,7728332800,1.458674e+17,4.827746,4.823212,4.791987
471800,7729971200,1.458983e+17,4.854052,4.822664,4.791739
471900,7731609600,1.459292e+17,4.847615,4.824557,4.792146
472000,7733248000,1.459602e+17,4.837337,4.823214,4.792086
472100,7734886400,1.459911e+17,4.817549,4.822795,4.791641
472200,7736524800,1.460220e+17,4.833718,4.824406,4.792422
472300,7738163200,1.460529e+17,4.856439,4.825159,4.791515
472400,7739801600,1.460839e+17,4.830049,4.823573,4.790883
472500,7741440000,1.461148e+17,4.842251,4.824776,4.791641
472600,7743078400,1.461457e+17,4.820670,4.822949,4.790366
472700,7744716800,1.461766e+17,4.831614,4.824594,4.791229
472800,7746355200,1.462076e+17,4.836207,4.823774,4.790783
472900,7747993600,1.462385e+17,4.863060,4.822154,4.789920
473000,7749632000,1.462694e+17,4.831957,4.822632,4.790162
473100,7751270400,1.463003e+17,4.826450,4.821568,4.789732
473200,7752908800,1.463313e+17,4.843918,4.824438,4.791067
473300,7754547200,1.463622e+17,4.825167,4.823317,4.790377
473400,7756185600,1.463931e+17,4.848750,4.823895,4.792096
473500,7757824000,1.464240e+17,4.836980,4.823551,4.791063
473600,7759462400,1.464549e+17,4.845045,4.823962,4.791894
473700,7761100800,1.464859e+17,4.859390,4.823633,4.791700
473800,7762739200,1.465168e+17,4.837590,4.823569,4.791401
473900,7764377600,1.465477e+17,4.846120,4.823140,4.791652
474000,7766016000,1.465786e+17,4.842055,4.824107,4.791169
474100,7767654400,1.466096e+17,4.853057,4.824004,4.790395
474200,7769292800,1.466405e+17,4.826545,4.822115,4.789438
474300,7770931200,1.466714e+17,4.861712,4.823248,4.790618
474400,7772569600,1.467023e+17,4.850080,4.823162,4.791120
474500,7774208000,1.467333e+17,4.830883,4.824113,4.790459
474600,7775846400,1.467642e+17,4.841916,4.822305,4.790574
474700,7777484800,1.467951e+17,4.818460,4.824851,4.792591
474800,7779123200,1.468260e+17,4.832219,4.822501,4.790939
474900,7780761600,1.468570e+17,4.841839,4.822414,4.791394
475000,7782400000,1.468879e+17,4.820365,4.822018,4.791549
475100,7784038400,1.469188e+17,4.830773,4.822681,4.790958
475200,7785676800,1.469497e+17,4.818100,4.821108,4.790396
475300,7787315200,1.469807e+17,4.835798,4.822282,4.789985
475400,7788953600,1.470116e+17,4.833776,4.821877,4.790061
475500,7790592000,1.470425e+17,4.841692,4.822662,4.790407
475600,7792230400,1.470734e+17,4.840488,4.823550,4.791170
475700,7793868800,1.471043e+17,4.852582,4.822681,4.791579
475800,7795507200,1.471353e+17,4.817830,4.823978,4.791580
475900,7797145600,1.471662e+17,4.844681,4.824137,4.791598
476000,7798784000,1.471971e+17,4.820551,4.824491,4.791557
476100,7800422400,1.472280e+17,4.843029,4.823747,4.791529
476200,7802060800,1.472590e+17,4.859063,4.822451,4.790345
476300,7803699200,1.472899e+17,4.799003,4.823026,4.790697
476400,7805337600,1.473208e+17,4.821529,4.821729,4.790973
476500,7806976000,1.473517e+17,4.839274,4.822177,4.790267
476600,7808614400,1.473827e+17,4.832171,4.820579,4.790114
476700,7810252800,1.474136e+17,4.827320,4.820329,4.789629
476800,7811891200,1.474445e+17,4.837319,4.820532,4.790160
476900,7813529600,1.474754e+17,4.847900,4.821886,4.790732
477000,7815168000,1.475064e+17,4.860526,4.822017,4.791002
477100,7816806400,1.475373e+17,4.823293,4.819516,4.790083
477200,7818444800,1.475682e+17,4.821335,4.822736,4.791878
477300,7820083200,1.475991e+17,4.831862,4.820790,4.790337
477400,7821721600,1.476301e+17,4.825306,4.821555,4.790549
477500,7823360000,1.476610e+17,4.836254,4.822090,4.790620
477600,7824998400,1.476919e+17,4.843072,4.821751,4.790346
477700,7826636800,1.477228e+17,4.834873,4.821666,4.790986
477800,7828275200,1.477537e+17,4.821500,4.821983,4.791662
477900,7829913600,1.477847e+17,4.850485,4.821171,4.789868
478000,7831552000,1.478156e+17,4.814612,4.819837,4.789547
478100,7833190400,1.478465e+17,4.829882,4.822281,4.791737
478200,7834828800,1.478774e+17,4.830616,4.821567,4.790174
478300,7836467200,1.479084e+17,4.845159,4.819490,4.788042
478400,7838105600,1.479393e+17,4.855813,4.820838,4.790092
478500,7839744000,1.479702e+17,4.855136,4.821687,4.789240
478600,7841382400,1.480011e+17,4.826131,4.821831,4.789806
478700,7843020800,1.480321e+17,4.828673,4.822659,4.789470
478800,7844659200,1.480630e+17,4.824538,4.821479,4.790101
478900,7846297600,1.480939e+17,4.829588,4.822328,4.789015
479000,7847936000,1.481248e+17,4.845303,4.821044,4.788537
479100,7849574400,1.481558e+17,4.844817,4.821054,4.788735
479200,7851212800,1.481867e+17,4.842516,4.821443,4.788922
479300,7852851200,1.482176e+17,4.859990,4.821995,4.789776
479400,7854489600,1.482485e+17,4.826849,4.820569,4.788274
479500,7856128000,1.482795e+17,4.851589,4.818949,4.787738
479600,7857766400,1.483104e+17,4.847686,4.819665,4.788132
479700,7859404800,1.483413e+17,4.816628,4.819671,4.788387
479800,7861043200,1.483722e+17,4.856536,4.819958,4.787846
479900,7862681600,1.484031e+17,4.824782,4.820214,4.788326
480000,7864320000,1.484341e+17,4.835085,4.821454,4.789296
480100,7865958400,1.484650e+17,4.851418,4.822209,4.790031
480200,7867596800,1.484959e+17,4.834903,4.821638,4.788958
480300,7869235200,1.485268e+17,4.828583,4.819893,4.788457
480400,7870873600,1.485578e+17,4.850482,4.821580,4.790367
480500,7872512000,1.485887e+17,4.835007,4.821858,4.788749
480600,7874150400,1.486196e+17,4.847289,4.821319,4.788873
480700,7875788800,1.486505e+17,4.816703,4.822867,4.789776
480800,7877427200,1.486815e+17,4.838550,4.820870,4.788972
480900,7879065600,1.487124e+17,4.834711,4.820331,4.788467
481000,7880704000,1.487433e+17,4.832357,4.821122,4.787814
481100,7882342400,1.487742e+17,4.853570,4.820197,4.787290
481200,7883980800,1.488052e+17,4.848944,4.819417,4.786457
481300,7885619200,1.488361e+17,4.847233,4.821550,4.788039
481400,7887257600,1.488670e+17,4.833639,4.820890,4.788065
481500,7888896000,1.488979e+17,4.813214,4.821310,4.788063
481600,7890534400,1.489288e+17,4.847214,4.820550,4.788703
481700,7892172800,1.489598e+17,4.831876,4.821660,4.789241
481800,7893811200,1.489907e+17,4.825631,4.819263,4.787692
481900,7895449600,1.490216e+17,4.814848,4.823254,4.790201
482000,7897088000,1.490525e+17,4.839679,4.822649,4.788500
482100,7898726400,1.490835e+17,4.808648,4.822020,4.789073
482200,7900364800,1.491144e+17,4.825353,4.819818,4.788005
482300,7902003200,1.491453e+17,4.825702,4.818102,4.787454
482400,7903641600,1.491762e+17,4.833000,4.817662,4.786884
482500,7905280000,1.492072e+17,4.815993,4.820774,4.788251
482600,7906918400,1.492381e+17,4.835539,4.820303,4.787780
482700,7908556800,1.492690e+17,4.827655,4.821268,4.788959
482800,7910195200,1.492999e+17,4.828933,4.821607,4.788956
482900,7911833600,1.493309e+17,4.836705,4.820576,4.788153
483000,7913472000,1.493618e+17,4.806633,4.820164,4.787568
483100,7915110400,1.493927e+17,4.817683,4.821211,4.789000
483200,7916748800,1.494236e+17,4.838455,4.821006,4.788979
483300,7918387200,1.494546e+17,4.851684,4.820202,4.788519
483400,7920025600,1.494855e+17,4.852913,4.819389,4.789131
483500,7921664000,1.495164e+17,4.839554,4.821223,4.789078
483600,7923302400,1.495473e+17,4.819933,4.819162,4.788200
483700,7924940800,1.495782e+17,4.833762,4.820774,4.788240
483800,7926579200,1.496092e+17,4.854817,4.820056,4.788173
483900,7928217600,1.496401e+17,4.836556,4.820606,4.788966
484000,7929856000,1.496710e+17,4.836667,4.819232,4.788497
484100,7931494400,1.497019e+17,4.814283,4.819724,4.788609
484200,7933132800,1.497329e+17,4.839071,4.820625,4.788661
484300,7934771200,1.497638e+17,4.826341,4.821440,4.788742
484400,7936409600,1.497947e+17,4.826319,4.820449,4.789214
484500,7938048000,1.498256e+17,4.846384,4.818641,4.788600
484600,7939686400,1.498566e+17,4.804077,4.818572,4.787752
484700,7941324800,1.498875e+17,4.831573,4.818615,4.787727
484800,7942963200,1.499184e+17,4.839388,4.821590,4.789028
484900,7944601600,1.499493e+17,4.830174,4.819857,4.789575
485000,7946240000,1.499803e+17,4.837065,4.819028,4.787453
485100,7947878400,1.500112e+17,4.847459,4.819876,4.787518
485200,7949516800,1.500421e+17,4.835788,4.820783,4.788560
485300,7951155200,1.500730e+17,4.844290,4.820904,4.788088
485400,7952793600,1.501040e+17,4.845357,4.819634,4.787412
485500,7954432000,1.501349e+17,4.818488,4.819484,4.788389
485600,7956070400,1.501658e+17,4.812212,4.819464,4.788123
485700,7957708800,1.501967e+17,4.823801,4.819627,4.787580
485800,7959347200,1.502276e+17,4.843149,4.821449,4.788310
485900,7960985600,1.502586e+17,4.861784,4.821551,4.789607
486000,7962624000,1.502895e+17,4.814189,4.820187,4.787921
486100,7964262400,1.503204e+17,4.810947,4.819942,4.788066
486200,7965900800,1.503513e+17,4.854867,4.820001,4.788999
486300,7967539200,1.503823e+17,4.846010,4.819431,4.787748
486400,7969177600,1.504132e+17,4.827187,4.821130,4.787904
486500,7970816000,1.504441e+17,4.852174,4.818936,4.788290
486600,7972454400,1.504750e+17,4.820782,4.820830,4.788492
486700,7974092800,1.505060e+17,4.826981,4.819285,4.787321
486800,7975731200,1.505369e+17,4.818254,4.820809,4.788125
486900,7977369600,1.505678e+17,4.837807,4.821919,4.788189
487000,7979008000,1.505987e+17,4.833459,4.823591,4.788641
487100,7980646400,1.506297e+17,4.833793,4.820840,4.788293
487200,7982284800,1.506606e+17,4.826723,4.821328,4.787558
487300,7983923200,1.506915e+17,4.848668,4.819240,4.786908
487400,7985561600,1.507224e+17,4.826688,4.821148,4.787039
487500,7987200000,1.507534e+17,4.867657,4.822284,4.789197
487600,7988838400,1.507843e+17,4.830261,4.822700,4.787986
487700,7990476800,1.508152e+17,4.845134,4.820847,4.788886
487800,7992115200,1.508461e+17,4.829590,4.818899,4.787709
487900,7993753600,1.508770e+17,4.821548,4.818691,4.787971
488000,7995392000,1.509080e+17,4.839108,4.819302,4.786381
488100,7997030400,1.509389e+17,4.828732,4.819622,4.786704
488200,7998668800,1.509698e+17,4.834338,4.817815,4.787733
488300,8000307200,1.510007e+17,4.821097,4.817904,4.786989
488400,8001945600,1.510317e+17,4.825543,4.816393,4.786543
488500,8003584000,1.510626e+17,4.821358,4.820717,4.788234
488600,8005222400,1.510935e+17,4.842028,4.819751,4.787683
488700,8006860800,1.511244e+17,4.864946,4.822721,4.789197
488800,8008499200,1.511554e+17,4.839628,4.821057,4.787948
488900,8010137600,1.511863e+17,4.832784,4.819942,4.787586
489000,8011776000,1.512172e+17,4.838259,4.819427,4.786923
489100,8013414400,1.512481e+17,4.845858,4.817734,4.786426
489200,8015052800,1.512791e+17,4.809936,4.818140,4.787324
489300,8016691200,1.513100e+17,4.822814,4.816537,4.785630
489400,8018329600,1.513409e+17,4.831995,4.818870,4.786435
489500,8019968000,1.513718e+17,4.829388,4.817848,4.786187
489600,8021606400,1.514028e+17,4.841677,4.815403,4.784052
489700,8023244800,1.514337e+17,4.805700,4.817248,4.784952
489800,8024883200,1.514646e+17,4.828383,4.817271,4.786625
489900,8026521600,1.514955e+17,4.821139,4.817068,4.786598
490000,8028160000,1.515264e+17,4.844407,4.819112,4.787789
490100,8029798400,1.515574e+17,4.824931,4.817417,4.785785
490200,8031436800,1.515883e+17,4.812749,4.818702,4.785829
490300,8033075200,1.516192e+17,4.834241,4.817553,4.785380
490400,8034713600,1.516501e+17,4.821214,4.819825,4.786917
490500,8036352000,1.516811e+17,4.847302,4.817994,4.786660
490600,8037990400,1.517120e+17,4.851831,4.817689,4.786200
490700,8039628800,1.517429e+17,4.839010,4.819400,4.786405
490800,8041267200,1.517738e+17,4.853161,4.819935,4.786498
490900,8042905600,1.518048e+17,4.845921,4.819288,4.787238
491000,8044544000,1.518357e+17,4.834519,4.821170,4.787475
491100,8046182400,1.518666e+17,4.825490,4.819988,4.787471
491200,8047820800,1.518975e+17,4.821172,4.819963,4.787379
491300,8049459200,1.519285e+17,4.826069,4.817969,4.785633
491400,8051097600,1.519594e+17,4.817621,4.818993,4.786948
491500,8052736000,1.519903e+17,4.825890,4.819730,4.786189
491600,8054374400,1.520212e+17,4.836344,4.821191,4.786898
491700,8056012800,1.520522e+17,4.822298,4.817542,4.785821
491800,8057651200,1.520831e+17,4.856023,4.820376,4.787396
491900,8059289600,1.521140e+17,4.842186,4.819690,4.788168
492000,8060928000,1.521449e+17,4.815579,4.819712,4.787417
492100,8062566400,1.521758e+17,4.796072,4.819331,4.787639
492200,8064204800,1.522068e+17,4.819566,4.819043,4.787760
492300,8065843200,1.522377e+17,4.853301,4.819559,4.787150
492400,8067481600,1.522686e+17,4.829548,4.819477,4.787548
492500,8069120000,1.522995e+17,4.832997,4.820184,4.787543
492600,8070758400,1.523305e+17,4.824481,4.818949,4.786669
492700,8072396800,1.523614e+17,4.830560,4.818143,4.786515
492800,8074035200,1.523923e+17,4.825416,4.818030,4.785197
492900,8075673600,1.524232e+17,4.838950,4.818241,4.786322
493000,8077312000,1.524542e+17,4.820176,4.818825,4.786419
493100,8078950400,1.524851e+17,4.830426,4.819610,4.787166
493200,8080588800,1.525160e+17,4.818464,4.819521,4.786232
493300,8082227200,1.525469e+17,4.845089,4.820036,4.787424
493400,8083865600,1.525779e+17,4.859870,4.817083,4.786114
493500,8085504000,1.526088e+17,4.837325,4.818846,4.787604
493600,8087142400,1.526397e+17,4.822397,4.818748,4.785826
493700,8088780800,1.526706e+17,4.804927,4.817999,4.786400
493800,8090419200,1.527015e+17,4.811399,4.819584,4.786813
493900,8092057600,1.527325e+17,4.806650,4.819307,4.785965
494000,8093696000,1.527634e+17,4.823214,4.819687,4.786842
494100,8095334400,1.527943e+17,4.826685,4.818812,4.784675
494200,8096972800,1.528252e+17,4.828748,4.820095,4.785509
494300,8098611200,1.528562e+17,4.835533,4.818098,4.784866
494400,8100249600,1.528871e+17,4.831117,4.819636,4.786076
494500,8101888000,1.529180e+17,4.847051,4.818951,4.785998
494600,8103526400,1.529489e+17,4.829325,4.816945,4.784172
494700,8105164800,1.529799e+17,4.828673,4.818370,4.784433
494800,8106803200,1.530108e+17,4.811128,4.817740,4.784107
494900,8108441600,1.530417e+17,4.851983,4.819753,4.785735
495000,8110080000,1.530726e+17,4.808247,4.818031,4.786471
495100,8111718400,1.531036e+17,4.805266,4.816654,4.784615
495200,8113356800,1.531345e+17,4.824636,4.817704,4.784746
495300,8114995200,1.531654e+17,4.809107,4.817057,4.785212
495400,8116633600,1.531963e+17,4.825710,4.819076,4.786161
495500,8118272000,1.532273e+17,4.817586,4.816523,4.784051
495600,8119910400,1.532582e+17,4.809839,4.816242,4.784755
495700,8121548800,1.532891e+17,4.809268,4.816099,4.784710
495800,8123187200,1.533200e+17,4.809471,4.817001,4.786522
495900,8124825600,1.533509e+17,4.809342,4.817379,4.785671
496000,8126464000,1.533819e+17,4.822607,4.818367,4.786049
496100,8128102400,1.534128e+17,4.801366,4.818657,4.786971
496200,8129740800,1.534437e+17,4.820901,4.815867,4.785519
496300,8131379200,1.534746e+17,4.817907,4.816622,4.785411
496400,8133017600,1.535056e+17,4.835159,4.817112,4.784566
496500,8134656000,1.535365e+17,4.845285,4.820579,4.785345
496600,8136294400,1.535674e+17,4.823177,4.821407,4.786125
496700,8137932800,1.535983e+17,4.829164,4.821681,4.785476
496800,8139571200,1.536293e+17,4.828366,4.820077,4.785377
496900,8141209600,1.536602e+17,4.808587,4.819638,4.786043
497000,8142848000,1.536911e+17,4.811179,4.817747,4.784430
497071,8144011264,1.537131e+17,4.811179,4.838680,4.817457
