step,tokens_seen,cumulative_flops,train_loss,eval_loss,eval_loss_all_pos
100,1638400,3.092376e+13,89.279488,59.832208,59.829534
200,3276800,6.184753e+13,49.581516,39.385724,39.204764
300,4915200,9.277129e+13,37.868866,35.077283,34.947830
400,6553600,1.236951e+14,33.581638,32.123092,31.975729
500,8192000,1.546188e+14,30.458244,29.266393,29.117628
600,9830400,1.855426e+14,27.672735,26.507375,26.372695
700,11468800,2.164664e+14,25.063478,23.985860,23.868343
800,13107200,2.473901e+14,22.509644,21.545641,21.440969
900,14745600,2.783139e+14,20.285017,19.296527,19.197991
1000,16384000,3.092376e+14,18.021116,17.278603,17.193203
1100,18022400,3.401614e+14,16.329088,15.633243,15.566905
1200,19660800,3.710852e+14,14.871298,14.362152,14.292613
1300,21299200,4.020089e+14,13.598655,13.303076,13.235726
1400,22937600,4.329327e+14,12.692894,12.403809,12.337806
1500,24576000,4.638565e+14,11.968571,11.637264,11.574701
1600,26214400,4.947802e+14,11.214224,10.968194,10.909273
1700,27852800,5.257040e+14,10.601203,10.453341,10.394682
1800,29491200,5.566278e+14,10.067412,10.008418,9.948855
1900,31129600,5.875515e+14,9.722058,9.688198,9.635922
2000,32768000,6.184753e+14,9.381171,9.318566,9.265487
2100,34406400,6.493991e+14,9.121185,9.090181,9.042655
2200,36044800,6.803228e+14,8.882073,8.852691,8.804566
2300,37683200,7.112466e+14,8.678967,8.722722,8.676382
2400,39321600,7.421703e+14,8.503846,8.592130,8.546515
2500,40960000,7.730941e+14,8.369193,8.441517,8.390830
2600,42598400,8.040179e+14,8.268846,8.361301,8.307946
2700,44236800,8.349416e+14,8.204432,8.265132,8.216788
2800,45875200,8.658654e+14,8.103313,8.174572,8.133726
2900,47513600,8.967892e+14,8.060445,8.116835,8.073365
3000,49152000,9.277129e+14,7.990985,8.069564,8.022608
3100,50790400,9.586367e+14,7.969965,7.999316,7.960854
3200,52428800,9.895605e+14,7.905492,7.952308,7.916372
3300,54067200,1.020484e+15,7.865627,7.928214,7.887589
3400,55705600,1.051408e+15,7.843040,7.864482,7.823524
3500,57344000,1.082332e+15,7.791832,7.837276,7.796992
3600,58982400,1.113256e+15,7.754403,7.811363,7.769309
3700,60620800,1.144179e+15,7.703739,7.771999,7.729318
3800,62259200,1.175103e+15,7.681756,7.744762,7.712534
3900,63897600,1.206027e+15,7.695892,7.739042,7.698150
4000,65536000,1.236951e+15,7.629421,7.715055,7.671162
4100,67174400,1.267874e+15,7.628621,7.707050,7.668888
4200,68812800,1.298798e+15,7.601026,7.663128,7.619775
4300,70451200,1.329722e+15,7.590728,7.658670,7.622560
4400,72089600,1.360646e+15,7.554622,7.648451,7.611931
4500,73728000,1.391569e+15,7.549665,7.650275,7.609112
4600,75366400,1.422493e+15,7.558856,7.619884,7.580012
4700,77004800,1.453417e+15,7.550781,7.609203,7.575074
4800,78643200,1.484341e+15,7.512894,7.586732,7.549418
4900,80281600,1.515264e+15,7.500800,7.577127,7.538779
5000,81920000,1.546188e+15,7.504329,7.574067,7.538924
5100,83558400,1.577112e+15,7.499531,7.556592,7.521166
5200,85196800,1.608036e+15,7.459623,7.545953,7.515705
5300,86835200,1.638960e+15,7.474186,7.556137,7.518147
5400,88473600,1.669883e+15,7.472121,7.532931,7.492356
5500,90112000,1.700807e+15,7.475093,7.520569,7.488570
5600,91750400,1.731731e+15,7.466577,7.522075,7.484340
5700,93388800,1.762655e+15,7.443495,7.513778,7.478103
5800,95027200,1.793578e+15,7.443376,7.500182,7.468055
5900,96665600,1.824502e+15,7.430786,7.494808,7.458766
6000,98304000,1.855426e+15,7.390297,7.489201,7.451380
6100,99942400,1.886350e+15,7.409399,7.477049,7.439833
6200,101580800,1.917273e+15,7.417141,7.471487,7.433583
6300,103219200,1.948197e+15,7.444547,7.484191,7.446220
6400,104857600,1.979121e+15,7.405920,7.458677,7.421801
6500,106496000,2.010045e+15,7.394989,7.455959,7.417741
6600,108134400,2.040968e+15,7.397653,7.444403,7.413487
6700,109772800,2.071892e+15,7.398796,7.436342,7.403520
6800,111411200,2.102816e+15,7.381006,7.441606,7.403038
6900,113049600,2.133740e+15,7.378838,7.433579,7.399515
7000,114688000,2.164664e+15,7.364927,7.432623,7.394059
7100,116326400,2.195587e+15,7.370952,7.426752,7.388337
7200,117964800,2.226511e+15,7.372615,7.410591,7.375448
7300,119603200,2.257435e+15,7.366557,7.416054,7.375873
7400,121241600,2.288359e+15,7.352983,7.403553,7.368757
7500,122880000,2.319282e+15,7.351446,7.408676,7.369321
7600,124518400,2.350206e+15,7.313666,7.408637,7.367200
7700,126156800,2.381130e+15,7.339808,7.391726,7.356930
7800,127795200,2.412054e+15,7.337557,7.391602,7.357967
7900,129433600,2.442977e+15,7.338264,7.397044,7.363389
8000,131072000,2.473901e+15,7.301209,7.379728,7.344921
8100,132710400,2.504825e+15,7.296710,7.380662,7.342384
8200,134348800,2.535749e+15,7.294378,7.387383,7.350027
8300,135987200,2.566672e+15,7.292512,7.389637,7.353474
8400,137625600,2.597596e+15,7.300242,7.371507,7.336607
8500,139264000,2.628520e+15,7.320180,7.368372,7.334574
8600,140902400,2.659444e+15,7.307435,7.364935,7.325180
8700,142540800,2.690368e+15,7.307216,7.362501,7.325596
8800,144179200,2.721291e+15,7.288474,7.357435,7.319497
8900,145817600,2.752215e+15,7.278400,7.363019,7.324649
9000,147456000,2.783139e+15,7.288899,7.344128,7.310352
9100,149094400,2.814063e+15,7.271930,7.344325,7.305631
9200,150732800,2.844986e+15,7.266664,7.329742,7.302154
9300,152371200,2.875910e+15,7.271763,7.327969,7.294376
9400,154009600,2.906834e+15,7.257460,7.340016,7.306515
9500,155648000,2.937758e+15,7.280363,7.320770,7.292319
9600,157286400,2.968681e+15,7.260335,7.332094,7.297454
9700,158924800,2.999605e+15,7.266629,7.317169,7.284054
9800,160563200,3.030529e+15,7.247738,7.326213,7.288221
9900,162201600,3.061453e+15,7.263447,7.315213,7.282363
10000,163840000,3.092376e+15,7.235945,7.304221,7.271457
10100,165478400,3.123300e+15,7.250082,7.302103,7.268181
10200,167116800,3.154224e+15,7.252634,7.305829,7.272341
10300,168755200,3.185148e+15,7.242153,7.293496,7.260233
10400,170393600,3.216072e+15,7.246388,7.292659,7.261681
10500,172032000,3.246995e+15,7.236732,7.289570,7.253991
10600,173670400,3.277919e+15,7.212962,7.290992,7.253162
10700,175308800,3.308843e+15,7.215464,7.286092,7.247239
10800,176947200,3.339767e+15,7.238732,7.282730,7.249493
10900,178585600,3.370690e+15,7.214664,7.290932,7.255338
11000,180224000,3.401614e+15,7.208909,7.269807,7.234415
11100,181862400,3.432538e+15,7.178905,7.266148,7.232337
11200,183500800,3.463462e+15,7.209133,7.282884,7.246640
11300,185139200,3.494385e+15,7.205791,7.274156,7.236985
11400,186777600,3.525309e+15,7.205873,7.271094,7.230508
11500,188416000,3.556233e+15,7.194213,7.258449,7.220281
11600,190054400,3.587157e+15,7.194499,7.248526,7.213749
11700,191692800,3.618080e+15,7.162723,7.253563,7.216847
11800,193331200,3.649004e+15,7.200544,7.251054,7.216808
11900,194969600,3.679928e+15,7.173185,7.249634,7.212784
12000,196608000,3.710852e+15,7.168791,7.247446,7.205511
12100,198246400,3.741776e+15,7.181551,7.238376,7.198561
12200,199884800,3.772699e+15,7.171411,7.239547,7.199305
12300,201523200,3.803623e+15,7.173355,7.227981,7.193506
12400,203161600,3.834547e+15,7.159833,7.236372,7.202908
12500,204800000,3.865471e+15,7.147204,7.233060,7.194441
12600,206438400,3.896394e+15,7.175502,7.228972,7.192730
12700,208076800,3.927318e+15,7.182034,7.226871,7.188054
12800,209715200,3.958242e+15,7.172734,7.224524,7.185000
12900,211353600,3.989166e+15,7.184285,7.228871,7.188715
13000,212992000,4.020089e+15,7.155417,7.218084,7.174668
13100,214630400,4.051013e+15,7.143333,7.208501,7.170867
13200,216268800,4.081937e+15,7.141770,7.207095,7.167712
13300,217907200,4.112861e+15,7.136414,7.205998,7.165823
13400,219545600,4.143784e+15,7.133163,7.206097,7.170833
13500,221184000,4.174708e+15,7.166131,7.195888,7.157932
13600,222822400,4.205632e+15,7.130907,7.200777,7.158277
13700,224460800,4.236556e+15,7.104894,7.190306,7.147566
13800,226099200,4.267480e+15,7.125454,7.199989,7.152881
13900,227737600,4.298403e+15,7.128638,7.184459,7.139826
14000,229376000,4.329327e+15,7.126842,7.175391,7.137086
14100,231014400,4.360251e+15,7.121959,7.182867,7.145362
14200,232652800,4.391175e+15,7.109627,7.174383,7.136369
14300,234291200,4.422098e+15,7.091800,7.180043,7.137930
14400,235929600,4.453022e+15,7.102576,7.174953,7.132998
14500,237568000,4.483946e+15,7.108014,7.168860,7.131230
14600,239206400,4.514870e+15,7.095881,7.166504,7.125231
14700,240844800,4.545793e+15,7.100933,7.159076,7.120721
14800,242483200,4.576717e+15,7.093932,7.167136,7.128947
14900,244121600,4.607641e+15,7.080212,7.155318,7.117802
15000,245760000,4.638565e+15,7.093082,7.163875,7.123311
15100,247398400,4.669488e+15,7.094646,7.154711,7.116568
15200,249036800,4.700412e+15,7.074644,7.145016,7.106516
15300,250675200,4.731336e+15,7.066562,7.142176,7.104301
15400,252313600,4.762260e+15,7.059048,7.146129,7.108742
15500,253952000,4.793184e+15,7.074627,7.140264,7.100071
15600,255590400,4.824107e+15,7.071026,7.146712,7.097984
15700,257228800,4.855031e+15,7.047087,7.136830,7.097653
15800,258867200,4.885955e+15,7.067165,7.133941,7.097252
15900,260505600,4.916879e+15,7.057940,7.130253,7.095033
16000,262144000,4.947802e+15,7.075813,7.111452,7.077099
16100,263782400,4.978726e+15,7.038859,7.122412,7.083664
16200,265420800,5.009650e+15,7.045339,7.120632,7.081724
16300,267059200,5.040574e+15,7.047867,7.113172,7.073242
16400,268697600,5.071497e+15,7.036585,7.116489,7.077654
16500,270336000,5.102421e+15,7.083897,7.107684,7.070883
16600,271974400,5.133345e+15,7.091053,7.104465,7.068134
16700,273612800,5.164269e+15,7.052879,7.104087,7.062225
16800,275251200,5.195192e+15,7.040076,7.103880,7.063069
16900,276889600,5.226116e+15,7.046012,7.101138,7.063204
17000,278528000,5.257040e+15,7.051079,7.075892,7.038953
17100,280166400,5.287964e+15,7.030723,7.090748,7.052372
17200,281804800,5.318887e+15,7.023963,7.092688,7.053353
17300,283443200,5.349811e+15,7.007646,7.085790,7.046180
17400,285081600,5.380735e+15,7.008120,7.091572,7.047756
17500,286720000,5.411659e+15,7.017366,7.076384,7.039492
17600,288358400,5.442583e+15,7.033244,7.070696,7.036783
17700,289996800,5.473506e+15,7.030309,7.074201,7.040099
17800,291635200,5.504430e+15,7.021633,7.070599,7.037065
17900,293273600,5.535354e+15,7.031607,7.071403,7.036250
18000,294912000,5.566278e+15,6.995998,7.063325,7.029744
18100,296550400,5.597201e+15,7.035800,7.070289,7.032734
18200,298188800,5.628125e+15,7.023397,7.065791,7.027813
18300,299827200,5.659049e+15,6.993595,7.045870,7.013455
18400,301465600,5.689973e+15,7.010165,7.044470,7.011085
18500,303104000,5.720896e+15,6.992004,7.053171,7.011286
18600,304742400,5.751820e+15,7.011357,7.053441,7.013694
18700,306380800,5.782744e+15,6.999617,7.045899,7.008196
18800,308019200,5.813668e+15,6.976707,7.045992,7.010048
18900,309657600,5.844591e+15,6.995057,7.034034,6.999956
19000,311296000,5.875515e+15,7.003241,7.026248,6.997101
19100,312934400,5.906439e+15,6.974513,7.027037,6.993661
19200,314572800,5.937363e+15,6.991065,7.027882,6.990803
19300,316211200,5.968287e+15,6.989872,7.025872,6.987070
19400,317849600,5.999210e+15,6.961855,7.021943,6.985346
19500,319488000,6.030134e+15,6.959830,7.012717,6.977972
19600,321126400,6.061058e+15,6.952488,7.018128,6.981279
19700,322764800,6.091982e+15,6.941588,7.008959,6.975458
19800,324403200,6.122905e+15,6.966554,7.006661,6.971753
19900,326041600,6.153829e+15,6.960406,7.008997,6.968679
20000,327680000,6.184753e+15,6.942831,7.013833,6.977232
20100,329318400,6.215677e+15,6.978107,6.998610,6.962131
20200,330956800,6.246600e+15,6.931559,7.001906,6.966411
20300,332595200,6.277524e+15,6.929103,6.994838,6.961437
20400,334233600,6.308448e+15,6.946466,6.991758,6.957547
20500,335872000,6.339372e+15,6.961290,6.999967,6.961406
20600,337510400,6.370295e+15,6.927010,6.989008,6.951088
20700,339148800,6.401219e+15,6.962644,6.987865,6.953187
20800,340787200,6.432143e+15,6.945680,6.988280,6.952428
20900,342425600,6.463067e+15,6.947345,6.990169,6.950028
21000,344064000,6.493991e+15,6.948175,6.987359,6.949959
21100,345702400,6.524914e+15,6.943436,6.990401,6.951643
21200,347340800,6.555838e+15,6.914669,6.971901,6.941103
21300,348979200,6.586762e+15,6.909509,6.975806,6.942784
21400,350617600,6.617686e+15,6.925471,6.978377,6.940016
21500,352256000,6.648609e+15,6.926851,6.962999,6.930473
21600,353894400,6.679533e+15,6.926776,6.959289,6.925345
21700,355532800,6.710457e+15,6.918588,6.947362,6.917430
21800,357171200,6.741381e+15,6.917406,6.954010,6.925441
21900,358809600,6.772304e+15,6.900947,6.956931,6.924126
22000,360448000,6.803228e+15,6.920760,6.955231,6.924800
22100,362086400,6.834152e+15,6.904305,6.950609,6.916419
22200,363724800,6.865076e+15,6.896409,6.944157,6.917049
22300,365363200,6.895999e+15,6.898564,6.948477,6.916070
22400,367001600,6.926923e+15,6.918721,6.942093,6.906551
22500,368640000,6.957847e+15,6.888632,6.941997,6.908675
22600,370278400,6.988771e+15,6.898900,6.941357,6.907121
22700,371916800,7.019695e+15,6.881497,6.939382,6.905319
22800,373555200,7.050618e+15,6.898314,6.939144,6.903074
22900,375193600,7.081542e+15,6.884489,6.930353,6.901554
23000,376832000,7.112466e+15,6.871081,6.923177,6.892794
23100,378470400,7.143390e+15,6.873986,6.929171,6.895597
23200,380108800,7.174313e+15,6.896703,6.921601,6.891030
23300,381747200,7.205237e+15,6.873706,6.924085,6.895162
23400,383385600,7.236161e+15,6.881429,6.917992,6.887010
23500,385024000,7.267085e+15,6.867718,6.915531,6.885371
23600,386662400,7.298008e+15,6.866967,6.910385,6.878286
23700,388300800,7.328932e+15,6.843925,6.909699,6.879217
23800,389939200,7.359856e+15,6.879675,6.917095,6.882375
23900,391577600,7.390780e+15,6.845398,6.902771,6.871844
24000,393216000,7.421703e+15,6.850274,6.905977,6.869403
24100,394854400,7.452627e+15,6.857978,6.897299,6.862493
24200,396492800,7.483551e+15,6.857180,6.896566,6.865082
24300,398131200,7.514475e+15,6.872312,6.896517,6.862401
24400,399769600,7.545399e+15,6.842765,6.901998,6.868045
24500,401408000,7.576322e+15,6.830095,6.893435,6.859752
24600,403046400,7.607246e+15,6.859583,6.891790,6.856523
24700,404684800,7.638170e+15,6.842797,6.880499,6.850997
24800,406323200,7.669094e+15,6.838046,6.878593,6.843989
24900,407961600,7.700017e+15,6.828668,6.883318,6.852214
25000,409600000,7.730941e+15,6.829792,6.884247,6.852128
25100,411238400,7.761865e+15,6.857211,6.874948,6.841455
25200,412876800,7.792789e+15,6.831665,6.870892,6.843840
25300,414515200,7.823712e+15,6.827376,6.864848,6.835615
25400,416153600,7.854636e+15,6.813955,6.878932,6.845049
25500,417792000,7.885560e+15,6.821109,6.869479,6.836495
25600,419430400,7.916484e+15,6.839234,6.858297,6.826918
25700,421068800,7.947407e+15,6.854920,6.869001,6.836668
25800,422707200,7.978331e+15,6.838112,6.855294,6.822426
25900,424345600,8.009255e+15,6.821955,6.859686,6.824705
26000,425984000,8.040179e+15,6.820534,6.850955,6.818322
26100,427622400,8.071103e+15,6.825570,6.856522,6.826114
26200,429260800,8.102026e+15,6.827501,6.858260,6.824959
26300,430899200,8.132950e+15,6.794730,6.846936,6.818125
26400,432537600,8.163874e+15,6.783624,6.842101,6.810521
26500,434176000,8.194798e+15,6.785738,6.837519,6.809075
26600,435814400,8.225721e+15,6.810417,6.834273,6.804981
26700,437452800,8.256645e+15,6.815714,6.831602,6.799296
26800,439091200,8.287569e+15,6.776667,6.828631,6.799717
26900,440729600,8.318493e+15,6.794552,6.829640,6.796539
27000,442368000,8.349416e+15,6.775524,6.832299,6.799099
27100,444006400,8.380340e+15,6.790821,6.833809,6.799860
27200,445644800,8.411264e+15,6.775159,6.822989,6.789131
27300,447283200,8.442188e+15,6.768174,6.827204,6.794627
27400,448921600,8.473111e+15,6.771941,6.822092,6.784587
27500,450560000,8.504035e+15,6.789456,6.822442,6.789576
27600,452198400,8.534959e+15,6.782893,6.812013,6.777360
27700,453836800,8.565883e+15,6.773743,6.806954,6.778415
27800,455475200,8.596807e+15,6.765773,6.816279,6.777346
27900,457113600,8.627730e+15,6.759387,6.807467,6.773178
28000,458752000,8.658654e+15,6.776870,6.802897,6.769479
28100,460390400,8.689578e+15,6.777003,6.801336,6.767093
28200,462028800,8.720502e+15,6.748927,6.796255,6.761844
28300,463667200,8.751425e+15,6.745301,6.791709,6.760214
28400,465305600,8.782349e+15,6.754727,6.789895,6.757774
28500,466944000,8.813273e+15,6.735888,6.795765,6.762715
28600,468582400,8.844197e+15,6.747381,6.797804,6.765255
28700,470220800,8.875120e+15,6.752641,6.790465,6.754076
28800,471859200,8.906044e+15,6.726138,6.781485,6.748873
28900,473497600,8.936968e+15,6.732445,6.776137,6.748580
29000,475136000,8.967892e+15,6.743114,6.772939,6.744815
29100,476774400,8.998815e+15,6.766491,6.761787,6.735955
29200,478412800,9.029739e+15,6.740725,6.768839,6.737995
29300,480051200,9.060663e+15,6.736246,6.772673,6.740960
29400,481689600,9.091587e+15,6.717260,6.769010,6.737511
29500,483328000,9.122511e+15,6.713269,6.761885,6.731283
29600,484966400,9.153434e+15,6.742360,6.754820,6.723855
29700,486604800,9.184358e+15,6.717948,6.760096,6.730721
29800,488243200,9.215282e+15,6.706112,6.754241,6.722255
29900,489881600,9.246206e+15,6.731642,6.753437,6.720883
30000,491520000,9.277129e+15,6.760534,6.749738,6.718913
30100,493158400,9.308053e+15,6.716103,6.746861,6.718407
30200,494796800,9.338977e+15,6.710775,6.751612,6.716987
30300,496435200,9.369901e+15,6.707629,6.751946,6.717161
30400,498073600,9.400824e+15,6.718843,6.749763,6.716860
30500,499712000,9.431748e+15,6.712331,6.737545,6.704862
30600,501350400,9.462672e+15,6.722184,6.742939,6.709487
30700,502988800,9.493596e+15,6.692758,6.742956,6.711498
30800,504627200,9.524519e+15,6.694634,6.733962,6.703648
30900,506265600,9.555443e+15,6.713055,6.723271,6.691797
31000,507904000,9.586367e+15,6.672538,6.731988,6.696229
31100,509542400,9.617291e+15,6.693753,6.725357,6.692212
31200,511180800,9.648215e+15,6.702923,6.713929,6.686928
31300,512819200,9.679138e+15,6.685575,6.718827,6.690518
31400,514457600,9.710062e+15,6.673628,6.716988,6.687250
31500,516096000,9.740986e+15,6.692871,6.716808,6.684439
31600,517734400,9.771910e+15,6.684467,6.715059,6.680338
31700,519372800,9.802833e+15,6.691319,6.713272,6.680219
31800,521011200,9.833757e+15,6.693331,6.702847,6.673652
31900,522649600,9.864681e+15,6.675069,6.709984,6.679046
32000,524288000,9.895605e+15,6.678550,6.703406,6.673727
32100,525926400,9.926528e+15,6.683904,6.698031,6.670338
32200,527564800,9.957452e+15,6.680256,6.708074,6.678173
32300,529203200,9.988376e+15,6.677699,6.703125,6.670100
32400,530841600,1.001930e+16,6.684222,6.688907,6.658019
32500,532480000,1.005022e+16,6.672004,6.690031,6.662465
32600,534118400,1.008115e+16,6.662055,6.686688,6.656111
32700,535756800,1.011207e+16,6.682251,6.690456,6.656130
32800,537395200,1.014299e+16,6.661381,6.688343,6.656128
32900,539033600,1.017392e+16,6.669641,6.682830,6.652655
33000,540672000,1.020484e+16,6.653920,6.678131,6.648374
33100,542310400,1.023577e+16,6.649416,6.681502,6.649991
33200,543948800,1.026669e+16,6.654687,6.672852,6.643685
33300,545587200,1.029761e+16,6.623603,6.673161,6.639880
33400,547225600,1.032854e+16,6.647083,6.667235,6.640335
33500,548864000,1.035946e+16,6.644281,6.670966,6.640485
33600,550502400,1.039038e+16,6.627993,6.661480,6.633168
33700,552140800,1.042131e+16,6.669992,6.662372,6.638245
33800,553779200,1.045223e+16,6.647299,6.652500,6.628662
33900,555417600,1.048316e+16,6.637941,6.663617,6.629796
34000,557056000,1.051408e+16,6.628698,6.652835,6.627571
34100,558694400,1.054500e+16,6.650070,6.656638,6.625655
34200,560332800,1.057593e+16,6.636240,6.654412,6.624759
34300,561971200,1.060685e+16,6.616277,6.648085,6.619981
34400,563609600,1.063777e+16,6.619752,6.650196,6.623228
34500,565248000,1.066870e+16,6.607924,6.644163,6.613720
34600,566886400,1.069962e+16,6.645598,6.648058,6.614740
34700,568524800,1.073055e+16,6.627609,6.644805,6.611239
34800,570163200,1.076147e+16,6.616904,6.638900,6.606768
34900,571801600,1.079239e+16,6.615737,6.641606,6.607877
35000,573440000,1.082332e+16,6.626544,6.636589,6.607223
35100,575078400,1.085424e+16,6.621651,6.636995,6.603872
35200,576716800,1.088517e+16,6.616786,6.634437,6.601766
35300,578355200,1.091609e+16,6.610715,6.629556,6.594890
35400,579993600,1.094701e+16,6.607436,6.622704,6.590058
35500,581632000,1.097794e+16,6.598273,6.619806,6.589800
35600,583270400,1.100886e+16,6.591184,6.622367,6.587379
35700,584908800,1.103978e+16,6.616375,6.615499,6.584816
35800,586547200,1.107071e+16,6.576939,6.624084,6.593525
35900,588185600,1.110163e+16,6.572229,6.619907,6.586887
36000,589824000,1.113256e+16,6.590085,6.614103,6.582890
36100,591462400,1.116348e+16,6.593119,6.616581,6.585278
36200,593100800,1.119440e+16,6.587729,6.611846,6.579631
36300,594739200,1.122533e+16,6.591972,6.606238,6.572136
36400,596377600,1.125625e+16,6.589339,6.597832,6.566218
36500,598016000,1.128717e+16,6.560266,6.596141,6.563898
36600,599654400,1.131810e+16,6.573510,6.602109,6.565633
36700,601292800,1.134902e+16,6.586977,6.593396,6.561064
36800,602931200,1.137995e+16,6.571663,6.592927,6.563038
36900,604569600,1.141087e+16,6.565102,6.585718,6.558101
37000,606208000,1.144179e+16,6.581594,6.582716,6.556835
37100,607846400,1.147272e+16,6.596251,6.581458,6.554534
37200,609484800,1.150364e+16,6.553486,6.575063,6.546577
37300,611123200,1.153456e+16,6.549976,6.578312,6.550807
37400,612761600,1.156549e+16,6.558886,6.584759,6.554290
37500,614400000,1.159641e+16,6.538530,6.571735,6.544084
37600,616038400,1.162734e+16,6.555832,6.568068,6.541606
37700,617676800,1.165826e+16,6.555462,6.572976,6.542514
37800,619315200,1.168918e+16,6.555351,6.571238,6.540026
37900,620953600,1.172011e+16,6.552430,6.565403,6.535267
38000,622592000,1.175103e+16,6.543394,6.565273,6.530322
38100,624230400,1.178195e+16,6.541037,6.562194,6.530489
38200,625868800,1.181288e+16,6.555662,6.563824,6.529923
38300,627507200,1.184380e+16,6.541400,6.554833,6.525694
38400,629145600,1.187473e+16,6.564000,6.564334,6.528450
38500,630784000,1.190565e+16,6.550178,6.551380,6.525309
38600,632422400,1.193657e+16,6.529822,6.548332,6.521946
38700,634060800,1.196750e+16,6.521420,6.544817,6.515024
38800,635699200,1.199842e+16,6.522582,6.543460,6.515133
38900,637337600,1.202934e+16,6.543128,6.537245,6.511939
39000,638976000,1.206027e+16,6.503269,6.536552,6.511439
39100,640614400,1.209119e+16,6.512708,6.537066,6.508278
39200,642252800,1.212212e+16,6.524513,6.533868,6.506709
39300,643891200,1.215304e+16,6.529997,6.531445,6.507919
39400,645529600,1.218396e+16,6.517135,6.528624,6.502876
39500,647168000,1.221489e+16,6.500739,6.536229,6.510276
39600,648806400,1.224581e+16,6.498791,6.531721,6.502994
39700,650444800,1.227673e+16,6.506960,6.527232,6.499988
39800,652083200,1.230766e+16,6.515122,6.523247,6.497910
39900,653721600,1.233858e+16,6.508357,6.517974,6.493159
40000,655360000,1.236951e+16,6.488199,6.519502,6.491510
40100,656998400,1.240043e+16,6.517748,6.522509,6.488886
40200,658636800,1.243135e+16,6.489186,6.518297,6.488302
40300,660275200,1.246228e+16,6.517064,6.518921,6.487287
40400,661913600,1.249320e+16,6.492257,6.520815,6.489961
40500,663552000,1.252412e+16,6.495766,6.518784,6.486082
40600,665190400,1.255505e+16,6.485428,6.516235,6.481968
40700,666828800,1.258597e+16,6.487838,6.510084,6.478620
40800,668467200,1.261690e+16,6.507885,6.511086,6.480765
40900,670105600,1.264782e+16,6.491791,6.514373,6.482957
41000,671744000,1.267874e+16,6.513425,6.501853,6.473051
41100,673382400,1.270967e+16,6.495677,6.507522,6.476078
41200,675020800,1.274059e+16,6.499622,6.502078,6.470987
41300,676659200,1.277151e+16,6.461450,6.496977,6.466994
41400,678297600,1.280244e+16,6.472740,6.499048,6.470505
41500,679936000,1.283336e+16,6.483140,6.490964,6.460720
41600,681574400,1.286429e+16,6.457084,6.491127,6.461538
41700,683212800,1.289521e+16,6.478827,6.488120,6.455348
41800,684851200,1.292613e+16,6.458268,6.486831,6.455379
41900,686489600,1.295706e+16,6.477027,6.488848,6.455151
42000,688128000,1.298798e+16,6.451561,6.487465,6.450590
42100,689766400,1.301890e+16,6.469452,6.489392,6.454650
42200,691404800,1.304983e+16,6.485229,6.477417,6.448622
42300,693043200,1.308075e+16,6.463339,6.476606,6.443832
42400,694681600,1.311168e+16,6.440839,6.473566,6.443391
42500,696320000,1.314260e+16,6.449263,6.471271,6.440092
42600,697958400,1.317352e+16,6.457617,6.475485,6.441958
42700,699596800,1.320445e+16,6.416750,6.468674,6.439873
42800,701235200,1.323537e+16,6.435709,6.467881,6.437469
42900,702873600,1.326629e+16,6.461051,6.467709,6.436216
43000,704512000,1.329722e+16,6.435197,6.464755,6.430852
43100,706150400,1.332814e+16,6.442106,6.462648,6.429429
43200,707788800,1.335907e+16,6.464670,6.456477,6.427580
43300,709427200,1.338999e+16,6.434429,6.458823,6.428730
43400,711065600,1.342091e+16,6.448280,6.451938,6.421787
43500,712704000,1.345184e+16,6.450336,6.452968,6.422014
43600,714342400,1.348276e+16,6.429257,6.461968,6.430539
43700,715980800,1.351369e+16,6.454525,6.451630,6.417313
43800,717619200,1.354461e+16,6.446338,6.451232,6.419459
43900,719257600,1.357553e+16,6.440759,6.440157,6.410774
44000,720896000,1.360646e+16,6.429831,6.441196,6.412512
44100,722534400,1.363738e+16,6.414353,6.444034,6.415899
44200,724172800,1.366830e+16,6.418921,6.437081,6.407917
44300,725811200,1.369923e+16,6.409840,6.432745,6.401739
44400,727449600,1.373015e+16,6.415474,6.431749,6.403403
44500,729088000,1.376108e+16,6.395028,6.431966,6.399230
44600,730726400,1.379200e+16,6.420010,6.428773,6.397845
44700,732364800,1.382292e+16,6.428693,6.431775,6.402152
44800,734003200,1.385385e+16,6.419320,6.426366,6.395658
44900,735641600,1.388477e+16,6.412322,6.421052,6.395398
45000,737280000,1.391569e+16,6.432958,6.418520,6.392526
45100,738918400,1.394662e+16,6.423226,6.410987,6.385629
45200,740556800,1.397754e+16,6.410888,6.409015,6.386914
45300,742195200,1.400847e+16,6.407276,6.413778,6.385032
45400,743833600,1.403939e+16,6.397028,6.417608,6.389190
45500,745472000,1.407031e+16,6.381842,6.405057,6.376716
45600,747110400,1.410124e+16,6.396754,6.406843,6.380087
45700,748748800,1.413216e+16,6.409626,6.404698,6.379012
45800,750387200,1.416308e+16,6.414185,6.403001,6.371403
45900,752025600,1.419401e+16,6.388515,6.405691,6.373408
46000,753664000,1.422493e+16,6.390461,6.399047,6.370871
46100,755302400,1.425586e+16,6.400105,6.406768,6.373171
46200,756940800,1.428678e+16,6.389857,6.400139,6.362582
46300,758579200,1.431770e+16,6.373747,6.396132,6.363137
46400,760217600,1.434863e+16,6.376396,6.396921,6.367740
46500,761856000,1.437955e+16,6.383962,6.389917,6.356313
46600,763494400,1.441047e+16,6.370176,6.388248,6.357569
46700,765132800,1.444140e+16,6.366734,6.381272,6.353009
46800,766771200,1.447232e+16,6.382180,6.380042,6.349360
46900,768409600,1.450325e+16,6.375191,6.383318,6.355996
47000,770048000,1.453417e+16,6.367620,6.384315,6.352705
47100,771686400,1.456509e+16,6.369171,6.382485,6.350690
47200,773324800,1.459602e+16,6.361947,6.371877,6.338981
47300,774963200,1.462694e+16,6.360266,6.373045,6.339979
47400,776601600,1.465786e+16,6.359251,6.372969,6.342501
47500,778240000,1.468879e+16,6.346511,6.372487,6.339904
47600,779878400,1.471971e+16,6.358557,6.370504,6.336643
47700,781516800,1.475064e+16,6.357565,6.366661,6.339406
47800,783155200,1.478156e+16,6.337057,6.357324,6.325911
47900,784793600,1.481248e+16,6.337133,6.360288,6.326104
48000,786432000,1.484341e+16,6.348263,6.358434,6.327393
48100,788070400,1.487433e+16,6.361183,6.358273,6.327437
48200,789708800,1.490525e+16,6.340246,6.360085,6.329749
48300,791347200,1.493618e+16,6.344026,6.353843,6.325712
48400,792985600,1.496710e+16,6.327240,6.352315,6.324387
48500,794624000,1.499803e+16,6.318974,6.354062,6.324539
48600,796262400,1.502895e+16,6.324276,6.348326,6.320049
48700,797900800,1.505987e+16,6.344901,6.352181,6.320685
48800,799539200,1.509080e+16,6.336740,6.344425,6.315137
48900,801177600,1.512172e+16,6.329712,6.340182,6.312426
49000,802816000,1.515264e+16,6.332088,6.334761,6.304270
49100,804454400,1.518357e+16,6.325922,6.341534,6.313413
49200,806092800,1.521449e+16,6.314069,6.342582,6.307397
49300,807731200,1.524542e+16,6.333642,6.343826,6.311244
49400,809369600,1.527634e+16,6.317669,6.333681,6.300507
49500,811008000,1.530726e+16,6.324499,6.334414,6.304378
49600,812646400,1.533819e+16,6.307082,6.329509,6.298783
49700,814284800,1.536911e+16,6.312504,6.321427,6.292579
49800,815923200,1.540003e+16,6.319706,6.327579,6.296254
49900,817561600,1.543096e+16,6.318736,6.321707,6.291621
50000,819200000,1.546188e+16,6.341130,6.316641,6.287392
50100,820838400,1.549281e+16,6.305891,6.326759,6.293425
50200,822476800,1.552373e+16,6.306934,6.326394,6.292498
50300,824115200,1.555465e+16,6.315462,6.317865,6.288029
50400,825753600,1.558558e+16,6.314357,6.320225,6.286886
50500,827392000,1.561650e+16,6.311025,6.312711,6.280127
50600,829030400,1.564742e+16,6.310029,6.315329,6.284638
50700,830668800,1.567835e+16,6.288312,6.312968,6.279212
50800,832307200,1.570927e+16,6.321628,6.316631,6.282888
50900,833945600,1.574020e+16,6.283035,6.315272,6.282152
51000,835584000,1.577112e+16,6.263399,6.316416,6.277953
51100,837222400,1.580204e+16,6.300539,6.306271,6.272752
51200,838860800,1.583297e+16,6.288068,6.311492,6.274358
51300,840499200,1.586389e+16,6.277959,6.299698,6.268093
51400,842137600,1.589481e+16,6.296203,6.308536,6.272070
51500,843776000,1.592574e+16,6.275394,6.298431,6.263876
51600,845414400,1.595666e+16,6.272264,6.292951,6.260375
51700,847052800,1.598759e+16,6.261766,6.292318,6.259069
51800,848691200,1.601851e+16,6.266713,6.285627,6.255194
51900,850329600,1.604943e+16,6.292282,6.290537,6.257232
52000,851968000,1.608036e+16,6.265045,6.292563,6.256586
52100,853606400,1.611128e+16,6.272090,6.285403,6.254289
52200,855244800,1.614221e+16,6.261110,6.287960,6.255404
52300,856883200,1.617313e+16,6.257374,6.282697,6.250341
52400,858521600,1.620405e+16,6.253460,6.283895,6.250332
52500,860160000,1.623498e+16,6.245581,6.278284,6.246475
52600,861798400,1.626590e+16,6.267157,6.278329,6.244811
52700,863436800,1.629682e+16,6.280756,6.277453,6.244681
52800,865075200,1.632775e+16,6.275383,6.277342,6.245731
52900,866713600,1.635867e+16,6.270494,6.272280,6.241738
53000,868352000,1.638960e+16,6.263104,6.275806,6.243554
53100,869990400,1.642052e+16,6.252949,6.276756,6.238647
53200,871628800,1.645144e+16,6.249845,6.270149,6.237440
53300,873267200,1.648237e+16,6.262187,6.270318,6.239487
53400,874905600,1.651329e+16,6.250798,6.265088,6.231003
53500,876544000,1.654421e+16,6.269934,6.271949,6.236036
53600,878182400,1.657514e+16,6.230648,6.262929,6.228284
53700,879820800,1.660606e+16,6.239973,6.257865,6.227722
53800,881459200,1.663699e+16,6.242824,6.255890,6.224152
53900,883097600,1.666791e+16,6.245883,6.255850,6.227511
54000,884736000,1.669883e+16,6.248281,6.255174,6.220640
54100,886374400,1.672976e+16,6.225073,6.252131,6.220610
54200,888012800,1.676068e+16,6.230941,6.253370,6.218324
54300,889651200,1.679160e+16,6.217030,6.252006,6.218411
54400,891289600,1.682253e+16,6.204276,6.254861,6.219276
54500,892928000,1.685345e+16,6.224035,6.246766,6.211010
54600,894566400,1.688438e+16,6.204010,6.247109,6.213665
54700,896204800,1.691530e+16,6.233821,6.239319,6.211906
54800,897843200,1.694622e+16,6.218328,6.237891,6.208975
54900,899481600,1.697715e+16,6.251731,6.236034,6.206870
55000,901120000,1.700807e+16,6.218353,6.238687,6.207089
55100,902758400,1.703899e+16,6.202330,6.235458,6.204279
55200,904396800,1.706992e+16,6.199741,6.237136,6.204509
55300,906035200,1.710084e+16,6.217065,6.229849,6.201165
55400,907673600,1.713177e+16,6.210721,6.227001,6.201496
55500,909312000,1.716269e+16,6.225114,6.229802,6.197136
55600,910950400,1.719361e+16,6.226198,6.223208,6.190608
55700,912588800,1.722454e+16,6.222775,6.222752,6.190101
55800,914227200,1.725546e+16,6.210594,6.221068,6.190461
55900,915865600,1.728638e+16,6.208112,6.217604,6.188558
56000,917504000,1.731731e+16,6.196435,6.218577,6.187678
56100,919142400,1.734823e+16,6.222611,6.218706,6.186745
56200,920780800,1.737916e+16,6.185253,6.217818,6.182594
56300,922419200,1.741008e+16,6.208604,6.219422,6.187076
56400,924057600,1.744100e+16,6.230932,6.208923,6.177563
56500,925696000,1.747193e+16,6.192737,6.206932,6.176698
56600,927334400,1.750285e+16,6.190352,6.208753,6.176720
56700,928972800,1.753377e+16,6.210158,6.209944,6.180806
56800,930611200,1.756470e+16,6.174876,6.214842,6.183602
56900,932249600,1.759562e+16,6.202081,6.210223,6.182048
57000,933888000,1.762655e+16,6.185347,6.208007,6.172487
57100,935526400,1.765747e+16,6.203461,6.205501,6.173748
57200,937164800,1.768839e+16,6.199233,6.193925,6.164870
57300,938803200,1.771932e+16,6.179789,6.204036,6.173361
57400,940441600,1.775024e+16,6.185939,6.200810,6.167289
57500,942080000,1.778116e+16,6.190803,6.195766,6.162208
57600,943718400,1.781209e+16,6.180679,6.198370,6.161371
57700,945356800,1.784301e+16,6.165262,6.195293,6.161145
57800,946995200,1.787394e+16,6.183452,6.192525,6.160278
57900,948633600,1.790486e+16,6.161302,6.194687,6.159638
58000,950272000,1.793578e+16,6.152004,6.191033,6.160307
58100,951910400,1.796671e+16,6.185255,6.191235,6.156859
58200,953548800,1.799763e+16,6.184638,6.188368,6.155145
58300,955187200,1.802855e+16,6.183810,6.192664,6.158907
58400,956825600,1.805948e+16,6.186614,6.190538,6.157789
58500,958464000,1.809040e+16,6.177824,6.184266,6.150848
58600,960102400,1.812133e+16,6.163910,6.177930,6.144489
58700,961740800,1.815225e+16,6.183793,6.182117,6.149202
58800,963379200,1.818317e+16,6.175714,6.181887,6.147173
58900,965017600,1.821410e+16,6.171349,6.174622,6.140107
59000,966656000,1.824502e+16,6.178172,6.170068,6.139098
59100,968294400,1.827594e+16,6.136179,6.167495,6.138536
59200,969932800,1.830687e+16,6.152240,6.170741,6.138051
59300,971571200,1.833779e+16,6.160856,6.171291,6.137323
59400,973209600,1.836872e+16,6.143765,6.168390,6.133676
59500,974848000,1.839964e+16,6.145025,6.171781,6.134221
59600,976486400,1.843056e+16,6.138124,6.167630,6.134743
59700,978124800,1.846149e+16,6.141418,6.161878,6.130862
59800,979763200,1.849241e+16,6.168063,6.161827,6.128242
59900,981401600,1.852333e+16,6.159137,6.167711,6.134198
60000,983040000,1.855426e+16,6.146079,6.163393,6.127195
60100,984678400,1.858518e+16,6.157700,6.163811,6.126593
60200,986316800,1.861611e+16,6.129114,6.160103,6.127200
60300,987955200,1.864703e+16,6.160348,6.154786,6.121749
60400,989593600,1.867795e+16,6.157297,6.156171,6.121877
60500,991232000,1.870888e+16,6.134506,6.155358,6.120156
60600,992870400,1.873980e+16,6.127423,6.152391,6.119552
60700,994508800,1.877073e+16,6.124974,6.152407,6.118053
60800,996147200,1.880165e+16,6.126873,6.151046,6.117289
60900,997785600,1.883257e+16,6.135333,6.149696,6.116121
61000,999424000,1.886350e+16,6.141022,6.145787,6.111312
61100,1001062400,1.889442e+16,6.143175,6.149497,6.111357
61200,1002700800,1.892534e+16,6.139768,6.150620,6.112220
61300,1004339200,1.895627e+16,6.103757,6.147943,6.111177
61400,1005977600,1.898719e+16,6.137299,6.140020,6.102933
61500,1007616000,1.901812e+16,6.085700,6.144062,6.107241
61600,1009254400,1.904904e+16,6.126183,6.138744,6.102743
61700,1010892800,1.907996e+16,6.132455,6.132937,6.098200
61800,1012531200,1.911089e+16,6.136842,6.138869,6.103275
61900,1014169600,1.914181e+16,6.122870,6.141350,6.107735
62000,1015808000,1.917273e+16,6.112722,6.131984,6.099255
62100,1017446400,1.920366e+16,6.123523,6.131067,6.095922
62200,1019084800,1.923458e+16,6.128997,6.127976,6.095851
62300,1020723200,1.926551e+16,6.112996,6.131844,6.097144
62400,1022361600,1.929643e+16,6.108351,6.127194,6.094133
62500,1024000000,1.932735e+16,6.101332,6.120762,6.085287
62600,1025638400,1.935828e+16,6.080147,6.126048,6.091298
62700,1027276800,1.938920e+16,6.118329,6.124707,6.091002
62800,1028915200,1.942012e+16,6.115957,6.122906,6.087362
62900,1030553600,1.945105e+16,6.113200,6.123146,6.089018
63000,1032192000,1.948197e+16,6.099213,6.126038,6.090208
63100,1033830400,1.951290e+16,6.098651,6.118350,6.082238
63200,1035468800,1.954382e+16,6.104340,6.121482,6.086038
63300,1037107200,1.957474e+16,6.111682,6.114447,6.080741
63400,1038745600,1.960567e+16,6.105045,6.114810,6.081951
63500,1040384000,1.963659e+16,6.105367,6.114483,6.079484
63600,1042022400,1.966751e+16,6.106865,6.119566,6.084416
63700,1043660800,1.969844e+16,6.093951,6.106021,6.074638
63800,1045299200,1.972936e+16,6.098101,6.111522,6.076926
63900,1046937600,1.976029e+16,6.099499,6.112650,6.077771
64000,1048576000,1.979121e+16,6.103594,6.107518,6.075565
64100,1050214400,1.982213e+16,6.103545,6.107906,6.075156
64200,1051852800,1.985306e+16,6.089818,6.107660,6.072188
64300,1053491200,1.988398e+16,6.089500,6.105525,6.068418
64400,1055129600,1.991490e+16,6.067949,6.102206,6.065729
64500,1056768000,1.994583e+16,6.089961,6.099408,6.062163
64600,1058406400,1.997675e+16,6.074043,6.102972,6.067144
64700,1060044800,2.000768e+16,6.095410,6.098071,6.062175
64800,1061683200,2.003860e+16,6.089178,6.092852,6.061039
64900,1063321600,2.006952e+16,6.085983,6.091918,6.060314
65000,1064960000,2.010045e+16,6.045866,6.092531,6.056370
65100,1066598400,2.013137e+16,6.083395,6.088152,6.053999
65200,1068236800,2.016229e+16,6.078501,6.089526,6.056516
65300,1069875200,2.019322e+16,6.089483,6.082712,6.052596
65400,1071513600,2.022414e+16,6.087030,6.079347,6.048907
65500,1073152000,2.025507e+16,6.080172,6.084890,6.051023
65600,1074790400,2.028599e+16,6.067635,6.082503,6.050885
65700,1076428800,2.031691e+16,6.077114,6.086743,6.052773
65800,1078067200,2.034784e+16,6.075738,6.084372,6.051318
65900,1079705600,2.037876e+16,6.062145,6.082354,6.050262
66000,1081344000,2.040968e+16,6.075621,6.079330,6.045754
66100,1082982400,2.044061e+16,6.071925,6.071709,6.043293
66200,1084620800,2.047153e+16,6.090031,6.076807,6.044812
66300,1086259200,2.050246e+16,6.067250,6.071639,6.043890
66400,1087897600,2.053338e+16,6.093803,6.072848,6.044344
66500,1089536000,2.056430e+16,6.071815,6.074110,6.042707
66600,1091174400,2.059523e+16,6.052883,6.073943,6.041840
66700,1092812800,2.062615e+16,6.068285,6.066971,6.037887
66800,1094451200,2.065707e+16,6.069851,6.068982,6.039848
66900,1096089600,2.068800e+16,6.059634,6.069095,6.035019
67000,1097728000,2.071892e+16,6.054765,6.066351,6.031656
67100,1099366400,2.074985e+16,6.092496,6.066954,6.034369
67200,1101004800,2.078077e+16,6.064182,6.067318,6.030928
67300,1102643200,2.081169e+16,6.070618,6.063363,6.029583
67400,1104281600,2.084262e+16,6.062230,6.062342,6.029799
67500,1105920000,2.087354e+16,6.056734,6.062524,6.027953
67600,1107558400,2.090446e+16,6.034546,6.058913,6.023934
67700,1109196800,2.093539e+16,6.044569,6.064350,6.025527
67800,1110835200,2.096631e+16,6.045954,6.059357,6.026008
67900,1112473600,2.099724e+16,6.046548,6.059845,6.024267
68000,1114112000,2.102816e+16,6.045023,6.054475,6.021504
68100,1115750400,2.105908e+16,6.032852,6.055605,6.020140
68200,1117388800,2.109001e+16,6.014318,6.055374,6.022417
68300,1119027200,2.112093e+16,6.044506,6.045175,6.013399
68400,1120665600,2.115185e+16,6.031080,6.046812,6.015667
68500,1122304000,2.118278e+16,6.046641,6.048036,6.015301
68600,1123942400,2.121370e+16,6.052463,6.042753,6.010418
68700,1125580800,2.124463e+16,6.024243,6.040906,6.010790
68800,1127219200,2.127555e+16,6.038735,6.046514,6.011343
68900,1128857600,2.130647e+16,6.017174,6.043827,6.012059
69000,1130496000,2.133740e+16,6.042516,6.032927,6.006152
69100,1132134400,2.136832e+16,6.014386,6.037017,6.006625
69200,1133772800,2.139925e+16,6.013046,6.038746,6.005875
69300,1135411200,2.143017e+16,6.027256,6.038430,6.007028
69400,1137049600,2.146109e+16,6.049390,6.040779,6.006409
69500,1138688000,2.149202e+16,6.055743,6.042996,6.006089
69600,1140326400,2.152294e+16,6.043359,6.037800,6.002197
69700,1141964800,2.155386e+16,6.021160,6.038571,6.002533
69800,1143603200,2.158479e+16,6.012307,6.040457,5.999949
69900,1145241600,2.161571e+16,6.029287,6.036012,5.998582
70000,1146880000,2.164664e+16,6.025100,6.032961,5.999400
70100,1148518400,2.167756e+16,6.025960,6.031717,5.997605
70200,1150156800,2.170848e+16,6.018488,6.032464,5.997815
70300,1151795200,2.173941e+16,6.003818,6.026552,5.995642
70400,1153433600,2.177033e+16,6.035983,6.028892,5.996032
70500,1155072000,2.180125e+16,6.011888,6.029706,5.995713
70600,1156710400,2.183218e+16,6.008047,6.029585,5.993547
70700,1158348800,2.186310e+16,6.011728,6.026599,5.991512
70800,1159987200,2.189403e+16,6.018817,6.026915,5.990034
70900,1161625600,2.192495e+16,6.004483,6.026155,5.990886
71000,1163264000,2.195587e+16,6.000759,6.021608,5.985936
71100,1164902400,2.198680e+16,6.000305,6.014028,5.983284
71200,1166540800,2.201772e+16,5.993346,6.018061,5.986287
71300,1168179200,2.204864e+16,6.002513,6.013506,5.982320
71400,1169817600,2.207957e+16,6.017229,6.013374,5.980649
71500,1171456000,2.211049e+16,5.985855,6.013029,5.981219
71600,1173094400,2.214142e+16,6.015103,6.014163,5.980863
71700,1174732800,2.217234e+16,5.993774,6.014140,5.976528
71800,1176371200,2.220326e+16,5.997800,6.012971,5.976945
71900,1178009600,2.223419e+16,5.999487,6.007538,5.973675
72000,1179648000,2.226511e+16,6.022719,6.015417,5.978751
72100,1181286400,2.229603e+16,5.975869,6.008849,5.976553
72200,1182924800,2.232696e+16,5.998910,6.009376,5.976796
72300,1184563200,2.235788e+16,6.002939,6.001557,5.970952
72400,1186201600,2.238881e+16,5.996014,6.003699,5.971807
72500,1187840000,2.241973e+16,6.006771,6.000675,5.970727
72600,1189478400,2.245065e+16,5.978781,6.006708,5.973584
72700,1191116800,2.248158e+16,6.003234,6.002313,5.970030
72800,1192755200,2.251250e+16,5.988426,6.002705,5.969052
72900,1194393600,2.254342e+16,5.990359,6.003195,5.968476
73000,1196032000,2.257435e+16,5.989177,6.004027,5.970647
73100,1197670400,2.260527e+16,5.991559,6.002116,5.968959
73200,1199308800,2.263620e+16,5.977684,5.998164,5.967054
73300,1200947200,2.266712e+16,5.996393,5.999657,5.966469
73400,1202585600,2.269804e+16,5.949614,5.995752,5.964083
73500,1204224000,2.272897e+16,5.971745,5.994941,5.963877
73600,1205862400,2.275989e+16,5.977503,5.990843,5.962700
73700,1207500800,2.279081e+16,5.969401,5.995646,5.961688
73800,1209139200,2.282174e+16,5.968366,5.992722,5.963126
73900,1210777600,2.285266e+16,5.997267,5.988932,5.956888
74000,1212416000,2.288359e+16,5.982224,5.990261,5.955377
74100,1214054400,2.291451e+16,5.983776,5.989563,5.954428
74200,1215692800,2.294543e+16,5.979645,5.986570,5.952572
74300,1217331200,2.297636e+16,5.977280,5.993343,5.956011
74400,1218969600,2.300728e+16,5.969718,5.987001,5.953192
74500,1220608000,2.303820e+16,5.962272,5.986051,5.951003
74600,1222246400,2.306913e+16,5.980343,5.985044,5.951592
74700,1223884800,2.310005e+16,5.969912,5.984725,5.947087
74800,1225523200,2.313098e+16,5.978094,5.978803,5.942018
74900,1227161600,2.316190e+16,5.962731,5.983466,5.945677
75000,1228800000,2.319282e+16,5.941359,5.981804,5.948701
75100,1230438400,2.322375e+16,5.992508,5.981077,5.945035
75200,1232076800,2.325467e+16,5.972242,5.979145,5.942673
75300,1233715200,2.328559e+16,5.963673,5.972773,5.941613
75400,1235353600,2.331652e+16,5.966455,5.977066,5.941104
75500,1236992000,2.334744e+16,5.956898,5.971328,5.935592
75600,1238630400,2.337837e+16,5.972827,5.974595,5.939252
75700,1240268800,2.340929e+16,5.972708,5.971721,5.937383
75800,1241907200,2.344021e+16,5.973176,5.969403,5.933455
75900,1243545600,2.347114e+16,5.966162,5.975638,5.937759
76000,1245184000,2.350206e+16,5.940145,5.970354,5.932839
76100,1246822400,2.353298e+16,5.958102,5.972671,5.933714
76200,1248460800,2.356391e+16,5.946425,5.965805,5.929374
76300,1250099200,2.359483e+16,5.967251,5.968706,5.932777
76400,1251737600,2.362576e+16,5.966014,5.963451,5.930568
76500,1253376000,2.365668e+16,5.945470,5.964561,5.928625
76600,1255014400,2.368760e+16,5.954853,5.962923,5.927845
76700,1256652800,2.371853e+16,5.960698,5.961103,5.928473
76800,1258291200,2.374945e+16,5.966637,5.961747,5.928131
76900,1259929600,2.378037e+16,5.947837,5.962114,5.924801
77000,1261568000,2.381130e+16,5.950363,5.959681,5.923894
77100,1263206400,2.384222e+16,5.965378,5.957393,5.922686
77200,1264844800,2.387315e+16,5.930810,5.955646,5.922757
77300,1266483200,2.390407e+16,5.942846,5.955969,5.920155
77400,1268121600,2.393499e+16,5.952876,5.953993,5.918177
77500,1269760000,2.396592e+16,5.933083,5.956040,5.919284
77600,1271398400,2.399684e+16,5.949743,5.953805,5.916254
77700,1273036800,2.402777e+16,5.942079,5.960218,5.920516
77800,1274675200,2.405869e+16,5.931550,5.954576,5.916634
77900,1276313600,2.408961e+16,5.904472,5.955244,5.917878
78000,1277952000,2.412054e+16,5.933950,5.951985,5.914372
78100,1279590400,2.415146e+16,5.935879,5.949060,5.913165
78200,1281228800,2.418238e+16,5.930834,5.950197,5.912411
78300,1282867200,2.421331e+16,5.926188,5.945973,5.905382
78400,1284505600,2.424423e+16,5.934208,5.948561,5.911396
78500,1286144000,2.427516e+16,5.939165,5.945281,5.908714
78600,1287782400,2.430608e+16,5.922660,5.944170,5.907083
78700,1289420800,2.433700e+16,5.952825,5.944514,5.906265
78800,1291059200,2.436793e+16,5.925207,5.943905,5.909170
78900,1292697600,2.439885e+16,5.935047,5.936969,5.903145
79000,1294336000,2.442977e+16,5.935444,5.946179,5.908988
79100,1295974400,2.446070e+16,5.925525,5.942585,5.904546
79200,1297612800,2.449162e+16,5.921356,5.933519,5.901446
79300,1299251200,2.452255e+16,5.927091,5.937896,5.900839
79400,1300889600,2.455347e+16,5.924682,5.935041,5.900065
79500,1302528000,2.458439e+16,5.927125,5.933334,5.900371
79600,1304166400,2.461532e+16,5.929845,5.927884,5.895614
79700,1305804800,2.464624e+16,5.912737,5.934216,5.899057
79800,1307443200,2.467716e+16,5.912850,5.930875,5.895843
79900,1309081600,2.470809e+16,5.913100,5.930687,5.894527
80000,1310720000,2.473901e+16,5.925050,5.927265,5.896634
80100,1312358400,2.476994e+16,5.924496,5.923574,5.891270
80200,1313996800,2.480086e+16,5.911688,5.922525,5.890821
80300,1315635200,2.483178e+16,5.911031,5.923455,5.888733
80400,1317273600,2.486271e+16,5.896933,5.924440,5.891332
80500,1318912000,2.489363e+16,5.896107,5.921227,5.886608
80600,1320550400,2.492455e+16,5.905371,5.921882,5.885768
80700,1322188800,2.495548e+16,5.907727,5.923152,5.884952
80800,1323827200,2.498640e+16,5.925272,5.925588,5.887975
80900,1325465600,2.501733e+16,5.912782,5.921022,5.884371
81000,1327104000,2.504825e+16,5.934132,5.924030,5.886578
81100,1328742400,2.507917e+16,5.921315,5.921011,5.885190
81200,1330380800,2.511010e+16,5.919894,5.915172,5.879896
81300,1332019200,2.514102e+16,5.884188,5.915347,5.879200
81400,1333657600,2.517194e+16,5.913848,5.913267,5.879966
81500,1335296000,2.520287e+16,5.933256,5.919158,5.879095
81600,1336934400,2.523379e+16,5.883009,5.915849,5.875924
81700,1338572800,2.526472e+16,5.895968,5.915007,5.878306
81800,1340211200,2.529564e+16,5.895400,5.914305,5.875261
81900,1341849600,2.532656e+16,5.893171,5.913304,5.876125
82000,1343488000,2.535749e+16,5.925856,5.912041,5.875263
82100,1345126400,2.538841e+16,5.903274,5.917705,5.878184
82200,1346764800,2.541933e+16,5.901261,5.915504,5.876143
82300,1348403200,2.545026e+16,5.938418,5.913770,5.875222
82400,1350041600,2.548118e+16,5.890701,5.912786,5.874564
82500,1351680000,2.551211e+16,5.892455,5.913591,5.872903
82600,1353318400,2.554303e+16,5.877812,5.910350,5.871969
82700,1354956800,2.557395e+16,5.905299,5.907816,5.873162
82800,1356595200,2.560488e+16,5.881164,5.902645,5.868864
82900,1358233600,2.563580e+16,5.874905,5.901788,5.866816
83000,1359872000,2.566672e+16,5.890826,5.901459,5.867274
83100,1361510400,2.569765e+16,5.880027,5.904748,5.868157
83200,1363148800,2.572857e+16,5.885963,5.901114,5.864593
83300,1364787200,2.575950e+16,5.867144,5.899632,5.867398
83400,1366425600,2.579042e+16,5.891531,5.897020,5.863228
83500,1368064000,2.582134e+16,5.881134,5.900811,5.864035
83600,1369702400,2.585227e+16,5.888027,5.896953,5.861573
83700,1371340800,2.588319e+16,5.894842,5.893808,5.858096
83800,1372979200,2.591411e+16,5.877933,5.893001,5.859781
83900,1374617600,2.594504e+16,5.876749,5.899378,5.863395
84000,1376256000,2.597596e+16,5.882070,5.899223,5.863126
84100,1377894400,2.600689e+16,5.885865,5.895042,5.857556
84200,1379532800,2.603781e+16,5.874150,5.889717,5.855763
84300,1381171200,2.606873e+16,5.888028,5.897806,5.859387
84400,1382809600,2.609966e+16,5.880247,5.889964,5.854470
84500,1384448000,2.613058e+16,5.877424,5.889104,5.852856
84600,1386086400,2.616150e+16,5.886828,5.894625,5.854755
84700,1387724800,2.619243e+16,5.880895,5.886239,5.849225
84800,1389363200,2.622335e+16,5.869586,5.887894,5.849067
84900,1391001600,2.625428e+16,5.874313,5.889550,5.849576
85000,1392640000,2.628520e+16,5.885050,5.888220,5.849675
85100,1394278400,2.631612e+16,5.880527,5.887876,5.849514
85200,1395916800,2.634705e+16,5.863356,5.884649,5.847672
85300,1397555200,2.637797e+16,5.883253,5.881814,5.844490
85400,1399193600,2.640889e+16,5.878764,5.881596,5.846829
85500,1400832000,2.643982e+16,5.869988,5.885001,5.846336
85600,1402470400,2.647074e+16,5.853361,5.873602,5.840034
85700,1404108800,2.650167e+16,5.874334,5.878644,5.843592
85800,1405747200,2.653259e+16,5.883165,5.877977,5.839709
85900,1407385600,2.656351e+16,5.869556,5.877303,5.838289
86000,1409024000,2.659444e+16,5.860312,5.878223,5.838938
86100,1410662400,2.662536e+16,5.848250,5.879416,5.842652
86200,1412300800,2.665629e+16,5.871534,5.876022,5.837698
86300,1413939200,2.668721e+16,5.838643,5.869407,5.832843
86400,1415577600,2.671813e+16,5.864406,5.875448,5.836362
86500,1417216000,2.674906e+16,5.840314,5.876221,5.837600
86600,1418854400,2.677998e+16,5.883541,5.878017,5.835207
86700,1420492800,2.681090e+16,5.855763,5.868889,5.832701
86800,1422131200,2.684183e+16,5.840137,5.868268,5.828592
86900,1423769600,2.687275e+16,5.842626,5.869911,5.830224
87000,1425408000,2.690368e+16,5.855709,5.870425,5.833155
87100,1427046400,2.693460e+16,5.846630,5.869133,5.830810
87200,1428684800,2.696552e+16,5.863217,5.867463,5.829604
87300,1430323200,2.699645e+16,5.836053,5.868594,5.830277
87400,1431961600,2.702737e+16,5.846210,5.863718,5.830039
87500,1433600000,2.705829e+16,5.862645,5.863981,5.825225
87600,1435238400,2.708922e+16,5.831290,5.861516,5.824059
87700,1436876800,2.712014e+16,5.853961,5.860054,5.825594
87800,1438515200,2.715107e+16,5.854774,5.858407,5.821028
87900,1440153600,2.718199e+16,5.839588,5.858757,5.820231
88000,1441792000,2.721291e+16,5.850408,5.860112,5.825110
88100,1443430400,2.724384e+16,5.847640,5.862714,5.822472
88200,1445068800,2.727476e+16,5.835780,5.856098,5.820889
88300,1446707200,2.730568e+16,5.843234,5.864432,5.825956
88400,1448345600,2.733661e+16,5.840405,5.858723,5.819880
88500,1449984000,2.736753e+16,5.837852,5.858677,5.821275
88600,1451622400,2.739846e+16,5.840136,5.857543,5.816810
88700,1453260800,2.742938e+16,5.868133,5.854868,5.815340
88800,1454899200,2.746030e+16,5.843160,5.852514,5.812694
88900,1456537600,2.749123e+16,5.835238,5.859430,5.817307
89000,1458176000,2.752215e+16,5.832448,5.850428,5.812286
89100,1459814400,2.755307e+16,5.826375,5.848333,5.810380
89200,1461452800,2.758400e+16,5.822563,5.848035,5.811279
89300,1463091200,2.761492e+16,5.825459,5.849471,5.808054
89400,1464729600,2.764585e+16,5.795478,5.848623,5.808663
89500,1466368000,2.767677e+16,5.848379,5.841477,5.805677
89600,1468006400,2.770769e+16,5.849218,5.846107,5.810354
89700,1469644800,2.773862e+16,5.852716,5.845518,5.805746
89800,1471283200,2.776954e+16,5.833878,5.841021,5.807638
89900,1472921600,2.780046e+16,5.840383,5.845058,5.806769
90000,1474560000,2.783139e+16,5.827531,5.842881,5.803880
90100,1476198400,2.786231e+16,5.832398,5.839589,5.801567
90200,1477836800,2.789324e+16,5.826920,5.838859,5.803014
90300,1479475200,2.792416e+16,5.831292,5.840958,5.801840
90400,1481113600,2.795508e+16,5.824311,5.842366,5.802416
90500,1482752000,2.798601e+16,5.838056,5.838232,5.801026
90600,1484390400,2.801693e+16,5.831902,5.834123,5.798018
90700,1486028800,2.804785e+16,5.820029,5.834466,5.799666
90800,1487667200,2.807878e+16,5.821525,5.839207,5.800097
90900,1489305600,2.810970e+16,5.823010,5.832532,5.795232
91000,1490944000,2.814063e+16,5.790219,5.831244,5.796451
91100,1492582400,2.817155e+16,5.830043,5.829599,5.794766
91200,1494220800,2.820247e+16,5.821823,5.823999,5.792903
91300,1495859200,2.823340e+16,5.831941,5.828467,5.793043
91400,1497497600,2.826432e+16,5.817523,5.829182,5.792322
91500,1499136000,2.829524e+16,5.812757,5.823142,5.787539
91600,1500774400,2.832617e+16,5.822309,5.823128,5.787229
91700,1502412800,2.835709e+16,5.829287,5.825722,5.789406
91800,1504051200,2.838802e+16,5.810244,5.830278,5.794338
91900,1505689600,2.841894e+16,5.808560,5.826034,5.790678
92000,1507328000,2.844986e+16,5.818007,5.819405,5.786699
92100,1508966400,2.848079e+16,5.820444,5.825156,5.786323
92200,1510604800,2.851171e+16,5.803076,5.827340,5.787883
92300,1512243200,2.854263e+16,5.829959,5.823197,5.788691
92400,1513881600,2.857356e+16,5.814216,5.824747,5.785749
92500,1515520000,2.860448e+16,5.821454,5.822040,5.786735
92600,1517158400,2.863541e+16,5.792976,5.821649,5.783918
92700,1518796800,2.866633e+16,5.801667,5.817061,5.778561
92800,1520435200,2.869725e+16,5.798614,5.816164,5.778959
92900,1522073600,2.872818e+16,5.786008,5.810108,5.777694
93000,1523712000,2.875910e+16,5.847495,5.815309,5.780310
93100,1525350400,2.879002e+16,5.806634,5.813186,5.776278
93200,1526988800,2.882095e+16,5.811144,5.815439,5.778479
93300,1528627200,2.885187e+16,5.801930,5.814471,5.776532
93400,1530265600,2.888280e+16,5.801971,5.812138,5.775118
93500,1531904000,2.891372e+16,5.805646,5.816195,5.774569
93600,1533542400,2.894464e+16,5.811240,5.808484,5.769290
93700,1535180800,2.897557e+16,5.802563,5.807212,5.770338
93800,1536819200,2.900649e+16,5.796836,5.805112,5.770068
93900,1538457600,2.903741e+16,5.808853,5.811255,5.772629
94000,1540096000,2.906834e+16,5.802637,5.814213,5.770918
94100,1541734400,2.909926e+16,5.787052,5.809433,5.768302
94200,1543372800,2.913019e+16,5.790698,5.811246,5.768056
94300,1545011200,2.916111e+16,5.780371,5.808629,5.767909
94400,1546649600,2.919203e+16,5.815206,5.805439,5.766266
94500,1548288000,2.922296e+16,5.787377,5.807807,5.765959
94600,1549926400,2.925388e+16,5.790473,5.804410,5.765275
94700,1551564800,2.928481e+16,5.813624,5.804227,5.763610
94800,1553203200,2.931573e+16,5.787395,5.798405,5.763933
94900,1554841600,2.934665e+16,5.796305,5.800227,5.762701
95000,1556480000,2.937758e+16,5.790526,5.797120,5.761882
95100,1558118400,2.940850e+16,5.782393,5.793084,5.754458
95200,1559756800,2.943942e+16,5.798967,5.800088,5.758392
95300,1561395200,2.947035e+16,5.804056,5.798534,5.756103
95400,1563033600,2.950127e+16,5.793348,5.795744,5.756614
95500,1564672000,2.953220e+16,5.773158,5.796095,5.758173
95600,1566310400,2.956312e+16,5.756815,5.787160,5.755100
95700,1567948800,2.959404e+16,5.750879,5.792442,5.758076
95800,1569587200,2.962497e+16,5.759709,5.793748,5.757923
95900,1571225600,2.965589e+16,5.777116,5.789925,5.755956
96000,1572864000,2.968681e+16,5.752027,5.782786,5.750336
96100,1574502400,2.971774e+16,5.753085,5.785966,5.753845
96200,1576140800,2.974866e+16,5.760629,5.786630,5.750226
96300,1577779200,2.977959e+16,5.794318,5.788630,5.751095
96400,1579417600,2.981051e+16,5.762835,5.790414,5.753711
96500,1581056000,2.984143e+16,5.747767,5.788497,5.754042
96600,1582694400,2.987236e+16,5.776135,5.789714,5.750207
96700,1584332800,2.990328e+16,5.760190,5.785973,5.746072
96800,1585971200,2.993420e+16,5.771315,5.789464,5.749055
96900,1587609600,2.996513e+16,5.774951,5.786034,5.748530
97000,1589248000,2.999605e+16,5.779471,5.788490,5.747165
97100,1590886400,3.002698e+16,5.760278,5.782780,5.748705
97200,1592524800,3.005790e+16,5.774760,5.782339,5.744454
97300,1594163200,3.008882e+16,5.769728,5.781209,5.747547
97400,1595801600,3.011975e+16,5.775234,5.784217,5.745074
97500,1597440000,3.015067e+16,5.766856,5.783465,5.742668
97600,1599078400,3.018159e+16,5.767775,5.780301,5.741954
97700,1600716800,3.021252e+16,5.761184,5.780374,5.740975
97800,1602355200,3.024344e+16,5.778067,5.774704,5.737430
97900,1603993600,3.027437e+16,5.750762,5.774166,5.734818
98000,1605632000,3.030529e+16,5.753848,5.780838,5.739901
98100,1607270400,3.033621e+16,5.760135,5.779042,5.737903
98200,1608908800,3.036714e+16,5.744221,5.777127,5.735333
98300,1610547200,3.039806e+16,5.758641,5.774428,5.736757
98400,1612185600,3.042898e+16,5.740744,5.773189,5.734257
98500,1613824000,3.045991e+16,5.742585,5.775766,5.736646
98600,1615462400,3.049083e+16,5.751884,5.773912,5.733000
98700,1617100800,3.052176e+16,5.769888,5.773918,5.733634
98800,1618739200,3.055268e+16,5.763335,5.772902,5.732664
98900,1620377600,3.058360e+16,5.757997,5.769751,5.729635
99000,1622016000,3.061453e+16,5.757041,5.772701,5.730428
99100,1623654400,3.064545e+16,5.738514,5.768059,5.731858
99200,1625292800,3.067637e+16,5.749742,5.767598,5.729723
99300,1626931200,3.070730e+16,5.741240,5.765075,5.727247
99400,1628569600,3.073822e+16,5.763895,5.768670,5.728692
99500,1630208000,3.076915e+16,5.745326,5.766541,5.726045
99600,1631846400,3.080007e+16,5.749221,5.767683,5.729118
99700,1633484800,3.083099e+16,5.748908,5.764794,5.726432
99800,1635123200,3.086192e+16,5.737726,5.761453,5.724309
99900,1636761600,3.089284e+16,5.753427,5.759057,5.724254
100000,1638400000,3.092376e+16,5.742811,5.759968,5.725689
100100,1640038400,3.095469e+16,5.732041,5.755955,5.721486
100200,1641676800,3.098561e+16,5.755015,5.756935,5.720761
100300,1643315200,3.101654e+16,5.740471,5.760460,5.725293
100400,1644953600,3.104746e+16,5.753290,5.750426,5.718504
100500,1646592000,3.107838e+16,5.758199,5.754900,5.725288
100600,1648230400,3.110931e+16,5.739767,5.751465,5.719774
100700,1649868800,3.114023e+16,5.722224,5.754883,5.720415
100800,1651507200,3.117115e+16,5.746472,5.748975,5.719344
100900,1653145600,3.120208e+16,5.745927,5.751119,5.719186
101000,1654784000,3.123300e+16,5.732131,5.746689,5.711463
101100,1656422400,3.126393e+16,5.733877,5.751499,5.712752
101200,1658060800,3.129485e+16,5.734970,5.746888,5.712069
101300,1659699200,3.132577e+16,5.722316,5.746649,5.711949
101400,1661337600,3.135670e+16,5.758703,5.747144,5.712732
101500,1662976000,3.138762e+16,5.731594,5.752078,5.713118
101600,1664614400,3.141854e+16,5.714862,5.746329,5.710001
101700,1666252800,3.144947e+16,5.737231,5.749037,5.709806
101800,1667891200,3.148039e+16,5.729693,5.749973,5.709745
101900,1669529600,3.151132e+16,5.729285,5.743340,5.704297
102000,1671168000,3.154224e+16,5.714935,5.749614,5.709137
102100,1672806400,3.157316e+16,5.723147,5.743748,5.706294
102200,1674444800,3.160409e+16,5.727695,5.740653,5.704633
102300,1676083200,3.163501e+16,5.726882,5.743529,5.705538
102400,1677721600,3.166593e+16,5.743762,5.740787,5.705748
102500,1679360000,3.169686e+16,5.715742,5.742974,5.705250
102600,1680998400,3.172778e+16,5.723794,5.739861,5.702250
102700,1682636800,3.175871e+16,5.731911,5.739305,5.701106
102800,1684275200,3.178963e+16,5.712964,5.734043,5.698485
102900,1685913600,3.182055e+16,5.711841,5.741587,5.702265
103000,1687552000,3.185148e+16,5.719042,5.738797,5.699598
103100,1689190400,3.188240e+16,5.697951,5.743751,5.703416
103200,1690828800,3.191332e+16,5.709891,5.737336,5.699488
103300,1692467200,3.194425e+16,5.730362,5.730989,5.694942
103400,1694105600,3.197517e+16,5.720479,5.730892,5.696376
103500,1695744000,3.200610e+16,5.715662,5.729050,5.694943
103600,1697382400,3.203702e+16,5.708950,5.737156,5.698844
103700,1699020800,3.206794e+16,5.716383,5.728775,5.691556
103800,1700659200,3.209887e+16,5.711122,5.729434,5.692307
103900,1702297600,3.212979e+16,5.715336,5.734275,5.695813
104000,1703936000,3.216072e+16,5.698748,5.732066,5.694226
104100,1705574400,3.219164e+16,5.741149,5.731906,5.691886
104200,1707212800,3.222256e+16,5.722455,5.727264,5.691452
104300,1708851200,3.225349e+16,5.731168,5.727354,5.689593
104400,1710489600,3.228441e+16,5.705978,5.728331,5.689146
104500,1712128000,3.231533e+16,5.709575,5.728381,5.690607
104600,1713766400,3.234626e+16,5.712748,5.729586,5.687373
104700,1715404800,3.237718e+16,5.734797,5.729198,5.688225
104800,1717043200,3.240811e+16,5.707173,5.732445,5.689774
104900,1718681600,3.243903e+16,5.686223,5.724990,5.687054
105000,1720320000,3.246995e+16,5.695753,5.720474,5.684796
105100,1721958400,3.250088e+16,5.703275,5.724154,5.687060
105200,1723596800,3.253180e+16,5.713194,5.723053,5.685640
105300,1725235200,3.256272e+16,5.718175,5.721333,5.679740
105400,1726873600,3.259365e+16,5.700019,5.722982,5.682149
105500,1728512000,3.262457e+16,5.720366,5.715682,5.680457
105600,1730150400,3.265550e+16,5.712719,5.719147,5.680950
105700,1731788800,3.268642e+16,5.688340,5.712381,5.677815
105800,1733427200,3.271734e+16,5.715655,5.715556,5.680098
105900,1735065600,3.274827e+16,5.697289,5.713918,5.676977
106000,1736704000,3.277919e+16,5.701598,5.714234,5.675624
106100,1738342400,3.281011e+16,5.699077,5.715420,5.676329
106200,1739980800,3.284104e+16,5.697457,5.712289,5.677933
106300,1741619200,3.287196e+16,5.692714,5.714075,5.677191
106400,1743257600,3.290289e+16,5.706620,5.708627,5.674581
106500,1744896000,3.293381e+16,5.698115,5.713035,5.676182
106600,1746534400,3.296473e+16,5.697140,5.710161,5.674141
106700,1748172800,3.299566e+16,5.680919,5.713139,5.672145
106800,1749811200,3.302658e+16,5.672985,5.706322,5.669909
106900,1751449600,3.305750e+16,5.706798,5.702937,5.670360
107000,1753088000,3.308843e+16,5.697818,5.708734,5.672040
107100,1754726400,3.311935e+16,5.690180,5.702626,5.670336
107200,1756364800,3.315028e+16,5.686974,5.704637,5.669526
107300,1758003200,3.318120e+16,5.668331,5.705577,5.668410
107400,1759641600,3.321212e+16,5.720337,5.700545,5.665891
107500,1761280000,3.324305e+16,5.726254,5.700147,5.664975
107600,1762918400,3.327397e+16,5.684731,5.700567,5.665483
107700,1764556800,3.330489e+16,5.690320,5.697757,5.663718
107800,1766195200,3.333582e+16,5.684756,5.697849,5.662643
107900,1767833600,3.336674e+16,5.705813,5.701629,5.663517
108000,1769472000,3.339767e+16,5.706330,5.697498,5.663295
108100,1771110400,3.342859e+16,5.667091,5.697659,5.662211
108200,1772748800,3.345951e+16,5.700874,5.696757,5.660820
108300,1774387200,3.349044e+16,5.701281,5.695718,5.661476
108400,1776025600,3.352136e+16,5.688985,5.698214,5.660079
108500,1777664000,3.355228e+16,5.695732,5.695125,5.660319
108600,1779302400,3.358321e+16,5.673113,5.692167,5.657524
108700,1780940800,3.361413e+16,5.670938,5.691529,5.657994
108800,1782579200,3.364506e+16,5.676458,5.691421,5.660060
108900,1784217600,3.367598e+16,5.680970,5.690829,5.656040
109000,1785856000,3.370690e+16,5.682290,5.689456,5.654449
109100,1787494400,3.373783e+16,5.704589,5.687779,5.652614
109200,1789132800,3.376875e+16,5.689946,5.688879,5.653854
109300,1790771200,3.379967e+16,5.684839,5.686847,5.648724
109400,1792409600,3.383060e+16,5.649278,5.685922,5.649306
109500,1794048000,3.386152e+16,5.686803,5.684602,5.647387
109600,1795686400,3.389245e+16,5.679182,5.685368,5.648733
109700,1797324800,3.392337e+16,5.681261,5.685103,5.649445
109800,1798963200,3.395429e+16,5.672832,5.684558,5.649637
109900,1800601600,3.398522e+16,5.685684,5.682385,5.649619
110000,1802240000,3.401614e+16,5.662147,5.686521,5.651321
110100,1803878400,3.404706e+16,5.672561,5.683514,5.647139
110200,1805516800,3.407799e+16,5.671473,5.683958,5.647187
110300,1807155200,3.410891e+16,5.662472,5.682489,5.645894
110400,1808793600,3.413984e+16,5.652273,5.680873,5.645040
110500,1810432000,3.417076e+16,5.684180,5.687260,5.649884
110600,1812070400,3.420168e+16,5.661152,5.682335,5.645087
110700,1813708800,3.423261e+16,5.680062,5.682143,5.645328
110800,1815347200,3.426353e+16,5.677343,5.678598,5.643034
110900,1816985600,3.429445e+16,5.658084,5.679168,5.641432
111000,1818624000,3.432538e+16,5.658284,5.675195,5.639601
111100,1820262400,3.435630e+16,5.667437,5.676575,5.641257
111200,1821900800,3.438723e+16,5.673514,5.677051,5.638654
111300,1823539200,3.441815e+16,5.668528,5.675036,5.637105
111400,1825177600,3.444907e+16,5.667796,5.680374,5.641987
111500,1826816000,3.448000e+16,5.677153,5.674268,5.636240
111600,1828454400,3.451092e+16,5.649464,5.683216,5.638108
111700,1830092800,3.454184e+16,5.671689,5.683780,5.638928
111800,1831731200,3.457277e+16,5.657848,5.673531,5.633193
111900,1833369600,3.460369e+16,5.672400,5.672788,5.634305
112000,1835008000,3.463462e+16,5.671838,5.672816,5.632859
112100,1836646400,3.466554e+16,5.661025,5.672973,5.632568
112200,1838284800,3.469646e+16,5.653040,5.670148,5.631772
112300,1839923200,3.472739e+16,5.658689,5.669359,5.631358
112400,1841561600,3.475831e+16,5.641171,5.669293,5.629858
112500,1843200000,3.478924e+16,5.689997,5.673874,5.632701
112600,1844838400,3.482016e+16,5.652464,5.664611,5.625853
112700,1846476800,3.485108e+16,5.645442,5.669535,5.630554
112800,1848115200,3.488201e+16,5.649398,5.669523,5.630059
112900,1849753600,3.491293e+16,5.632761,5.669049,5.628218
113000,1851392000,3.494385e+16,5.627990,5.668520,5.628571
113100,1853030400,3.497478e+16,5.660480,5.663327,5.625686
113200,1854668800,3.500570e+16,5.628889,5.662541,5.626175
113300,1856307200,3.503663e+16,5.643226,5.663709,5.624515
113400,1857945600,3.506755e+16,5.642652,5.665588,5.625413
113500,1859584000,3.509847e+16,5.651731,5.660532,5.620582
113600,1861222400,3.512940e+16,5.638978,5.661674,5.621230
113700,1862860800,3.516032e+16,5.651836,5.661062,5.621805
113800,1864499200,3.519124e+16,5.647277,5.658771,5.620580
113900,1866137600,3.522217e+16,5.629671,5.656000,5.619271
114000,1867776000,3.525309e+16,5.646781,5.659850,5.621106
114100,1869414400,3.528402e+16,5.653490,5.660810,5.621588
114200,1871052800,3.531494e+16,5.629398,5.658253,5.620652
114300,1872691200,3.534586e+16,5.646217,5.654301,5.614530
114400,1874329600,3.537679e+16,5.645337,5.656822,5.616536
114500,1875968000,3.540771e+16,5.634615,5.657403,5.618653
114600,1877606400,3.543863e+16,5.632000,5.655832,5.616172
114700,1879244800,3.546956e+16,5.646708,5.655838,5.613950
114800,1880883200,3.550048e+16,5.627512,5.658918,5.616193
114900,1882521600,3.553141e+16,5.633283,5.657938,5.616298
115000,1884160000,3.556233e+16,5.625164,5.656898,5.617231
115100,1885798400,3.559325e+16,5.642991,5.656728,5.614656
115200,1887436800,3.562418e+16,5.634568,5.651679,5.612417
115300,1889075200,3.565510e+16,5.640788,5.649620,5.609181
115400,1890713600,3.568602e+16,5.626736,5.650233,5.610163
115500,1892352000,3.571695e+16,5.640337,5.655138,5.612310
115600,1893990400,3.574787e+16,5.651802,5.648404,5.607130
115700,1895628800,3.577880e+16,5.628744,5.647437,5.607456
115800,1897267200,3.580972e+16,5.612512,5.642848,5.604702
115900,1898905600,3.584064e+16,5.649050,5.643483,5.606352
116000,1900544000,3.587157e+16,5.643421,5.640320,5.604414
116100,1902182400,3.590249e+16,5.641640,5.644085,5.606341
116200,1903820800,3.593341e+16,5.634880,5.637205,5.600783
116300,1905459200,3.596434e+16,5.637810,5.639523,5.603725
116400,1907097600,3.599526e+16,5.619671,5.637854,5.601178
116500,1908736000,3.602619e+16,5.624857,5.639505,5.601294
116600,1910374400,3.605711e+16,5.628972,5.638917,5.602766
116700,1912012800,3.608803e+16,5.628812,5.633372,5.599091
116800,1913651200,3.611896e+16,5.636715,5.634261,5.599148
116900,1915289600,3.614988e+16,5.629437,5.633397,5.600802
117000,1916928000,3.618080e+16,5.640156,5.631558,5.595773
117100,1918566400,3.621173e+16,5.630165,5.636663,5.598870
117200,1920204800,3.624265e+16,5.610214,5.631261,5.594485
117300,1921843200,3.627358e+16,5.612762,5.627465,5.597360
117400,1923481600,3.630450e+16,5.613922,5.625975,5.592925
117500,1925120000,3.633542e+16,5.623747,5.630299,5.595695
117600,1926758400,3.636635e+16,5.622527,5.629221,5.592210
117700,1928396800,3.639727e+16,5.623445,5.625587,5.589035
117800,1930035200,3.642819e+16,5.628745,5.627313,5.592469
117900,1931673600,3.645912e+16,5.622152,5.624580,5.589743
118000,1933312000,3.649004e+16,5.612809,5.628181,5.593827
118100,1934950400,3.652097e+16,5.612977,5.625106,5.593558
118200,1936588800,3.655189e+16,5.608153,5.616893,5.585289
118300,1938227200,3.658281e+16,5.595452,5.620340,5.586315
118400,1939865600,3.661374e+16,5.605896,5.623455,5.587515
118500,1941504000,3.664466e+16,5.604018,5.623569,5.586253
118600,1943142400,3.667558e+16,5.621076,5.620517,5.584523
118700,1944780800,3.670651e+16,5.626503,5.622443,5.585191
118800,1946419200,3.673743e+16,5.613534,5.617546,5.581397
118900,1948057600,3.676836e+16,5.625894,5.619586,5.583511
119000,1949696000,3.679928e+16,5.601865,5.618809,5.582628
119100,1951334400,3.683020e+16,5.641840,5.624075,5.585130
119200,1952972800,3.686113e+16,5.615775,5.615983,5.581113
119300,1954611200,3.689205e+16,5.617073,5.613326,5.576813
119400,1956249600,3.692297e+16,5.620599,5.614586,5.581330
119500,1957888000,3.695390e+16,5.602488,5.611270,5.574880
119600,1959526400,3.698482e+16,5.617265,5.614543,5.577495
119700,1961164800,3.701575e+16,5.636712,5.611256,5.576667
119800,1962803200,3.704667e+16,5.610897,5.613297,5.578735
119900,1964441600,3.707759e+16,5.583941,5.611442,5.575464
120000,1966080000,3.710852e+16,5.597814,5.610536,5.573384
120100,1967718400,3.713944e+16,5.600409,5.608666,5.572572
120200,1969356800,3.717036e+16,5.621128,5.612816,5.577369
120300,1970995200,3.720129e+16,5.608233,5.609711,5.573140
120400,1972633600,3.723221e+16,5.627690,5.608096,5.571360
120500,1974272000,3.726314e+16,5.603594,5.606201,5.571390
120600,1975910400,3.729406e+16,5.605957,5.603968,5.569442
120700,1977548800,3.732498e+16,5.589303,5.598873,5.569869
120800,1979187200,3.735591e+16,5.587397,5.601534,5.569606
120900,1980825600,3.738683e+16,5.576165,5.600490,5.568266
121000,1982464000,3.741776e+16,5.608294,5.600051,5.566775
121100,1984102400,3.744868e+16,5.602912,5.600749,5.567814
121200,1985740800,3.747960e+16,5.608965,5.602618,5.568007
121300,1987379200,3.751053e+16,5.586557,5.598278,5.563672
121400,1989017600,3.754145e+16,5.606556,5.601187,5.567955
121500,1990656000,3.757237e+16,5.609694,5.602282,5.567717
121600,1992294400,3.760330e+16,5.588521,5.599542,5.565015
121700,1993932800,3.763422e+16,5.602115,5.595439,5.563129
121800,1995571200,3.766515e+16,5.586573,5.596544,5.564622
121900,1997209600,3.769607e+16,5.576146,5.592258,5.562401
122000,1998848000,3.772699e+16,5.569110,5.596993,5.565916
122100,2000486400,3.775792e+16,5.589140,5.593962,5.564430
122200,2002124800,3.778884e+16,5.553433,5.593826,5.562015
122300,2003763200,3.781976e+16,5.574763,5.592658,5.561889
122400,2005401600,3.785069e+16,5.590834,5.596019,5.563908
122500,2007040000,3.788161e+16,5.609113,5.597519,5.563599
122600,2008678400,3.791254e+16,5.593446,5.599871,5.563648
122700,2010316800,3.794346e+16,5.597412,5.597366,5.564263
122800,2011955200,3.797438e+16,5.591440,5.594346,5.559455
122900,2013593600,3.800531e+16,5.593298,5.597012,5.562381
123000,2015232000,3.803623e+16,5.577325,5.591143,5.557775
123100,2016870400,3.806715e+16,5.585556,5.592906,5.558051
123200,2018508800,3.809808e+16,5.588673,5.594633,5.560155
123300,2020147200,3.812900e+16,5.580101,5.590517,5.556552
123400,2021785600,3.815993e+16,5.582617,5.591380,5.555844
123500,2023424000,3.819085e+16,5.600658,5.588740,5.556583
123600,2025062400,3.822177e+16,5.573922,5.590414,5.555319
123700,2026700800,3.825270e+16,5.584351,5.592338,5.553699
123800,2028339200,3.828362e+16,5.558084,5.590552,5.555499
123900,2029977600,3.831454e+16,5.571115,5.590590,5.555419
124000,2031616000,3.834547e+16,5.604721,5.589818,5.555074
124100,2033254400,3.837639e+16,5.589265,5.588744,5.555411
124200,2034892800,3.840732e+16,5.581362,5.582593,5.552426
124300,2036531200,3.843824e+16,5.565533,5.581144,5.549883
124400,2038169600,3.846916e+16,5.554957,5.585383,5.548944
124500,2039808000,3.850009e+16,5.568512,5.583565,5.549966
124600,2041446400,3.853101e+16,5.584902,5.583508,5.548342
124700,2043084800,3.856193e+16,5.582645,5.579293,5.544985
124800,2044723200,3.859286e+16,5.565563,5.579809,5.546338
124900,2046361600,3.862378e+16,5.567715,5.580138,5.544241
125000,2048000000,3.865471e+16,5.585369,5.577569,5.544515
125100,2049638400,3.868563e+16,5.577316,5.584654,5.545873
125200,2051276800,3.871655e+16,5.595332,5.581406,5.543949
125300,2052915200,3.874748e+16,5.591759,5.580715,5.543746
125400,2054553600,3.877840e+16,5.587204,5.581642,5.542624
125500,2056192000,3.880932e+16,5.541263,5.588178,5.547914
125600,2057830400,3.884025e+16,5.564103,5.579776,5.542155
125700,2059468800,3.887117e+16,5.538050,5.583004,5.545989
125800,2061107200,3.890210e+16,5.554549,5.584418,5.542460
125900,2062745600,3.893302e+16,5.552496,5.580293,5.541631
126000,2064384000,3.896394e+16,5.570229,5.581018,5.542509
126100,2066022400,3.899487e+16,5.559274,5.574993,5.537177
126200,2067660800,3.902579e+16,5.557548,5.578729,5.540244
126300,2069299200,3.905671e+16,5.550069,5.576101,5.538549
126400,2070937600,3.908764e+16,5.556622,5.575769,5.538110
126500,2072576000,3.911856e+16,5.564396,5.577842,5.536617
126600,2074214400,3.914949e+16,5.555764,5.576067,5.538358
126700,2075852800,3.918041e+16,5.567085,5.573461,5.535524
126800,2077491200,3.921133e+16,5.559751,5.576099,5.536151
126900,2079129600,3.924226e+16,5.573353,5.577307,5.536833
127000,2080768000,3.927318e+16,5.574450,5.578395,5.538076
127100,2082406400,3.930410e+16,5.559733,5.572943,5.532593
127200,2084044800,3.933503e+16,5.565920,5.570390,5.531947
127300,2085683200,3.936595e+16,5.543269,5.573047,5.533139
127400,2087321600,3.939688e+16,5.560119,5.568073,5.529052
127500,2088960000,3.942780e+16,5.562009,5.569230,5.528598
127600,2090598400,3.945872e+16,5.552635,5.563683,5.526577
127700,2092236800,3.948965e+16,5.558814,5.570854,5.528821
127800,2093875200,3.952057e+16,5.554165,5.567285,5.528922
127900,2095513600,3.955149e+16,5.560088,5.562277,5.524283
128000,2097152000,3.958242e+16,5.550607,5.557511,5.524456
128100,2098790400,3.961334e+16,5.550060,5.560132,5.522824
128200,2100428800,3.964427e+16,5.555374,5.560146,5.522170
128300,2102067200,3.967519e+16,5.561279,5.559328,5.521248
128400,2103705600,3.970611e+16,5.539876,5.558635,5.520869
128500,2105344000,3.973704e+16,5.540639,5.557148,5.521664
128600,2106982400,3.976796e+16,5.537823,5.555848,5.519317
128700,2108620800,3.979888e+16,5.543341,5.560251,5.521707
128800,2110259200,3.982981e+16,5.568458,5.556306,5.517182
128900,2111897600,3.986073e+16,5.535069,5.555919,5.518085
129000,2113536000,3.989166e+16,5.553855,5.550347,5.517605
129100,2115174400,3.992258e+16,5.548412,5.545595,5.515859
129200,2116812800,3.995350e+16,5.534010,5.549183,5.517797
129300,2118451200,3.998443e+16,5.548786,5.553722,5.518143
129400,2120089600,4.001535e+16,5.549427,5.545821,5.514253
129500,2121728000,4.004628e+16,5.561074,5.548266,5.513275
129600,2123366400,4.007720e+16,5.540381,5.552028,5.512012
129700,2125004800,4.010812e+16,5.525412,5.547381,5.509131
129800,2126643200,4.013905e+16,5.550355,5.542098,5.508611
129900,2128281600,4.016997e+16,5.531115,5.547066,5.510916
130000,2129920000,4.020089e+16,5.537549,5.546582,5.511658
130100,2131558400,4.023182e+16,5.512088,5.551349,5.514063
130200,2133196800,4.026274e+16,5.531009,5.545212,5.510307
130300,2134835200,4.029367e+16,5.538759,5.551506,5.511911
130400,2136473600,4.032459e+16,5.535545,5.549935,5.510541
130500,2138112000,4.035551e+16,5.536747,5.544095,5.506654
130600,2139750400,4.038644e+16,5.527555,5.544823,5.508293
130700,2141388800,4.041736e+16,5.549875,5.541183,5.504554
130800,2143027200,4.044828e+16,5.535056,5.540950,5.507602
130900,2144665600,4.047921e+16,5.540145,5.540559,5.504071
131000,2146304000,4.051013e+16,5.523271,5.542272,5.504520
131100,2147942400,4.054106e+16,5.530079,5.542880,5.505723
131200,2149580800,4.057198e+16,5.524521,5.541128,5.503798
131300,2151219200,4.060290e+16,5.543716,5.539774,5.504538
131400,2152857600,4.063383e+16,5.532013,5.540039,5.504304
131500,2154496000,4.066475e+16,5.505262,5.536645,5.501227
131600,2156134400,4.069567e+16,5.522229,5.535251,5.503005
131700,2157772800,4.072660e+16,5.527627,5.536809,5.499651
131800,2159411200,4.075752e+16,5.548963,5.538768,5.501706
131900,2161049600,4.078845e+16,5.523418,5.538961,5.500989
132000,2162688000,4.081937e+16,5.525005,5.538182,5.501776
132100,2164326400,4.085029e+16,5.527911,5.541718,5.502427
132200,2165964800,4.088122e+16,5.515643,5.540302,5.500231
132300,2167603200,4.091214e+16,5.509818,5.539912,5.499639
132400,2169241600,4.094306e+16,5.523015,5.537431,5.499748
132500,2170880000,4.097399e+16,5.540325,5.533751,5.496188
132600,2172518400,4.100491e+16,5.536774,5.534576,5.497121
132700,2174156800,4.103584e+16,5.539519,5.534724,5.495658
132800,2175795200,4.106676e+16,5.514868,5.533727,5.492385
132900,2177433600,4.109768e+16,5.532331,5.534295,5.491798
133000,2179072000,4.112861e+16,5.517560,5.530483,5.493431
133100,2180710400,4.115953e+16,5.525849,5.535106,5.495397
133200,2182348800,4.119045e+16,5.517137,5.534094,5.492630
133300,2183987200,4.122138e+16,5.521028,5.530383,5.493049
133400,2185625600,4.125230e+16,5.511498,5.527409,5.489896
133500,2187264000,4.128323e+16,5.526857,5.527775,5.488121
133600,2188902400,4.131415e+16,5.511811,5.529647,5.491312
133700,2190540800,4.134507e+16,5.530449,5.526561,5.488439
133800,2192179200,4.137600e+16,5.522254,5.525200,5.488203
133900,2193817600,4.140692e+16,5.501412,5.528817,5.488035
134000,2195456000,4.143784e+16,5.515132,5.530160,5.489232
134100,2197094400,4.146877e+16,5.518469,5.528819,5.488399
134200,2198732800,4.149969e+16,5.520586,5.526119,5.488912
134300,2200371200,4.153062e+16,5.510293,5.526722,5.487795
134400,2202009600,4.156154e+16,5.516026,5.525237,5.485897
134500,2203648000,4.159246e+16,5.503176,5.522761,5.486236
134600,2205286400,4.162339e+16,5.494898,5.525940,5.486003
134700,2206924800,4.165431e+16,5.490547,5.521697,5.481576
134800,2208563200,4.168523e+16,5.505690,5.525037,5.485679
134900,2210201600,4.171616e+16,5.512805,5.522458,5.480321
135000,2211840000,4.174708e+16,5.527171,5.522931,5.482030
135100,2213478400,4.177801e+16,5.488947,5.528782,5.485613
135200,2215116800,4.180893e+16,5.499902,5.519161,5.479566
135300,2216755200,4.183985e+16,5.494753,5.518438,5.479945
135400,2218393600,4.187078e+16,5.486104,5.518701,5.482797
135500,2220032000,4.190170e+16,5.498107,5.515388,5.481418
135600,2221670400,4.193262e+16,5.506872,5.512751,5.478848
135700,2223308800,4.196355e+16,5.510617,5.518403,5.481852
135800,2224947200,4.199447e+16,5.502023,5.513141,5.475483
135900,2226585600,4.202540e+16,5.532851,5.513140,5.476713
136000,2228224000,4.205632e+16,5.511420,5.516450,5.478895
136100,2229862400,4.208724e+16,5.524364,5.521923,5.481834
136200,2231500800,4.211817e+16,5.486552,5.517194,5.477534
136300,2233139200,4.214909e+16,5.487278,5.519216,5.480207
136400,2234777600,4.218001e+16,5.495916,5.515033,5.477446
136500,2236416000,4.221094e+16,5.496641,5.518769,5.478161
136600,2238054400,4.224186e+16,5.498600,5.516717,5.476591
136700,2239692800,4.227279e+16,5.493407,5.510241,5.473075
136800,2241331200,4.230371e+16,5.486772,5.510331,5.472995
136900,2242969600,4.233463e+16,5.498861,5.516084,5.475067
137000,2244608000,4.236556e+16,5.490828,5.510771,5.468020
137100,2246246400,4.239648e+16,5.504273,5.512525,5.468799
137200,2247884800,4.242740e+16,5.490229,5.511695,5.469757
137300,2249523200,4.245833e+16,5.472965,5.517592,5.473000
137400,2251161600,4.248925e+16,5.474390,5.511887,5.470007
137500,2252800000,4.252018e+16,5.505845,5.510603,5.471387
137600,2254438400,4.255110e+16,5.508601,5.511249,5.469049
137700,2256076800,4.258202e+16,5.508358,5.509563,5.468614
137800,2257715200,4.261295e+16,5.489956,5.503417,5.465487
137900,2259353600,4.264387e+16,5.472024,5.501398,5.464048
138000,2260992000,4.267480e+16,5.477652,5.501044,5.462902
138100,2262630400,4.270572e+16,5.498580,5.498271,5.462585
138200,2264268800,4.273664e+16,5.513645,5.502948,5.465288
138300,2265907200,4.276757e+16,5.507450,5.499624,5.462742
138400,2267545600,4.279849e+16,5.485897,5.499593,5.461872
138500,2269184000,4.282941e+16,5.484849,5.501200,5.462546
138600,2270822400,4.286034e+16,5.511355,5.501524,5.460998
138700,2272460800,4.289126e+16,5.491507,5.496246,5.457806
138800,2274099200,4.292219e+16,5.480433,5.492242,5.457719
138900,2275737600,4.295311e+16,5.493311,5.497362,5.461424
139000,2277376000,4.298403e+16,5.486284,5.502162,5.463338
139100,2279014400,4.301496e+16,5.482781,5.499085,5.459732
139200,2280652800,4.304588e+16,5.476843,5.496936,5.457936
139300,2282291200,4.307680e+16,5.500476,5.498054,5.457537
139400,2283929600,4.310773e+16,5.464695,5.496924,5.459118
139500,2285568000,4.313865e+16,5.480764,5.497322,5.457297
139600,2287206400,4.316958e+16,5.477580,5.495203,5.456918
139700,2288844800,4.320050e+16,5.491486,5.492966,5.456016
139800,2290483200,4.323142e+16,5.487329,5.489388,5.452914
139900,2292121600,4.326235e+16,5.509240,5.495095,5.454990
140000,2293760000,4.329327e+16,5.469992,5.490921,5.451467
140100,2295398400,4.332419e+16,5.498753,5.491073,5.451722
140200,2297036800,4.335512e+16,5.498388,5.490508,5.451944
140300,2298675200,4.338604e+16,5.472039,5.490596,5.452037
140400,2300313600,4.341697e+16,5.493698,5.493128,5.453690
140500,2301952000,4.344789e+16,5.509546,5.490852,5.452269
140600,2303590400,4.347881e+16,5.470942,5.488089,5.451783
140700,2305228800,4.350974e+16,5.476263,5.494538,5.454672
140800,2306867200,4.354066e+16,5.496869,5.491092,5.452522
140900,2308505600,4.357158e+16,5.500772,5.488431,5.450390
141000,2310144000,4.360251e+16,5.479481,5.481887,5.445641
141100,2311782400,4.363343e+16,5.452093,5.486209,5.449635
141200,2313420800,4.366436e+16,5.492413,5.486573,5.448363
141300,2315059200,4.369528e+16,5.468480,5.487047,5.447067
141400,2316697600,4.372620e+16,5.476084,5.484668,5.446209
141500,2318336000,4.375713e+16,5.494246,5.482914,5.447218
141600,2319974400,4.378805e+16,5.475158,5.487557,5.449271
141700,2321612800,4.381897e+16,5.473317,5.482447,5.445777
141800,2323251200,4.384990e+16,5.469117,5.483607,5.444938
141900,2324889600,4.388082e+16,5.486148,5.483195,5.444480
142000,2326528000,4.391175e+16,5.461419,5.481086,5.442514
142100,2328166400,4.394267e+16,5.457089,5.482343,5.441392
142200,2329804800,4.397359e+16,5.470636,5.477660,5.440208
142300,2331443200,4.400452e+16,5.466189,5.478617,5.441488
142400,2333081600,4.403544e+16,5.468265,5.477588,5.440286
142500,2334720000,4.406636e+16,5.465611,5.476629,5.439885
142600,2336358400,4.409729e+16,5.463868,5.475934,5.440328
142700,2337996800,4.412821e+16,5.476748,5.474786,5.438555
142800,2339635200,4.415914e+16,5.462801,5.474007,5.439162
142900,2341273600,4.419006e+16,5.466714,5.472067,5.435972
143000,2342912000,4.422098e+16,5.460049,5.469103,5.434692
143100,2344550400,4.425191e+16,5.479925,5.474824,5.437387
143200,2346188800,4.428283e+16,5.475891,5.471158,5.435460
143300,2347827200,4.431375e+16,5.460699,5.470933,5.434456
143400,2349465600,4.434468e+16,5.468630,5.472897,5.436658
143500,2351104000,4.437560e+16,5.469323,5.474969,5.438636
143600,2352742400,4.440653e+16,5.469730,5.468051,5.431310
143700,2354380800,4.443745e+16,5.468553,5.464758,5.432903
143800,2356019200,4.446837e+16,5.466330,5.467645,5.430973
143900,2357657600,4.449930e+16,5.456356,5.470570,5.431755
144000,2359296000,4.453022e+16,5.468083,5.469691,5.431945
144100,2360934400,4.456114e+16,5.450996,5.466347,5.430585
144200,2362572800,4.459207e+16,5.459685,5.467722,5.430837
144300,2364211200,4.462299e+16,5.458458,5.463578,5.428673
144400,2365849600,4.465392e+16,5.439992,5.469580,5.432181
144500,2367488000,4.468484e+16,5.466331,5.464157,5.429435
144600,2369126400,4.471576e+16,5.458122,5.462318,5.428095
144700,2370764800,4.474669e+16,5.443646,5.461181,5.428855
144800,2372403200,4.477761e+16,5.443016,5.467106,5.432952
144900,2374041600,4.480853e+16,5.461628,5.465151,5.428908
145000,2375680000,4.483946e+16,5.445696,5.465529,5.428736
145100,2377318400,4.487038e+16,5.483641,5.461907,5.428031
145200,2378956800,4.490131e+16,5.451219,5.461529,5.426696
145300,2380595200,4.493223e+16,5.429215,5.461091,5.422860
145400,2382233600,4.496315e+16,5.448130,5.464769,5.425814
145500,2383872000,4.499408e+16,5.447096,5.460403,5.422863
145600,2385510400,4.502500e+16,5.445420,5.463648,5.426998
145700,2387148800,4.505592e+16,5.462947,5.458334,5.423890
145800,2388787200,4.508685e+16,5.454673,5.456982,5.423296
145900,2390425600,4.511777e+16,5.473280,5.461689,5.426273
146000,2392064000,4.514870e+16,5.450825,5.462901,5.427250
146100,2393702400,4.517962e+16,5.441590,5.457950,5.419702
146200,2395340800,4.521054e+16,5.451372,5.460994,5.421063
146300,2396979200,4.524147e+16,5.452755,5.458070,5.421258
146400,2398617600,4.527239e+16,5.432731,5.461206,5.422792
146500,2400256000,4.530332e+16,5.442165,5.461971,5.421343
146600,2401894400,4.533424e+16,5.442654,5.462681,5.421070
146700,2403532800,4.536516e+16,5.435915,5.458940,5.421572
146800,2405171200,4.539609e+16,5.455803,5.453532,5.416062
146900,2406809600,4.542701e+16,5.436406,5.461982,5.417352
147000,2408448000,4.545793e+16,5.437343,5.459031,5.418101
147100,2410086400,4.548886e+16,5.430939,5.457548,5.418510
147200,2411724800,4.551978e+16,5.451620,5.451734,5.414935
147300,2413363200,4.555071e+16,5.451377,5.450723,5.416676
147400,2415001600,4.558163e+16,5.452866,5.453699,5.415258
147500,2416640000,4.561255e+16,5.443631,5.453006,5.415777
147600,2418278400,4.564348e+16,5.455513,5.452389,5.414804
147700,2419916800,4.567440e+16,5.447791,5.453360,5.411925
147800,2421555200,4.570532e+16,5.423021,5.456508,5.416411
147900,2423193600,4.573625e+16,5.448171,5.447438,5.410473
148000,2424832000,4.576717e+16,5.427104,5.451337,5.408837
148100,2426470400,4.579810e+16,5.433324,5.449796,5.411801
148200,2428108800,4.582902e+16,5.432032,5.446963,5.411814
148300,2429747200,4.585994e+16,5.421016,5.451757,5.414871
148400,2431385600,4.589087e+16,5.431327,5.447340,5.408877
148500,2433024000,4.592179e+16,5.439826,5.443913,5.404411
148600,2434662400,4.595271e+16,5.412200,5.447297,5.406588
148700,2436300800,4.598364e+16,5.445455,5.447536,5.407117
148800,2437939200,4.601456e+16,5.424835,5.440456,5.403300
148900,2439577600,4.604549e+16,5.436456,5.442329,5.403671
149000,2441216000,4.607641e+16,5.432116,5.446348,5.406743
149100,2442854400,4.610733e+16,5.440616,5.449608,5.405758
149200,2444492800,4.613826e+16,5.411045,5.442640,5.401265
149300,2446131200,4.616918e+16,5.417277,5.441682,5.401489
149400,2447769600,4.620010e+16,5.412237,5.442603,5.403510
149500,2449408000,4.623103e+16,5.439193,5.437453,5.400847
149600,2451046400,4.626195e+16,5.429811,5.442573,5.402245
149700,2452684800,4.629288e+16,5.414657,5.443164,5.401873
149800,2454323200,4.632380e+16,5.433754,5.439625,5.400526
149900,2455961600,4.635472e+16,5.438468,5.440955,5.402298
150000,2457600000,4.638565e+16,5.443385,5.441308,5.403113
150100,2459238400,4.641657e+16,5.428144,5.445739,5.402164
150200,2460876800,4.644749e+16,5.424391,5.442161,5.399317
150300,2462515200,4.647842e+16,5.440222,5.436583,5.396456
150400,2464153600,4.650934e+16,5.452182,5.443847,5.401314
150500,2465792000,4.654027e+16,5.413678,5.439600,5.397363
150600,2467430400,4.657119e+16,5.414820,5.441061,5.397722
150700,2469068800,4.660211e+16,5.437185,5.437880,5.397569
150800,2470707200,4.663304e+16,5.410362,5.442235,5.399743
150900,2472345600,4.666396e+16,5.416683,5.440047,5.399373
151000,2473984000,4.669488e+16,5.420180,5.439555,5.397817
151100,2475622400,4.672581e+16,5.431083,5.436522,5.396611
151200,2477260800,4.675673e+16,5.432639,5.437475,5.397693
151300,2478899200,4.678766e+16,5.421906,5.432915,5.392380
151400,2480537600,4.681858e+16,5.418509,5.430988,5.391448
151500,2482176000,4.684950e+16,5.428622,5.437442,5.395744
151600,2483814400,4.688043e+16,5.439863,5.434926,5.393064
151700,2485452800,4.691135e+16,5.434515,5.428772,5.389186
151800,2487091200,4.694227e+16,5.436931,5.434047,5.392027
151900,2488729600,4.697320e+16,5.415752,5.430428,5.391348
152000,2490368000,4.700412e+16,5.427625,5.428853,5.389309
152100,2492006400,4.703505e+16,5.412592,5.432175,5.393239
152200,2493644800,4.706597e+16,5.413080,5.433860,5.391140
152300,2495283200,4.709689e+16,5.440975,5.428133,5.388357
152400,2496921600,4.712782e+16,5.437731,5.429106,5.387687
152500,2498560000,4.715874e+16,5.416908,5.421806,5.386115
152600,2500198400,4.718966e+16,5.409492,5.423899,5.383908
152700,2501836800,4.722059e+16,5.392867,5.425744,5.384711
152800,2503475200,4.725151e+16,5.400414,5.426409,5.383923
152900,2505113600,4.728244e+16,5.439182,5.427726,5.385338
153000,2506752000,4.731336e+16,5.416261,5.425066,5.384294
153100,2508390400,4.734428e+16,5.395811,5.424072,5.383494
153200,2510028800,4.737521e+16,5.403560,5.424828,5.383165
153300,2511667200,4.740613e+16,5.422471,5.419877,5.382720
153400,2513305600,4.743705e+16,5.416803,5.424085,5.381107
153500,2514944000,4.746798e+16,5.428615,5.417673,5.378299
153600,2516582400,4.749890e+16,5.424307,5.418636,5.379635
153700,2518220800,4.752983e+16,5.429454,5.422956,5.382026
153800,2519859200,4.756075e+16,5.410728,5.422911,5.382804
153900,2521497600,4.759167e+16,5.410976,5.420068,5.379271
154000,2523136000,4.762260e+16,5.391520,5.417933,5.377954
154100,2524774400,4.765352e+16,5.412666,5.417433,5.377358
154200,2526412800,4.768444e+16,5.394252,5.420116,5.378038
154300,2528051200,4.771537e+16,5.409634,5.419997,5.379723
154400,2529689600,4.774629e+16,5.409126,5.420717,5.378314
154500,2531328000,4.777722e+16,5.420363,5.417386,5.374413
154600,2532966400,4.780814e+16,5.423426,5.412121,5.375238
154700,2534604800,4.783906e+16,5.403342,5.415956,5.375159
154800,2536243200,4.786999e+16,5.414361,5.415567,5.376220
154900,2537881600,4.790091e+16,5.409631,5.413244,5.374726
155000,2539520000,4.793184e+16,5.414190,5.414950,5.376966
155100,2541158400,4.796276e+16,5.406442,5.413807,5.373794
155200,2542796800,4.799368e+16,5.436781,5.412104,5.373515
155300,2544435200,4.802461e+16,5.396626,5.407976,5.371329
155400,2546073600,4.805553e+16,5.401042,5.409351,5.371494
155500,2547712000,4.808645e+16,5.415672,5.410760,5.374859
155600,2549350400,4.811738e+16,5.414716,5.415738,5.378518
155700,2550988800,4.814830e+16,5.402906,5.409645,5.374171
155800,2552627200,4.817923e+16,5.405785,5.407827,5.371742
155900,2554265600,4.821015e+16,5.388761,5.407522,5.372213
156000,2555904000,4.824107e+16,5.402127,5.407500,5.370032
156100,2557542400,4.827200e+16,5.403956,5.406565,5.371237
156200,2559180800,4.830292e+16,5.411273,5.409689,5.373643
156300,2560819200,4.833384e+16,5.404298,5.405595,5.372632
156400,2562457600,4.836477e+16,5.408601,5.409764,5.373121
156500,2564096000,4.839569e+16,5.385056,5.402328,5.368106
156600,2565734400,4.842662e+16,5.402730,5.404266,5.367998
156700,2567372800,4.845754e+16,5.404536,5.404129,5.365026
156800,2569011200,4.848846e+16,5.375054,5.404924,5.369971
156900,2570649600,4.851939e+16,5.388785,5.403513,5.367852
157000,2572288000,4.855031e+16,5.376746,5.405471,5.366893
157100,2573926400,4.858123e+16,5.386451,5.402420,5.367778
157200,2575564800,4.861216e+16,5.382044,5.405401,5.366971
157300,2577203200,4.864308e+16,5.398373,5.404766,5.365444
157400,2578841600,4.867401e+16,5.385474,5.402251,5.364277
157500,2580480000,4.870493e+16,5.386251,5.398752,5.365205
157600,2582118400,4.873585e+16,5.397236,5.403005,5.365353
157700,2583756800,4.876678e+16,5.396683,5.401252,5.364207
157800,2585395200,4.879770e+16,5.403154,5.403030,5.367311
157900,2587033600,4.882862e+16,5.396887,5.401046,5.367898
158000,2588672000,4.885955e+16,5.388142,5.400132,5.365299
158100,2590310400,4.889047e+16,5.388129,5.397306,5.361675
158200,2591948800,4.892140e+16,5.393723,5.399138,5.362900
158300,2593587200,4.895232e+16,5.404548,5.398055,5.362328
158400,2595225600,4.898324e+16,5.400589,5.398078,5.361837
158500,2596864000,4.901417e+16,5.392457,5.392382,5.358012
158600,2598502400,4.904509e+16,5.387922,5.397400,5.360479
158700,2600140800,4.907601e+16,5.382649,5.395022,5.360791
158800,2601779200,4.910694e+16,5.385139,5.397578,5.359661
158900,2603417600,4.913786e+16,5.391597,5.391565,5.357163
159000,2605056000,4.916879e+16,5.412819,5.394590,5.356285
159100,2606694400,4.919971e+16,5.382716,5.391497,5.354948
159200,2608332800,4.923063e+16,5.395624,5.395103,5.357867
159300,2609971200,4.926156e+16,5.395596,5.390419,5.355654
159400,2611609600,4.929248e+16,5.392027,5.387970,5.353886
159500,2613248000,4.932340e+16,5.382107,5.390556,5.354840
159600,2614886400,4.935433e+16,5.391683,5.394924,5.354125
159700,2616524800,4.938525e+16,5.370309,5.389524,5.351506
159800,2618163200,4.941618e+16,5.377969,5.388891,5.353064
159900,2619801600,4.944710e+16,5.389695,5.391204,5.354424
160000,2621440000,4.947802e+16,5.368519,5.384573,5.349246
160100,2623078400,4.950895e+16,5.394610,5.386692,5.352318
160200,2624716800,4.953987e+16,5.401337,5.386852,5.352065
160300,2626355200,4.957079e+16,5.382198,5.389112,5.355304
160400,2627993600,4.960172e+16,5.377015,5.388216,5.353360
160500,2629632000,4.963264e+16,5.380660,5.385874,5.351895
160600,2631270400,4.966357e+16,5.372403,5.387392,5.353150
160700,2632908800,4.969449e+16,5.397416,5.383668,5.350665
160800,2634547200,4.972541e+16,5.383948,5.382958,5.350658
160900,2636185600,4.975634e+16,5.380538,5.382897,5.351583
161000,2637824000,4.978726e+16,5.386919,5.384066,5.350466
161100,2639462400,4.981818e+16,5.369280,5.384156,5.348030
161200,2641100800,4.984911e+16,5.394480,5.380113,5.347589
161300,2642739200,4.988003e+16,5.370222,5.382047,5.349611
161400,2644377600,4.991096e+16,5.378394,5.385743,5.350069
161500,2646016000,4.994188e+16,5.402318,5.383119,5.348011
161600,2647654400,4.997280e+16,5.391901,5.380396,5.346300
161700,2649292800,5.000373e+16,5.375329,5.377445,5.344885
161800,2650931200,5.003465e+16,5.368668,5.383803,5.349136
161900,2652569600,5.006557e+16,5.367620,5.382328,5.346064
162000,2654208000,5.009650e+16,5.370339,5.381593,5.344297
162100,2655846400,5.012742e+16,5.358421,5.378938,5.345925
162200,2657484800,5.015835e+16,5.380143,5.378420,5.345079
162300,2659123200,5.018927e+16,5.348156,5.376579,5.342372
162400,2660761600,5.022019e+16,5.377018,5.384428,5.348516
162500,2662400000,5.025112e+16,5.366790,5.384249,5.346334
162600,2664038400,5.028204e+16,5.391763,5.379763,5.344995
162700,2665676800,5.031296e+16,5.391110,5.380385,5.342425
162800,2667315200,5.034389e+16,5.370651,5.376833,5.343880
162900,2668953600,5.037481e+16,5.355402,5.378773,5.340548
163000,2670592000,5.040574e+16,5.384658,5.380574,5.342082
163100,2672230400,5.043666e+16,5.373199,5.378972,5.341654
163200,2673868800,5.046758e+16,5.384619,5.384040,5.344602
163300,2675507200,5.049851e+16,5.377375,5.378005,5.342024
163400,2677145600,5.052943e+16,5.378428,5.380897,5.343023
163500,2678784000,5.056036e+16,5.348301,5.379731,5.340567
163600,2680422400,5.059128e+16,5.378534,5.376326,5.339455
163700,2682060800,5.062220e+16,5.364527,5.370227,5.337110
163800,2683699200,5.065313e+16,5.350964,5.373428,5.337969
163900,2685337600,5.068405e+16,5.337054,5.376865,5.341982
164000,2686976000,5.071497e+16,5.370672,5.377458,5.340537
164100,2688614400,5.074590e+16,5.375291,5.370982,5.338293
164200,2690252800,5.077682e+16,5.360412,5.374097,5.340072
164300,2691891200,5.080775e+16,5.358099,5.367676,5.333118
164400,2693529600,5.083867e+16,5.359151,5.365624,5.335199
164500,2695168000,5.086959e+16,5.372769,5.369117,5.336062
164600,2696806400,5.090052e+16,5.376779,5.372300,5.337746
164700,2698444800,5.093144e+16,5.364855,5.373792,5.338013
164800,2700083200,5.096236e+16,5.380976,5.370853,5.336099
164900,2701721600,5.099329e+16,5.370723,5.370515,5.338366
165000,2703360000,5.102421e+16,5.372496,5.369658,5.335329
165100,2704998400,5.105514e+16,5.379055,5.366538,5.332874
165200,2706636800,5.108606e+16,5.372666,5.373943,5.334494
165300,2708275200,5.111698e+16,5.365076,5.369841,5.334261
165400,2709913600,5.114791e+16,5.350402,5.373881,5.337122
165500,2711552000,5.117883e+16,5.361944,5.364841,5.330064
165600,2713190400,5.120975e+16,5.355621,5.366715,5.332485
165700,2714828800,5.124068e+16,5.351973,5.366608,5.330732
165800,2716467200,5.127160e+16,5.356156,5.364483,5.331559
165900,2718105600,5.130253e+16,5.353496,5.369782,5.331723
166000,2719744000,5.133345e+16,5.365694,5.365178,5.327718
166100,2721382400,5.136437e+16,5.360311,5.366886,5.329704
166200,2723020800,5.139530e+16,5.365513,5.363454,5.325671
166300,2724659200,5.142622e+16,5.356115,5.364177,5.328601
166400,2726297600,5.145714e+16,5.372051,5.360069,5.321765
166500,2727936000,5.148807e+16,5.363383,5.364720,5.327874
166600,2729574400,5.151899e+16,5.355009,5.360173,5.323112
166700,2731212800,5.154992e+16,5.370584,5.362193,5.326461
166800,2732851200,5.158084e+16,5.356374,5.365423,5.326171
166900,2734489600,5.161176e+16,5.369805,5.364660,5.325679
167000,2736128000,5.164269e+16,5.338349,5.363574,5.323499
167100,2737766400,5.167361e+16,5.367914,5.363796,5.323700
167200,2739404800,5.170453e+16,5.359151,5.360730,5.323172
167300,2741043200,5.173546e+16,5.347431,5.360361,5.321494
167400,2742681600,5.176638e+16,5.369781,5.357449,5.321233
167500,2744320000,5.179731e+16,5.346075,5.360545,5.323873
167600,2745958400,5.182823e+16,5.366701,5.364127,5.323175
167700,2747596800,5.185915e+16,5.329701,5.362931,5.327731
167800,2749235200,5.189008e+16,5.334896,5.360856,5.321833
167900,2750873600,5.192100e+16,5.369514,5.362676,5.323480
168000,2752512000,5.195192e+16,5.343462,5.361613,5.319938
168100,2754150400,5.198285e+16,5.342363,5.361831,5.323928
168200,2755788800,5.201377e+16,5.338001,5.360537,5.321268
168300,2757427200,5.204470e+16,5.341379,5.361408,5.321827
168400,2759065600,5.207562e+16,5.362080,5.358719,5.321534
168500,2760704000,5.210654e+16,5.350863,5.361581,5.322227
168600,2762342400,5.213747e+16,5.330291,5.357057,5.320331
168700,2763980800,5.216839e+16,5.335508,5.352190,5.319992
168800,2765619200,5.219931e+16,5.360463,5.352663,5.316762
168900,2767257600,5.223024e+16,5.354550,5.349844,5.316070
169000,2768896000,5.226116e+16,5.359959,5.349084,5.314392
169100,2770534400,5.229209e+16,5.353002,5.356226,5.318789
169200,2772172800,5.232301e+16,5.354094,5.354426,5.318295
169300,2773811200,5.235393e+16,5.342583,5.351436,5.314793
169400,2775449600,5.238486e+16,5.346267,5.351310,5.315767
169500,2777088000,5.241578e+16,5.370640,5.352460,5.313563
169600,2778726400,5.244670e+16,5.333790,5.347207,5.313796
169700,2780364800,5.247763e+16,5.342348,5.351883,5.314110
169800,2782003200,5.250855e+16,5.347463,5.347120,5.311816
169900,2783641600,5.253948e+16,5.346307,5.353092,5.314923
170000,2785280000,5.257040e+16,5.359626,5.347911,5.310746
170100,2786918400,5.260132e+16,5.358990,5.350836,5.311547
170200,2788556800,5.263225e+16,5.350861,5.351853,5.313248
170300,2790195200,5.266317e+16,5.359251,5.347660,5.310053
170400,2791833600,5.269409e+16,5.353157,5.349696,5.310492
170500,2793472000,5.272502e+16,5.347156,5.347406,5.311769
170600,2795110400,5.275594e+16,5.356237,5.346009,5.308807
170700,2796748800,5.278687e+16,5.329278,5.345955,5.305707
170800,2798387200,5.281779e+16,5.347777,5.344893,5.308248
170900,2800025600,5.284871e+16,5.351665,5.343514,5.306996
171000,2801664000,5.287964e+16,5.338423,5.341769,5.303705
171100,2803302400,5.291056e+16,5.341392,5.341171,5.304595
171200,2804940800,5.294148e+16,5.350908,5.345942,5.306160
171300,2806579200,5.297241e+16,5.336640,5.341044,5.303686
171400,2808217600,5.300333e+16,5.342963,5.340992,5.305046
171500,2809856000,5.303426e+16,5.358544,5.342388,5.306114
171600,2811494400,5.306518e+16,5.334960,5.338938,5.304032
171700,2813132800,5.309610e+16,5.317823,5.335074,5.304240
171800,2814771200,5.312703e+16,5.329375,5.337764,5.304408
171900,2816409600,5.315795e+16,5.316452,5.338921,5.304376
172000,2818048000,5.318887e+16,5.344989,5.341791,5.305585
172100,2819686400,5.321980e+16,5.323975,5.342769,5.303581
172200,2821324800,5.325072e+16,5.325300,5.342225,5.306794
172300,2822963200,5.328165e+16,5.348675,5.338259,5.301969
172400,2824601600,5.331257e+16,5.333364,5.338048,5.301142
172500,2826240000,5.334349e+16,5.333992,5.340574,5.303678
172600,2827878400,5.337442e+16,5.335109,5.338826,5.300204
172700,2829516800,5.340534e+16,5.351422,5.338217,5.299723
172800,2831155200,5.343627e+16,5.339076,5.341326,5.303762
172900,2832793600,5.346719e+16,5.315771,5.331524,5.295545
173000,2834432000,5.349811e+16,5.327147,5.339147,5.302891
173100,2836070400,5.352904e+16,5.317381,5.334880,5.300710
173200,2837708800,5.355996e+16,5.325127,5.337955,5.298858
173300,2839347200,5.359088e+16,5.303594,5.340635,5.299216
173400,2840985600,5.362181e+16,5.291256,5.334963,5.296402
173500,2842624000,5.365273e+16,5.345609,5.334012,5.296767
173600,2844262400,5.368366e+16,5.332916,5.332183,5.294899
173700,2845900800,5.371458e+16,5.329205,5.330818,5.293442
173800,2847539200,5.374550e+16,5.353381,5.332229,5.294531
173900,2849177600,5.377643e+16,5.309925,5.330675,5.294446
174000,2850816000,5.380735e+16,5.333275,5.334801,5.297008
174100,2852454400,5.383827e+16,5.302440,5.329647,5.292945
174200,2854092800,5.386920e+16,5.297346,5.331593,5.295305
174300,2855731200,5.390012e+16,5.335165,5.329874,5.291365
174400,2857369600,5.393105e+16,5.321525,5.331027,5.292396
174500,2859008000,5.396197e+16,5.305787,5.334206,5.294802
174600,2860646400,5.399289e+16,5.301793,5.327376,5.292458
174700,2862284800,5.402382e+16,5.312195,5.320875,5.288413
174800,2863923200,5.405474e+16,5.309546,5.323659,5.292102
174900,2865561600,5.408566e+16,5.322958,5.323143,5.290998
175000,2867200000,5.411659e+16,5.311924,5.325392,5.292493
175100,2868838400,5.414751e+16,5.334015,5.318404,5.288483
175200,2870476800,5.417844e+16,5.331346,5.321170,5.290327
175300,2872115200,5.420936e+16,5.311823,5.319879,5.288288
175400,2873753600,5.424028e+16,5.323897,5.323727,5.290853
175500,2875392000,5.427121e+16,5.335896,5.327960,5.294180
175600,2877030400,5.430213e+16,5.311905,5.324636,5.289456
175700,2878668800,5.433305e+16,5.330561,5.324387,5.289223
175800,2880307200,5.436398e+16,5.354715,5.329474,5.292913
175900,2881945600,5.439490e+16,5.319345,5.330245,5.292571
176000,2883584000,5.442583e+16,5.339735,5.327848,5.291396
176100,2885222400,5.445675e+16,5.308382,5.323651,5.288977
176200,2886860800,5.448767e+16,5.324636,5.318898,5.285030
176300,2888499200,5.451860e+16,5.321696,5.319804,5.285945
176400,2890137600,5.454952e+16,5.304328,5.320678,5.286935
176500,2891776000,5.458044e+16,5.323254,5.319269,5.283126
176600,2893414400,5.461137e+16,5.311288,5.319252,5.282501
176700,2895052800,5.464229e+16,5.319699,5.319811,5.282135
176800,2896691200,5.467322e+16,5.332395,5.317431,5.281731
176900,2898329600,5.470414e+16,5.315187,5.322587,5.282494
177000,2899968000,5.473506e+16,5.307073,5.324808,5.285435
177100,2901606400,5.476599e+16,5.324588,5.321886,5.280902
177200,2903244800,5.479691e+16,5.315822,5.325215,5.280438
177300,2904883200,5.482783e+16,5.309645,5.321514,5.278540
177400,2906521600,5.485876e+16,5.318239,5.326858,5.282811
177500,2908160000,5.488968e+16,5.314492,5.324728,5.283882
177600,2909798400,5.492061e+16,5.331121,5.326645,5.282402
177700,2911436800,5.495153e+16,5.311825,5.319904,5.277865
177800,2913075200,5.498245e+16,5.333539,5.321499,5.280134
177900,2914713600,5.501338e+16,5.315505,5.321498,5.279224
178000,2916352000,5.504430e+16,5.316308,5.317835,5.276172
178100,2917990400,5.507522e+16,5.297043,5.318970,5.276859
178200,2919628800,5.510615e+16,5.295548,5.318832,5.276690
178300,2921267200,5.513707e+16,5.290675,5.317221,5.272895
178400,2922905600,5.516800e+16,5.303840,5.318104,5.276680
178500,2924544000,5.519892e+16,5.308848,5.315901,5.275018
178600,2926182400,5.522984e+16,5.309484,5.313864,5.276902
178700,2927820800,5.526077e+16,5.330506,5.310498,5.273345
178800,2929459200,5.529169e+16,5.314182,5.317853,5.276628
178900,2931097600,5.532261e+16,5.306965,5.316359,5.275128
179000,2932736000,5.535354e+16,5.291447,5.321314,5.277050
179100,2934374400,5.538446e+16,5.300202,5.311796,5.272922
179200,2936012800,5.541539e+16,5.325358,5.310959,5.273672
179300,2937651200,5.544631e+16,5.297166,5.318285,5.278091
179400,2939289600,5.547723e+16,5.324211,5.313653,5.274567
179500,2940928000,5.550816e+16,5.308653,5.314807,5.276113
179600,2942566400,5.553908e+16,5.301114,5.316284,5.277274
179700,2944204800,5.557000e+16,5.323399,5.311089,5.275791
179800,2945843200,5.560093e+16,5.325897,5.306971,5.271487
179900,2947481600,5.563185e+16,5.315106,5.308677,5.276796
180000,2949120000,5.566278e+16,5.334246,5.308477,5.274655
180100,2950758400,5.569370e+16,5.304245,5.306731,5.272643
180200,2952396800,5.572462e+16,5.320473,5.307203,5.272863
180300,2954035200,5.575555e+16,5.292638,5.305320,5.272393
180400,2955673600,5.578647e+16,5.311582,5.306917,5.272306
180500,2957312000,5.581739e+16,5.316948,5.303314,5.270857
180600,2958950400,5.584832e+16,5.295495,5.306817,5.271815
180700,2960588800,5.587924e+16,5.302370,5.307881,5.270878
180800,2962227200,5.591017e+16,5.288319,5.306559,5.268353
180900,2963865600,5.594109e+16,5.315708,5.307246,5.267952
181000,2965504000,5.597201e+16,5.299612,5.302630,5.266108
181100,2967142400,5.600294e+16,5.284576,5.306525,5.269598
181200,2968780800,5.603386e+16,5.301890,5.305571,5.269612
181300,2970419200,5.606479e+16,5.296520,5.302942,5.264121
181400,2972057600,5.609571e+16,5.301489,5.303298,5.265450
181500,2973696000,5.612663e+16,5.305655,5.298785,5.262513
181600,2975334400,5.615756e+16,5.309092,5.303548,5.264395
181700,2976972800,5.618848e+16,5.285136,5.302767,5.266836
181800,2978611200,5.621940e+16,5.298615,5.300717,5.266538
181900,2980249600,5.625033e+16,5.302796,5.303604,5.266024
182000,2981888000,5.628125e+16,5.303979,5.299673,5.264797
182100,2983526400,5.631218e+16,5.303187,5.298510,5.264386
182200,2985164800,5.634310e+16,5.314556,5.296605,5.265001
182300,2986803200,5.637402e+16,5.293354,5.296287,5.262363
182400,2988441600,5.640495e+16,5.288744,5.297937,5.262571
182500,2990080000,5.643587e+16,5.278340,5.292393,5.261432
182600,2991718400,5.646679e+16,5.302083,5.295428,5.262067
182700,2993356800,5.649772e+16,5.297522,5.296601,5.264339
182800,2994995200,5.652864e+16,5.307081,5.296624,5.259791
182900,2996633600,5.655957e+16,5.321077,5.296781,5.261946
183000,2998272000,5.659049e+16,5.323153,5.294403,5.261702
183100,2999910400,5.662141e+16,5.302607,5.293063,5.260100
183200,3001548800,5.665234e+16,5.307459,5.295364,5.264195
183300,3003187200,5.668326e+16,5.323105,5.293377,5.262593
183400,3004825600,5.671418e+16,5.303423,5.297041,5.262946
183500,3006464000,5.674511e+16,5.306067,5.297523,5.263484
183600,3008102400,5.677603e+16,5.309678,5.295561,5.259227
183700,3009740800,5.680696e+16,5.301908,5.297676,5.260531
183800,3011379200,5.683788e+16,5.274209,5.298892,5.261960
183900,3013017600,5.686880e+16,5.294477,5.296489,5.259033
184000,3014656000,5.689973e+16,5.319279,5.295384,5.258944
184100,3016294400,5.693065e+16,5.293838,5.292805,5.257153
184200,3017932800,5.696157e+16,5.302202,5.293870,5.258147
184300,3019571200,5.699250e+16,5.288447,5.289451,5.257965
184400,3021209600,5.702342e+16,5.295462,5.289409,5.256533
184500,3022848000,5.705435e+16,5.317104,5.293409,5.258758
184600,3024486400,5.708527e+16,5.300622,5.292735,5.256921
184700,3026124800,5.711619e+16,5.310898,5.291401,5.254795
184800,3027763200,5.714712e+16,5.287819,5.293333,5.254904
184900,3029401600,5.717804e+16,5.306380,5.288699,5.253659
185000,3031040000,5.720896e+16,5.288660,5.289648,5.254015
185100,3032678400,5.723989e+16,5.301099,5.291268,5.252271
185200,3034316800,5.727081e+16,5.295765,5.289359,5.254517
185300,3035955200,5.730174e+16,5.294671,5.289099,5.254365
185400,3037593600,5.733266e+16,5.268983,5.290449,5.257393
185500,3039232000,5.736358e+16,5.306820,5.287083,5.253670
185600,3040870400,5.739451e+16,5.310854,5.288137,5.254808
185700,3042508800,5.742543e+16,5.292710,5.289182,5.255155
185800,3044147200,5.745635e+16,5.280257,5.287774,5.252836
185900,3045785600,5.748728e+16,5.286345,5.284305,5.250518
186000,3047424000,5.751820e+16,5.289602,5.289003,5.254216
186100,3049062400,5.754913e+16,5.293314,5.293939,5.256026
186200,3050700800,5.758005e+16,5.293829,5.289064,5.252064
186300,3052339200,5.761097e+16,5.279456,5.292017,5.252287
186400,3053977600,5.764190e+16,5.303926,5.291834,5.250438
186500,3055616000,5.767282e+16,5.294004,5.291484,5.250214
186600,3057254400,5.770374e+16,5.307223,5.291625,5.251393
186700,3058892800,5.773467e+16,5.282650,5.287774,5.252066
186800,3060531200,5.776559e+16,5.284631,5.283494,5.247022
186900,3062169600,5.779652e+16,5.275340,5.286067,5.252260
187000,3063808000,5.782744e+16,5.278542,5.284025,5.250857
187100,3065446400,5.785836e+16,5.299668,5.280886,5.247294
187200,3067084800,5.788929e+16,5.277761,5.279087,5.246122
187300,3068723200,5.792021e+16,5.293729,5.283363,5.247906
187400,3070361600,5.795113e+16,5.297971,5.276193,5.244810
187500,3072000000,5.798206e+16,5.287016,5.279116,5.246507
187600,3073638400,5.801298e+16,5.277203,5.276014,5.244741
187700,3075276800,5.804391e+16,5.297005,5.280248,5.247689
187800,3076915200,5.807483e+16,5.284356,5.279299,5.247335
187900,3078553600,5.810575e+16,5.296039,5.279757,5.247236
188000,3080192000,5.813668e+16,5.292235,5.277196,5.242637
188100,3081830400,5.816760e+16,5.286435,5.276000,5.242796
188200,3083468800,5.819852e+16,5.277986,5.275960,5.240693
188300,3085107200,5.822945e+16,5.300079,5.275733,5.243479
188400,3086745600,5.826037e+16,5.304602,5.271004,5.236774
188500,3088384000,5.829130e+16,5.287852,5.276303,5.239692
188600,3090022400,5.832222e+16,5.304902,5.277733,5.240108
188700,3091660800,5.835314e+16,5.276517,5.273543,5.239262
188800,3093299200,5.838407e+16,5.256752,5.276566,5.242416
188900,3094937600,5.841499e+16,5.281812,5.272387,5.240238
189000,3096576000,5.844591e+16,5.296757,5.270769,5.238860
189100,3098214400,5.847684e+16,5.268707,5.273868,5.238177
189200,3099852800,5.850776e+16,5.271082,5.275517,5.239257
189300,3101491200,5.853869e+16,5.260557,5.270274,5.239266
189400,3103129600,5.856961e+16,5.289586,5.270654,5.238891
189500,3104768000,5.860053e+16,5.294787,5.275928,5.237705
189600,3106406400,5.863146e+16,5.283681,5.274247,5.239004
189700,3108044800,5.866238e+16,5.264976,5.272715,5.238594
189800,3109683200,5.869331e+16,5.249172,5.271688,5.236872
189900,3111321600,5.872423e+16,5.286112,5.269339,5.235143
190000,3112960000,5.875515e+16,5.279369,5.269526,5.237155
190100,3114598400,5.878608e+16,5.284579,5.266796,5.233848
190200,3116236800,5.881700e+16,5.266358,5.267701,5.234146
190300,3117875200,5.884792e+16,5.280012,5.268405,5.233650
190400,3119513600,5.887885e+16,5.262850,5.268830,5.233748
190500,3121152000,5.890977e+16,5.256741,5.271162,5.235496
190600,3122790400,5.894070e+16,5.260339,5.270160,5.235711
190700,3124428800,5.897162e+16,5.274106,5.269961,5.234769
190800,3126067200,5.900254e+16,5.286776,5.270370,5.234713
190900,3127705600,5.903347e+16,5.298687,5.263638,5.230323
191000,3129344000,5.906439e+16,5.293799,5.263286,5.230095
191100,3130982400,5.909531e+16,5.284660,5.267519,5.232612
191200,3132620800,5.912624e+16,5.254830,5.268811,5.230971
191300,3134259200,5.915716e+16,5.265625,5.267003,5.232187
191400,3135897600,5.918809e+16,5.257229,5.266068,5.231571
191500,3137536000,5.921901e+16,5.285970,5.262211,5.231107
191600,3139174400,5.924993e+16,5.250018,5.258522,5.231806
191700,3140812800,5.928086e+16,5.266269,5.257415,5.230346
191800,3142451200,5.931178e+16,5.265513,5.261465,5.230096
191900,3144089600,5.934270e+16,5.254275,5.262772,5.230589
192000,3145728000,5.937363e+16,5.250857,5.265066,5.230986
192100,3147366400,5.940455e+16,5.260945,5.265613,5.231242
192200,3149004800,5.943548e+16,5.273254,5.263501,5.232956
192300,3150643200,5.946640e+16,5.292522,5.263057,5.229890
192400,3152281600,5.949732e+16,5.284357,5.260957,5.228713
192500,3153920000,5.952825e+16,5.268010,5.261604,5.229834
192600,3155558400,5.955917e+16,5.263970,5.266047,5.232057
192700,3157196800,5.959009e+16,5.274509,5.264060,5.231218
192800,3158835200,5.962102e+16,5.264349,5.263388,5.228586
192900,3160473600,5.965194e+16,5.257957,5.264883,5.231422
193000,3162112000,5.968287e+16,5.289235,5.260802,5.228869
193100,3163750400,5.971379e+16,5.256783,5.262165,5.226212
193200,3165388800,5.974471e+16,5.254747,5.262685,5.227329
193300,3167027200,5.977564e+16,5.286412,5.258318,5.226279
193400,3168665600,5.980656e+16,5.281058,5.257008,5.226197
193500,3170304000,5.983748e+16,5.255684,5.253755,5.223221
193600,3171942400,5.986841e+16,5.282363,5.256344,5.222626
193700,3173580800,5.989933e+16,5.261252,5.261515,5.225689
193800,3175219200,5.993026e+16,5.259001,5.260774,5.224256
193900,3176857600,5.996118e+16,5.251613,5.257792,5.224411
194000,3178496000,5.999210e+16,5.282085,5.253901,5.220183
194100,3180134400,6.002303e+16,5.288994,5.252631,5.222072
194200,3181772800,6.005395e+16,5.268049,5.258277,5.221522
194300,3183411200,6.008487e+16,5.259951,5.256416,5.223429
194400,3185049600,6.011580e+16,5.257584,5.261006,5.224011
194500,3186688000,6.014672e+16,5.270966,5.257105,5.222918
194600,3188326400,6.017765e+16,5.246331,5.254610,5.221748
194700,3189964800,6.020857e+16,5.244238,5.254629,5.222106
194800,3191603200,6.023949e+16,5.285997,5.254477,5.220794
194900,3193241600,6.027042e+16,5.265644,5.254033,5.220188
195000,3194880000,6.030134e+16,5.255103,5.254290,5.219371
195100,3196518400,6.033226e+16,5.244616,5.253528,5.219043
195200,3198156800,6.036319e+16,5.252921,5.252653,5.218957
195300,3199795200,6.039411e+16,5.250779,5.253898,5.222181
195400,3201433600,6.042504e+16,5.260934,5.253809,5.218700
195500,3203072000,6.045596e+16,5.255821,5.249891,5.218849
195600,3204710400,6.048688e+16,5.257400,5.249146,5.218996
195700,3206348800,6.051781e+16,5.249681,5.254194,5.222283
195800,3207987200,6.054873e+16,5.246894,5.250130,5.219690
195900,3209625600,6.057965e+16,5.266998,5.247341,5.218743
196000,3211264000,6.061058e+16,5.240155,5.256620,5.225618
196100,3212902400,6.064150e+16,5.255338,5.251996,5.218441
196200,3214540800,6.067243e+16,5.272443,5.251449,5.219137
196300,3216179200,6.070335e+16,5.245910,5.255156,5.222964
196400,3217817600,6.073427e+16,5.252155,5.247961,5.218758
196500,3219456000,6.076520e+16,5.280987,5.247488,5.219878
196600,3221094400,6.079612e+16,5.285735,5.245464,5.217002
196700,3222732800,6.082704e+16,5.260631,5.250063,5.218172
196800,3224371200,6.085797e+16,5.293492,5.247851,5.218232
196900,3226009600,6.088889e+16,5.245543,5.244502,5.214619
197000,3227648000,6.091982e+16,5.250228,5.243627,5.217482
197100,3229286400,6.095074e+16,5.233870,5.244112,5.217698
197200,3230924800,6.098166e+16,5.242198,5.242013,5.212230
197300,3232563200,6.101259e+16,5.237146,5.243807,5.215449
197400,3234201600,6.104351e+16,5.275063,5.246161,5.215930
197500,3235840000,6.107443e+16,5.262829,5.246465,5.215542
197600,3237478400,6.110536e+16,5.264404,5.246958,5.219167
197700,3239116800,6.113628e+16,5.242797,5.247851,5.217653
197800,3240755200,6.116721e+16,5.237309,5.242688,5.215083
197900,3242393600,6.119813e+16,5.235182,5.245839,5.216299
198000,3244032000,6.122905e+16,5.252500,5.250272,5.217885
198100,3245670400,6.125998e+16,5.254462,5.241949,5.214396
198200,3247308800,6.129090e+16,5.267504,5.243138,5.214668
198300,3248947200,6.132183e+16,5.255571,5.245209,5.214634
198400,3250585600,6.135275e+16,5.232288,5.243835,5.213645
198500,3252224000,6.138367e+16,5.239126,5.243894,5.211898
198600,3253862400,6.141460e+16,5.263476,5.245079,5.212463
198700,3255500800,6.144552e+16,5.216276,5.243036,5.211227
198800,3257139200,6.147644e+16,5.261355,5.245377,5.212756
198900,3258777600,6.150737e+16,5.261005,5.246043,5.212145
199000,3260416000,6.153829e+16,5.244734,5.246001,5.212048
199100,3262054400,6.156922e+16,5.239710,5.244234,5.211408
199200,3263692800,6.160014e+16,5.237260,5.240591,5.210744
199300,3265331200,6.163106e+16,5.249350,5.242133,5.211148
199400,3266969600,6.166199e+16,5.250092,5.243518,5.212657
199500,3268608000,6.169291e+16,5.264026,5.246478,5.213008
199600,3270246400,6.172383e+16,5.240062,5.245651,5.209754
199700,3271884800,6.175476e+16,5.242460,5.248468,5.214525
199800,3273523200,6.178568e+16,5.237994,5.246117,5.211624
199900,3275161600,6.181661e+16,5.263104,5.249238,5.214540
200000,3276800000,6.184753e+16,5.245092,5.245372,5.212092
200100,3278438400,6.187845e+16,5.253198,5.241309,5.212759
200200,3280076800,6.190938e+16,5.243542,5.242587,5.211522
200300,3281715200,6.194030e+16,5.237346,5.244292,5.211988
200400,3283353600,6.197122e+16,5.245535,5.241595,5.212211
200500,3284992000,6.200215e+16,5.273842,5.240525,5.207514
200600,3286630400,6.203307e+16,5.270754,5.241082,5.208248
200700,3288268800,6.206400e+16,5.242128,5.238063,5.208723
200800,3289907200,6.209492e+16,5.236984,5.238436,5.209153
200900,3291545600,6.212584e+16,5.227592,5.235776,5.206077
201000,3293184000,6.215677e+16,5.218283,5.239010,5.207282
201100,3294822400,6.218769e+16,5.255239,5.240375,5.208760
201200,3296460800,6.221861e+16,5.219705,5.244998,5.208629
201300,3298099200,6.224954e+16,5.237625,5.242466,5.208510
201400,3299737600,6.228046e+16,5.251155,5.239747,5.205707
201500,3301376000,6.231139e+16,5.258027,5.243055,5.209593
201600,3303014400,6.234231e+16,5.232053,5.239709,5.206188
201700,3304652800,6.237323e+16,5.248504,5.238902,5.204841
201800,3306291200,6.240416e+16,5.245896,5.241625,5.206554
201900,3307929600,6.243508e+16,5.227333,5.240628,5.205427
202000,3309568000,6.246600e+16,5.221570,5.241213,5.206246
202100,3311206400,6.249693e+16,5.239230,5.241070,5.208242
202200,3312844800,6.252785e+16,5.224412,5.240564,5.207253
202300,3314483200,6.255878e+16,5.229248,5.246828,5.210558
202400,3316121600,6.258970e+16,5.229854,5.241539,5.208074
202500,3317760000,6.262062e+16,5.224978,5.238340,5.206444
202600,3319398400,6.265155e+16,5.226007,5.241911,5.209391
202700,3321036800,6.268247e+16,5.245595,5.239150,5.206786
202800,3322675200,6.271339e+16,5.237876,5.238272,5.206096
202900,3324313600,6.274432e+16,5.226930,5.238207,5.206249
203000,3325952000,6.277524e+16,5.221484,5.240932,5.207056
203100,3327590400,6.280617e+16,5.232433,5.236773,5.203305
203200,3329228800,6.283709e+16,5.206153,5.238330,5.204148
203300,3330867200,6.286801e+16,5.237674,5.233398,5.201308
203400,3332505600,6.289894e+16,5.246227,5.237593,5.201669
203500,3334144000,6.292986e+16,5.234289,5.239643,5.204854
203600,3335782400,6.296078e+16,5.230371,5.234488,5.200495
203700,3337420800,6.299171e+16,5.244784,5.232015,5.198606
203800,3339059200,6.302263e+16,5.228960,5.233786,5.200785
203900,3340697600,6.305356e+16,5.225933,5.233069,5.201443
204000,3342336000,6.308448e+16,5.221120,5.232011,5.199517
204100,3343974400,6.311540e+16,5.241172,5.232832,5.198012
204200,3345612800,6.314633e+16,5.223608,5.236547,5.200580
204300,3347251200,6.317725e+16,5.234206,5.232169,5.199084
204400,3348889600,6.320817e+16,5.249618,5.231962,5.195711
204500,3350528000,6.323910e+16,5.243598,5.231901,5.197309
204600,3352166400,6.327002e+16,5.232549,5.238089,5.201876
204700,3353804800,6.330095e+16,5.235469,5.238307,5.199121
204800,3355443200,6.333187e+16,5.206538,5.233071,5.196384
204900,3357081600,6.336279e+16,5.238899,5.234182,5.198151
205000,3358720000,6.339372e+16,5.225965,5.238420,5.199505
205100,3360358400,6.342464e+16,5.227884,5.231248,5.196875
205200,3361996800,6.345556e+16,5.243193,5.230835,5.197206
205300,3363635200,6.348649e+16,5.241029,5.231833,5.197459
205400,3365273600,6.351741e+16,5.245009,5.231257,5.197632
205500,3366912000,6.354834e+16,5.232494,5.231621,5.197205
205600,3368550400,6.357926e+16,5.239199,5.232620,5.197373
205700,3370188800,6.361018e+16,5.243954,5.230098,5.194722
205800,3371827200,6.364111e+16,5.256492,5.229158,5.194352
205900,3373465600,6.367203e+16,5.221573,5.228510,5.194643
206000,3375104000,6.370295e+16,5.232142,5.229355,5.194371
206100,3376742400,6.373388e+16,5.231331,5.232640,5.194909
206200,3378380800,6.376480e+16,5.213990,5.228807,5.194796
206300,3380019200,6.379573e+16,5.232942,5.221021,5.192030
206400,3381657600,6.382665e+16,5.206867,5.221272,5.191582
206500,3383296000,6.385757e+16,5.236061,5.221050,5.189153
206600,3384934400,6.388850e+16,5.232869,5.224427,5.192147
206700,3386572800,6.391942e+16,5.231523,5.226265,5.192943
206800,3388211200,6.395035e+16,5.223590,5.225910,5.189116
206900,3389849600,6.398127e+16,5.230302,5.223719,5.189459
207000,3391488000,6.401219e+16,5.230279,5.226688,5.189936
207100,3393126400,6.404312e+16,5.215804,5.225417,5.190456
207200,3394764800,6.407404e+16,5.229844,5.223871,5.188527
207300,3396403200,6.410496e+16,5.220070,5.226250,5.187397
207400,3398041600,6.413589e+16,5.230075,5.229075,5.191216
207500,3399680000,6.416681e+16,5.223019,5.225733,5.190755
207600,3401318400,6.419774e+16,5.221032,5.225760,5.192787
207700,3402956800,6.422866e+16,5.226940,5.224728,5.191450
207800,3404595200,6.425958e+16,5.244578,5.227172,5.193256
207900,3406233600,6.429051e+16,5.229506,5.222287,5.189358
208000,3407872000,6.432143e+16,5.217573,5.225277,5.191402
208100,3409510400,6.435235e+16,5.223581,5.224577,5.189937
208200,3411148800,6.438328e+16,5.220468,5.218151,5.185662
208300,3412787200,6.441420e+16,5.237885,5.219628,5.188607
208400,3414425600,6.444513e+16,5.212878,5.220892,5.188935
208500,3416064000,6.447605e+16,5.222156,5.218932,5.185611
208600,3417702400,6.450697e+16,5.219611,5.224045,5.186073
208700,3419340800,6.453790e+16,5.204755,5.223208,5.187533
208800,3420979200,6.456882e+16,5.228829,5.221607,5.185013
208900,3422617600,6.459974e+16,5.261075,5.226758,5.186857
209000,3424256000,6.463067e+16,5.236009,5.224569,5.187022
209100,3425894400,6.466159e+16,5.248188,5.221051,5.185172
209200,3427532800,6.469252e+16,5.224966,5.219470,5.184772
209300,3429171200,6.472344e+16,5.228103,5.217411,5.183588
209400,3430809600,6.475436e+16,5.223583,5.219636,5.184829
209500,3432448000,6.478529e+16,5.206469,5.221710,5.185232
209600,3434086400,6.481621e+16,5.201248,5.223713,5.188431
209700,3435724800,6.484713e+16,5.215271,5.217229,5.183336
209800,3437363200,6.487806e+16,5.225303,5.225826,5.186430
209900,3439001600,6.490898e+16,5.229206,5.226025,5.184622
210000,3440640000,6.493991e+16,5.233348,5.216708,5.178928
210100,3442278400,6.497083e+16,5.226871,5.218137,5.181100
210200,3443916800,6.500175e+16,5.214467,5.218361,5.180408
210300,3445555200,6.503268e+16,5.235547,5.220374,5.184744
210400,3447193600,6.506360e+16,5.220691,5.215374,5.180544
210500,3448832000,6.509452e+16,5.213963,5.219523,5.181363
210600,3450470400,6.512545e+16,5.211345,5.220091,5.184751
210700,3452108800,6.515637e+16,5.224433,5.219209,5.181662
210800,3453747200,6.518730e+16,5.221968,5.215248,5.178668
210900,3455385600,6.521822e+16,5.216611,5.212282,5.178152
211000,3457024000,6.524914e+16,5.213966,5.216233,5.179921
211100,3458662400,6.528007e+16,5.211396,5.214434,5.178269
211200,3460300800,6.531099e+16,5.201236,5.213457,5.177845
211300,3461939200,6.534191e+16,5.208950,5.215720,5.178945
211400,3463577600,6.537284e+16,5.213779,5.218099,5.180992
211500,3465216000,6.540376e+16,5.226563,5.215078,5.176388
211600,3466854400,6.543469e+16,5.218274,5.217011,5.178339
211700,3468492800,6.546561e+16,5.210102,5.220505,5.180173
211800,3470131200,6.549653e+16,5.221249,5.215458,5.175906
211900,3471769600,6.552746e+16,5.207598,5.210715,5.176104
212000,3473408000,6.555838e+16,5.226920,5.213319,5.179356
212100,3475046400,6.558930e+16,5.183971,5.215314,5.180050
212200,3476684800,6.562023e+16,5.207329,5.215248,5.178652
212300,3478323200,6.565115e+16,5.205324,5.210100,5.175503
212400,3479961600,6.568208e+16,5.233646,5.215123,5.177197
212500,3481600000,6.571300e+16,5.216156,5.211942,5.176788
212600,3483238400,6.574392e+16,5.201544,5.208226,5.173047
212700,3484876800,6.577485e+16,5.190929,5.211584,5.174498
212800,3486515200,6.580577e+16,5.211968,5.217617,5.178759
212900,3488153600,6.583669e+16,5.213794,5.214477,5.176740
213000,3489792000,6.586762e+16,5.205435,5.215485,5.178252
213100,3491430400,6.589854e+16,5.211299,5.212041,5.174991
213200,3493068800,6.592947e+16,5.230096,5.212206,5.176330
213300,3494707200,6.596039e+16,5.200610,5.209612,5.176468
213400,3496345600,6.599131e+16,5.223693,5.212820,5.177556
213500,3497984000,6.602224e+16,5.206235,5.205834,5.174093
213600,3499622400,6.605316e+16,5.215464,5.207415,5.173031
213700,3501260800,6.608408e+16,5.221320,5.208491,5.175479
213800,3502899200,6.611501e+16,5.213065,5.208301,5.174516
213900,3504537600,6.614593e+16,5.210947,5.207257,5.171763
214000,3506176000,6.617686e+16,5.219587,5.211662,5.174018
214100,3507814400,6.620778e+16,5.196741,5.209395,5.173463
214200,3509452800,6.623870e+16,5.217456,5.208871,5.173043
214300,3511091200,6.626963e+16,5.213270,5.205888,5.172505
214400,3512729600,6.630055e+16,5.209116,5.210523,5.173408
214500,3514368000,6.633147e+16,5.234406,5.209788,5.173026
214600,3516006400,6.636240e+16,5.222634,5.211404,5.174027
214700,3517644800,6.639332e+16,5.211551,5.207574,5.172562
214800,3519283200,6.642425e+16,5.195136,5.205426,5.169310
214900,3520921600,6.645517e+16,5.206893,5.207389,5.170315
215000,3522560000,6.648609e+16,5.193912,5.210246,5.173395
215100,3524198400,6.651702e+16,5.203894,5.206812,5.173633
215200,3525836800,6.654794e+16,5.205935,5.205832,5.170581
215300,3527475200,6.657887e+16,5.222164,5.203439,5.170136
215400,3529113600,6.660979e+16,5.227589,5.210414,5.175073
215500,3530752000,6.664071e+16,5.187117,5.206028,5.172191
215600,3532390400,6.667164e+16,5.199411,5.205234,5.170572
215700,3534028800,6.670256e+16,5.216043,5.207003,5.171050
215800,3535667200,6.673348e+16,5.210713,5.204662,5.167575
215900,3537305600,6.676441e+16,5.214292,5.206817,5.168178
216000,3538944000,6.679533e+16,5.203497,5.204066,5.165923
216100,3540582400,6.682626e+16,5.203847,5.208155,5.168674
216200,3542220800,6.685718e+16,5.224675,5.203209,5.167414
216300,3543859200,6.688810e+16,5.205835,5.200453,5.167745
216400,3545497600,6.691903e+16,5.208973,5.203886,5.168386
216500,3547136000,6.694995e+16,5.191843,5.200664,5.164848
216600,3548774400,6.698087e+16,5.224857,5.203103,5.167871
216700,3550412800,6.701180e+16,5.206861,5.203649,5.168760
216800,3552051200,6.704272e+16,5.202587,5.201848,5.167372
216900,3553689600,6.707365e+16,5.215204,5.201395,5.167093
217000,3555328000,6.710457e+16,5.213372,5.206314,5.170725
217100,3556966400,6.713549e+16,5.185842,5.202045,5.167178
217200,3558604800,6.716642e+16,5.202939,5.202686,5.166433
217300,3560243200,6.719734e+16,5.182413,5.197280,5.163426
217400,3561881600,6.722826e+16,5.196923,5.200604,5.165554
217500,3563520000,6.725919e+16,5.189201,5.202642,5.164852
217600,3565158400,6.729011e+16,5.191334,5.200158,5.166089
217700,3566796800,6.732104e+16,5.204720,5.200028,5.166013
217800,3568435200,6.735196e+16,5.218047,5.199493,5.166046
217900,3570073600,6.738288e+16,5.220019,5.197385,5.164315
218000,3571712000,6.741381e+16,5.198046,5.200606,5.165848
218100,3573350400,6.744473e+16,5.203302,5.198101,5.165112
218200,3574988800,6.747565e+16,5.184944,5.197890,5.160665
218300,3576627200,6.750658e+16,5.199699,5.194090,5.163284
218400,3578265600,6.753750e+16,5.174544,5.198014,5.165054
218500,3579904000,6.756843e+16,5.202405,5.190385,5.159435
218600,3581542400,6.759935e+16,5.206195,5.195682,5.163603
218700,3583180800,6.763027e+16,5.225324,5.190214,5.160191
218800,3584819200,6.766120e+16,5.185750,5.190003,5.159630
218900,3586457600,6.769212e+16,5.178931,5.194583,5.163163
219000,3588096000,6.772304e+16,5.180514,5.196382,5.161499
219100,3589734400,6.775397e+16,5.201915,5.192906,5.157908
219200,3591372800,6.778489e+16,5.194987,5.194419,5.158815
219300,3593011200,6.781582e+16,5.219200,5.192326,5.155385
219400,3594649600,6.784674e+16,5.206841,5.189081,5.157237
219500,3596288000,6.787766e+16,5.191100,5.191418,5.159846
219600,3597926400,6.790859e+16,5.190561,5.191017,5.158672
219700,3599564800,6.793951e+16,5.191767,5.191954,5.155712
219800,3601203200,6.797043e+16,5.205770,5.189836,5.156705
219900,3602841600,6.800136e+16,5.201938,5.193403,5.159414
220000,3604480000,6.803228e+16,5.192740,5.190280,5.157326
220100,3606118400,6.806321e+16,5.196293,5.192355,5.158620
220200,3607756800,6.809413e+16,5.195372,5.195328,5.159926
220300,3609395200,6.812505e+16,5.189795,5.191025,5.159028
220400,3611033600,6.815598e+16,5.217032,5.189451,5.156104
220500,3612672000,6.818690e+16,5.200578,5.186890,5.153751
220600,3614310400,6.821782e+16,5.201622,5.189861,5.155588
220700,3615948800,6.824875e+16,5.184072,5.189464,5.153787
220800,3617587200,6.827967e+16,5.186500,5.194497,5.160017
220900,3619225600,6.831060e+16,5.191292,5.193296,5.157029
221000,3620864000,6.834152e+16,5.178712,5.191598,5.158120
221100,3622502400,6.837244e+16,5.192369,5.188194,5.155126
221200,3624140800,6.840337e+16,5.197394,5.189995,5.154250
221300,3625779200,6.843429e+16,5.183794,5.184403,5.153608
221400,3627417600,6.846521e+16,5.171356,5.188185,5.155873
221500,3629056000,6.849614e+16,5.186992,5.189275,5.157725
221600,3630694400,6.852706e+16,5.190543,5.187516,5.155969
221700,3632332800,6.855799e+16,5.178588,5.183443,5.152893
221800,3633971200,6.858891e+16,5.196033,5.186839,5.153416
221900,3635609600,6.861983e+16,5.172380,5.183902,5.151738
222000,3637248000,6.865076e+16,5.195642,5.181897,5.152329
222100,3638886400,6.868168e+16,5.192356,5.181119,5.150955
222200,3640524800,6.871260e+16,5.176084,5.183024,5.152182
222300,3642163200,6.874353e+16,5.202799,5.184005,5.152942
222400,3643801600,6.877445e+16,5.184175,5.182059,5.154545
222500,3645440000,6.880538e+16,5.195285,5.184071,5.153501
222600,3647078400,6.883630e+16,5.206478,5.181089,5.153371
222700,3648716800,6.886722e+16,5.186007,5.187424,5.156077
222800,3650355200,6.889815e+16,5.185243,5.184065,5.153280
222900,3651993600,6.892907e+16,5.186523,5.185903,5.156290
223000,3653632000,6.895999e+16,5.179078,5.186041,5.155496
223100,3655270400,6.899092e+16,5.190526,5.183589,5.154269
223200,3656908800,6.902184e+16,5.206229,5.185241,5.157326
223300,3658547200,6.905277e+16,5.208070,5.187588,5.155757
223400,3660185600,6.908369e+16,5.173409,5.183010,5.153432
223500,3661824000,6.911461e+16,5.183768,5.182178,5.149775
223600,3663462400,6.914554e+16,5.189341,5.183252,5.151857
223700,3665100800,6.917646e+16,5.207473,5.181418,5.151196
223800,3666739200,6.920739e+16,5.175382,5.183607,5.151801
223900,3668377600,6.923831e+16,5.216433,5.184324,5.153383
224000,3670016000,6.926923e+16,5.195222,5.183420,5.151679
224100,3671654400,6.930016e+16,5.194002,5.186300,5.153629
224200,3673292800,6.933108e+16,5.199328,5.182929,5.151187
224300,3674931200,6.936200e+16,5.185486,5.185819,5.149740
224400,3676569600,6.939293e+16,5.178847,5.183463,5.151801
224500,3678208000,6.942385e+16,5.197348,5.180502,5.150440
224600,3679846400,6.945478e+16,5.179045,5.178652,5.147815
224700,3681484800,6.948570e+16,5.195100,5.182453,5.149599
224800,3683123200,6.951662e+16,5.202439,5.183975,5.150332
224900,3684761600,6.954755e+16,5.174444,5.187158,5.152381
225000,3686400000,6.957847e+16,5.209708,5.179107,5.146966
225100,3688038400,6.960939e+16,5.187037,5.177618,5.146967
225200,3689676800,6.964032e+16,5.196269,5.185950,5.152446
225300,3691315200,6.967124e+16,5.194670,5.185242,5.150559
225400,3692953600,6.970217e+16,5.196945,5.180789,5.149398
225500,3694592000,6.973309e+16,5.193273,5.180574,5.148662
225600,3696230400,6.976401e+16,5.183194,5.185247,5.149750
225700,3697868800,6.979494e+16,5.166953,5.178709,5.146158
225800,3699507200,6.982586e+16,5.207347,5.175149,5.146638
225900,3701145600,6.985678e+16,5.177008,5.176882,5.148588
226000,3702784000,6.988771e+16,5.197846,5.176993,5.146523
226100,3704422400,6.991863e+16,5.185034,5.179167,5.147501
226200,3706060800,6.994956e+16,5.180527,5.183114,5.149872
226300,3707699200,6.998048e+16,5.195845,5.178070,5.148006
226400,3709337600,7.001140e+16,5.183164,5.174493,5.146428
226500,3710976000,7.004233e+16,5.150734,5.174172,5.145662
226600,3712614400,7.007325e+16,5.175457,5.174338,5.143819
226700,3714252800,7.010417e+16,5.191407,5.172822,5.143832
226800,3715891200,7.013510e+16,5.178279,5.172576,5.144106
226900,3717529600,7.016602e+16,5.173160,5.172173,5.142304
227000,3719168000,7.019695e+16,5.220935,5.174954,5.143834
227100,3720806400,7.022787e+16,5.187086,5.172214,5.141801
227200,3722444800,7.025879e+16,5.177236,5.173018,5.142456
227300,3724083200,7.028972e+16,5.199775,5.169723,5.142468
227400,3725721600,7.032064e+16,5.191851,5.171801,5.142491
227500,3727360000,7.035156e+16,5.207747,5.174417,5.144200
227600,3728998400,7.038249e+16,5.170475,5.174748,5.142586
227700,3730636800,7.041341e+16,5.180892,5.175280,5.142433
227800,3732275200,7.044434e+16,5.205919,5.171645,5.141282
227900,3733913600,7.047526e+16,5.180007,5.176111,5.140507
228000,3735552000,7.050618e+16,5.206347,5.173507,5.138868
228100,3737190400,7.053711e+16,5.190825,5.176098,5.141573
228200,3738828800,7.056803e+16,5.153842,5.173669,5.139860
228300,3740467200,7.059895e+16,5.186093,5.178008,5.139868
228400,3742105600,7.062988e+16,5.160235,5.175819,5.138958
228500,3743744000,7.066080e+16,5.193746,5.176143,5.136725
228600,3745382400,7.069173e+16,5.154769,5.177220,5.138615
228700,3747020800,7.072265e+16,5.177094,5.172078,5.138429
228800,3748659200,7.075357e+16,5.186027,5.171414,5.137111
228900,3750297600,7.078450e+16,5.183800,5.175252,5.138420
229000,3751936000,7.081542e+16,5.183856,5.172755,5.137330
229100,3753574400,7.084634e+16,5.172124,5.178509,5.139711
229200,3755212800,7.087727e+16,5.182353,5.173903,5.138614
229300,3756851200,7.090819e+16,5.152797,5.179803,5.141031
229400,3758489600,7.093912e+16,5.181161,5.168552,5.134775
229500,3760128000,7.097004e+16,5.174909,5.172800,5.138283
229600,3761766400,7.100096e+16,5.193032,5.172159,5.138250
229700,3763404800,7.103189e+16,5.157801,5.170706,5.136423
229800,3765043200,7.106281e+16,5.170958,5.173848,5.138003
229900,3766681600,7.109373e+16,5.167727,5.173537,5.137573
230000,3768320000,7.112466e+16,5.174486,5.168736,5.134894
230100,3769958400,7.115558e+16,5.174503,5.170815,5.133630
230200,3771596800,7.118651e+16,5.158687,5.172378,5.133513
230300,3773235200,7.121743e+16,5.161264,5.167496,5.134766
230400,3774873600,7.124835e+16,5.173178,5.170898,5.135391
230500,3776512000,7.127928e+16,5.186561,5.168414,5.134646
230600,3778150400,7.131020e+16,5.199235,5.168581,5.134093
230700,3779788800,7.134112e+16,5.159391,5.164319,5.133294
230800,3781427200,7.137205e+16,5.172478,5.166531,5.133727
230900,3783065600,7.140297e+16,5.161413,5.163154,5.131689
231000,3784704000,7.143390e+16,5.157979,5.169906,5.133758
231100,3786342400,7.146482e+16,5.182458,5.164813,5.131326
231200,3787980800,7.149574e+16,5.179086,5.168234,5.133585
231300,3789619200,7.152667e+16,5.159389,5.166079,5.131731
231400,3791257600,7.155759e+16,5.173369,5.167623,5.132373
231500,3792896000,7.158851e+16,5.191167,5.166111,5.133029
231600,3794534400,7.161944e+16,5.160033,5.170741,5.133480
231700,3796172800,7.165036e+16,5.194685,5.166495,5.133738
231800,3797811200,7.168129e+16,5.166794,5.169063,5.135799
231900,3799449600,7.171221e+16,5.167758,5.168510,5.134590
232000,3801088000,7.174313e+16,5.180200,5.166485,5.133355
232100,3802726400,7.177406e+16,5.196981,5.170608,5.136021
232200,3804364800,7.180498e+16,5.170284,5.170008,5.134743
232300,3806003200,7.183591e+16,5.162771,5.167783,5.133312
232400,3807641600,7.186683e+16,5.205040,5.167640,5.134616
232500,3809280000,7.189775e+16,5.169567,5.163778,5.130737
232600,3810918400,7.192868e+16,5.161238,5.166677,5.132297
232700,3812556800,7.195960e+16,5.146587,5.164516,5.128286
232800,3814195200,7.199052e+16,5.165824,5.164008,5.128818
232900,3815833600,7.202145e+16,5.159602,5.167256,5.129454
233000,3817472000,7.205237e+16,5.160757,5.167491,5.129614
233100,3819110400,7.208330e+16,5.176526,5.169850,5.130848
233200,3820748800,7.211422e+16,5.164339,5.159292,5.126574
233300,3822387200,7.214514e+16,5.172242,5.162259,5.128376
233400,3824025600,7.217607e+16,5.163619,5.162430,5.128290
233500,3825664000,7.220699e+16,5.162742,5.160396,5.126489
233600,3827302400,7.223791e+16,5.154957,5.162580,5.128402
233700,3828940800,7.226884e+16,5.161059,5.161969,5.129788
233800,3830579200,7.229976e+16,5.181950,5.166763,5.128377
233900,3832217600,7.233069e+16,5.160775,5.164015,5.127987
234000,3833856000,7.236161e+16,5.172897,5.162640,5.128011
234100,3835494400,7.239253e+16,5.165910,5.163510,5.127534
234200,3837132800,7.242346e+16,5.167510,5.167053,5.127312
234300,3838771200,7.245438e+16,5.150822,5.165215,5.127626
234400,3840409600,7.248530e+16,5.165607,5.164844,5.126658
234500,3842048000,7.251623e+16,5.177019,5.164908,5.128269
234600,3843686400,7.254715e+16,5.172853,5.165829,5.129278
234700,3845324800,7.257808e+16,5.177056,5.166337,5.129728
234800,3846963200,7.260900e+16,5.156457,5.163076,5.126231
234900,3848601600,7.263992e+16,5.149768,5.163301,5.126699
235000,3850240000,7.267085e+16,5.153996,5.162296,5.127626
235100,3851878400,7.270177e+16,5.175762,5.165954,5.128710
235200,3853516800,7.273269e+16,5.167360,5.171022,5.129313
235300,3855155200,7.276362e+16,5.148328,5.167061,5.127912
235400,3856793600,7.279454e+16,5.142120,5.164818,5.123779
235500,3858432000,7.282547e+16,5.174346,5.168574,5.126826
235600,3860070400,7.285639e+16,5.185192,5.166869,5.126717
235700,3861708800,7.288731e+16,5.186490,5.169072,5.128851
235800,3863347200,7.291824e+16,5.162289,5.167577,5.125271
235900,3864985600,7.294916e+16,5.174580,5.166616,5.125852
236000,3866624000,7.298008e+16,5.150500,5.168200,5.127688
236100,3868262400,7.301101e+16,5.150358,5.169362,5.125547
236200,3869900800,7.304193e+16,5.159989,5.169145,5.128417
236300,3871539200,7.307286e+16,5.167912,5.166824,5.126442
236400,3873177600,7.310378e+16,5.171051,5.164371,5.125930
236500,3874816000,7.313470e+16,5.153076,5.165446,5.126700
236600,3876454400,7.316563e+16,5.143191,5.163205,5.124762
236700,3878092800,7.319655e+16,5.169245,5.161957,5.122603
236800,3879731200,7.322747e+16,5.139928,5.162207,5.123740
236900,3881369600,7.325840e+16,5.159720,5.157257,5.121503
237000,3883008000,7.328932e+16,5.141421,5.158644,5.121941
237100,3884646400,7.332025e+16,5.160210,5.160516,5.125207
237200,3886284800,7.335117e+16,5.153101,5.158452,5.122267
237300,3887923200,7.338209e+16,5.175134,5.159078,5.124336
237400,3889561600,7.341302e+16,5.150022,5.157833,5.122680
237500,3891200000,7.344394e+16,5.154190,5.155506,5.120679
237600,3892838400,7.347486e+16,5.159003,5.154723,5.119568
237700,3894476800,7.350579e+16,5.152000,5.151514,5.121458
237800,3896115200,7.353671e+16,5.166849,5.153576,5.121064
237900,3897753600,7.356764e+16,5.153360,5.154009,5.119673
238000,3899392000,7.359856e+16,5.143234,5.161822,5.123402
238100,3901030400,7.362948e+16,5.172429,5.158688,5.120277
238200,3902668800,7.366041e+16,5.154575,5.153047,5.119282
238300,3904307200,7.369133e+16,5.165694,5.151509,5.116662
238400,3905945600,7.372225e+16,5.158216,5.154027,5.118340
238500,3907584000,7.375318e+16,5.153686,5.153760,5.120099
238600,3909222400,7.378410e+16,5.164889,5.150676,5.118199
238700,3910860800,7.381503e+16,5.165368,5.153576,5.118681
238800,3912499200,7.384595e+16,5.138059,5.153065,5.117813
238900,3914137600,7.387687e+16,5.179317,5.152635,5.119824
239000,3915776000,7.390780e+16,5.155710,5.152410,5.115859
239100,3917414400,7.393872e+16,5.141932,5.149792,5.114726
239200,3919052800,7.396964e+16,5.149307,5.151091,5.114530
239300,3920691200,7.400057e+16,5.157408,5.153614,5.118389
239400,3922329600,7.403149e+16,5.137155,5.150815,5.116457
239500,3923968000,7.406242e+16,5.173491,5.150068,5.115612
239600,3925606400,7.409334e+16,5.152253,5.152658,5.117979
239700,3927244800,7.412426e+16,5.156882,5.150446,5.113789
239800,3928883200,7.415519e+16,5.129684,5.153137,5.113606
239900,3930521600,7.418611e+16,5.135641,5.152292,5.114942
240000,3932160000,7.421703e+16,5.167709,5.157078,5.118316
240100,3933798400,7.424796e+16,5.175680,5.153497,5.115593
240200,3935436800,7.427888e+16,5.155473,5.149250,5.113414
240300,3937075200,7.430981e+16,5.138772,5.148233,5.110602
240400,3938713600,7.434073e+16,5.136750,5.147345,5.111920
240500,3940352000,7.437165e+16,5.168344,5.143454,5.111553
240600,3941990400,7.440258e+16,5.171964,5.147536,5.114014
240700,3943628800,7.443350e+16,5.166174,5.146349,5.113976
240800,3945267200,7.446442e+16,5.150455,5.146967,5.114725
240900,3946905600,7.449535e+16,5.155982,5.150236,5.114962
241000,3948544000,7.452627e+16,5.162720,5.149200,5.112599
241100,3950182400,7.455720e+16,5.170820,5.151331,5.115557
241200,3951820800,7.458812e+16,5.173305,5.147678,5.112825
241300,3953459200,7.461904e+16,5.179349,5.152378,5.112583
241400,3955097600,7.464997e+16,5.171574,5.148560,5.110759
241500,3956736000,7.468089e+16,5.153116,5.152797,5.112224
241600,3958374400,7.471182e+16,5.167111,5.150211,5.108759
241700,3960012800,7.474274e+16,5.149806,5.148193,5.110546
241800,3961651200,7.477366e+16,5.158265,5.145818,5.108678
241900,3963289600,7.480459e+16,5.141260,5.148391,5.112552
242000,3964928000,7.483551e+16,5.147045,5.145398,5.110485
242100,3966566400,7.486643e+16,5.119015,5.149033,5.112104
242200,3968204800,7.489736e+16,5.148183,5.143536,5.108226
242300,3969843200,7.492828e+16,5.133794,5.142008,5.108305
242400,3971481600,7.495921e+16,5.167016,5.145119,5.106237
242500,3973120000,7.499013e+16,5.131853,5.143169,5.107035
242600,3974758400,7.502105e+16,5.145866,5.144710,5.107581
242700,3976396800,7.505198e+16,5.141042,5.144525,5.108007
242800,3978035200,7.508290e+16,5.148792,5.148500,5.110579
242900,3979673600,7.511382e+16,5.165250,5.144873,5.108743
243000,3981312000,7.514475e+16,5.168405,5.144208,5.113105
243100,3982950400,7.517567e+16,5.159803,5.144482,5.110660
243200,3984588800,7.520660e+16,5.146740,5.144022,5.109372
243300,3986227200,7.523752e+16,5.155598,5.147933,5.113455
243400,3987865600,7.526844e+16,5.160666,5.143036,5.109043
243500,3989504000,7.529937e+16,5.155365,5.145620,5.110608
243600,3991142400,7.533029e+16,5.167708,5.143841,5.109128
243700,3992780800,7.536121e+16,5.169556,5.143625,5.108001
243800,3994419200,7.539214e+16,5.162649,5.144555,5.108473
243900,3996057600,7.542306e+16,5.171813,5.148321,5.111397
244000,3997696000,7.545399e+16,5.147295,5.146549,5.107700
244100,3999334400,7.548491e+16,5.149076,5.144553,5.108633
244200,4000972800,7.551583e+16,5.162918,5.145259,5.108855
244300,4002611200,7.554676e+16,5.141332,5.145435,5.107078
244400,4004249600,7.557768e+16,5.138033,5.137964,5.104583
244500,4005888000,7.560860e+16,5.141272,5.142751,5.109165
244600,4007526400,7.563953e+16,5.161875,5.139125,5.105989
244700,4009164800,7.567045e+16,5.153813,5.139502,5.105879
244800,4010803200,7.570138e+16,5.136150,5.143205,5.108425
244900,4012441600,7.573230e+16,5.129009,5.138369,5.105395
245000,4014080000,7.576322e+16,5.142916,5.136564,5.104827
245100,4015718400,7.579415e+16,5.139933,5.139328,5.105301
245200,4017356800,7.582507e+16,5.155209,5.140416,5.106378
245300,4018995200,7.585599e+16,5.141613,5.139051,5.106799
245400,4020633600,7.588692e+16,5.137979,5.138969,5.104614
245500,4022272000,7.591784e+16,5.140733,5.142103,5.105857
245600,4023910400,7.594877e+16,5.147359,5.136532,5.102591
245700,4025548800,7.597969e+16,5.130172,5.136980,5.102335
245800,4027187200,7.601061e+16,5.145068,5.135042,5.101690
245900,4028825600,7.604154e+16,5.138249,5.138834,5.104166
246000,4030464000,7.607246e+16,5.138819,5.140875,5.102895
246100,4032102400,7.610338e+16,5.156706,5.141235,5.103473
246200,4033740800,7.613431e+16,5.125483,5.144693,5.106729
246300,4035379200,7.616523e+16,5.132653,5.140207,5.102460
246400,4037017600,7.619616e+16,5.179998,5.138436,5.102565
246500,4038656000,7.622708e+16,5.163028,5.138471,5.100104
246600,4040294400,7.625800e+16,5.131743,5.139292,5.100830
246700,4041932800,7.628893e+16,5.143363,5.138807,5.102718
246800,4043571200,7.631985e+16,5.141766,5.136632,5.103022
246900,4045209600,7.635077e+16,5.151573,5.140931,5.104912
247000,4046848000,7.638170e+16,5.140627,5.139835,5.103587
247100,4048486400,7.641262e+16,5.151038,5.133130,5.100569
247200,4050124800,7.644355e+16,5.133698,5.132344,5.099382
247300,4051763200,7.647447e+16,5.147726,5.131853,5.100869
247400,4053401600,7.650539e+16,5.136070,5.131557,5.099918
247500,4055040000,7.653632e+16,5.134275,5.131639,5.097785
247600,4056678400,7.656724e+16,5.149759,5.134044,5.102691
247700,4058316800,7.659816e+16,5.132193,5.133403,5.097833
247800,4059955200,7.662909e+16,5.122849,5.133128,5.098081
247900,4061593600,7.666001e+16,5.123429,5.130105,5.096897
248000,4063232000,7.669094e+16,5.124748,5.133406,5.101150
248100,4064870400,7.672186e+16,5.140769,5.135657,5.102213
248200,4066508800,7.675278e+16,5.132362,5.133131,5.099236
248300,4068147200,7.678371e+16,5.147940,5.132247,5.099317
248400,4069785600,7.681463e+16,5.143704,5.130087,5.096509
248500,4071424000,7.684555e+16,5.146426,5.132198,5.096231
248600,4073062400,7.687648e+16,5.118805,5.133220,5.099787
248700,4074700800,7.690740e+16,5.132294,5.130672,5.096815
248800,4076339200,7.693833e+16,5.149722,5.126091,5.094029
248900,4077977600,7.696925e+16,5.146353,5.130145,5.095035
249000,4079616000,7.700017e+16,5.125610,5.126383,5.091144
249100,4081254400,7.703110e+16,5.122094,5.127748,5.093932
249200,4082892800,7.706202e+16,5.152312,5.128778,5.096734
249300,4084531200,7.709294e+16,5.141820,5.123299,5.093445
249400,4086169600,7.712387e+16,5.144326,5.124878,5.093369
249500,4087808000,7.715479e+16,5.136864,5.127306,5.096615
249600,4089446400,7.718572e+16,5.126029,5.123858,5.095021
249700,4091084800,7.721664e+16,5.109055,5.123080,5.093523
249800,4092723200,7.724756e+16,5.139635,5.121981,5.092275
249900,4094361600,7.727849e+16,5.134937,5.120256,5.093251
250000,4096000000,7.730941e+16,5.157985,5.127806,5.096781
250100,4097638400,7.734034e+16,5.143228,5.126599,5.096854
250200,4099276800,7.737126e+16,5.132433,5.127205,5.096498
250300,4100915200,7.740218e+16,5.146511,5.125433,5.095581
250400,4102553600,7.743311e+16,5.116501,5.126094,5.096125
250500,4104192000,7.746403e+16,5.141082,5.124864,5.094727
250600,4105830400,7.749495e+16,5.144830,5.122888,5.094715
250700,4107468800,7.752588e+16,5.144384,5.123445,5.094983
250800,4109107200,7.755680e+16,5.139758,5.124798,5.094589
250900,4110745600,7.758773e+16,5.137370,5.121390,5.094367
251000,4112384000,7.761865e+16,5.136792,5.125559,5.094247
251100,4114022400,7.764957e+16,5.116612,5.126132,5.094857
251200,4115660800,7.768050e+16,5.117489,5.124907,5.093579
251300,4117299200,7.771142e+16,5.146031,5.123119,5.093075
251400,4118937600,7.774234e+16,5.143899,5.128797,5.094966
251500,4120576000,7.777327e+16,5.144614,5.125733,5.093143
251600,4122214400,7.780419e+16,5.122934,5.126572,5.091096
251700,4123852800,7.783512e+16,5.111398,5.130583,5.094800
251800,4125491200,7.786604e+16,5.121627,5.126379,5.089440
251900,4127129600,7.789696e+16,5.126539,5.126438,5.088454
252000,4128768000,7.792789e+16,5.118887,5.124765,5.089711
252100,4130406400,7.795881e+16,5.116907,5.125355,5.088783
252200,4132044800,7.798973e+16,5.135380,5.124669,5.090059
252300,4133683200,7.802066e+16,5.134626,5.122540,5.087926
252400,4135321600,7.805158e+16,5.139491,5.124395,5.089886
252500,4136960000,7.808251e+16,5.151133,5.122858,5.090121
252600,4138598400,7.811343e+16,5.123682,5.119836,5.088066
252700,4140236800,7.814435e+16,5.112050,5.125035,5.091186
252800,4141875200,7.817528e+16,5.142407,5.124816,5.089981
252900,4143513600,7.820620e+16,5.131709,5.118498,5.087007
253000,4145152000,7.823712e+16,5.123466,5.116616,5.086528
253100,4146790400,7.826805e+16,5.114200,5.119934,5.088903
253200,4148428800,7.829897e+16,5.133914,5.120529,5.086364
253300,4150067200,7.832990e+16,5.124796,5.119287,5.086764
253400,4151705600,7.836082e+16,5.121513,5.118556,5.085897
253500,4153344000,7.839174e+16,5.105185,5.113996,5.082914
253600,4154982400,7.842267e+16,5.119525,5.121383,5.088591
253700,4156620800,7.845359e+16,5.123025,5.119120,5.089276
253800,4158259200,7.848451e+16,5.134989,5.122124,5.091653
253900,4159897600,7.851544e+16,5.129518,5.119915,5.089741
254000,4161536000,7.854636e+16,5.124908,5.112627,5.086953
254100,4163174400,7.857729e+16,5.139199,5.117487,5.089021
254200,4164812800,7.860821e+16,5.119058,5.118405,5.089447
254300,4166451200,7.863913e+16,5.148842,5.115160,5.086130
254400,4168089600,7.867006e+16,5.141601,5.114792,5.086276
254500,4169728000,7.870098e+16,5.125773,5.117751,5.088377
254600,4171366400,7.873190e+16,5.103105,5.116097,5.085379
254700,4173004800,7.876283e+16,5.138914,5.121575,5.088525
254800,4174643200,7.879375e+16,5.134979,5.116938,5.085310
254900,4176281600,7.882468e+16,5.127603,5.120406,5.087829
255000,4177920000,7.885560e+16,5.138039,5.117697,5.086503
255100,4179558400,7.888652e+16,5.124962,5.117804,5.087308
255200,4181196800,7.891745e+16,5.106992,5.117686,5.086454
255300,4182835200,7.894837e+16,5.147330,5.115927,5.087936
255400,4184473600,7.897929e+16,5.124583,5.118607,5.086996
255500,4186112000,7.901022e+16,5.119962,5.119391,5.086069
255600,4187750400,7.904114e+16,5.118011,5.122001,5.087476
255700,4189388800,7.907207e+16,5.115354,5.119481,5.086059
255800,4191027200,7.910299e+16,5.127318,5.117649,5.083944
255900,4192665600,7.913391e+16,5.137943,5.116929,5.083534
256000,4194304000,7.916484e+16,5.130941,5.115300,5.084633
256100,4195942400,7.919576e+16,5.146854,5.114209,5.083888
256200,4197580800,7.922668e+16,5.127377,5.116004,5.084119
256300,4199219200,7.925761e+16,5.122375,5.112892,5.084370
256400,4200857600,7.928853e+16,5.146841,5.114271,5.084826
256500,4202496000,7.931946e+16,5.147939,5.116270,5.084920
256600,4204134400,7.935038e+16,5.125510,5.119228,5.085859
256700,4205772800,7.938130e+16,5.105794,5.117909,5.086652
256800,4207411200,7.941223e+16,5.121311,5.119507,5.087493
256900,4209049600,7.944315e+16,5.087288,5.115307,5.086516
257000,4210688000,7.947407e+16,5.136391,5.115525,5.083649
257100,4212326400,7.950500e+16,5.124197,5.115276,5.083148
257200,4213964800,7.953592e+16,5.119650,5.115027,5.082776
257300,4215603200,7.956685e+16,5.146430,5.110899,5.079926
257400,4217241600,7.959777e+16,5.128390,5.113965,5.084508
257500,4218880000,7.962869e+16,5.110756,5.114859,5.083197
257600,4220518400,7.965962e+16,5.123207,5.116941,5.085468
257700,4222156800,7.969054e+16,5.118979,5.113740,5.083192
257800,4223795200,7.972146e+16,5.113271,5.116179,5.082831
257900,4225433600,7.975239e+16,5.126317,5.114039,5.083264
258000,4227072000,7.978331e+16,5.115677,5.116318,5.082889
258100,4228710400,7.981424e+16,5.135779,5.114325,5.082205
258200,4230348800,7.984516e+16,5.136385,5.115974,5.082474
258300,4231987200,7.987608e+16,5.135552,5.113440,5.082337
258400,4233625600,7.990701e+16,5.094227,5.110038,5.077992
258500,4235264000,7.993793e+16,5.135488,5.112221,5.080036
258600,4236902400,7.996886e+16,5.137225,5.112139,5.079972
258700,4238540800,7.999978e+16,5.111327,5.113281,5.079518
258800,4240179200,8.003070e+16,5.104945,5.110895,5.077927
258900,4241817600,8.006163e+16,5.124131,5.115262,5.080840
259000,4243456000,8.009255e+16,5.144340,5.114829,5.080922
259100,4245094400,8.012347e+16,5.126399,5.114986,5.081115
259200,4246732800,8.015440e+16,5.105042,5.115931,5.079604
259300,4248371200,8.018532e+16,5.114335,5.113029,5.080505
259400,4250009600,8.021625e+16,5.113967,5.113395,5.078552
259500,4251648000,8.024717e+16,5.106623,5.117100,5.081487
259600,4253286400,8.027809e+16,5.135749,5.118840,5.079523
259700,4254924800,8.030902e+16,5.107873,5.117685,5.081472
259800,4256563200,8.033994e+16,5.101327,5.119618,5.081387
259900,4258201600,8.037086e+16,5.104597,5.117451,5.077795
260000,4259840000,8.040179e+16,5.102470,5.115532,5.078028
260100,4261478400,8.043271e+16,5.105639,5.115436,5.080427
260200,4263116800,8.046364e+16,5.121561,5.115131,5.079280
260300,4264755200,8.049456e+16,5.113349,5.114869,5.078378
260400,4266393600,8.052548e+16,5.094166,5.114336,5.078845
260500,4268032000,8.055641e+16,5.119337,5.112215,5.080006
260600,4269670400,8.058733e+16,5.102969,5.109339,5.078324
260700,4271308800,8.061825e+16,5.110483,5.112598,5.076835
260800,4272947200,8.064918e+16,5.111413,5.113242,5.078216
260900,4274585600,8.068010e+16,5.123867,5.111277,5.076387
261000,4276224000,8.071103e+16,5.101080,5.113601,5.076857
261100,4277862400,8.074195e+16,5.126994,5.111823,5.075947
261200,4279500800,8.077287e+16,5.125779,5.112634,5.076439
261300,4281139200,8.080380e+16,5.109410,5.107932,5.075823
261400,4282777600,8.083472e+16,5.102674,5.108193,5.075809
261500,4284416000,8.086564e+16,5.114517,5.109499,5.075076
261600,4286054400,8.089657e+16,5.114995,5.108808,5.075059
261700,4287692800,8.092749e+16,5.095862,5.111833,5.076403
261800,4289331200,8.095842e+16,5.105852,5.109688,5.077225
261900,4290969600,8.098934e+16,5.121137,5.110001,5.075773
262000,4292608000,8.102026e+16,5.106782,5.106335,5.075161
262100,4294246400,8.105119e+16,5.097330,5.106243,5.073837
262200,4295884800,8.108211e+16,5.104396,5.107965,5.073277
262300,4297523200,8.111303e+16,5.096671,5.107222,5.073514
262400,4299161600,8.114396e+16,5.123306,5.111714,5.072571
262500,4300800000,8.117488e+16,5.113313,5.113037,5.072914
262600,4302438400,8.120581e+16,5.110526,5.114901,5.074344
262700,4304076800,8.123673e+16,5.105731,5.114834,5.073747
262800,4305715200,8.126765e+16,5.134777,5.116957,5.075346
262900,4307353600,8.129858e+16,5.112228,5.111309,5.075307
263000,4308992000,8.132950e+16,5.128875,5.113293,5.077307
263100,4310630400,8.136042e+16,5.115195,5.112093,5.076276
263200,4312268800,8.139135e+16,5.110002,5.110922,5.076262
263300,4313907200,8.142227e+16,5.116320,5.106970,5.073816
263400,4315545600,8.145320e+16,5.100809,5.108236,5.072929
263500,4317184000,8.148412e+16,5.104681,5.110089,5.073057
263600,4318822400,8.151504e+16,5.084917,5.112702,5.072515
263700,4320460800,8.154597e+16,5.125959,5.110331,5.072512
263800,4322099200,8.157689e+16,5.118144,5.108070,5.070013
263900,4323737600,8.160781e+16,5.110124,5.107384,5.070424
264000,4325376000,8.163874e+16,5.114506,5.109253,5.069269
264100,4327014400,8.166966e+16,5.101120,5.112150,5.071168
264200,4328652800,8.170059e+16,5.105553,5.108215,5.067385
264300,4330291200,8.173151e+16,5.089061,5.108236,5.067582
264400,4331929600,8.176243e+16,5.104160,5.106617,5.068671
264500,4333568000,8.179336e+16,5.126649,5.104134,5.065806
264600,4335206400,8.182428e+16,5.110229,5.107115,5.068005
264700,4336844800,8.185520e+16,5.101044,5.104279,5.068097
264800,4338483200,8.188613e+16,5.101435,5.104441,5.068194
264900,4340121600,8.191705e+16,5.116017,5.104049,5.067117
265000,4341760000,8.194798e+16,5.122760,5.106910,5.067559
265100,4343398400,8.197890e+16,5.113296,5.105612,5.066749
265200,4345036800,8.200982e+16,5.118865,5.103383,5.067975
265300,4346675200,8.204075e+16,5.101351,5.103574,5.065344
265400,4348313600,8.207167e+16,5.111483,5.100331,5.063491
265500,4349952000,8.210259e+16,5.110546,5.103038,5.064929
265600,4351590400,8.213352e+16,5.126287,5.105302,5.064793
265700,4353228800,8.216444e+16,5.082041,5.103014,5.063216
265800,4354867200,8.219537e+16,5.112889,5.108732,5.067766
265900,4356505600,8.222629e+16,5.109622,5.110335,5.069443
266000,4358144000,8.225721e+16,5.095520,5.110410,5.069998
266100,4359782400,8.228814e+16,5.105208,5.108412,5.066717
266200,4361420800,8.231906e+16,5.129475,5.107144,5.067057
266300,4363059200,8.234998e+16,5.118737,5.110605,5.068582
266400,4364697600,8.238091e+16,5.094068,5.107653,5.067079
266500,4366336000,8.241183e+16,5.110712,5.107661,5.066195
266600,4367974400,8.244276e+16,5.107105,5.106244,5.065196
266700,4369612800,8.247368e+16,5.120133,5.107025,5.064268
266800,4371251200,8.250460e+16,5.087726,5.100885,5.063826
266900,4372889600,8.253553e+16,5.080676,5.099407,5.064926
267000,4374528000,8.256645e+16,5.113206,5.100063,5.063057
267100,4376166400,8.259738e+16,5.086266,5.099530,5.063205
267200,4377804800,8.262830e+16,5.104531,5.097742,5.064445
267300,4379443200,8.265922e+16,5.109820,5.101060,5.063179
267400,4381081600,8.269015e+16,5.104240,5.100020,5.063310
267500,4382720000,8.272107e+16,5.095517,5.097905,5.060615
267600,4384358400,8.275199e+16,5.082509,5.100374,5.062651
267700,4385996800,8.278292e+16,5.094922,5.098364,5.060287
267800,4387635200,8.281384e+16,5.077473,5.101622,5.063426
267900,4389273600,8.284477e+16,5.089550,5.101036,5.062981
268000,4390912000,8.287569e+16,5.075830,5.100655,5.064513
268100,4392550400,8.290661e+16,5.101585,5.101564,5.064316
268200,4394188800,8.293754e+16,5.093801,5.101798,5.065035
268300,4395827200,8.296846e+16,5.087659,5.097938,5.062235
268400,4397465600,8.299938e+16,5.121657,5.097020,5.059817
268500,4399104000,8.303031e+16,5.089359,5.096178,5.061058
268600,4400742400,8.306123e+16,5.109943,5.094107,5.059746
268700,4402380800,8.309216e+16,5.111013,5.094515,5.060739
268800,4404019200,8.312308e+16,5.088200,5.097763,5.063253
268900,4405657600,8.315400e+16,5.086292,5.098151,5.062788
269000,4407296000,8.318493e+16,5.114499,5.094978,5.061745
269100,4408934400,8.321585e+16,5.117046,5.095628,5.062060
269200,4410572800,8.324677e+16,5.117437,5.093666,5.059618
269300,4412211200,8.327770e+16,5.111656,5.094515,5.060596
269400,4413849600,8.330862e+16,5.102642,5.096948,5.061159
269500,4415488000,8.333955e+16,5.117895,5.097813,5.061767
269600,4417126400,8.337047e+16,5.091004,5.093940,5.058619
269700,4418764800,8.340139e+16,5.100292,5.095033,5.057980
269800,4420403200,8.343232e+16,5.093622,5.095948,5.058388
269900,4422041600,8.346324e+16,5.091105,5.093711,5.058083
270000,4423680000,8.349416e+16,5.096369,5.096871,5.058219
270100,4425318400,8.352509e+16,5.120034,5.096462,5.057558
270200,4426956800,8.355601e+16,5.082154,5.093832,5.057362
270300,4428595200,8.358694e+16,5.072169,5.094418,5.058289
270400,4430233600,8.361786e+16,5.089208,5.095153,5.059510
270500,4431872000,8.364878e+16,5.106218,5.095051,5.058128
270600,4433510400,8.367971e+16,5.090825,5.096179,5.058684
270700,4435148800,8.371063e+16,5.090015,5.097044,5.056649
270800,4436787200,8.374155e+16,5.089622,5.099596,5.058913
270900,4438425600,8.377248e+16,5.097671,5.093996,5.055564
271000,4440064000,8.380340e+16,5.087315,5.094127,5.056146
271100,4441702400,8.383433e+16,5.093899,5.094209,5.055820
271200,4443340800,8.386525e+16,5.085612,5.095566,5.057223
271300,4444979200,8.389617e+16,5.104655,5.093759,5.056055
271400,4446617600,8.392710e+16,5.105606,5.094335,5.055752
271500,4448256000,8.395802e+16,5.094993,5.094140,5.055319
271600,4449894400,8.398894e+16,5.089496,5.091850,5.053320
271700,4451532800,8.401987e+16,5.099617,5.092095,5.054873
271800,4453171200,8.405079e+16,5.110453,5.093152,5.054131
271900,4454809600,8.408172e+16,5.092392,5.093811,5.055062
272000,4456448000,8.411264e+16,5.105851,5.089152,5.054587
272100,4458086400,8.414356e+16,5.099114,5.089263,5.052704
272200,4459724800,8.417449e+16,5.106379,5.092204,5.055136
272300,4461363200,8.420541e+16,5.085360,5.091776,5.054610
272400,4463001600,8.423633e+16,5.089370,5.092352,5.054129
272500,4464640000,8.426726e+16,5.085158,5.091575,5.054592
272600,4466278400,8.429818e+16,5.095835,5.087562,5.051840
272700,4467916800,8.432911e+16,5.080151,5.092262,5.052269
272800,4469555200,8.436003e+16,5.074249,5.089870,5.051170
272900,4471193600,8.439095e+16,5.105866,5.088609,5.052543
273000,4472832000,8.442188e+16,5.104318,5.087642,5.052582
273100,4474470400,8.445280e+16,5.085944,5.088673,5.051510
273200,4476108800,8.448372e+16,5.098156,5.089513,5.050591
273300,4477747200,8.451465e+16,5.108475,5.086155,5.050806
273400,4479385600,8.454557e+16,5.083657,5.084726,5.049282
273500,4481024000,8.457650e+16,5.083543,5.089117,5.052401
273600,4482662400,8.460742e+16,5.086100,5.089281,5.050466
273700,4484300800,8.463834e+16,5.084254,5.091183,5.053034
273800,4485939200,8.466927e+16,5.080143,5.085909,5.048882
273900,4487577600,8.470019e+16,5.085045,5.089344,5.048850
274000,4489216000,8.473111e+16,5.085959,5.086885,5.046282
274100,4490854400,8.476204e+16,5.082959,5.089705,5.046652
274200,4492492800,8.479296e+16,5.099913,5.089070,5.047952
274300,4494131200,8.482389e+16,5.097598,5.087597,5.047619
274400,4495769600,8.485481e+16,5.088671,5.088642,5.048799
274500,4497408000,8.488573e+16,5.066801,5.087457,5.049275
274600,4499046400,8.491666e+16,5.074981,5.085835,5.049441
274700,4500684800,8.494758e+16,5.090745,5.089268,5.048869
274800,4502323200,8.497850e+16,5.089151,5.090541,5.049532
274900,4503961600,8.500943e+16,5.105655,5.089577,5.051093
275000,4505600000,8.504035e+16,5.101778,5.089835,5.049770
275100,4507238400,8.507128e+16,5.100989,5.092292,5.049608
275200,4508876800,8.510220e+16,5.089260,5.089139,5.046867
275300,4510515200,8.513312e+16,5.113512,5.086323,5.046240
275400,4512153600,8.516405e+16,5.120947,5.087508,5.047434
275500,4513792000,8.519497e+16,5.094768,5.091669,5.048392
275600,4515430400,8.522590e+16,5.087827,5.087123,5.044942
275700,4517068800,8.525682e+16,5.091990,5.085832,5.045933
275800,4518707200,8.528774e+16,5.134211,5.082927,5.045753
275900,4520345600,8.531867e+16,5.104446,5.084649,5.045877
276000,4521984000,8.534959e+16,5.086819,5.082535,5.043531
276100,4523622400,8.538051e+16,5.100693,5.084044,5.046125
276200,4525260800,8.541144e+16,5.077403,5.084274,5.047171
276300,4526899200,8.544236e+16,5.075715,5.087242,5.046838
276400,4528537600,8.547329e+16,5.101314,5.081672,5.043710
276500,4530176000,8.550421e+16,5.122931,5.081156,5.045469
276600,4531814400,8.553513e+16,5.113345,5.081350,5.044893
276700,4533452800,8.556606e+16,5.081532,5.079513,5.043355
276800,4535091200,8.559698e+16,5.072054,5.081175,5.043282
276900,4536729600,8.562790e+16,5.082007,5.085142,5.046509
277000,4538368000,8.565883e+16,5.082315,5.088739,5.046078
277100,4540006400,8.568975e+16,5.078390,5.085642,5.043849
277200,4541644800,8.572068e+16,5.098015,5.081812,5.041112
277300,4543283200,8.575160e+16,5.086895,5.083856,5.043926
277400,4544921600,8.578252e+16,5.105024,5.084038,5.045912
277500,4546560000,8.581345e+16,5.075212,5.079350,5.042874
277600,4548198400,8.584437e+16,5.110268,5.078134,5.041177
277700,4549836800,8.587529e+16,5.090125,5.080694,5.042525
277800,4551475200,8.590622e+16,5.067130,5.081838,5.041366
277900,4553113600,8.593714e+16,5.077043,5.081498,5.041226
278000,4554752000,8.596807e+16,5.084672,5.079451,5.041637
278100,4556390400,8.599899e+16,5.093072,5.082759,5.041879
278200,4558028800,8.602991e+16,5.093348,5.079296,5.040293
278300,4559667200,8.606084e+16,5.069591,5.075973,5.040391
278400,4561305600,8.609176e+16,5.071933,5.077578,5.043421
278500,4562944000,8.612268e+16,5.085868,5.075519,5.043614
278600,4564582400,8.615361e+16,5.093880,5.076685,5.040937
278700,4566220800,8.618453e+16,5.086304,5.078207,5.042130
278800,4567859200,8.621546e+16,5.067402,5.078585,5.039171
278900,4569497600,8.624638e+16,5.077791,5.078042,5.037722
279000,4571136000,8.627730e+16,5.079057,5.075745,5.041801
279100,4572774400,8.630823e+16,5.076427,5.077795,5.041122
279200,4574412800,8.633915e+16,5.056426,5.073576,5.039308
279300,4576051200,8.637007e+16,5.072566,5.072299,5.038764
279400,4577689600,8.640100e+16,5.072813,5.074358,5.038993
279500,4579328000,8.643192e+16,5.090056,5.074447,5.037696
279600,4580966400,8.646285e+16,5.071413,5.070721,5.035351
279700,4582604800,8.649377e+16,5.070048,5.072233,5.038832
279800,4584243200,8.652469e+16,5.071859,5.071023,5.036733
279900,4585881600,8.655562e+16,5.088830,5.072077,5.036993
280000,4587520000,8.658654e+16,5.085933,5.074606,5.037595
280100,4589158400,8.661746e+16,5.100220,5.072888,5.033863
280200,4590796800,8.664839e+16,5.083022,5.076554,5.038395
280300,4592435200,8.667931e+16,5.083168,5.077343,5.038287
280400,4594073600,8.671024e+16,5.069605,5.076575,5.040379
280500,4595712000,8.674116e+16,5.065267,5.074333,5.038513
280600,4597350400,8.677208e+16,5.084868,5.073986,5.037441
280700,4598988800,8.680301e+16,5.109164,5.069326,5.037033
280800,4600627200,8.683393e+16,5.092169,5.070108,5.036954
280900,4602265600,8.686485e+16,5.111531,5.074012,5.039547
281000,4603904000,8.689578e+16,5.086830,5.072254,5.037230
281100,4605542400,8.692670e+16,5.063677,5.075665,5.038045
281200,4607180800,8.695763e+16,5.072605,5.072079,5.036147
281300,4608819200,8.698855e+16,5.085031,5.069536,5.036899
281400,4610457600,8.701947e+16,5.071910,5.068929,5.035815
281500,4612096000,8.705040e+16,5.058698,5.069030,5.035960
281600,4613734400,8.708132e+16,5.087006,5.071646,5.037847
281700,4615372800,8.711224e+16,5.082970,5.068885,5.035301
281800,4617011200,8.714317e+16,5.091942,5.070199,5.035686
281900,4618649600,8.717409e+16,5.072796,5.073239,5.037663
282000,4620288000,8.720502e+16,5.082970,5.073381,5.038739
282100,4621926400,8.723594e+16,5.072796,5.073758,5.037328
282200,4623564800,8.726686e+16,5.063753,5.073836,5.037495
282300,4625203200,8.729779e+16,5.071483,5.072376,5.035306
282400,4626841600,8.732871e+16,5.047276,5.071133,5.036125
282500,4628480000,8.735963e+16,5.089270,5.071399,5.036414
282600,4630118400,8.739056e+16,5.086748,5.069756,5.034849
282700,4631756800,8.742148e+16,5.102634,5.069043,5.036531
282800,4633395200,8.745241e+16,5.066040,5.066146,5.033658
282900,4635033600,8.748333e+16,5.079836,5.065822,5.035523
283000,4636672000,8.751425e+16,5.061791,5.068285,5.035170
283100,4638310400,8.754518e+16,5.068987,5.069161,5.034944
283200,4639948800,8.757610e+16,5.070650,5.068975,5.034194
283300,4641587200,8.760702e+16,5.082519,5.068907,5.032438
283400,4643225600,8.763795e+16,5.074215,5.067198,5.033505
283500,4644864000,8.766887e+16,5.066813,5.066459,5.031386
283600,4646502400,8.769980e+16,5.070453,5.067892,5.030881
283700,4648140800,8.773072e+16,5.094321,5.069877,5.033081
283800,4649779200,8.776164e+16,5.081402,5.072589,5.035401
283900,4651417600,8.779257e+16,5.058596,5.067287,5.032630
284000,4653056000,8.782349e+16,5.056635,5.070728,5.032888
284100,4654694400,8.785442e+16,5.087059,5.071191,5.034163
284200,4656332800,8.788534e+16,5.054831,5.069193,5.032912
284300,4657971200,8.791626e+16,5.064458,5.068212,5.031106
284400,4659609600,8.794719e+16,5.098583,5.067167,5.031000
284500,4661248000,8.797811e+16,5.095292,5.070565,5.032568
284600,4662886400,8.800903e+16,5.073996,5.072968,5.033974
284700,4664524800,8.803996e+16,5.066972,5.069735,5.032119
284800,4666163200,8.807088e+16,5.057484,5.069084,5.030076
284900,4667801600,8.810181e+16,5.059278,5.065976,5.028305
285000,4669440000,8.813273e+16,5.057618,5.064223,5.028669
285100,4671078400,8.816365e+16,5.054404,5.063910,5.029611
285200,4672716800,8.819458e+16,5.070437,5.060800,5.027839
285300,4674355200,8.822550e+16,5.082107,5.064016,5.029984
285400,4675993600,8.825642e+16,5.081729,5.069246,5.031851
285500,4677632000,8.828735e+16,5.089927,5.064950,5.029138
285600,4679270400,8.831827e+16,5.092432,5.066774,5.030177
285700,4680908800,8.834920e+16,5.073280,5.067957,5.029598
285800,4682547200,8.838012e+16,5.061237,5.067120,5.028160
285900,4684185600,8.841104e+16,5.080512,5.069838,5.028905
286000,4685824000,8.844197e+16,5.046910,5.070608,5.029997
286100,4687462400,8.847289e+16,5.064754,5.070441,5.029043
286200,4689100800,8.850381e+16,5.056107,5.066991,5.028818
286300,4690739200,8.853474e+16,5.081223,5.064053,5.027338
286400,4692377600,8.856566e+16,5.059127,5.068420,5.028973
286500,4694016000,8.859659e+16,5.058192,5.068862,5.030727
286600,4695654400,8.862751e+16,5.077884,5.068806,5.030754
286700,4697292800,8.865843e+16,5.086852,5.068964,5.028519
286800,4698931200,8.868936e+16,5.099384,5.066156,5.028499
286900,4700569600,8.872028e+16,5.078261,5.065499,5.028285
287000,4702208000,8.875120e+16,5.070572,5.066818,5.028129
287100,4703846400,8.878213e+16,5.074713,5.064105,5.027617
287200,4705484800,8.881305e+16,5.061275,5.068471,5.027446
287300,4707123200,8.884398e+16,5.064462,5.063126,5.025931
287400,4708761600,8.887490e+16,5.079655,5.061804,5.026835
287500,4710400000,8.890582e+16,5.081940,5.060063,5.025267
287600,4712038400,8.893675e+16,5.057437,5.063307,5.026602
287700,4713676800,8.896767e+16,5.051977,5.062302,5.025049
287800,4715315200,8.899859e+16,5.067956,5.057764,5.024855
287900,4716953600,8.902952e+16,5.074281,5.060753,5.025424
288000,4718592000,8.906044e+16,5.064683,5.063159,5.025798
288100,4720230400,8.909137e+16,5.086448,5.062790,5.026599
288200,4721868800,8.912229e+16,5.069446,5.065606,5.027016
288300,4723507200,8.915321e+16,5.040277,5.060017,5.026032
288400,4725145600,8.918414e+16,5.071884,5.056810,5.025279
288500,4726784000,8.921506e+16,5.085506,5.061169,5.025011
288600,4728422400,8.924598e+16,5.064309,5.065018,5.027146
288700,4730060800,8.927691e+16,5.064688,5.060564,5.025548
288800,4731699200,8.930783e+16,5.072166,5.058601,5.022014
288900,4733337600,8.933876e+16,5.048660,5.064222,5.024963
289000,4734976000,8.936968e+16,5.072054,5.059480,5.023708
289100,4736614400,8.940060e+16,5.062253,5.058972,5.022574
289200,4738252800,8.943153e+16,5.070932,5.057615,5.020552
289300,4739891200,8.946245e+16,5.089683,5.058731,5.021201
289400,4741529600,8.949337e+16,5.062751,5.059615,5.022015
289500,4743168000,8.952430e+16,5.066555,5.056534,5.022046
289600,4744806400,8.955522e+16,5.090866,5.057606,5.023185
289700,4746444800,8.958615e+16,5.058755,5.057583,5.023631
289800,4748083200,8.961707e+16,5.037275,5.055748,5.022201
289900,4749721600,8.964799e+16,5.041270,5.056682,5.021860
290000,4751360000,8.967892e+16,5.059169,5.054884,5.020392
290100,4752998400,8.970984e+16,5.045100,5.057504,5.021604
290200,4754636800,8.974076e+16,5.041899,5.056718,5.021244
290300,4756275200,8.977169e+16,5.072634,5.052075,5.019132
290400,4757913600,8.980261e+16,5.065592,5.057695,5.023543
290500,4759552000,8.983354e+16,5.078158,5.053373,5.018780
290600,4761190400,8.986446e+16,5.067317,5.055484,5.020756
290700,4762828800,8.989538e+16,5.062356,5.051305,5.020944
290800,4764467200,8.992631e+16,5.045662,5.054932,5.022237
290900,4766105600,8.995723e+16,5.049756,5.050162,5.018224
291000,4767744000,8.998815e+16,5.071080,5.056097,5.020858
291100,4769382400,9.001908e+16,5.088909,5.055891,5.021155
291200,4771020800,9.005000e+16,5.085855,5.056545,5.020709
291300,4772659200,9.008093e+16,5.037224,5.050849,5.017470
291400,4774297600,9.011185e+16,5.054345,5.050670,5.017345
291500,4775936000,9.014277e+16,5.051382,5.052192,5.019385
291600,4777574400,9.017370e+16,5.061468,5.054345,5.018985
291700,4779212800,9.020462e+16,5.073537,5.053751,5.019187
291800,4780851200,9.023554e+16,5.057648,5.056179,5.019689
291900,4782489600,9.026647e+16,5.059144,5.052232,5.019198
292000,4784128000,9.029739e+16,5.063348,5.053341,5.018136
292100,4785766400,9.032832e+16,5.050761,5.052836,5.018082
292200,4787404800,9.035924e+16,5.080277,5.051523,5.017170
292300,4789043200,9.039016e+16,5.065506,5.050017,5.017863
292400,4790681600,9.042109e+16,5.049192,5.044899,5.014784
292500,4792320000,9.045201e+16,5.069596,5.047394,5.015409
292600,4793958400,9.048294e+16,5.053863,5.050480,5.015394
292700,4795596800,9.051386e+16,5.057931,5.056337,5.018771
292800,4797235200,9.054478e+16,5.052912,5.056257,5.017789
292900,4798873600,9.057571e+16,5.065762,5.052984,5.018751
293000,4800512000,9.060663e+16,5.056337,5.051534,5.015344
293100,4802150400,9.063755e+16,5.057815,5.052557,5.016105
293200,4803788800,9.066848e+16,5.054660,5.051888,5.015586
293300,4805427200,9.069940e+16,5.078416,5.050733,5.014584
293400,4807065600,9.073033e+16,5.052046,5.052222,5.014913
293500,4808704000,9.076125e+16,5.062321,5.049625,5.015756
293600,4810342400,9.079217e+16,5.071084,5.048692,5.014119
293700,4811980800,9.082310e+16,5.080639,5.049015,5.014301
293800,4813619200,9.085402e+16,5.076152,5.053282,5.015077
293900,4815257600,9.088494e+16,5.073246,5.052137,5.015551
294000,4816896000,9.091587e+16,5.058209,5.046855,5.014006
294100,4818534400,9.094679e+16,5.065851,5.048637,5.015083
294200,4820172800,9.097772e+16,5.051804,5.049720,5.014976
294300,4821811200,9.100864e+16,5.059205,5.046092,5.012320
294400,4823449600,9.103956e+16,5.054341,5.044411,5.011855
294500,4825088000,9.107049e+16,5.040235,5.050009,5.014913
294600,4826726400,9.110141e+16,5.051949,5.049735,5.014568
294700,4828364800,9.113233e+16,5.089012,5.047241,5.012112
294800,4830003200,9.116326e+16,5.062789,5.048142,5.013009
294900,4831641600,9.119418e+16,5.064485,5.047137,5.013814
295000,4833280000,9.122511e+16,5.074517,5.048254,5.014524
295100,4834918400,9.125603e+16,5.066937,5.045368,5.011895
295200,4836556800,9.128695e+16,5.050511,5.047544,5.014591
295300,4838195200,9.131788e+16,5.075763,5.048515,5.013375
295400,4839833600,9.134880e+16,5.048590,5.046404,5.013136
295500,4841472000,9.137972e+16,5.074168,5.044594,5.011972
295600,4843110400,9.141065e+16,5.067109,5.041885,5.012181
295700,4844748800,9.144157e+16,5.038184,5.041031,5.012716
295800,4846387200,9.147250e+16,5.068975,5.043117,5.013613
295900,4848025600,9.150342e+16,5.053128,5.045848,5.014745
296000,4849664000,9.153434e+16,5.065353,5.043441,5.012333
296100,4851302400,9.156527e+16,5.042039,5.044562,5.010357
296200,4852940800,9.159619e+16,5.081890,5.045052,5.009907
296300,4854579200,9.162711e+16,5.069039,5.046178,5.012250
296400,4856217600,9.165804e+16,5.064907,5.042391,5.011076
296500,4857856000,9.168896e+16,5.030532,5.048468,5.014102
296600,4859494400,9.171989e+16,5.047089,5.045157,5.011014
296700,4861132800,9.175081e+16,5.053290,5.048378,5.012167
296800,4862771200,9.178173e+16,5.058475,5.046058,5.009970
296900,4864409600,9.181266e+16,5.066220,5.045144,5.010988
297000,4866048000,9.184358e+16,5.039083,5.051661,5.013533
297100,4867686400,9.187450e+16,5.042913,5.047048,5.009643
297200,4869324800,9.190543e+16,5.057923,5.046351,5.010365
297300,4870963200,9.193635e+16,5.062667,5.047496,5.010167
297400,4872601600,9.196728e+16,5.080811,5.047112,5.011004
297500,4874240000,9.199820e+16,5.061150,5.048102,5.009751
297600,4875878400,9.202912e+16,5.050336,5.047090,5.007109
297700,4877516800,9.206005e+16,5.041760,5.044909,5.008801
297800,4879155200,9.209097e+16,5.051840,5.045993,5.009346
297900,4880793600,9.212189e+16,5.060131,5.046699,5.009264
298000,4882432000,9.215282e+16,5.068759,5.043790,5.008986
298100,4884070400,9.218374e+16,5.039066,5.045645,5.008573
298200,4885708800,9.221467e+16,5.058130,5.041881,5.006531
298300,4887347200,9.224559e+16,5.033123,5.041434,5.007115
298400,4888985600,9.227651e+16,5.062432,5.041477,5.006767
298500,4890624000,9.230744e+16,5.039389,5.040050,5.008373
298600,4892262400,9.233836e+16,5.043378,5.040365,5.006783
298700,4893900800,9.236928e+16,5.069163,5.038896,5.006537
298800,4895539200,9.240021e+16,5.034278,5.039956,5.007252
298900,4897177600,9.243113e+16,5.043108,5.036722,5.006464
299000,4898816000,9.246206e+16,5.069455,5.038070,5.008386
299100,4900454400,9.249298e+16,5.046454,5.035382,5.002950
299200,4902092800,9.252390e+16,5.051468,5.039116,5.004609
299300,4903731200,9.255483e+16,5.049127,5.043189,5.008362
299400,4905369600,9.258575e+16,5.060660,5.039919,5.005587
299500,4907008000,9.261667e+16,5.054882,5.040526,5.007798
299600,4908646400,9.264760e+16,5.067757,5.041794,5.009652
299700,4910284800,9.267852e+16,5.083165,5.039890,5.007339
299800,4911923200,9.270945e+16,5.049551,5.040428,5.005068
299900,4913561600,9.274037e+16,5.043378,5.040424,5.004774
300000,4915200000,9.277129e+16,5.033420,5.038717,5.003912
300100,4916838400,9.280222e+16,5.043406,5.039817,5.006430
300200,4918476800,9.283314e+16,5.065760,5.038203,5.005353
300300,4920115200,9.286406e+16,5.029881,5.037570,5.004031
300400,4921753600,9.289499e+16,5.024260,5.038086,5.002262
300500,4923392000,9.292591e+16,5.049627,5.040954,5.005292
300600,4925030400,9.295684e+16,5.040524,5.037100,5.003219
300700,4926668800,9.298776e+16,5.043777,5.034453,5.001100
300800,4928307200,9.301868e+16,5.055810,5.039516,5.006142
300900,4929945600,9.304961e+16,5.046089,5.035776,5.004877
301000,4931584000,9.308053e+16,5.043149,5.035223,5.002763
301100,4933222400,9.311146e+16,5.065801,5.035602,5.002755
301200,4934860800,9.314238e+16,5.039423,5.035584,5.003204
301300,4936499200,9.317330e+16,5.031319,5.039659,5.002673
301400,4938137600,9.320423e+16,5.050143,5.041279,5.005410
301500,4939776000,9.323515e+16,5.057611,5.038610,5.004334
301600,4941414400,9.326607e+16,5.047318,5.038100,5.003785
301700,4943052800,9.329700e+16,5.043988,5.038317,5.003512
301800,4944691200,9.332792e+16,5.049653,5.036255,4.999843
301900,4946329600,9.335885e+16,5.064800,5.035940,5.002081
302000,4947968000,9.338977e+16,5.025445,5.037007,5.002739
302100,4949606400,9.342069e+16,5.028317,5.036125,5.002822
302200,4951244800,9.345162e+16,5.028541,5.036960,5.002859
302300,4952883200,9.348254e+16,5.055383,5.031975,5.002175
302400,4954521600,9.351346e+16,5.053376,5.031905,5.001702
302500,4956160000,9.354439e+16,5.053419,5.036490,5.002383
302600,4957798400,9.357531e+16,5.052785,5.037088,5.002492
302700,4959436800,9.360624e+16,5.047025,5.034857,5.001610
302800,4961075200,9.363716e+16,5.069872,5.036840,5.002484
302900,4962713600,9.366808e+16,5.041286,5.035224,5.001073
303000,4964352000,9.369901e+16,5.056033,5.034861,5.003036
303100,4965990400,9.372993e+16,5.054107,5.033926,5.002170
303200,4967628800,9.376085e+16,5.068512,5.035460,5.002817
303300,4969267200,9.379178e+16,5.039917,5.033479,5.000829
303400,4970905600,9.382270e+16,5.040533,5.036616,5.002516
303500,4972544000,9.385363e+16,5.029165,5.029909,4.998372
303600,4974182400,9.388455e+16,5.036591,5.032787,4.999834
303700,4975820800,9.391547e+16,5.054648,5.031328,4.997318
303800,4977459200,9.394640e+16,5.049067,5.033057,4.999665
303900,4979097600,9.397732e+16,5.039075,5.031162,4.998269
304000,4980736000,9.400824e+16,5.036222,5.033743,4.999199
304100,4982374400,9.403917e+16,5.045975,5.034976,5.002533
304200,4984012800,9.407009e+16,5.052416,5.028828,4.998795
304300,4985651200,9.410102e+16,5.055453,5.033555,4.999488
304400,4987289600,9.413194e+16,5.067966,5.032407,5.000106
304500,4988928000,9.416286e+16,5.027556,5.025815,4.997818
304600,4990566400,9.419379e+16,5.035326,5.032785,5.001510
304700,4992204800,9.422471e+16,5.064773,5.033634,5.002948
304800,4993843200,9.425563e+16,5.059928,5.030963,4.998535
304900,4995481600,9.428656e+16,5.029851,5.031552,4.997938
305000,4997120000,9.431748e+16,5.041522,5.027294,4.998276
305100,4998758400,9.434841e+16,5.056166,5.025344,4.995363
305200,5000396800,9.437933e+16,5.050251,5.031183,4.998941
305300,5002035200,9.441025e+16,5.041112,5.029563,4.997913
305400,5003673600,9.444118e+16,5.056342,5.028694,4.998574
305500,5005312000,9.447210e+16,5.024546,5.027990,4.998825
305600,5006950400,9.450302e+16,5.034765,5.029850,4.999202
305700,5008588800,9.453395e+16,5.048159,5.034640,5.000095
305800,5010227200,9.456487e+16,5.051353,5.033824,4.998719
305900,5011865600,9.459580e+16,5.034296,5.032394,4.998800
306000,5013504000,9.462672e+16,5.031115,5.030216,4.996560
306100,5015142400,9.465764e+16,5.023317,5.030271,4.996376
306200,5016780800,9.468857e+16,5.041645,5.033917,5.000371
306300,5018419200,9.471949e+16,5.056504,5.029972,4.998691
306400,5020057600,9.475041e+16,5.054249,5.025668,4.997016
306500,5021696000,9.478134e+16,5.041702,5.023853,4.993375
306600,5023334400,9.481226e+16,5.047003,5.027940,4.998012
306700,5024972800,9.484319e+16,5.028924,5.028311,4.997554
306800,5026611200,9.487411e+16,5.037668,5.027167,4.996586
306900,5028249600,9.490503e+16,5.035090,5.027132,4.994918
307000,5029888000,9.493596e+16,5.025951,5.028344,4.995321
307100,5031526400,9.496688e+16,5.032335,5.024108,4.994829
307200,5033164800,9.499780e+16,5.027599,5.025605,4.995569
307300,5034803200,9.502873e+16,5.040762,5.027942,4.998756
307400,5036441600,9.505965e+16,5.051744,5.026417,4.995224
307500,5038080000,9.509058e+16,5.013583,5.026584,4.995086
307600,5039718400,9.512150e+16,5.027634,5.026840,4.997241
307700,5041356800,9.515242e+16,5.030037,5.022611,4.993060
307800,5042995200,9.518335e+16,5.023551,5.025249,4.993636
307900,5044633600,9.521427e+16,5.061505,5.026751,4.994519
308000,5046272000,9.524519e+16,5.025811,5.028348,4.993609
308100,5047910400,9.527612e+16,5.042772,5.026808,4.994761
308200,5049548800,9.530704e+16,5.037837,5.027590,4.994376
308300,5051187200,9.533797e+16,5.026583,5.021234,4.991920
308400,5052825600,9.536889e+16,5.044841,5.022495,4.991598
308500,5054464000,9.539981e+16,5.031873,5.024661,4.993353
308600,5056102400,9.543074e+16,5.023741,5.021952,4.993651
308700,5057740800,9.546166e+16,5.036802,5.023102,4.993933
308800,5059379200,9.549258e+16,5.047182,5.019967,4.992887
308900,5061017600,9.552351e+16,5.032563,5.019123,4.992158
309000,5062656000,9.555443e+16,5.020862,5.018254,4.991025
309100,5064294400,9.558536e+16,5.036430,5.024933,4.994373
309200,5065932800,9.561628e+16,5.042944,5.021240,4.989715
309300,5067571200,9.564720e+16,5.040233,5.020529,4.990360
309400,5069209600,9.567813e+16,5.030671,5.019626,4.989136
309500,5070848000,9.570905e+16,5.005599,5.020625,4.990289
309600,5072486400,9.573997e+16,5.031859,5.022585,4.993755
309700,5074124800,9.577090e+16,5.031603,5.024187,4.992110
309800,5075763200,9.580182e+16,5.056502,5.019958,4.989986
309900,5077401600,9.583275e+16,5.044943,5.022892,4.990870
310000,5079040000,9.586367e+16,5.033673,5.023787,4.991284
310100,5080678400,9.589459e+16,5.011869,5.021502,4.989217
310200,5082316800,9.592552e+16,5.029653,5.020762,4.987645
310300,5083955200,9.595644e+16,5.034897,5.023003,4.989908
310400,5085593600,9.598737e+16,5.025024,5.019765,4.986561
310500,5087232000,9.601829e+16,5.027929,5.022958,4.989350
310600,5088870400,9.604921e+16,5.038220,5.021930,4.987911
310700,5090508800,9.608014e+16,5.050294,5.020592,4.989160
310800,5092147200,9.611106e+16,5.038158,5.020017,4.988954
310900,5093785600,9.614198e+16,5.038134,5.022315,4.989498
311000,5095424000,9.617291e+16,5.034552,5.023916,4.990102
311100,5097062400,9.620383e+16,5.031021,5.022578,4.989490
311200,5098700800,9.623476e+16,5.030235,5.021112,4.987803
311300,5100339200,9.626568e+16,5.050052,5.024233,4.988204
311400,5101977600,9.629660e+16,5.032856,5.023238,4.987659
311500,5103616000,9.632753e+16,5.056089,5.021850,4.989174
311600,5105254400,9.635845e+16,5.030587,5.021348,4.988767
311700,5106892800,9.638937e+16,5.039790,5.021332,4.987379
311800,5108531200,9.642030e+16,5.030306,5.023519,4.987280
311900,5110169600,9.645122e+16,5.039979,5.025682,4.988157
312000,5111808000,9.648215e+16,5.045519,5.022115,4.985930
312100,5113446400,9.651307e+16,5.041326,5.024241,4.987478
312200,5115084800,9.654399e+16,5.012167,5.021784,4.987646
312300,5116723200,9.657492e+16,5.026997,5.022346,4.988012
312400,5118361600,9.660584e+16,5.042353,5.024158,4.988214
312500,5120000000,9.663676e+16,5.032217,5.020376,4.987199
312600,5121638400,9.666769e+16,5.036413,5.020795,4.985313
312700,5123276800,9.669861e+16,5.027854,5.025825,4.987288
312800,5124915200,9.672954e+16,5.023667,5.021325,4.984641
312900,5126553600,9.676046e+16,5.020617,5.022892,4.985737
313000,5128192000,9.679138e+16,5.017933,5.021935,4.984991
313100,5129830400,9.682231e+16,5.007207,5.019790,4.985043
313200,5131468800,9.685323e+16,5.034868,5.022717,4.986674
313300,5133107200,9.688415e+16,5.042806,5.021088,4.986003
313400,5134745600,9.691508e+16,5.010117,5.020951,4.986923
313500,5136384000,9.694600e+16,5.030048,5.021501,4.985776
313600,5138022400,9.697693e+16,5.060142,5.022403,4.985992
313700,5139660800,9.700785e+16,5.043202,5.024004,4.986998
313800,5141299200,9.703877e+16,5.023279,5.017592,4.985238
313900,5142937600,9.706970e+16,5.017355,5.022036,4.988367
314000,5144576000,9.710062e+16,5.032522,5.021774,4.987572
314100,5146214400,9.713154e+16,5.023243,5.020097,4.986266
314200,5147852800,9.716247e+16,5.031856,5.022060,4.986681
314300,5149491200,9.719339e+16,5.037005,5.025789,4.989055
314400,5151129600,9.722432e+16,5.021420,5.022079,4.986054
314500,5152768000,9.725524e+16,5.008774,5.020584,4.984678
314600,5154406400,9.728616e+16,5.031998,5.019923,4.984759
314700,5156044800,9.731709e+16,5.024456,5.019267,4.983354
314800,5157683200,9.734801e+16,5.045577,5.022267,4.984344
314900,5159321600,9.737893e+16,5.029244,5.019918,4.983941
315000,5160960000,9.740986e+16,5.037340,5.017802,4.983678
315100,5162598400,9.744078e+16,5.014647,5.022504,4.983765
315200,5164236800,9.747171e+16,5.039557,5.023697,4.985357
315300,5165875200,9.750263e+16,5.020099,5.022380,4.983957
315400,5167513600,9.753355e+16,5.019804,5.019350,4.983325
315500,5169152000,9.756448e+16,5.020855,5.019407,4.981938
315600,5170790400,9.759540e+16,5.016747,5.016211,4.980148
315700,5172428800,9.762632e+16,5.033578,5.016053,4.980774
315800,5174067200,9.765725e+16,5.019120,5.018238,4.980633
315900,5175705600,9.768817e+16,5.038146,5.018683,4.981204
316000,5177344000,9.771910e+16,5.036771,5.019218,4.981041
316100,5178982400,9.775002e+16,5.046654,5.015669,4.979510
316200,5180620800,9.778094e+16,5.030029,5.017189,4.979389
316300,5182259200,9.781187e+16,5.025353,5.015493,4.980890
316400,5183897600,9.784279e+16,5.013300,5.014940,4.982051
316500,5185536000,9.787371e+16,4.999760,5.014556,4.979584
316600,5187174400,9.790464e+16,5.007936,5.013643,4.979906
316700,5188812800,9.793556e+16,5.030605,5.015328,4.981004
316800,5190451200,9.796649e+16,5.027840,5.016684,4.983351
316900,5192089600,9.799741e+16,5.021737,5.011690,4.978612
317000,5193728000,9.802833e+16,5.034812,5.016521,4.980764
317100,5195366400,9.805926e+16,5.007814,5.014423,4.980947
317200,5197004800,9.809018e+16,5.018486,5.015251,4.981526
317300,5198643200,9.812110e+16,5.000797,5.015432,4.980091
317400,5200281600,9.815203e+16,5.004805,5.014856,4.980411
317500,5201920000,9.818295e+16,5.017473,5.015225,4.980419
317600,5203558400,9.821388e+16,5.029850,5.014267,4.980272
317700,5205196800,9.824480e+16,5.017086,5.012413,4.979092
317800,5206835200,9.827572e+16,5.033207,5.016821,4.980209
317900,5208473600,9.830665e+16,5.042930,5.013985,4.979440
318000,5210112000,9.833757e+16,5.024817,5.014047,4.977973
318100,5211750400,9.836849e+16,5.015088,5.010455,4.977172
318200,5213388800,9.839942e+16,5.014495,5.008521,4.976295
318300,5215027200,9.843034e+16,5.018929,5.012446,4.977912
318400,5216665600,9.846127e+16,5.030411,5.015919,4.979145
318500,5218304000,9.849219e+16,5.006496,5.011961,4.977599
318600,5219942400,9.852311e+16,5.010868,5.012812,4.979427
318700,5221580800,9.855404e+16,4.984589,5.007582,4.975188
318800,5223219200,9.858496e+16,5.032413,5.008552,4.976927
318900,5224857600,9.861589e+16,5.031234,5.010983,4.977164
319000,5226496000,9.864681e+16,5.027622,5.012477,4.977748
319100,5228134400,9.867773e+16,5.030803,5.011883,4.977702
319200,5229772800,9.870866e+16,5.003799,5.010332,4.978708
319300,5231411200,9.873958e+16,5.012284,5.006232,4.975435
319400,5233049600,9.877050e+16,5.002776,5.008309,4.975815
319500,5234688000,9.880143e+16,5.010425,5.009573,4.976664
319600,5236326400,9.883235e+16,5.037851,5.007193,4.973888
319700,5237964800,9.886328e+16,5.020810,5.008346,4.974554
319800,5239603200,9.889420e+16,5.043189,5.010181,4.973390
319900,5241241600,9.892512e+16,5.021783,5.011719,4.972219
320000,5242880000,9.895605e+16,5.009106,5.009314,4.973393
320100,5244518400,9.898697e+16,5.012509,5.012280,4.975418
320200,5246156800,9.901789e+16,4.991482,5.008796,4.973045
320300,5247795200,9.904882e+16,4.999800,5.013148,4.974675
320400,5249433600,9.907974e+16,5.014472,5.007138,4.972764
320500,5251072000,9.911067e+16,5.026673,5.006648,4.971791
320600,5252710400,9.914159e+16,5.028431,5.005770,4.971969
320700,5254348800,9.917251e+16,5.010498,5.007541,4.972417
320800,5255987200,9.920344e+16,5.020021,5.006918,4.970847
320900,5257625600,9.923436e+16,4.994574,5.008085,4.971224
321000,5259264000,9.926528e+16,4.997600,5.007675,4.971036
321100,5260902400,9.929621e+16,5.014156,5.008478,4.972194
321200,5262540800,9.932713e+16,5.018988,5.007450,4.971162
321300,5264179200,9.935806e+16,5.019306,5.005084,4.969782
321400,5265817600,9.938898e+16,5.010237,5.005517,4.969521
321500,5267456000,9.941990e+16,5.016781,5.005848,4.970069
321600,5269094400,9.945083e+16,4.993386,5.008319,4.971579
321700,5270732800,9.948175e+16,5.029484,5.001450,4.968163
321800,5272371200,9.951267e+16,5.015312,5.004972,4.970179
321900,5274009600,9.954360e+16,5.009037,5.004212,4.968922
322000,5275648000,9.957452e+16,5.006220,5.005277,4.968550
322100,5277286400,9.960545e+16,5.026087,5.005603,4.970343
322200,5278924800,9.963637e+16,5.037098,5.004701,4.969867
322300,5280563200,9.966729e+16,5.010975,5.004541,4.969308
322400,5282201600,9.969822e+16,5.014718,5.003397,4.970240
322500,5283840000,9.972914e+16,5.009057,5.004918,4.970976
322600,5285478400,9.976006e+16,5.026035,5.001145,4.968752
322700,5287116800,9.979099e+16,4.998380,5.002056,4.969884
322800,5288755200,9.982191e+16,5.023297,4.999788,4.969753
322900,5290393600,9.985284e+16,5.026451,4.998510,4.968998
323000,5292032000,9.988376e+16,5.019595,4.998024,4.969409
323100,5293670400,9.991468e+16,5.035508,5.001408,4.971096
323200,5295308800,9.994561e+16,4.999233,5.002259,4.968816
323300,5296947200,9.997653e+16,4.976866,5.000918,4.965771
323400,5298585600,1.000075e+17,5.003061,5.002014,4.967923
323500,5300224000,1.000384e+17,5.038794,5.000178,4.967188
323600,5301862400,1.000693e+17,5.008052,5.001860,4.970747
323700,5303500800,1.001002e+17,5.025640,5.000037,4.967135
323800,5305139200,1.001311e+17,4.999680,5.002463,4.967330
323900,5306777600,1.001621e+17,5.004416,5.001435,4.969844
324000,5308416000,1.001930e+17,5.005416,4.999118,4.966791
324100,5310054400,1.002239e+17,5.018003,4.995576,4.966723
324200,5311692800,1.002548e+17,5.033888,4.995196,4.966058
324300,5313331200,1.002858e+17,5.017729,4.992332,4.964519
324400,5314969600,1.003167e+17,5.013975,4.995277,4.967409
324500,5316608000,1.003476e+17,4.997135,4.999137,4.967464
324600,5318246400,1.003785e+17,5.016960,4.996021,4.966469
324700,5319884800,1.004095e+17,5.005825,5.001550,4.968254
324800,5321523200,1.004404e+17,4.999032,5.001359,4.968767
324900,5323161600,1.004713e+17,5.036063,4.997818,4.966078
325000,5324800000,1.005022e+17,5.034268,5.003067,4.967341
325100,5326438400,1.005332e+17,5.010963,5.000570,4.966115
325200,5328076800,1.005641e+17,5.011524,4.999850,4.964116
325300,5329715200,1.005950e+17,4.993767,5.000082,4.965614
325400,5331353600,1.006259e+17,5.016571,5.002222,4.969246
325500,5332992000,1.006569e+17,5.020600,4.997941,4.966591
325600,5334630400,1.006878e+17,5.005970,4.995716,4.964386
325700,5336268800,1.007187e+17,5.019930,4.996899,4.964250
325800,5337907200,1.007496e+17,5.012538,4.996224,4.962550
325900,5339545600,1.007805e+17,5.008349,4.999879,4.962598
326000,5341184000,1.008115e+17,5.024559,4.999355,4.963222
326100,5342822400,1.008424e+17,5.032388,4.997449,4.965442
326200,5344460800,1.008733e+17,4.992846,4.999317,4.965508
326300,5346099200,1.009042e+17,5.027067,4.995705,4.963023
326400,5347737600,1.009352e+17,5.003830,4.997223,4.963820
326500,5349376000,1.009661e+17,4.998497,4.994476,4.962600
326600,5351014400,1.009970e+17,5.023168,4.998443,4.963829
326700,5352652800,1.010279e+17,4.988951,4.997123,4.964830
326800,5354291200,1.010589e+17,4.976496,4.995106,4.962315
326900,5355929600,1.010898e+17,4.986697,4.994348,4.961798
327000,5357568000,1.011207e+17,5.016167,4.993464,4.960611
327100,5359206400,1.011516e+17,5.018897,4.995941,4.964430
327200,5360844800,1.011826e+17,4.980655,4.996329,4.963824
327300,5362483200,1.012135e+17,5.002883,5.000242,4.965721
327400,5364121600,1.012444e+17,5.003612,5.000588,4.966580
327500,5365760000,1.012753e+17,5.015996,4.994203,4.963352
327600,5367398400,1.013063e+17,5.006887,4.997130,4.965340
327700,5369036800,1.013372e+17,4.988075,4.996534,4.963583
327800,5370675200,1.013681e+17,4.993402,4.995625,4.964260
327900,5372313600,1.013990e+17,4.992356,4.995729,4.961181
328000,5373952000,1.014299e+17,4.993681,4.997034,4.964731
328100,5375590400,1.014609e+17,4.992030,4.997902,4.963726
328200,5377228800,1.014918e+17,5.012357,4.996866,4.963208
328300,5378867200,1.015227e+17,5.019984,4.997557,4.962765
328400,5380505600,1.015536e+17,5.000883,4.998887,4.964338
328500,5382144000,1.015846e+17,5.012861,4.997702,4.961103
328600,5383782400,1.016155e+17,4.994723,4.999588,4.960721
328700,5385420800,1.016464e+17,5.023092,5.000675,4.961699
328800,5387059200,1.016773e+17,5.002732,4.996690,4.959642
328900,5388697600,1.017083e+17,4.994124,5.000842,4.961989
329000,5390336000,1.017392e+17,4.998565,4.998953,4.960228
329100,5391974400,1.017701e+17,4.995197,5.000022,4.960550
329200,5393612800,1.018010e+17,4.987103,5.001020,4.961013
329300,5395251200,1.018320e+17,4.992824,5.001571,4.959943
329400,5396889600,1.018629e+17,5.006729,5.001498,4.961725
329500,5398528000,1.018938e+17,5.002886,5.002081,4.962049
329600,5400166400,1.019247e+17,5.012637,5.002766,4.960371
329700,5401804800,1.019557e+17,5.025824,5.000981,4.961113
329800,5403443200,1.019866e+17,4.998481,4.994942,4.959057
329900,5405081600,1.020175e+17,5.007232,5.000672,4.962109
330000,5406720000,1.020484e+17,5.007250,5.000217,4.960442
330100,5408358400,1.020793e+17,5.009370,4.996988,4.959023
330200,5409996800,1.021103e+17,4.986936,4.997399,4.958870
330300,5411635200,1.021412e+17,5.003696,4.997630,4.960465
330400,5413273600,1.021721e+17,4.989800,4.998598,4.959433
330500,5414912000,1.022030e+17,4.977079,4.993998,4.957959
330600,5416550400,1.022340e+17,4.995075,4.996812,4.959563
330700,5418188800,1.022649e+17,4.997994,4.999260,4.958833
330800,5419827200,1.022958e+17,5.020833,4.997760,4.961069
330900,5421465600,1.023267e+17,5.006256,4.995455,4.958050
331000,5423104000,1.023577e+17,5.005399,4.996808,4.958572
331100,5424742400,1.023886e+17,4.997501,4.994964,4.959171
331200,5426380800,1.024195e+17,4.995359,4.994109,4.957407
331300,5428019200,1.024504e+17,4.985025,4.997707,4.958705
331400,5429657600,1.024814e+17,4.968358,5.000081,4.960307
331500,5431296000,1.025123e+17,5.021939,4.999707,4.959547
331600,5432934400,1.025432e+17,4.992789,4.995504,4.956692
331700,5434572800,1.025741e+17,5.010256,4.998243,4.957753
331800,5436211200,1.026051e+17,5.032095,4.996125,4.958969
331900,5437849600,1.026360e+17,4.977911,4.991698,4.956718
332000,5439488000,1.026669e+17,4.957066,4.994671,4.956552
332100,5441126400,1.026978e+17,5.013515,4.991653,4.955926
332200,5442764800,1.027287e+17,5.011668,4.995626,4.957414
332300,5444403200,1.027597e+17,4.986894,4.996749,4.957727
332400,5446041600,1.027906e+17,4.999409,4.994258,4.956610
332500,5447680000,1.028215e+17,4.973156,4.992443,4.955557
332600,5449318400,1.028524e+17,4.990164,4.994262,4.955586
332700,5450956800,1.028834e+17,5.002492,4.993758,4.956377
332800,5452595200,1.029143e+17,5.003659,4.992534,4.955318
332900,5454233600,1.029452e+17,5.000014,4.992844,4.955378
333000,5455872000,1.029761e+17,5.000944,4.993948,4.955516
333100,5457510400,1.030071e+17,5.005402,4.992953,4.954318
333200,5459148800,1.030380e+17,4.985971,4.992136,4.953965
333300,5460787200,1.030689e+17,4.983057,4.993386,4.955003
333400,5462425600,1.030998e+17,5.017251,4.986440,4.952453
333500,5464064000,1.031308e+17,5.003389,4.989975,4.954091
333600,5465702400,1.031617e+17,5.007191,4.987214,4.953397
333700,5467340800,1.031926e+17,4.990569,4.987160,4.954900
333800,5468979200,1.032235e+17,5.018559,4.982262,4.952077
333900,5470617600,1.032544e+17,4.997571,4.985153,4.954700
334000,5472256000,1.032854e+17,4.983721,4.985443,4.953165
334100,5473894400,1.033163e+17,4.998315,4.985635,4.953973
334200,5475532800,1.033472e+17,4.995650,4.986128,4.954160
334300,5477171200,1.033781e+17,4.999795,4.984818,4.952479
334400,5478809600,1.034091e+17,4.984698,4.984917,4.951962
334500,5480448000,1.034400e+17,4.997801,4.984453,4.950955
334600,5482086400,1.034709e+17,5.024589,4.986040,4.951475
334700,5483724800,1.035018e+17,5.002295,4.986018,4.953210
334800,5485363200,1.035328e+17,4.988452,4.985725,4.950966
334900,5487001600,1.035637e+17,4.987263,4.987539,4.951535
335000,5488640000,1.035946e+17,4.979691,4.983018,4.949345
335100,5490278400,1.036255e+17,4.987041,4.985811,4.950639
335200,5491916800,1.036565e+17,5.018164,4.984541,4.950954
335300,5493555200,1.036874e+17,5.009183,4.981871,4.949463
335400,5495193600,1.037183e+17,5.004857,4.984665,4.949532
335500,5496832000,1.037492e+17,5.002121,4.984955,4.948875
335600,5498470400,1.037802e+17,4.990835,4.984175,4.948939
335700,5500108800,1.038111e+17,4.997964,4.985267,4.949823
335800,5501747200,1.038420e+17,4.985855,4.979645,4.947066
335900,5503385600,1.038729e+17,4.974558,4.982642,4.947855
336000,5505024000,1.039038e+17,4.998539,4.983370,4.947662
336100,5506662400,1.039348e+17,4.986048,4.984532,4.947104
336200,5508300800,1.039657e+17,4.997366,4.984043,4.947556
336300,5509939200,1.039966e+17,4.971264,4.983292,4.947770
336400,5511577600,1.040275e+17,4.993817,4.980691,4.946294
336500,5513216000,1.040585e+17,4.980008,4.980718,4.945446
336600,5514854400,1.040894e+17,5.011230,4.981168,4.945480
336700,5516492800,1.041203e+17,4.996800,4.980979,4.945067
336800,5518131200,1.041512e+17,4.999070,4.980103,4.945907
336900,5519769600,1.041822e+17,5.009568,4.983603,4.948082
337000,5521408000,1.042131e+17,4.997447,4.980436,4.947976
337100,5523046400,1.042440e+17,4.990772,4.984218,4.948432
337200,5524684800,1.042749e+17,5.016703,4.984597,4.947344
337300,5526323200,1.043059e+17,4.998598,4.981777,4.944644
337400,5527961600,1.043368e+17,4.987391,4.984549,4.947094
337500,5529600000,1.043677e+17,4.979243,4.981524,4.944775
337600,5531238400,1.043986e+17,5.001343,4.981924,4.947092
337700,5532876800,1.044296e+17,5.000441,4.982374,4.946341
337800,5534515200,1.044605e+17,5.001923,4.981340,4.945731
337900,5536153600,1.044914e+17,4.983183,4.977857,4.941496
338000,5537792000,1.045223e+17,5.001930,4.979095,4.944339
338100,5539430400,1.045532e+17,4.972506,4.981107,4.945895
338200,5541068800,1.045842e+17,4.970758,4.977812,4.942304
338300,5542707200,1.046151e+17,4.974332,4.980486,4.944274
338400,5544345600,1.046460e+17,4.998733,4.980240,4.942340
338500,5545984000,1.046769e+17,5.009205,4.983338,4.945289
338600,5547622400,1.047079e+17,5.005251,4.977061,4.943735
338700,5549260800,1.047388e+17,4.996594,4.982742,4.945870
338800,5550899200,1.047697e+17,5.005862,4.982426,4.945092
338900,5552537600,1.048006e+17,4.985044,4.982024,4.944599
339000,5554176000,1.048316e+17,4.990938,4.980093,4.944196
339100,5555814400,1.048625e+17,5.010223,4.977182,4.942572
339200,5557452800,1.048934e+17,4.978027,4.973180,4.941726
339300,5559091200,1.049243e+17,4.995346,4.972321,4.938574
339400,5560729600,1.049553e+17,4.999670,4.973471,4.941478
339500,5562368000,1.049862e+17,4.976965,4.974074,4.941105
339600,5564006400,1.050171e+17,4.977643,4.971631,4.941338
339700,5565644800,1.050480e+17,5.013213,4.970269,4.940792
339800,5567283200,1.050790e+17,5.008880,4.971089,4.940940
339900,5568921600,1.051099e+17,4.989121,4.969594,4.940081
340000,5570560000,1.051408e+17,4.997586,4.969335,4.940900
340100,5572198400,1.051717e+17,4.980480,4.970541,4.940634
340200,5573836800,1.052026e+17,4.992105,4.969476,4.939662
340300,5575475200,1.052336e+17,4.995440,4.969579,4.940138
340400,5577113600,1.052645e+17,4.968511,4.972165,4.939029
340500,5578752000,1.052954e+17,4.992194,4.967862,4.939983
340600,5580390400,1.053263e+17,4.997922,4.967938,4.939403
340700,5582028800,1.053573e+17,4.991307,4.968495,4.939510
340800,5583667200,1.053882e+17,5.008801,4.968525,4.937459
340900,5585305600,1.054191e+17,4.985421,4.966639,4.936586
341000,5586944000,1.054500e+17,4.989640,4.966054,4.936690
341100,5588582400,1.054810e+17,4.993639,4.968916,4.938150
341200,5590220800,1.055119e+17,4.960809,4.966694,4.936868
341300,5591859200,1.055428e+17,4.981418,4.972301,4.939530
341400,5593497600,1.055737e+17,4.990458,4.970261,4.937675
341500,5595136000,1.056047e+17,4.985351,4.970826,4.937608
341600,5596774400,1.056356e+17,4.982493,4.969539,4.937645
341700,5598412800,1.056665e+17,4.988636,4.968667,4.936792
341800,5600051200,1.056974e+17,4.992970,4.969256,4.937598
341900,5601689600,1.057284e+17,4.965966,4.966112,4.935304
342000,5603328000,1.057593e+17,4.999605,4.968402,4.938141
342100,5604966400,1.057902e+17,4.996618,4.970327,4.938104
342200,5606604800,1.058211e+17,4.994853,4.969908,4.938877
342300,5608243200,1.058520e+17,4.979274,4.973902,4.941320
342400,5609881600,1.058830e+17,4.978224,4.972590,4.939723
342500,5611520000,1.059139e+17,4.982794,4.970118,4.938445
342600,5613158400,1.059448e+17,4.989852,4.974975,4.940501
342700,5614796800,1.059757e+17,4.992903,4.970888,4.938537
342800,5616435200,1.060067e+17,4.996386,4.968678,4.936695
342900,5618073600,1.060376e+17,4.979487,4.969905,4.938171
343000,5619712000,1.060685e+17,4.976815,4.971365,4.940258
343100,5621350400,1.060994e+17,4.960282,4.969001,4.939483
343200,5622988800,1.061304e+17,4.978099,4.969136,4.936811
343300,5624627200,1.061613e+17,4.973720,4.970491,4.938272
343400,5626265600,1.061922e+17,5.012891,4.972026,4.937731
343500,5627904000,1.062231e+17,4.982837,4.970021,4.937068
343600,5629542400,1.062541e+17,4.994319,4.968417,4.935914
343700,5631180800,1.062850e+17,4.982658,4.966987,4.933307
343800,5632819200,1.063159e+17,4.981504,4.971364,4.937413
343900,5634457600,1.063468e+17,4.973852,4.968516,4.935999
344000,5636096000,1.063777e+17,4.971362,4.967931,4.933633
344100,5637734400,1.064087e+17,4.964936,4.970869,4.935659
344200,5639372800,1.064396e+17,4.970776,4.965102,4.931758
344300,5641011200,1.064705e+17,5.009460,4.965292,4.934434
344400,5642649600,1.065014e+17,5.006422,4.969422,4.934494
344500,5644288000,1.065324e+17,5.003246,4.967407,4.933069
344600,5645926400,1.065633e+17,4.996541,4.967981,4.933189
344700,5647564800,1.065942e+17,4.962804,4.970773,4.935747
344800,5649203200,1.066251e+17,4.994904,4.966880,4.934438
344900,5650841600,1.066561e+17,4.954359,4.966390,4.933673
345000,5652480000,1.066870e+17,4.987151,4.963519,4.932602
345100,5654118400,1.067179e+17,4.979664,4.964099,4.932615
345200,5655756800,1.067488e+17,4.995162,4.964573,4.933307
345300,5657395200,1.067798e+17,4.994858,4.966124,4.933868
345400,5659033600,1.068107e+17,4.985757,4.962791,4.931236
345500,5660672000,1.068416e+17,4.986814,4.964408,4.931960
345600,5662310400,1.068725e+17,4.983352,4.964970,4.932279
345700,5663948800,1.069035e+17,4.976937,4.966180,4.932842
345800,5665587200,1.069344e+17,4.985075,4.969169,4.934560
345900,5667225600,1.069653e+17,4.974726,4.963021,4.929123
346000,5668864000,1.069962e+17,4.966990,4.960059,4.930215
346100,5670502400,1.070271e+17,4.998850,4.962421,4.930715
346200,5672140800,1.070581e+17,4.993547,4.966211,4.932157
346300,5673779200,1.070890e+17,4.972219,4.965623,4.930901
346400,5675417600,1.071199e+17,4.954698,4.966771,4.933508
346500,5677056000,1.071508e+17,4.969337,4.968447,4.930545
346600,5678694400,1.071818e+17,4.972503,4.962862,4.930647
346700,5680332800,1.072127e+17,4.987924,4.965861,4.931854
346800,5681971200,1.072436e+17,4.966122,4.963873,4.930476
346900,5683609600,1.072745e+17,4.971150,4.962802,4.929632
347000,5685248000,1.073055e+17,4.971229,4.965280,4.930075
347100,5686886400,1.073364e+17,4.971652,4.962942,4.928934
347200,5688524800,1.073673e+17,4.961022,4.962884,4.928517
347300,5690163200,1.073982e+17,4.971014,4.961022,4.928681
347400,5691801600,1.074292e+17,4.954707,4.961116,4.929366
347500,5693440000,1.074601e+17,4.977285,4.966575,4.931934
347600,5695078400,1.074910e+17,4.991221,4.965287,4.930706
347700,5696716800,1.075219e+17,4.991893,4.964664,4.931101
347800,5698355200,1.075529e+17,4.972978,4.963970,4.931547
347900,5699993600,1.075838e+17,4.967435,4.964528,4.932266
348000,5701632000,1.076147e+17,4.983148,4.965628,4.931607
348100,5703270400,1.076456e+17,4.962716,4.963640,4.930568
348200,5704908800,1.076765e+17,4.972353,4.964090,4.929784
348300,5706547200,1.077075e+17,4.963089,4.967869,4.930822
348400,5708185600,1.077384e+17,4.970864,4.966312,4.933434
348500,5709824000,1.077693e+17,4.963634,4.962281,4.928528
348600,5711462400,1.078002e+17,4.972903,4.965043,4.929972
348700,5713100800,1.078312e+17,4.969726,4.965352,4.930648
348800,5714739200,1.078621e+17,5.003138,4.964870,4.931043
348900,5716377600,1.078930e+17,4.976042,4.963980,4.930041
349000,5718016000,1.079239e+17,4.971509,4.965859,4.930487
349100,5719654400,1.079549e+17,4.965113,4.964110,4.929773
349200,5721292800,1.079858e+17,4.962974,4.964101,4.928888
349300,5722931200,1.080167e+17,4.994316,4.966824,4.932688
349400,5724569600,1.080476e+17,4.974372,4.963990,4.930352
349500,5726208000,1.080786e+17,4.963715,4.961448,4.930033
349600,5727846400,1.081095e+17,4.950025,4.965170,4.932290
349700,5729484800,1.081404e+17,4.970451,4.969125,4.932631
349800,5731123200,1.081713e+17,4.969134,4.964634,4.932648
349900,5732761600,1.082023e+17,4.957962,4.962125,4.929590
350000,5734400000,1.082332e+17,4.970980,4.964770,4.932565
350100,5736038400,1.082641e+17,4.970881,4.965232,4.931780
350200,5737676800,1.082950e+17,4.986064,4.962773,4.930693
350300,5739315200,1.083259e+17,4.950071,4.961580,4.928180
350400,5740953600,1.083569e+17,4.978182,4.960842,4.927529
350500,5742592000,1.083878e+17,4.984224,4.958072,4.925527
350600,5744230400,1.084187e+17,4.965212,4.960047,4.926130
350700,5745868800,1.084496e+17,4.983152,4.962386,4.927755
350800,5747507200,1.084806e+17,4.974953,4.961207,4.927413
350900,5749145600,1.085115e+17,4.970689,4.960850,4.927593
351000,5750784000,1.085424e+17,4.956883,4.959648,4.926362
351100,5752422400,1.085733e+17,4.962457,4.962476,4.927115
351200,5754060800,1.086043e+17,4.964039,4.959527,4.925662
351300,5755699200,1.086352e+17,4.969821,4.961814,4.925408
351400,5757337600,1.086661e+17,4.976676,4.960216,4.925866
351500,5758976000,1.086970e+17,4.974736,4.960133,4.926204
351600,5760614400,1.087280e+17,4.969737,4.958127,4.927022
351700,5762252800,1.087589e+17,4.971428,4.959855,4.927000
351800,5763891200,1.087898e+17,4.953559,4.957395,4.925791
351900,5765529600,1.088207e+17,4.957171,4.957842,4.925341
352000,5767168000,1.088517e+17,4.958481,4.958172,4.927475
352100,5768806400,1.088826e+17,4.985107,4.962100,4.927510
352200,5770444800,1.089135e+17,4.969616,4.959321,4.925506
352300,5772083200,1.089444e+17,4.986152,4.960356,4.924510
352400,5773721600,1.089753e+17,4.956896,4.959967,4.923780
352500,5775360000,1.090063e+17,4.965000,4.959342,4.924758
352600,5776998400,1.090372e+17,4.975372,4.956709,4.924215
352700,5778636800,1.090681e+17,4.975490,4.955404,4.922334
352800,5780275200,1.090990e+17,4.956264,4.955145,4.922931
352900,5781913600,1.091300e+17,4.960306,4.954113,4.923832
353000,5783552000,1.091609e+17,4.974466,4.954511,4.921976
353100,5785190400,1.091918e+17,4.963543,4.953666,4.920810
353200,5786828800,1.092227e+17,4.964790,4.952591,4.920621
353300,5788467200,1.092537e+17,4.966196,4.954900,4.920680
353400,5790105600,1.092846e+17,4.957548,4.957101,4.920579
353500,5791744000,1.093155e+17,4.968925,4.954239,4.919376
353600,5793382400,1.093464e+17,4.995308,4.953247,4.919520
353700,5795020800,1.093774e+17,4.958479,4.953896,4.920550
353800,5796659200,1.094083e+17,4.983768,4.950941,4.918989
353900,5798297600,1.094392e+17,4.955283,4.953644,4.921203
354000,5799936000,1.094701e+17,4.965995,4.954251,4.920164
354100,5801574400,1.095011e+17,4.982871,4.953068,4.920938
354200,5803212800,1.095320e+17,4.948488,4.953786,4.920512
354300,5804851200,1.095629e+17,4.955035,4.957485,4.920063
354400,5806489600,1.095938e+17,4.950906,4.956331,4.920489
354500,5808128000,1.096247e+17,4.944524,4.956356,4.921567
354600,5809766400,1.096557e+17,4.975885,4.954515,4.920770
354700,5811404800,1.096866e+17,4.958168,4.953025,4.919931
354800,5813043200,1.097175e+17,4.950058,4.956367,4.920871
354900,5814681600,1.097484e+17,4.970979,4.958021,4.922756
355000,5816320000,1.097794e+17,4.985352,4.953157,4.919806
355100,5817958400,1.098103e+17,4.973368,4.952954,4.919748
355200,5819596800,1.098412e+17,4.979790,4.952386,4.919903
355300,5821235200,1.098721e+17,4.945579,4.951017,4.919353
355400,5822873600,1.099031e+17,4.957871,4.951180,4.918407
355500,5824512000,1.099340e+17,4.964244,4.955087,4.919606
355600,5826150400,1.099649e+17,4.952278,4.948271,4.916909
355700,5827788800,1.099958e+17,4.957955,4.952404,4.920707
355800,5829427200,1.100268e+17,4.959086,4.949745,4.918103
355900,5831065600,1.100577e+17,4.968956,4.952699,4.919239
356000,5832704000,1.100886e+17,4.972454,4.951951,4.917397
356100,5834342400,1.101195e+17,4.968447,4.953733,4.917962
356200,5835980800,1.101504e+17,4.982864,4.952380,4.917390
356300,5837619200,1.101814e+17,4.981400,4.953865,4.918661
356400,5839257600,1.102123e+17,4.976540,4.951449,4.915952
356500,5840896000,1.102432e+17,4.953715,4.950926,4.916571
356600,5842534400,1.102741e+17,4.988008,4.950871,4.917338
356700,5844172800,1.103051e+17,4.970830,4.948080,4.914257
356800,5845811200,1.103360e+17,4.952084,4.952555,4.917197
356900,5847449600,1.103669e+17,4.964704,4.951149,4.915943
357000,5849088000,1.103978e+17,4.980371,4.955075,4.917526
357100,5850726400,1.104288e+17,4.968298,4.952755,4.916257
357200,5852364800,1.104597e+17,4.967495,4.954425,4.918685
357300,5854003200,1.104906e+17,4.941105,4.954620,4.917545
357400,5855641600,1.105215e+17,4.957931,4.953191,4.916402
357500,5857280000,1.105525e+17,4.983949,4.951546,4.914913
357600,5858918400,1.105834e+17,4.955597,4.952763,4.916762
357700,5860556800,1.106143e+17,4.944704,4.952689,4.915485
357800,5862195200,1.106452e+17,4.956933,4.951220,4.915622
357900,5863833600,1.106762e+17,4.970611,4.952432,4.916772
358000,5865472000,1.107071e+17,4.961799,4.951704,4.914814
358100,5867110400,1.107380e+17,4.955444,4.950965,4.914713
358200,5868748800,1.107689e+17,4.968201,4.952673,4.915734
358300,5870387200,1.107998e+17,4.978473,4.952013,4.915697
358400,5872025600,1.108308e+17,4.955487,4.954109,4.917312
358500,5873664000,1.108617e+17,4.954056,4.951167,4.915653
358600,5875302400,1.108926e+17,4.968357,4.951640,4.915794
358700,5876940800,1.109235e+17,4.966607,4.948677,4.914048
358800,5878579200,1.109545e+17,4.971320,4.948974,4.913889
358900,5880217600,1.109854e+17,4.965934,4.950337,4.916392
359000,5881856000,1.110163e+17,4.942849,4.946935,4.915531
359100,5883494400,1.110472e+17,4.943363,4.950700,4.916157
359200,5885132800,1.110782e+17,4.975936,4.947473,4.914126
359300,5886771200,1.111091e+17,4.948335,4.950005,4.914982
359400,5888409600,1.111400e+17,4.942747,4.951077,4.915111
359500,5890048000,1.111709e+17,4.966418,4.949777,4.913643
359600,5891686400,1.112019e+17,4.952324,4.953222,4.915959
359700,5893324800,1.112328e+17,4.963448,4.951732,4.915831
359800,5894963200,1.112637e+17,4.996240,4.951738,4.914834
359900,5896601600,1.112946e+17,4.948894,4.948199,4.912914
360000,5898240000,1.113256e+17,4.972670,4.949956,4.913685
360100,5899878400,1.113565e+17,4.955775,4.949314,4.912476
360200,5901516800,1.113874e+17,4.973707,4.945108,4.910109
360300,5903155200,1.114183e+17,4.979528,4.947325,4.912033
360400,5904793600,1.114492e+17,4.983866,4.950445,4.913844
360500,5906432000,1.114802e+17,4.967400,4.947154,4.912053
360600,5908070400,1.115111e+17,4.972914,4.947221,4.912394
360700,5909708800,1.115420e+17,4.959908,4.948400,4.913242
360800,5911347200,1.115729e+17,4.959853,4.948236,4.912264
360900,5912985600,1.116039e+17,4.955772,4.948148,4.913094
361000,5914624000,1.116348e+17,4.968799,4.944984,4.908597
361100,5916262400,1.116657e+17,4.975656,4.946782,4.911715
361200,5917900800,1.116966e+17,4.977444,4.951686,4.911912
361300,5919539200,1.117276e+17,4.967051,4.948243,4.911740
361400,5921177600,1.117585e+17,4.932178,4.950112,4.910389
361500,5922816000,1.117894e+17,4.961329,4.946216,4.909892
361600,5924454400,1.118203e+17,4.938637,4.951030,4.914051
361700,5926092800,1.118513e+17,4.958063,4.947189,4.911656
361800,5927731200,1.118822e+17,4.946242,4.944767,4.910206
361900,5929369600,1.119131e+17,4.951305,4.945282,4.909928
362000,5931008000,1.119440e+17,4.953463,4.945581,4.909491
362100,5932646400,1.119750e+17,4.961982,4.946474,4.910195
362200,5934284800,1.120059e+17,4.957520,4.945118,4.909051
362300,5935923200,1.120368e+17,4.970268,4.944124,4.909029
362400,5937561600,1.120677e+17,4.964244,4.947902,4.911303
362500,5939200000,1.120986e+17,4.953945,4.944210,4.909582
362600,5940838400,1.121296e+17,4.958420,4.945088,4.908123
362700,5942476800,1.121605e+17,4.954546,4.944195,4.908265
362800,5944115200,1.121914e+17,4.955082,4.944166,4.910101
362900,5945753600,1.122223e+17,4.970510,4.942940,4.908035
363000,5947392000,1.122533e+17,4.972278,4.943447,4.906985
363100,5949030400,1.122842e+17,4.977370,4.942745,4.909187
363200,5950668800,1.123151e+17,4.940031,4.939672,4.908041
363300,5952307200,1.123460e+17,4.953206,4.941703,4.909009
363400,5953945600,1.123770e+17,4.954602,4.941965,4.909725
363500,5955584000,1.124079e+17,4.941373,4.941010,4.907336
363600,5957222400,1.124388e+17,4.968121,4.942484,4.908061
363700,5958860800,1.124697e+17,4.961237,4.942478,4.909580
363800,5960499200,1.125007e+17,4.956637,4.942323,4.908925
363900,5962137600,1.125316e+17,4.946928,4.943213,4.907430
364000,5963776000,1.125625e+17,4.971515,4.943567,4.908856
364100,5965414400,1.125934e+17,4.955497,4.942305,4.909049
364200,5967052800,1.126244e+17,4.932598,4.943391,4.908770
364300,5968691200,1.126553e+17,4.946501,4.947063,4.908781
364400,5970329600,1.126862e+17,4.968762,4.941826,4.906118
364500,5971968000,1.127171e+17,4.946794,4.942344,4.906645
364600,5973606400,1.127480e+17,4.941178,4.944676,4.908255
364700,5975244800,1.127790e+17,4.943363,4.943326,4.905625
364800,5976883200,1.128099e+17,4.970852,4.942876,4.906168
364900,5978521600,1.128408e+17,4.954501,4.945102,4.907415
365000,5980160000,1.128717e+17,4.926270,4.943322,4.907011
365100,5981798400,1.129027e+17,4.951036,4.945420,4.907353
365200,5983436800,1.129336e+17,4.960056,4.939906,4.905796
365300,5985075200,1.129645e+17,4.959092,4.942030,4.905305
365400,5986713600,1.129954e+17,4.959044,4.938745,4.905907
365500,5988352000,1.130264e+17,4.946291,4.938015,4.905288
365600,5989990400,1.130573e+17,4.940284,4.942305,4.906605
365700,5991628800,1.130882e+17,4.944780,4.940924,4.906542
365800,5993267200,1.131191e+17,4.941433,4.938512,4.905317
365900,5994905600,1.131501e+17,4.935773,4.941971,4.906013
366000,5996544000,1.131810e+17,4.951801,4.939900,4.907288
366100,5998182400,1.132119e+17,4.943785,4.938705,4.905901
366200,5999820800,1.132428e+17,4.945181,4.940257,4.904182
366300,6001459200,1.132737e+17,4.934844,4.939777,4.904958
366400,6003097600,1.133047e+17,4.943697,4.942370,4.905221
366500,6004736000,1.133356e+17,4.957058,4.937879,4.903065
366600,6006374400,1.133665e+17,4.953148,4.937849,4.902318
366700,6008012800,1.133974e+17,4.933496,4.937969,4.902913
366800,6009651200,1.134284e+17,4.955142,4.939735,4.902126
366900,6011289600,1.134593e+17,4.934860,4.938853,4.904054
367000,6012928000,1.134902e+17,4.930021,4.936577,4.900907
367100,6014566400,1.135211e+17,4.969317,4.937684,4.902657
367200,6016204800,1.135521e+17,4.956458,4.935125,4.900355
367300,6017843200,1.135830e+17,4.959334,4.937751,4.901844
367400,6019481600,1.136139e+17,4.937504,4.936475,4.899587
367500,6021120000,1.136448e+17,4.945815,4.940877,4.901603
367600,6022758400,1.136758e+17,4.955135,4.939239,4.901568
367700,6024396800,1.137067e+17,4.971982,4.940069,4.902291
367800,6026035200,1.137376e+17,4.947303,4.938381,4.901805
367900,6027673600,1.137685e+17,4.937705,4.936950,4.901843
368000,6029312000,1.137995e+17,4.927610,4.937405,4.900291
368100,6030950400,1.138304e+17,4.932392,4.938147,4.901646
368200,6032588800,1.138613e+17,4.936391,4.940424,4.900732
368300,6034227200,1.138922e+17,4.952251,4.938669,4.901062
368400,6035865600,1.139231e+17,4.957549,4.935447,4.899097
368500,6037504000,1.139541e+17,4.947647,4.936882,4.900411
368600,6039142400,1.139850e+17,4.944075,4.938145,4.900926
368700,6040780800,1.140159e+17,4.926585,4.937225,4.901605
368800,6042419200,1.140468e+17,4.958902,4.932973,4.899101
368900,6044057600,1.140778e+17,4.925275,4.932512,4.898496
369000,6045696000,1.141087e+17,4.936415,4.935866,4.900364
369100,6047334400,1.141396e+17,4.936711,4.929911,4.898326
369200,6048972800,1.141705e+17,4.920499,4.930983,4.898050
369300,6050611200,1.142015e+17,4.953816,4.931896,4.897872
369400,6052249600,1.142324e+17,4.918423,4.932405,4.898380
369500,6053888000,1.142633e+17,4.945446,4.931733,4.897958
369600,6055526400,1.142942e+17,4.955214,4.929114,4.897248
369700,6057164800,1.143252e+17,4.938896,4.931285,4.898234
369800,6058803200,1.143561e+17,4.937950,4.928617,4.895792
369900,6060441600,1.143870e+17,4.919442,4.933362,4.898689
370000,6062080000,1.144179e+17,4.948671,4.930279,4.896459
370100,6063718400,1.144489e+17,4.948794,4.928469,4.897608
370200,6065356800,1.144798e+17,4.948802,4.931183,4.897308
370300,6066995200,1.145107e+17,4.953712,4.927955,4.896833
370400,6068633600,1.145416e+17,4.944053,4.932472,4.898206
370500,6070272000,1.145725e+17,4.927404,4.929973,4.899023
370600,6071910400,1.146035e+17,4.936514,4.931232,4.898368
370700,6073548800,1.146344e+17,4.965089,4.931481,4.898794
370800,6075187200,1.146653e+17,4.954877,4.927602,4.897892
370900,6076825600,1.146962e+17,4.939181,4.930816,4.898118
371000,6078464000,1.147272e+17,4.942312,4.926950,4.896079
371100,6080102400,1.147581e+17,4.951972,4.929429,4.898773
371200,6081740800,1.147890e+17,4.948235,4.929690,4.896541
371300,6083379200,1.148199e+17,4.940013,4.926800,4.894270
371400,6085017600,1.148509e+17,4.943841,4.931071,4.897692
371500,6086656000,1.148818e+17,4.950177,4.930709,4.897311
371600,6088294400,1.149127e+17,4.944355,4.927433,4.896450
371700,6089932800,1.149436e+17,4.963493,4.928006,4.897253
371800,6091571200,1.149746e+17,4.946104,4.925785,4.894375
371900,6093209600,1.150055e+17,4.950059,4.923608,4.893962
372000,6094848000,1.150364e+17,4.923233,4.924166,4.895070
372100,6096486400,1.150673e+17,4.949080,4.921200,4.894203
372200,6098124800,1.150983e+17,4.932260,4.923377,4.893088
372300,6099763200,1.151292e+17,4.931739,4.927262,4.895401
372400,6101401600,1.151601e+17,4.947793,4.924905,4.891537
372500,6103040000,1.151910e+17,4.928609,4.923301,4.891899
372600,6104678400,1.152219e+17,4.929363,4.929879,4.894897
372700,6106316800,1.152529e+17,4.950403,4.926356,4.892986
372800,6107955200,1.152838e+17,4.953337,4.923568,4.893614
372900,6109593600,1.153147e+17,4.941621,4.925525,4.893621
373000,6111232000,1.153456e+17,4.943716,4.922096,4.892093
373100,6112870400,1.153766e+17,4.922341,4.925964,4.894413
373200,6114508800,1.154075e+17,4.946704,4.924247,4.893636
373300,6116147200,1.154384e+17,4.962479,4.922739,4.892101
373400,6117785600,1.154693e+17,4.942363,4.924764,4.892779
373500,6119424000,1.155003e+17,4.925910,4.922905,4.892182
373600,6121062400,1.155312e+17,4.957730,4.924320,4.891373
373700,6122700800,1.155621e+17,4.942063,4.924406,4.890975
373800,6124339200,1.155930e+17,4.940999,4.926635,4.893015
373900,6125977600,1.156240e+17,4.958724,4.925598,4.891783
374000,6127616000,1.156549e+17,4.942558,4.927003,4.893781
374100,6129254400,1.156858e+17,4.946071,4.928056,4.891361
374200,6130892800,1.157167e+17,4.954460,4.928903,4.892157
374300,6132531200,1.157477e+17,4.931702,4.926425,4.892093
374400,6134169600,1.157786e+17,4.934778,4.926736,4.890729
374500,6135808000,1.158095e+17,4.930938,4.924953,4.891329
374600,6137446400,1.158404e+17,4.923777,4.926018,4.891976
374700,6139084800,1.158713e+17,4.916049,4.927808,4.892230
374800,6140723200,1.159023e+17,4.930880,4.926758,4.891175
374900,6142361600,1.159332e+17,4.933892,4.925077,4.891015
375000,6144000000,1.159641e+17,4.954240,4.924304,4.891435
375100,6145638400,1.159950e+17,4.949422,4.923222,4.890493
375200,6147276800,1.160260e+17,4.927457,4.923164,4.890023
375300,6148915200,1.160569e+17,4.941917,4.924078,4.889586
375400,6150553600,1.160878e+17,4.933915,4.925708,4.890252
375500,6152192000,1.161187e+17,4.916184,4.923532,4.889119
375600,6153830400,1.161497e+17,4.929812,4.924046,4.889839
375700,6155468800,1.161806e+17,4.929514,4.924083,4.887095
375800,6157107200,1.162115e+17,4.929265,4.923763,4.887183
375900,6158745600,1.162424e+17,4.934555,4.923258,4.887864
376000,6160384000,1.162734e+17,4.960645,4.923737,4.887982
376100,6162022400,1.163043e+17,4.922694,4.924284,4.888497
376200,6163660800,1.163352e+17,4.954559,4.925168,4.888428
376300,6165299200,1.163661e+17,4.907887,4.922612,4.886275
376400,6166937600,1.163970e+17,4.911077,4.923687,4.886117
376500,6168576000,1.164280e+17,4.925624,4.924129,4.887970
376600,6170214400,1.164589e+17,4.935251,4.923700,4.885830
376700,6171852800,1.164898e+17,4.917720,4.924682,4.886802
376800,6173491200,1.165207e+17,4.943503,4.926064,4.887816
376900,6175129600,1.165517e+17,4.932034,4.923948,4.888966
377000,6176768000,1.165826e+17,4.944373,4.923068,4.887756
377100,6178406400,1.166135e+17,4.939418,4.923167,4.886043
377200,6180044800,1.166444e+17,4.924228,4.922940,4.886409
377300,6181683200,1.166754e+17,4.935623,4.922596,4.886189
377400,6183321600,1.167063e+17,4.919019,4.919936,4.885682
377500,6184960000,1.167372e+17,4.918401,4.920017,4.885591
377600,6186598400,1.167681e+17,4.915322,4.920313,4.883239
377700,6188236800,1.167991e+17,4.910064,4.922793,4.885472
377800,6189875200,1.168300e+17,4.930840,4.919704,4.883854
377900,6191513600,1.168609e+17,4.931406,4.923279,4.886715
378000,6193152000,1.168918e+17,4.947257,4.923775,4.884580
378100,6194790400,1.169228e+17,4.942524,4.922731,4.883533
378200,6196428800,1.169537e+17,4.940928,4.925968,4.885436
378300,6198067200,1.169846e+17,4.921927,4.924505,4.885759
378400,6199705600,1.170155e+17,4.932681,4.920846,4.883018
378500,6201344000,1.170464e+17,4.928617,4.917795,4.881608
378600,6202982400,1.170774e+17,4.941603,4.920856,4.882393
378700,6204620800,1.171083e+17,4.929724,4.922875,4.884249
378800,6206259200,1.171392e+17,4.927775,4.921799,4.883212
378900,6207897600,1.171701e+17,4.914231,4.920468,4.884028
379000,6209536000,1.172011e+17,4.930894,4.918520,4.882866
379100,6211174400,1.172320e+17,4.921037,4.920401,4.882088
379200,6212812800,1.172629e+17,4.941388,4.922971,4.884469
379300,6214451200,1.172938e+17,4.928569,4.921125,4.883147
379400,6216089600,1.173248e+17,4.936225,4.921300,4.882520
379500,6217728000,1.173557e+17,4.955604,4.922098,4.882175
379600,6219366400,1.173866e+17,4.920652,4.919636,4.882375
379700,6221004800,1.174175e+17,4.931285,4.921492,4.883598
379800,6222643200,1.174485e+17,4.944697,4.919366,4.881219
379900,6224281600,1.174794e+17,4.930404,4.920509,4.884145
380000,6225920000,1.175103e+17,4.934633,4.919342,4.883369
380100,6227558400,1.175412e+17,4.938560,4.916525,4.881411
380200,6229196800,1.175722e+17,4.929189,4.920565,4.883987
380300,6230835200,1.176031e+17,4.935902,4.918190,4.882116
380400,6232473600,1.176340e+17,4.926865,4.915657,4.881031
380500,6234112000,1.176649e+17,4.928055,4.914949,4.883003
380600,6235750400,1.176958e+17,4.937070,4.916295,4.882151
380700,6237388800,1.177268e+17,4.935968,4.918137,4.883614
380800,6239027200,1.177577e+17,4.948314,4.917784,4.883235
380900,6240665600,1.177886e+17,4.916507,4.918061,4.882465
381000,6242304000,1.178195e+17,4.917245,4.914942,4.881382
381100,6243942400,1.178505e+17,4.934200,4.920619,4.884312
381200,6245580800,1.178814e+17,4.927429,4.918376,4.883275
381300,6247219200,1.179123e+17,4.910071,4.915242,4.881415
381400,6248857600,1.179432e+17,4.932584,4.916351,4.882032
381500,6250496000,1.179742e+17,4.915194,4.918164,4.884315
381600,6252134400,1.180051e+17,4.919144,4.915481,4.881682
381700,6253772800,1.180360e+17,4.916634,4.915746,4.879027
381800,6255411200,1.180669e+17,4.923897,4.917361,4.880056
381900,6257049600,1.180979e+17,4.946759,4.917557,4.881365
382000,6258688000,1.181288e+17,4.945530,4.915661,4.882179
382100,6260326400,1.181597e+17,4.929415,4.915154,4.880950
382200,6261964800,1.181906e+17,4.914133,4.918197,4.882345
382300,6263603200,1.182216e+17,4.909308,4.918643,4.882746
382400,6265241600,1.182525e+17,4.924839,4.913885,4.880104
382500,6266880000,1.182834e+17,4.940965,4.914916,4.879766
382600,6268518400,1.183143e+17,4.924496,4.915501,4.879043
382700,6270156800,1.183452e+17,4.923503,4.914992,4.877790
382800,6271795200,1.183762e+17,4.919508,4.916153,4.879373
382900,6273433600,1.184071e+17,4.928038,4.916370,4.880224
383000,6275072000,1.184380e+17,4.943727,4.915939,4.879208
383100,6276710400,1.184689e+17,4.921731,4.916804,4.878863
383200,6278348800,1.184999e+17,4.924993,4.918348,4.882222
383300,6279987200,1.185308e+17,4.908138,4.916958,4.880416
383400,6281625600,1.185617e+17,4.925287,4.917530,4.881696
383500,6283264000,1.185926e+17,4.922601,4.916557,4.880896
383600,6284902400,1.186236e+17,4.920079,4.917348,4.882427
383700,6286540800,1.186545e+17,4.921814,4.914937,4.881366
383800,6288179200,1.186854e+17,4.916087,4.915300,4.880076
383900,6289817600,1.187163e+17,4.918517,4.913942,4.879124
384000,6291456000,1.187473e+17,4.928275,4.912857,4.879514
384100,6293094400,1.187782e+17,4.897218,4.911783,4.879069
384200,6294732800,1.188091e+17,4.919774,4.914332,4.880198
384300,6296371200,1.188400e+17,4.914555,4.912984,4.879685
384400,6298009600,1.188710e+17,4.912554,4.914582,4.880376
384500,6299648000,1.189019e+17,4.926822,4.912412,4.877584
384600,6301286400,1.189328e+17,4.900968,4.913687,4.878013
384700,6302924800,1.189637e+17,4.922691,4.912004,4.877576
384800,6304563200,1.189946e+17,4.922687,4.912429,4.878191
384900,6306201600,1.190256e+17,4.900381,4.914437,4.879814
385000,6307840000,1.190565e+17,4.945992,4.912409,4.878164
385100,6309478400,1.190874e+17,4.928536,4.912894,4.877369
385200,6311116800,1.191183e+17,4.919219,4.916009,4.878310
385300,6312755200,1.191493e+17,4.924987,4.912880,4.877141
385400,6314393600,1.191802e+17,4.928632,4.919372,4.879069
385500,6316032000,1.192111e+17,4.953424,4.914336,4.878479
385600,6317670400,1.192420e+17,4.926754,4.913125,4.876793
385700,6319308800,1.192730e+17,4.952239,4.911659,4.876703
385800,6320947200,1.193039e+17,4.926369,4.911145,4.877287
385900,6322585600,1.193348e+17,4.925361,4.911002,4.876136
386000,6324224000,1.193657e+17,4.912787,4.911612,4.876650
386100,6325862400,1.193967e+17,4.922509,4.912158,4.877022
386200,6327500800,1.194276e+17,4.910130,4.913244,4.876306
386300,6329139200,1.194585e+17,4.902300,4.911953,4.875752
386400,6330777600,1.194894e+17,4.914030,4.912268,4.876470
386500,6332416000,1.195203e+17,4.904847,4.910918,4.875073
386600,6334054400,1.195513e+17,4.915388,4.908649,4.873884
386700,6335692800,1.195822e+17,4.923111,4.911913,4.875747
386800,6337331200,1.196131e+17,4.917888,4.911783,4.875947
386900,6338969600,1.196440e+17,4.892222,4.907610,4.874253
387000,6340608000,1.196750e+17,4.926520,4.912648,4.876049
387100,6342246400,1.197059e+17,4.916150,4.911189,4.875134
387200,6343884800,1.197368e+17,4.913210,4.911981,4.875723
387300,6345523200,1.197677e+17,4.924475,4.911302,4.875256
387400,6347161600,1.197987e+17,4.929370,4.910540,4.875560
387500,6348800000,1.198296e+17,4.931131,4.907198,4.873839
387600,6350438400,1.198605e+17,4.932605,4.906077,4.874676
387700,6352076800,1.198914e+17,4.911201,4.907831,4.874258
387800,6353715200,1.199224e+17,4.944969,4.907208,4.873740
387900,6355353600,1.199533e+17,4.930715,4.907169,4.873491
388000,6356992000,1.199842e+17,4.900919,4.907139,4.872585
388100,6358630400,1.200151e+17,4.901772,4.909901,4.873267
388200,6360268800,1.200461e+17,4.897521,4.907393,4.872682
388300,6361907200,1.200770e+17,4.899715,4.905500,4.871779
388400,6363545600,1.201079e+17,4.884761,4.904562,4.871069
388500,6365184000,1.201388e+17,4.916217,4.906006,4.872862
388600,6366822400,1.201697e+17,4.915741,4.907160,4.872962
388700,6368460800,1.202007e+17,4.890684,4.908484,4.872291
388800,6370099200,1.202316e+17,4.942271,4.906976,4.872299
388900,6371737600,1.202625e+17,4.930110,4.906695,4.872244
389000,6373376000,1.202934e+17,4.905987,4.906879,4.872132
389100,6375014400,1.203244e+17,4.907224,4.909626,4.874109
389200,6376652800,1.203553e+17,4.926189,4.909453,4.872733
389300,6378291200,1.203862e+17,4.911816,4.906359,4.870205
389400,6379929600,1.204171e+17,4.899885,4.904221,4.870546
389500,6381568000,1.204481e+17,4.919211,4.901895,4.869612
389600,6383206400,1.204790e+17,4.952368,4.900662,4.869099
389700,6384844800,1.205099e+17,4.917088,4.901691,4.869659
389800,6386483200,1.205408e+17,4.919151,4.901905,4.870627
389900,6388121600,1.205718e+17,4.912582,4.900657,4.870333
390000,6389760000,1.206027e+17,4.904089,4.901111,4.870328
390100,6391398400,1.206336e+17,4.910149,4.900566,4.868639
390200,6393036800,1.206645e+17,4.907681,4.900789,4.869599
390300,6394675200,1.206955e+17,4.908811,4.900644,4.869987
390400,6396313600,1.207264e+17,4.916369,4.900277,4.869693
390500,6397952000,1.207573e+17,4.914335,4.901461,4.869232
390600,6399590400,1.207882e+17,4.922669,4.899540,4.868805
390700,6401228800,1.208191e+17,4.926970,4.897944,4.868658
390800,6402867200,1.208501e+17,4.922170,4.898543,4.868909
390900,6404505600,1.208810e+17,4.922900,4.898474,4.867525
391000,6406144000,1.209119e+17,4.901994,4.901090,4.869454
391100,6407782400,1.209428e+17,4.910945,4.901893,4.867951
391200,6409420800,1.209738e+17,4.902742,4.899105,4.868428
391300,6411059200,1.210047e+17,4.917799,4.896548,4.866200
391400,6412697600,1.210356e+17,4.926590,4.897469,4.866409
391500,6414336000,1.210665e+17,4.928335,4.895787,4.865655
391600,6415974400,1.210975e+17,4.925952,4.899666,4.866774
391700,6417612800,1.211284e+17,4.917024,4.899850,4.866983
391800,6419251200,1.211593e+17,4.920580,4.898567,4.864329
391900,6420889600,1.211902e+17,4.894897,4.900545,4.866831
392000,6422528000,1.212212e+17,4.903085,4.898502,4.866073
392100,6424166400,1.212521e+17,4.917478,4.898474,4.866590
392200,6425804800,1.212830e+17,4.940928,4.900803,4.867672
392300,6427443200,1.213139e+17,4.938559,4.902779,4.869140
392400,6429081600,1.213449e+17,4.925095,4.898635,4.865752
392500,6430720000,1.213758e+17,4.906043,4.898855,4.866093
392600,6432358400,1.214067e+17,4.916293,4.902323,4.866683
392700,6433996800,1.214376e+17,4.911222,4.900651,4.866856
392800,6435635200,1.214685e+17,4.885458,4.896996,4.863755
392900,6437273600,1.214995e+17,4.909575,4.902714,4.867067
393000,6438912000,1.215304e+17,4.908403,4.899303,4.866317
393100,6440550400,1.215613e+17,4.921055,4.898750,4.866007
393200,6442188800,1.215922e+17,4.930340,4.897739,4.864617
393300,6443827200,1.216232e+17,4.933561,4.902734,4.867162
393400,6445465600,1.216541e+17,4.939988,4.899558,4.865834
393500,6447104000,1.216850e+17,4.938478,4.899869,4.866807
393600,6448742400,1.217159e+17,4.900976,4.898676,4.863539
393700,6450380800,1.217469e+17,4.903545,4.898358,4.862802
393800,6452019200,1.217778e+17,4.904979,4.899985,4.863553
393900,6453657600,1.218087e+17,4.915525,4.900816,4.863250
394000,6455296000,1.218396e+17,4.920349,4.899303,4.863071
394100,6456934400,1.218706e+17,4.908234,4.898735,4.862853
394200,6458572800,1.219015e+17,4.893726,4.896673,4.861811
394300,6460211200,1.219324e+17,4.931866,4.897094,4.863399
394400,6461849600,1.219633e+17,4.884109,4.899516,4.863197
394500,6463488000,1.219943e+17,4.890072,4.898669,4.861771
394600,6465126400,1.220252e+17,4.899996,4.897028,4.860060
394700,6466764800,1.220561e+17,4.930504,4.896585,4.861181
394800,6468403200,1.220870e+17,4.904119,4.895664,4.861385
394900,6470041600,1.221179e+17,4.898453,4.896373,4.860467
395000,6471680000,1.221489e+17,4.915707,4.893339,4.859604
395100,6473318400,1.221798e+17,4.925435,4.891534,4.857526
395200,6474956800,1.222107e+17,4.917057,4.893972,4.859393
395300,6476595200,1.222416e+17,4.903090,4.896257,4.860485
395400,6478233600,1.222726e+17,4.918248,4.893951,4.859564
395500,6479872000,1.223035e+17,4.909249,4.895332,4.859973
395600,6481510400,1.223344e+17,4.915610,4.896708,4.860758
395700,6483148800,1.223653e+17,4.889633,4.896704,4.860595
395800,6484787200,1.223963e+17,4.896168,4.894422,4.859251
395900,6486425600,1.224272e+17,4.881311,4.894045,4.859818
396000,6488064000,1.224581e+17,4.889057,4.897944,4.860458
396100,6489702400,1.224890e+17,4.893593,4.895816,4.858434
396200,6491340800,1.225200e+17,4.928447,4.896692,4.858567
396300,6492979200,1.225509e+17,4.911803,4.897638,4.858625
396400,6494617600,1.225818e+17,4.913440,4.896256,4.859489
396500,6496256000,1.226127e+17,4.930790,4.896120,4.858830
396600,6497894400,1.226437e+17,4.901914,4.893285,4.857165
396700,6499532800,1.226746e+17,4.936693,4.895822,4.859649
396800,6501171200,1.227055e+17,4.919608,4.893818,4.857297
396900,6502809600,1.227364e+17,4.903780,4.895749,4.858927
397000,6504448000,1.227673e+17,4.912476,4.893897,4.857992
397100,6506086400,1.227983e+17,4.911839,4.896720,4.859633
397200,6507724800,1.228292e+17,4.920367,4.893488,4.857585
397300,6509363200,1.228601e+17,4.914724,4.893313,4.857527
397400,6511001600,1.228910e+17,4.911277,4.892847,4.857322
397500,6512640000,1.229220e+17,4.928886,4.895577,4.859563
397600,6514278400,1.229529e+17,4.911067,4.892806,4.857628
397700,6515916800,1.229838e+17,4.883759,4.893449,4.857987
397800,6517555200,1.230147e+17,4.895070,4.891690,4.856910
397900,6519193600,1.230457e+17,4.904528,4.893679,4.856546
398000,6520832000,1.230766e+17,4.917770,4.893331,4.858017
398100,6522470400,1.231075e+17,4.898118,4.894712,4.857509
398200,6524108800,1.231384e+17,4.899001,4.894874,4.857288
398300,6525747200,1.231694e+17,4.908593,4.893873,4.857879
398400,6527385600,1.232003e+17,4.892013,4.893297,4.856564
398500,6529024000,1.232312e+17,4.926408,4.892649,4.856643
398600,6530662400,1.232621e+17,4.892389,4.890386,4.855825
398700,6532300800,1.232930e+17,4.875868,4.892035,4.855520
398800,6533939200,1.233240e+17,4.904817,4.894132,4.857226
398900,6535577600,1.233549e+17,4.910071,4.897108,4.857751
399000,6537216000,1.233858e+17,4.910399,4.896544,4.855937
399100,6538854400,1.234167e+17,4.919882,4.894606,4.855718
399200,6540492800,1.234477e+17,4.901143,4.894289,4.855669
399300,6542131200,1.234786e+17,4.913565,4.893579,4.855559
399400,6543769600,1.235095e+17,4.904479,4.894214,4.856133
399500,6545408000,1.235404e+17,4.917565,4.891240,4.855757
399600,6547046400,1.235714e+17,4.908834,4.893561,4.856713
399700,6548684800,1.236023e+17,4.894526,4.893648,4.856729
399800,6550323200,1.236332e+17,4.902520,4.890228,4.855250
399900,6551961600,1.236641e+17,4.919725,4.891308,4.855793
400000,6553600000,1.236951e+17,4.901920,4.890995,4.857038
400100,6555238400,1.237260e+17,4.888263,4.891387,4.854363
400200,6556876800,1.237569e+17,4.886126,4.888773,4.853303
400300,6558515200,1.237878e+17,4.913137,4.887865,4.853911
400400,6560153600,1.238188e+17,4.912884,4.888710,4.855558
400500,6561792000,1.238497e+17,4.891483,4.888555,4.854405
400600,6563430400,1.238806e+17,4.922651,4.891626,4.855667
400700,6565068800,1.239115e+17,4.901457,4.892262,4.855935
400800,6566707200,1.239424e+17,4.894994,4.891062,4.855057
400900,6568345600,1.239734e+17,4.899876,4.890902,4.855003
401000,6569984000,1.240043e+17,4.899852,4.890856,4.855073
401100,6571622400,1.240352e+17,4.892182,4.891147,4.856236
401200,6573260800,1.240661e+17,4.903246,4.889175,4.854930
401300,6574899200,1.240971e+17,4.876344,4.890245,4.853993
401400,6576537600,1.241280e+17,4.897211,4.889680,4.855131
401500,6578176000,1.241589e+17,4.881429,4.888134,4.853525
401600,6579814400,1.241898e+17,4.914197,4.888977,4.853788
401700,6581452800,1.242208e+17,4.899279,4.888154,4.854891
401800,6583091200,1.242517e+17,4.880958,4.885430,4.853463
401900,6584729600,1.242826e+17,4.889956,4.888202,4.855299
402000,6586368000,1.243135e+17,4.913995,4.887517,4.854324
402100,6588006400,1.243445e+17,4.880431,4.892461,4.855746
402200,6589644800,1.243754e+17,4.897391,4.891212,4.855187
402300,6591283200,1.244063e+17,4.891619,4.889641,4.854205
402400,6592921600,1.244372e+17,4.915859,4.890622,4.854903
402500,6594560000,1.244682e+17,4.880667,4.890525,4.855069
402600,6596198400,1.244991e+17,4.906150,4.887486,4.854475
402700,6597836800,1.245300e+17,4.906138,4.890730,4.855526
402800,6599475200,1.245609e+17,4.905306,4.892032,4.855049
402900,6601113600,1.245918e+17,4.882167,4.889713,4.853608
403000,6602752000,1.246228e+17,4.902050,4.889025,4.853690
403100,6604390400,1.246537e+17,4.877340,4.888917,4.852560
403200,6606028800,1.246846e+17,4.893571,4.886929,4.852801
403300,6607667200,1.247155e+17,4.888672,4.886617,4.852370
403400,6609305600,1.247465e+17,4.900517,4.886527,4.852857
403500,6610944000,1.247774e+17,4.895074,4.888685,4.854011
403600,6612582400,1.248083e+17,4.892062,4.888511,4.852910
403700,6614220800,1.248392e+17,4.917061,4.887429,4.851792
403800,6615859200,1.248702e+17,4.897437,4.888006,4.851932
403900,6617497600,1.249011e+17,4.893432,4.891159,4.852340
404000,6619136000,1.249320e+17,4.909569,4.889259,4.851515
404100,6620774400,1.249629e+17,4.900845,4.889651,4.850275
404200,6622412800,1.249939e+17,4.887893,4.890853,4.851947
404300,6624051200,1.250248e+17,4.891730,4.889554,4.851190
404400,6625689600,1.250557e+17,4.900815,4.889028,4.850985
404500,6627328000,1.250866e+17,4.896338,4.889450,4.850448
404600,6628966400,1.251176e+17,4.885284,4.890595,4.850539
404700,6630604800,1.251485e+17,4.903938,4.887837,4.850291
404800,6632243200,1.251794e+17,4.908009,4.888914,4.849198
404900,6633881600,1.252103e+17,4.908292,4.887703,4.849378
405000,6635520000,1.252412e+17,4.898185,4.891845,4.850479
405100,6637158400,1.252722e+17,4.888834,4.892474,4.851625
405200,6638796800,1.253031e+17,4.893027,4.890129,4.849444
405300,6640435200,1.253340e+17,4.889113,4.888360,4.849749
405400,6642073600,1.253649e+17,4.905631,4.889715,4.848432
405500,6643712000,1.253959e+17,4.909906,4.886321,4.847942
405600,6645350400,1.254268e+17,4.888026,4.890188,4.849388
405700,6646988800,1.254577e+17,4.887784,4.888813,4.847498
405800,6648627200,1.254886e+17,4.881399,4.890524,4.849265
405900,6650265600,1.255196e+17,4.901622,4.888643,4.847862
406000,6651904000,1.255505e+17,4.893826,4.885339,4.847086
406100,6653542400,1.255814e+17,4.891693,4.887596,4.847769
406200,6655180800,1.256123e+17,4.900212,4.887884,4.848597
406300,6656819200,1.256433e+17,4.887841,4.886393,4.847528
406400,6658457600,1.256742e+17,4.907063,4.884219,4.847117
406500,6660096000,1.257051e+17,4.898621,4.884847,4.847390
406600,6661734400,1.257360e+17,4.896735,4.884741,4.845845
406700,6663372800,1.257670e+17,4.896080,4.887872,4.848611
406800,6665011200,1.257979e+17,4.881393,4.889730,4.849386
406900,6666649600,1.258288e+17,4.888252,4.889490,4.849504
407000,6668288000,1.258597e+17,4.886147,4.884129,4.847441
407100,6669926400,1.258906e+17,4.895864,4.886208,4.847297
407200,6671564800,1.259216e+17,4.887994,4.885689,4.847744
407300,6673203200,1.259525e+17,4.897506,4.885417,4.848138
407400,6674841600,1.259834e+17,4.886139,4.886607,4.848173
407500,6676480000,1.260143e+17,4.889443,4.883697,4.846724
407600,6678118400,1.260453e+17,4.902382,4.882382,4.845956
407700,6679756800,1.260762e+17,4.909638,4.883397,4.846321
407800,6681395200,1.261071e+17,4.874757,4.883308,4.845582
407900,6683033600,1.261380e+17,4.882244,4.882523,4.844790
408000,6684672000,1.261690e+17,4.892095,4.878365,4.842784
408100,6686310400,1.261999e+17,4.894600,4.879624,4.843111
408200,6687948800,1.262308e+17,4.914199,4.881653,4.843737
408300,6689587200,1.262617e+17,4.902821,4.880838,4.842927
408400,6691225600,1.262927e+17,4.888047,4.879892,4.843750
408500,6692864000,1.263236e+17,4.881910,4.881121,4.843451
408600,6694502400,1.263545e+17,4.898331,4.879572,4.843441
408700,6696140800,1.263854e+17,4.886144,4.878293,4.843266
408800,6697779200,1.264163e+17,4.905584,4.879824,4.843078
408900,6699417600,1.264473e+17,4.919093,4.879185,4.843989
409000,6701056000,1.264782e+17,4.907310,4.877707,4.842546
409100,6702694400,1.265091e+17,4.909078,4.879490,4.843092
409200,6704332800,1.265400e+17,4.910547,4.878187,4.843154
409300,6705971200,1.265710e+17,4.900067,4.879666,4.844043
409400,6707609600,1.266019e+17,4.883905,4.880964,4.843935
409500,6709248000,1.266328e+17,4.869598,4.879004,4.842959
409600,6710886400,1.266637e+17,4.889974,4.879759,4.843150
409700,6712524800,1.266947e+17,4.902112,4.879709,4.841987
409800,6714163200,1.267256e+17,4.902419,4.881542,4.842703
409900,6715801600,1.267565e+17,4.883721,4.880066,4.842386
410000,6717440000,1.267874e+17,4.870401,4.881042,4.842447
410100,6719078400,1.268184e+17,4.897337,4.881934,4.843899
410200,6720716800,1.268493e+17,4.897609,4.879854,4.841349
410300,6722355200,1.268802e+17,4.894952,4.878550,4.840599
410400,6723993600,1.269111e+17,4.916932,4.880498,4.841077
410500,6725632000,1.269421e+17,4.880699,4.877835,4.839960
410600,6727270400,1.269730e+17,4.903234,4.877002,4.841419
410700,6728908800,1.270039e+17,4.891551,4.879431,4.841552
410800,6730547200,1.270348e+17,4.874276,4.878848,4.839995
410900,6732185600,1.270657e+17,4.887537,4.881243,4.841047
411000,6733824000,1.270967e+17,4.901350,4.879809,4.841787
411100,6735462400,1.271276e+17,4.914272,4.881943,4.842341
411200,6737100800,1.271585e+17,4.899514,4.876305,4.840203
411300,6738739200,1.271894e+17,4.883373,4.875276,4.840035
411400,6740377600,1.272204e+17,4.868502,4.876266,4.841495
411500,6742016000,1.272513e+17,4.884962,4.877657,4.841828
411600,6743654400,1.272822e+17,4.904540,4.879486,4.841846
411700,6745292800,1.273131e+17,4.875772,4.881125,4.841367
411800,6746931200,1.273441e+17,4.884537,4.878289,4.839381
411900,6748569600,1.273750e+17,4.899816,4.878644,4.840051
412000,6750208000,1.274059e+17,4.897035,4.878306,4.839753
412100,6751846400,1.274368e+17,4.872916,4.876923,4.839197
412200,6753484800,1.274678e+17,4.897855,4.876720,4.838859
412300,6755123200,1.274987e+17,4.893842,4.875442,4.838879
412400,6756761600,1.275296e+17,4.882834,4.876094,4.840369
412500,6758400000,1.275605e+17,4.897155,4.876464,4.842027
412600,6760038400,1.275915e+17,4.900843,4.875841,4.839097
412700,6761676800,1.276224e+17,4.898719,4.874895,4.839069
412800,6763315200,1.276533e+17,4.863946,4.872155,4.838800
412900,6764953600,1.276842e+17,4.864499,4.876200,4.839296
413000,6766592000,1.277151e+17,4.900170,4.879671,4.841397
413100,6768230400,1.277461e+17,4.887098,4.876568,4.840853
413200,6769868800,1.277770e+17,4.880676,4.877735,4.841203
413300,6771507200,1.278079e+17,4.878454,4.878659,4.840408
413400,6773145600,1.278388e+17,4.877162,4.877053,4.840602
413500,6774784000,1.278698e+17,4.882267,4.877094,4.840674
413600,6776422400,1.279007e+17,4.908252,4.876556,4.841112
413700,6778060800,1.279316e+17,4.898943,4.875413,4.839880
413800,6779699200,1.279625e+17,4.877537,4.874512,4.838985
413900,6781337600,1.279935e+17,4.893376,4.873804,4.838558
414000,6782976000,1.280244e+17,4.897925,4.876064,4.839836
414100,6784614400,1.280553e+17,4.886775,4.875385,4.838545
414200,6786252800,1.280862e+17,4.912440,4.873198,4.837796
414300,6787891200,1.281172e+17,4.885216,4.872856,4.838422
414400,6789529600,1.281481e+17,4.876793,4.871688,4.837569
414500,6791168000,1.281790e+17,4.885087,4.873472,4.838593
414600,6792806400,1.282099e+17,4.882589,4.874022,4.839234
414700,6794444800,1.282409e+17,4.897849,4.871201,4.838447
414800,6796083200,1.282718e+17,4.870173,4.872238,4.838221
414900,6797721600,1.283027e+17,4.894979,4.874627,4.838140
415000,6799360000,1.283336e+17,4.865429,4.871877,4.837985
415100,6800998400,1.283645e+17,4.877582,4.873215,4.838819
415200,6802636800,1.283955e+17,4.885020,4.874301,4.837713
415300,6804275200,1.284264e+17,4.904130,4.873688,4.836840
415400,6805913600,1.284573e+17,4.884374,4.874572,4.838400
415500,6807552000,1.284882e+17,4.878469,4.872131,4.837175
415600,6809190400,1.285192e+17,4.888754,4.874058,4.836612
415700,6810828800,1.285501e+17,4.903427,4.872089,4.835735
415800,6812467200,1.285810e+17,4.887161,4.872780,4.836438
415900,6814105600,1.286119e+17,4.879255,4.871075,4.834862
416000,6815744000,1.286429e+17,4.870979,4.873826,4.836679
416100,6817382400,1.286738e+17,4.875763,4.872668,4.836780
416200,6819020800,1.287047e+17,4.876738,4.875119,4.837052
416300,6820659200,1.287356e+17,4.866560,4.876012,4.837105
416400,6822297600,1.287666e+17,4.890916,4.875040,4.837438
416500,6823936000,1.287975e+17,4.889163,4.874284,4.836697
416600,6825574400,1.288284e+17,4.874038,4.875703,4.837211
416700,6827212800,1.288593e+17,4.866667,4.875678,4.837309
416800,6828851200,1.288903e+17,4.882571,4.873776,4.835769
416900,6830489600,1.289212e+17,4.857188,4.872754,4.835289
417000,6832128000,1.289521e+17,4.846887,4.872986,4.834520
417100,6833766400,1.289830e+17,4.856203,4.873761,4.835711
417200,6835404800,1.290139e+17,4.882902,4.873054,4.836321
417300,6837043200,1.290449e+17,4.898597,4.872297,4.835597
417400,6838681600,1.290758e+17,4.886934,4.873587,4.835992
417500,6840320000,1.291067e+17,4.886808,4.873249,4.834229
417600,6841958400,1.291376e+17,4.890505,4.872978,4.834592
417700,6843596800,1.291686e+17,4.887149,4.875729,4.835822
417800,6845235200,1.291995e+17,4.882612,4.872902,4.835400
417900,6846873600,1.292304e+17,4.885147,4.874712,4.835904
418000,6848512000,1.292613e+17,4.868001,4.873688,4.834932
418100,6850150400,1.292923e+17,4.876170,4.872902,4.833424
418200,6851788800,1.293232e+17,4.887263,4.871965,4.833822
418300,6853427200,1.293541e+17,4.875013,4.870299,4.832850
418400,6855065600,1.293850e+17,4.892232,4.872251,4.833706
418500,6856704000,1.294160e+17,4.887550,4.871027,4.833203
418600,6858342400,1.294469e+17,4.880653,4.871507,4.833258
418700,6859980800,1.294778e+17,4.880832,4.871686,4.833834
418800,6861619200,1.295087e+17,4.883256,4.872219,4.834889
418900,6863257600,1.295396e+17,4.889724,4.871148,4.833562
419000,6864896000,1.295706e+17,4.885559,4.871810,4.833599
419100,6866534400,1.296015e+17,4.881604,4.870301,4.833613
419200,6868172800,1.296324e+17,4.868776,4.870118,4.833095
419300,6869811200,1.296633e+17,4.883389,4.869728,4.834359
419400,6871449600,1.296943e+17,4.864758,4.871019,4.833937
419500,6873088000,1.297252e+17,4.884081,4.870878,4.833931
419600,6874726400,1.297561e+17,4.867695,4.870538,4.833674
419700,6876364800,1.297870e+17,4.878178,4.868401,4.832823
419800,6878003200,1.298180e+17,4.881777,4.867434,4.833183
419900,6879641600,1.298489e+17,4.870168,4.867508,4.832461
420000,6881280000,1.298798e+17,4.871866,4.869021,4.833834
420100,6882918400,1.299107e+17,4.872592,4.868618,4.833349
420200,6884556800,1.299417e+17,4.879112,4.866767,4.833266
420300,6886195200,1.299726e+17,4.879210,4.868694,4.833119
420400,6887833600,1.300035e+17,4.866308,4.868231,4.832613
420500,6889472000,1.300344e+17,4.887323,4.867390,4.830861
420600,6891110400,1.300654e+17,4.895404,4.868660,4.832544
420700,6892748800,1.300963e+17,4.897959,4.867750,4.831638
420800,6894387200,1.301272e+17,4.891631,4.866316,4.831799
420900,6896025600,1.301581e+17,4.869331,4.866398,4.832326
421000,6897664000,1.301890e+17,4.881499,4.865214,4.831007
421100,6899302400,1.302200e+17,4.880366,4.868064,4.832367
421200,6900940800,1.302509e+17,4.879356,4.867086,4.832291
421300,6902579200,1.302818e+17,4.890821,4.865192,4.831063
421400,6904217600,1.303127e+17,4.861580,4.866345,4.831485
421500,6905856000,1.303437e+17,4.874916,4.866909,4.831644
421600,6907494400,1.303746e+17,4.885110,4.868907,4.831674
421700,6909132800,1.304055e+17,4.896129,4.867803,4.830704
421800,6910771200,1.304364e+17,4.885573,4.864593,4.830242
421900,6912409600,1.304674e+17,4.866624,4.865541,4.830828
422000,6914048000,1.304983e+17,4.879624,4.864745,4.829358
422100,6915686400,1.305292e+17,4.901381,4.867024,4.830914
422200,6917324800,1.305601e+17,4.866739,4.864080,4.828629
422300,6918963200,1.305911e+17,4.864403,4.865068,4.828198
422400,6920601600,1.306220e+17,4.873022,4.863897,4.827854
422500,6922240000,1.306529e+17,4.908338,4.862191,4.827787
422600,6923878400,1.306838e+17,4.877091,4.865984,4.829886
422700,6925516800,1.307148e+17,4.880161,4.865091,4.828455
422800,6927155200,1.307457e+17,4.869282,4.866008,4.829624
422900,6928793600,1.307766e+17,4.880846,4.865281,4.829540
423000,6930432000,1.308075e+17,4.876746,4.866845,4.828568
423100,6932070400,1.308384e+17,4.889942,4.864638,4.828634
423200,6933708800,1.308694e+17,4.885742,4.865621,4.830409
423300,6935347200,1.309003e+17,4.874501,4.865182,4.830365
423400,6936985600,1.309312e+17,4.869201,4.863273,4.827700
423500,6938624000,1.309621e+17,4.890072,4.863822,4.827450
423600,6940262400,1.309931e+17,4.870682,4.864563,4.827501
423700,6941900800,1.310240e+17,4.883008,4.864357,4.828560
423800,6943539200,1.310549e+17,4.897078,4.862026,4.825372
423900,6945177600,1.310858e+17,4.870852,4.863387,4.827846
424000,6946816000,1.311168e+17,4.873579,4.863867,4.827156
424100,6948454400,1.311477e+17,4.884681,4.861197,4.826796
424200,6950092800,1.311786e+17,4.862779,4.862532,4.826882
424300,6951731200,1.312095e+17,4.874450,4.864001,4.826912
424400,6953369600,1.312405e+17,4.875933,4.859436,4.825737
424500,6955008000,1.312714e+17,4.865158,4.859208,4.825104
424600,6956646400,1.313023e+17,4.883840,4.859264,4.825826
424700,6958284800,1.313332e+17,4.868416,4.858933,4.825420
424800,6959923200,1.313642e+17,4.875321,4.859141,4.825992
424900,6961561600,1.313951e+17,4.885992,4.854188,4.823854
425000,6963200000,1.314260e+17,4.889052,4.856327,4.825031
425100,6964838400,1.314569e+17,4.885213,4.856848,4.826366
425200,6966476800,1.314878e+17,4.879369,4.858091,4.826071
425300,6968115200,1.315188e+17,4.874795,4.856380,4.823726
425400,6969753600,1.315497e+17,4.853707,4.856599,4.825745
425500,6971392000,1.315806e+17,4.868449,4.854310,4.823199
425600,6973030400,1.316115e+17,4.878926,4.856145,4.823594
425700,6974668800,1.316425e+17,4.862462,4.856982,4.823230
425800,6976307200,1.316734e+17,4.889470,4.854566,4.822198
425900,6977945600,1.317043e+17,4.866852,4.853454,4.822433
426000,6979584000,1.317352e+17,4.887893,4.854557,4.823791
426100,6981222400,1.317662e+17,4.876004,4.854774,4.824890
426200,6982860800,1.317971e+17,4.868525,4.853395,4.823112
426300,6984499200,1.318280e+17,4.854945,4.853563,4.823198
426400,6986137600,1.318589e+17,4.883904,4.853506,4.822696
426500,6987776000,1.318899e+17,4.878166,4.854096,4.823549
426600,6989414400,1.319208e+17,4.869788,4.854019,4.822515
426700,6991052800,1.319517e+17,4.870779,4.856401,4.823103
426800,6992691200,1.319826e+17,4.874829,4.855949,4.823471
426900,6994329600,1.320136e+17,4.859907,4.854883,4.823045
427000,6995968000,1.320445e+17,4.888484,4.854756,4.822812
427100,6997606400,1.320754e+17,4.863129,4.856878,4.823670
427200,6999244800,1.321063e+17,4.871511,4.856389,4.821593
427300,7000883200,1.321372e+17,4.884197,4.855555,4.822072
427400,7002521600,1.321682e+17,4.851084,4.858753,4.822964
427500,7004160000,1.321991e+17,4.870534,4.857810,4.823445
427600,7005798400,1.322300e+17,4.873115,4.857817,4.822483
427700,7007436800,1.322609e+17,4.853405,4.857923,4.823049
427800,7009075200,1.322919e+17,4.867096,4.856902,4.822412
427900,7010713600,1.323228e+17,4.898540,4.855256,4.822426
428000,7012352000,1.323537e+17,4.861228,4.854873,4.822653
428100,7013990400,1.323846e+17,4.876224,4.860066,4.825347
428200,7015628800,1.324156e+17,4.855469,4.856515,4.821739
428300,7017267200,1.324465e+17,4.858305,4.855413,4.821424
428400,7018905600,1.324774e+17,4.850862,4.856173,4.821433
428500,7020544000,1.325083e+17,4.852700,4.855989,4.821688
428600,7022182400,1.325393e+17,4.846241,4.855945,4.821337
428700,7023820800,1.325702e+17,4.849006,4.855163,4.821161
428800,7025459200,1.326011e+17,4.867397,4.855823,4.821110
428900,7027097600,1.326320e+17,4.870664,4.856440,4.821230
429000,7028736000,1.326629e+17,4.859925,4.854526,4.819917
429100,7030374400,1.326939e+17,4.870487,4.855021,4.821112
429200,7032012800,1.327248e+17,4.855772,4.854919,4.820468
429300,7033651200,1.327557e+17,4.875774,4.854126,4.818934
429400,7035289600,1.327866e+17,4.860399,4.855817,4.819701
429500,7036928000,1.328176e+17,4.862242,4.854862,4.820384
429600,7038566400,1.328485e+17,4.873235,4.855585,4.819512
429700,7040204800,1.328794e+17,4.875030,4.856157,4.819696
429800,7041843200,1.329103e+17,4.869662,4.856389,4.820357
429900,7043481600,1.329413e+17,4.875916,4.852698,4.819255
430000,7045120000,1.329722e+17,4.881985,4.855739,4.819314
430100,7046758400,1.330031e+17,4.892245,4.853890,4.819310
430200,7048396800,1.330340e+17,4.860273,4.852781,4.820062
430300,7050035200,1.330650e+17,4.856126,4.850511,4.818030
430400,7051673600,1.330959e+17,4.873043,4.851027,4.819072
430500,7053312000,1.331268e+17,4.878327,4.851850,4.818167
430600,7054950400,1.331577e+17,4.866221,4.851712,4.817871
430700,7056588800,1.331887e+17,4.859922,4.854219,4.818564
430800,7058227200,1.332196e+17,4.878102,4.855609,4.819601
430900,7059865600,1.332505e+17,4.868286,4.856255,4.819173
431000,7061504000,1.332814e+17,4.866180,4.853921,4.818324
431100,7063142400,1.333123e+17,4.867219,4.855385,4.818295
431200,7064780800,1.333433e+17,4.887634,4.853519,4.818578
431300,7066419200,1.333742e+17,4.869768,4.851530,4.817912
431400,7068057600,1.334051e+17,4.877127,4.852152,4.818195
431500,7069696000,1.334360e+17,4.861754,4.852294,4.818501
431600,7071334400,1.334670e+17,4.848892,4.850781,4.817098
431700,7072972800,1.334979e+17,4.862634,4.851402,4.817709
431800,7074611200,1.335288e+17,4.862605,4.851251,4.817375
431900,7076249600,1.335597e+17,4.874337,4.852076,4.818522
432000,7077888000,1.335907e+17,4.860712,4.851877,4.817291
432100,7079526400,1.336216e+17,4.887971,4.850800,4.817470
432200,7081164800,1.336525e+17,4.842106,4.849933,4.817666
432300,7082803200,1.336834e+17,4.857296,4.848510,4.817103
432400,7084441600,1.337144e+17,4.843114,4.850250,4.817595
432500,7086080000,1.337453e+17,4.867292,4.848309,4.815898
432600,7087718400,1.337762e+17,4.880862,4.848752,4.817121
432700,7089356800,1.338071e+17,4.882895,4.848746,4.815712
432800,7090995200,1.338381e+17,4.878825,4.850675,4.817516
432900,7092633600,1.338690e+17,4.876918,4.852871,4.816647
433000,7094272000,1.338999e+17,4.864300,4.849168,4.815884
433100,7095910400,1.339308e+17,4.879555,4.851014,4.816911
433200,7097548800,1.339617e+17,4.885552,4.850655,4.815346
433300,7099187200,1.339927e+17,4.858111,4.850890,4.815350
433400,7100825600,1.340236e+17,4.850113,4.852596,4.816239
433500,7102464000,1.340545e+17,4.863290,4.853741,4.817687
433600,7104102400,1.340854e+17,4.878518,4.851032,4.817583
433700,7105740800,1.341164e+17,4.869545,4.850310,4.816586
433800,7107379200,1.341473e+17,4.856258,4.850338,4.815821
433900,7109017600,1.341782e+17,4.850906,4.850907,4.816129
434000,7110656000,1.342091e+17,4.868723,4.852456,4.816300
434100,7112294400,1.342401e+17,4.861917,4.853228,4.817953
434200,7113932800,1.342710e+17,4.850762,4.852807,4.816202
434300,7115571200,1.343019e+17,4.863656,4.852547,4.815982
434400,7117209600,1.343328e+17,4.867671,4.851091,4.814442
434500,7118848000,1.343638e+17,4.846411,4.853810,4.815621
434600,7120486400,1.343947e+17,4.854672,4.850648,4.812863
434700,7122124800,1.344256e+17,4.884804,4.851645,4.814136
434800,7123763200,1.344565e+17,4.871511,4.848898,4.813304
434900,7125401600,1.344875e+17,4.876630,4.851099,4.813284
435000,7127040000,1.345184e+17,4.871035,4.849425,4.813366
435100,7128678400,1.345493e+17,4.868016,4.849647,4.813805
435200,7130316800,1.345802e+17,4.872097,4.848308,4.812415
435300,7131955200,1.346111e+17,4.884606,4.848257,4.813083
435400,7133593600,1.346421e+17,4.859002,4.846368,4.812197
435500,7135232000,1.346730e+17,4.865952,4.846895,4.812143
435600,7136870400,1.347039e+17,4.858446,4.845789,4.811919
435700,7138508800,1.347348e+17,4.854610,4.846368,4.812769
435800,7140147200,1.347658e+17,4.840396,4.846172,4.812368
435900,7141785600,1.347967e+17,4.865378,4.845974,4.813395
436000,7143424000,1.348276e+17,4.846935,4.846071,4.812105
436100,7145062400,1.348585e+17,4.837800,4.846361,4.813688
436200,7146700800,1.348895e+17,4.865924,4.846292,4.812425
436300,7148339200,1.349204e+17,4.860121,4.848519,4.812975
436400,7149977600,1.349513e+17,4.880427,4.850113,4.812869
436500,7151616000,1.349822e+17,4.881158,4.848341,4.813749
436600,7153254400,1.350132e+17,4.876900,4.846623,4.813283
436700,7154892800,1.350441e+17,4.855637,4.849492,4.813913
436800,7156531200,1.350750e+17,4.840547,4.847510,4.813004
436900,7158169600,1.351059e+17,4.865363,4.845267,4.812837
437000,7159808000,1.351369e+17,4.859310,4.844435,4.812416
437100,7161446400,1.351678e+17,4.857665,4.844396,4.811906
437200,7163084800,1.351987e+17,4.856695,4.846307,4.812241
437300,7164723200,1.352296e+17,4.858274,4.846844,4.812826
437400,7166361600,1.352605e+17,4.861120,4.847073,4.812864
437500,7168000000,1.352915e+17,4.861980,4.846721,4.813210
437600,7169638400,1.353224e+17,4.855805,4.847419,4.813005
437700,7171276800,1.353533e+17,4.855387,4.847931,4.812271
437800,7172915200,1.353842e+17,4.858424,4.845970,4.812720
437900,7174553600,1.354152e+17,4.844708,4.845544,4.811502
438000,7176192000,1.354461e+17,4.851269,4.847413,4.812377
438100,7177830400,1.354770e+17,4.851890,4.846608,4.812158
438200,7179468800,1.355079e+17,4.855338,4.845450,4.811825
438300,7181107200,1.355389e+17,4.837358,4.848473,4.812068
438400,7182745600,1.355698e+17,4.839338,4.845058,4.810383
438500,7184384000,1.356007e+17,4.861463,4.845385,4.811012
438600,7186022400,1.356316e+17,4.834246,4.847194,4.812869
438700,7187660800,1.356626e+17,4.871054,4.846272,4.810821
438800,7189299200,1.356935e+17,4.867899,4.846969,4.811622
438900,7190937600,1.357244e+17,4.862142,4.844585,4.809784
439000,7192576000,1.357553e+17,4.848802,4.843267,4.810101
439100,7194214400,1.357863e+17,4.880660,4.842272,4.809587
439200,7195852800,1.358172e+17,4.852982,4.843848,4.810223
439300,7197491200,1.358481e+17,4.868850,4.845397,4.809225
439400,7199129600,1.358790e+17,4.869792,4.845323,4.809790
439500,7200768000,1.359099e+17,4.874824,4.845578,4.809313
439600,7202406400,1.359409e+17,4.851412,4.844771,4.808197
439700,7204044800,1.359718e+17,4.893095,4.845456,4.810276
439800,7205683200,1.360027e+17,4.878568,4.844193,4.809501
439900,7207321600,1.360336e+17,4.868608,4.844342,4.809678
440000,7208960000,1.360646e+17,4.849789,4.841996,4.808180
440100,7210598400,1.360955e+17,4.860010,4.843095,4.807988
440200,7212236800,1.361264e+17,4.858966,4.843111,4.809136
440300,7213875200,1.361573e+17,4.847035,4.842230,4.809810
440400,7215513600,1.361883e+17,4.853152,4.841784,4.808302
440500,7217152000,1.362192e+17,4.872609,4.841788,4.808164
440600,7218790400,1.362501e+17,4.840259,4.840428,4.808394
440700,7220428800,1.362810e+17,4.861320,4.842948,4.808987
440800,7222067200,1.363120e+17,4.879037,4.843827,4.808737
440900,7223705600,1.363429e+17,4.875950,4.843200,4.808797
441000,7225344000,1.363738e+17,4.842104,4.842299,4.808927
441100,7226982400,1.364047e+17,4.850849,4.842758,4.809140
441200,7228620800,1.364356e+17,4.877522,4.841817,4.808552
441300,7230259200,1.364666e+17,4.861984,4.841956,4.807469
441400,7231897600,1.364975e+17,4.856132,4.841389,4.808048
441500,7233536000,1.365284e+17,4.868410,4.841747,4.808013
441600,7235174400,1.365593e+17,4.874567,4.840749,4.807055
441700,7236812800,1.365903e+17,4.856639,4.841639,4.807314
441800,7238451200,1.366212e+17,4.849438,4.841841,4.807398
441900,7240089600,1.366521e+17,4.866820,4.842745,4.807127
442000,7241728000,1.366830e+17,4.863610,4.843116,4.806760
442100,7243366400,1.367140e+17,4.857187,4.844967,4.807440
442200,7245004800,1.367449e+17,4.867361,4.843032,4.805745
442300,7246643200,1.367758e+17,4.869636,4.842392,4.806136
442400,7248281600,1.368067e+17,4.883781,4.840431,4.805843
442500,7249920000,1.368377e+17,4.864526,4.842092,4.808103
442600,7251558400,1.368686e+17,4.871550,4.841407,4.805853
442700,7253196800,1.368995e+17,4.867458,4.838798,4.805486
442800,7254835200,1.369304e+17,4.869584,4.843347,4.807430
442900,7256473600,1.369614e+17,4.849439,4.841616,4.807629
443000,7258112000,1.369923e+17,4.846462,4.841725,4.806910
443100,7259750400,1.370232e+17,4.839705,4.840478,4.807515
443200,7261388800,1.370541e+17,4.849892,4.839115,4.805813
443300,7263027200,1.370850e+17,4.849648,4.838812,4.804750
443400,7264665600,1.371160e+17,4.855326,4.838452,4.805518
443500,7266304000,1.371469e+17,4.846142,4.839233,4.805154
443600,7267942400,1.371778e+17,4.857559,4.838205,4.805889
443700,7269580800,1.372087e+17,4.854991,4.840032,4.806331
443800,7271219200,1.372397e+17,4.850594,4.837938,4.804846
443900,7272857600,1.372706e+17,4.845494,4.840879,4.805612
444000,7274496000,1.373015e+17,4.846695,4.837836,4.805867
444100,7276134400,1.373324e+17,4.846873,4.838124,4.805292
444200,7277772800,1.373634e+17,4.858761,4.838489,4.805783
444300,7279411200,1.373943e+17,4.848608,4.839219,4.805664
444400,7281049600,1.374252e+17,4.851181,4.839154,4.804205
444500,7282688000,1.374561e+17,4.853373,4.838978,4.805170
444600,7284326400,1.374871e+17,4.848095,4.837066,4.804245
444700,7285964800,1.375180e+17,4.846088,4.837752,4.804114
444800,7287603200,1.375489e+17,4.857690,4.837151,4.803803
444900,7289241600,1.375798e+17,4.842422,4.841526,4.806099
445000,7290880000,1.376108e+17,4.842064,4.840729,4.805200
445100,7292518400,1.376417e+17,4.839654,4.840678,4.805013
445200,7294156800,1.376726e+17,4.860482,4.839548,4.804617
445300,7295795200,1.377035e+17,4.880145,4.838639,4.804687
445400,7297433600,1.377344e+17,4.841235,4.840002,4.803680
445500,7299072000,1.377654e+17,4.879173,4.838576,4.802993
445600,7300710400,1.377963e+17,4.855544,4.839046,4.804461
445700,7302348800,1.378272e+17,4.848992,4.840905,4.805467
445800,7303987200,1.378581e+17,4.861691,4.839018,4.804194
445900,7305625600,1.378891e+17,4.836736,4.838800,4.804620
446000,7307264000,1.379200e+17,4.833858,4.840358,4.804129
446100,7308902400,1.379509e+17,4.842364,4.841604,4.803999
446200,7310540800,1.379818e+17,4.821223,4.839992,4.803002
446300,7312179200,1.380128e+17,4.848969,4.837101,4.802025
446400,7313817600,1.380437e+17,4.871247,4.838711,4.802938
446500,7315456000,1.380746e+17,4.878897,4.839307,4.804194
446600,7317094400,1.381055e+17,4.866115,4.839084,4.804317
446700,7318732800,1.381365e+17,4.875668,4.839638,4.804237
446800,7320371200,1.381674e+17,4.864964,4.839563,4.803248
446900,7322009600,1.381983e+17,4.849598,4.838967,4.802097
447000,7323648000,1.382292e+17,4.851307,4.837821,4.803279
447100,7325286400,1.382602e+17,4.855339,4.838946,4.804221
447200,7326924800,1.382911e+17,4.850705,4.835284,4.802678
447300,7328563200,1.383220e+17,4.871760,4.835375,4.802658
447400,7330201600,1.383529e+17,4.852620,4.835093,4.802999
447500,7331840000,1.383838e+17,4.852943,4.836714,4.801564
447600,7333478400,1.384148e+17,4.869060,4.838580,4.803641
447700,7335116800,1.384457e+17,4.862237,4.839087,4.802813
447800,7336755200,1.384766e+17,4.838630,4.838370,4.803652
447900,7338393600,1.385075e+17,4.868104,4.837481,4.802991
448000,7340032000,1.385385e+17,4.850468,4.835997,4.803411
448100,7341670400,1.385694e+17,4.850772,4.836828,4.802895
448200,7343308800,1.386003e+17,4.858366,4.839708,4.803907
448300,7344947200,1.386312e+17,4.820837,4.838195,4.803887
448400,7346585600,1.386622e+17,4.832263,4.838149,4.803265
448500,7348224000,1.386931e+17,4.850577,4.837714,4.801601
448600,7349862400,1.387240e+17,4.841156,4.837975,4.802574
448700,7351500800,1.387549e+17,4.838562,4.836744,4.801986
448800,7353139200,1.387859e+17,4.842665,4.835433,4.800872
448900,7354777600,1.388168e+17,4.849470,4.837683,4.802367
449000,7356416000,1.388477e+17,4.858310,4.838876,4.802751
449100,7358054400,1.388786e+17,4.842632,4.837615,4.800919
449200,7359692800,1.389096e+17,4.837512,4.838168,4.800632
449300,7361331200,1.389405e+17,4.851444,4.837595,4.800609
449400,7362969600,1.389714e+17,4.866442,4.839474,4.801769
449500,7364608000,1.390023e+17,4.848709,4.838268,4.801994
449600,7366246400,1.390332e+17,4.843746,4.839339,4.802953
449700,7367884800,1.390642e+17,4.841558,4.840276,4.803720
449800,7369523200,1.390951e+17,4.852641,4.837929,4.802659
449900,7371161600,1.391260e+17,4.855939,4.837507,4.801664
450000,7372800000,1.391569e+17,4.831971,4.839384,4.800924
450100,7374438400,1.391879e+17,4.834778,4.840498,4.802535
450200,7376076800,1.392188e+17,4.845185,4.837609,4.801055
450300,7377715200,1.392497e+17,4.835301,4.836526,4.800475
450400,7379353600,1.392806e+17,4.858527,4.835116,4.801084
450500,7380992000,1.393116e+17,4.843784,4.835936,4.801408
450600,7382630400,1.393425e+17,4.830836,4.837488,4.801034
450700,7384268800,1.393734e+17,4.846367,4.836655,4.800919
450800,7385907200,1.394043e+17,4.845018,4.837092,4.801448
450900,7387545600,1.394353e+17,4.836503,4.836728,4.800900
451000,7389184000,1.394662e+17,4.851710,4.836783,4.800411
451100,7390822400,1.394971e+17,4.850996,4.834426,4.800032
451200,7392460800,1.395280e+17,4.845925,4.835241,4.799526
451300,7394099200,1.395589e+17,4.838999,4.834219,4.799661
451400,7395737600,1.395899e+17,4.852262,4.836204,4.801032
451500,7397376000,1.396208e+17,4.856477,4.836522,4.801084
451600,7399014400,1.396517e+17,4.842760,4.834425,4.799622
451700,7400652800,1.396826e+17,4.852340,4.835977,4.801441
451800,7402291200,1.397136e+17,4.841163,4.835178,4.798908
451900,7403929600,1.397445e+17,4.854424,4.836005,4.799314
452000,7405568000,1.397754e+17,4.826231,4.836123,4.798328
452100,7407206400,1.398063e+17,4.867054,4.835408,4.799055
452200,7408844800,1.398373e+17,4.851453,4.835775,4.799855
452300,7410483200,1.398682e+17,4.838778,4.837003,4.801405
452400,7412121600,1.398991e+17,4.844767,4.834241,4.800443
452500,7413760000,1.399300e+17,4.853189,4.835456,4.800300
452600,7415398400,1.399610e+17,4.840515,4.836937,4.799899
452700,7417036800,1.399919e+17,4.858558,4.836870,4.799014
452800,7418675200,1.400228e+17,4.854452,4.835565,4.799247
452900,7420313600,1.400537e+17,4.863965,4.834844,4.799059
453000,7421952000,1.400847e+17,4.831698,4.836442,4.798860
453100,7423590400,1.401156e+17,4.868818,4.836713,4.799868
453200,7425228800,1.401465e+17,4.832831,4.834871,4.798682
453300,7426867200,1.401774e+17,4.846354,4.833849,4.797433
453400,7428505600,1.402083e+17,4.852611,4.834535,4.798315
453500,7430144000,1.402393e+17,4.843132,4.833422,4.797886
453600,7431782400,1.402702e+17,4.843758,4.834365,4.798853
453700,7433420800,1.403011e+17,4.851368,4.833317,4.796725
453800,7435059200,1.403320e+17,4.865942,4.834239,4.798796
453900,7436697600,1.403630e+17,4.858644,4.831899,4.795740
454000,7438336000,1.403939e+17,4.848224,4.832051,4.797131
454100,7439974400,1.404248e+17,4.862354,4.833885,4.796666
454200,7441612800,1.404557e+17,4.834793,4.835551,4.797682
454300,7443251200,1.404867e+17,4.862480,4.831612,4.797189
454400,7444889600,1.405176e+17,4.828650,4.832317,4.797126
454500,7446528000,1.405485e+17,4.839049,4.831937,4.797329
454600,7448166400,1.405794e+17,4.856472,4.832278,4.796943
454700,7449804800,1.406104e+17,4.854194,4.833799,4.798955
454800,7451443200,1.406413e+17,4.853865,4.837611,4.799629
454900,7453081600,1.406722e+17,4.834269,4.834013,4.797841
455000,7454720000,1.407031e+17,4.848619,4.833614,4.798527
455100,7456358400,1.407341e+17,4.838243,4.833950,4.798073
455200,7457996800,1.407650e+17,4.864626,4.835467,4.798540
455300,7459635200,1.407959e+17,4.842736,4.833940,4.798312
455400,7461273600,1.408268e+17,4.844991,4.832334,4.797314
455500,7462912000,1.408577e+17,4.840588,4.832608,4.797207
455600,7464550400,1.408887e+17,4.848334,4.833270,4.797197
455700,7466188800,1.409196e+17,4.845359,4.833081,4.797061
455800,7467827200,1.409505e+17,4.829427,4.831341,4.795907
455900,7469465600,1.409814e+17,4.850569,4.834835,4.798039
456000,7471104000,1.410124e+17,4.845383,4.832374,4.797396
456100,7472742400,1.410433e+17,4.845731,4.832608,4.796819
456200,7474380800,1.410742e+17,4.855439,4.833465,4.796694
456300,7476019200,1.411051e+17,4.843446,4.833355,4.797448
456400,7477657600,1.411361e+17,4.859144,4.830044,4.795053
456500,7479296000,1.411670e+17,4.845865,4.830116,4.794587
456600,7480934400,1.411979e+17,4.831418,4.830252,4.795012
456700,7482572800,1.412288e+17,4.860511,4.829680,4.793843
456800,7484211200,1.412598e+17,4.833071,4.831105,4.795012
456900,7485849600,1.412907e+17,4.837510,4.831831,4.796426
457000,7487488000,1.413216e+17,4.844682,4.830563,4.795665
457100,7489126400,1.413525e+17,4.862721,4.830942,4.794621
457200,7490764800,1.413835e+17,4.846939,4.829961,4.794345
457300,7492403200,1.414144e+17,4.860070,4.832462,4.795265
457400,7494041600,1.414453e+17,4.863305,4.832916,4.795440
457500,7495680000,1.414762e+17,4.848333,4.831827,4.795411
457600,7497318400,1.415071e+17,4.832973,4.830052,4.793490
457700,7498956800,1.415381e+17,4.854701,4.829336,4.795501
457800,7500595200,1.415690e+17,4.875802,4.828507,4.795123
457900,7502233600,1.415999e+17,4.859245,4.829586,4.795366
458000,7503872000,1.416308e+17,4.843858,4.830223,4.794460
458100,7505510400,1.416618e+17,4.838262,4.829946,4.793954
458200,7507148800,1.416927e+17,4.835891,4.830035,4.794033
458300,7508787200,1.417236e+17,4.828512,4.828830,4.793623
458400,7510425600,1.417545e+17,4.855833,4.828206,4.793906
458500,7512064000,1.417855e+17,4.860928,4.830181,4.794126
458600,7513702400,1.418164e+17,4.859039,4.831296,4.793984
458700,7515340800,1.418473e+17,4.835334,4.831207,4.793970
458800,7516979200,1.418782e+17,4.851857,4.831146,4.793419
458900,7518617600,1.419092e+17,4.847811,4.831231,4.793531
459000,7520256000,1.419401e+17,4.848120,4.829919,4.793124
459100,7521894400,1.419710e+17,4.829796,4.830219,4.793308
459200,7523532800,1.420019e+17,4.850222,4.832089,4.794451
459300,7525171200,1.420329e+17,4.838976,4.833046,4.794840
459400,7526809600,1.420638e+17,4.845744,4.830473,4.794628
459500,7528448000,1.420947e+17,4.842568,4.834195,4.794357
459600,7530086400,1.421256e+17,4.833137,4.832587,4.793534
459700,7531724800,1.421565e+17,4.841033,4.831916,4.793069
459800,7533363200,1.421875e+17,4.835069,4.832647,4.793131
459900,7535001600,1.422184e+17,4.866881,4.830477,4.792390
460000,7536640000,1.422493e+17,4.820621,4.830585,4.792861
460100,7538278400,1.422802e+17,4.848092,4.833032,4.794205
460200,7539916800,1.423112e+17,4.841250,4.830187,4.792621
460300,7541555200,1.423421e+17,4.847237,4.828860,4.792343
460400,7543193600,1.423730e+17,4.833898,4.830379,4.793299
460500,7544832000,1.424039e+17,4.845569,4.828136,4.792384
460600,7546470400,1.424349e+17,4.862059,4.828269,4.792186
460700,7548108800,1.424658e+17,4.834050,4.830597,4.794229
460800,7549747200,1.424967e+17,4.832130,4.829166,4.792828
460900,7551385600,1.425276e+17,4.831777,4.829356,4.792809
461000,7553024000,1.425586e+17,4.835898,4.830920,4.793567
461100,7554662400,1.425895e+17,4.840014,4.831389,4.793684
461200,7556300800,1.426204e+17,4.829918,4.829633,4.792849
461300,7557939200,1.426513e+17,4.835066,4.829856,4.793610
461400,7559577600,1.426822e+17,4.852585,4.827926,4.791880
461500,7561216000,1.427132e+17,4.839001,4.827956,4.792030
461600,7562854400,1.427441e+17,4.808942,4.829240,4.793034
461700,7564492800,1.427750e+17,4.836428,4.828599,4.793036
461800,7566131200,1.428059e+17,4.839533,4.826531,4.792481
461900,7567769600,1.428369e+17,4.837564,4.827404,4.792753
462000,7569408000,1.428678e+17,4.849391,4.827935,4.792171
462100,7571046400,1.428987e+17,4.843095,4.826981,4.792623
462200,7572684800,1.429296e+17,4.844012,4.827027,4.792001
462300,7574323200,1.429606e+17,4.846432,4.829851,4.792916
462400,7575961600,1.429915e+17,4.857927,4.828673,4.793107
462500,7577600000,1.430224e+17,4.827102,4.828233,4.793255
462600,7579238400,1.430533e+17,4.843942,4.827247,4.791867
462700,7580876800,1.430843e+17,4.867358,4.825978,4.791476
462800,7582515200,1.431152e+17,4.846853,4.828105,4.791472
462900,7584153600,1.431461e+17,4.823324,4.827961,4.791118
463000,7585792000,1.431770e+17,4.851282,4.826777,4.791813
463100,7587430400,1.432080e+17,4.825477,4.825554,4.791138
463200,7589068800,1.432389e+17,4.838837,4.826187,4.791771
463300,7590707200,1.432698e+17,4.827466,4.826735,4.791087
463400,7592345600,1.433007e+17,4.839876,4.825029,4.790823
463500,7593984000,1.433316e+17,4.838633,4.824063,4.789871
463600,7595622400,1.433626e+17,4.837733,4.825106,4.790415
463700,7597260800,1.433935e+17,4.839561,4.827547,4.791969
463800,7598899200,1.434244e+17,4.818737,4.826570,4.791759
463900,7600537600,1.434553e+17,4.800834,4.824594,4.790869
464000,7602176000,1.434863e+17,4.835289,4.823859,4.791130
464100,7603814400,1.435172e+17,4.850785,4.822578,4.789348
464200,7605452800,1.435481e+17,4.836965,4.821923,4.790022
464300,7607091200,1.435790e+17,4.847558,4.823474,4.790336
464400,7608729600,1.436100e+17,4.848927,4.825764,4.791788
464500,7610368000,1.436409e+17,4.826719,4.824557,4.789683
464600,7612006400,1.436718e+17,4.820906,4.823306,4.790762
464700,7613644800,1.437027e+17,4.837277,4.824125,4.790496
464800,7615283200,1.437337e+17,4.852121,4.823699,4.790966
464900,7616921600,1.437646e+17,4.851448,4.825509,4.791064
465000,7618560000,1.437955e+17,4.825404,4.824668,4.790218
465100,7620198400,1.438264e+17,4.835032,4.828124,4.791999
465200,7621836800,1.438574e+17,4.853927,4.825139,4.790352
465300,7623475200,1.438883e+17,4.834339,4.824406,4.789185
465400,7625113600,1.439192e+17,4.825935,4.826083,4.789587
465500,7626752000,1.439501e+17,4.831025,4.826674,4.788943
465600,7628390400,1.439810e+17,4.847620,4.825705,4.789847
465700,7630028800,1.440120e+17,4.845864,4.825214,4.790568
465800,7631667200,1.440429e+17,4.833643,4.825619,4.790073
465900,7633305600,1.440738e+17,4.824694,4.823398,4.789562
466000,7634944000,1.441047e+17,4.835280,4.825359,4.790474
466100,7636582400,1.441357e+17,4.840233,4.823272,4.789346
466200,7638220800,1.441666e+17,4.858325,4.824282,4.790788
466300,7639859200,1.441975e+17,4.860359,4.827050,4.790081
466400,7641497600,1.442284e+17,4.834759,4.824691,4.789735
466500,7643136000,1.442594e+17,4.838615,4.825171,4.789000
466600,7644774400,1.442903e+17,4.836986,4.827552,4.790529
466700,7646412800,1.443212e+17,4.818726,4.826607,4.790309
466800,7648051200,1.443521e+17,4.839923,4.825813,4.789570
466900,7649689600,1.443831e+17,4.839136,4.826173,4.789916
467000,7651328000,1.444140e+17,4.840323,4.827205,4.790424
467100,7652966400,1.444449e+17,4.842979,4.826261,4.788755
467200,7654604800,1.444758e+17,4.831929,4.825311,4.789810
467300,7656243200,1.445068e+17,4.848093,4.825176,4.790122
467400,7657881600,1.445377e+17,4.843604,4.824662,4.789460
467500,7659520000,1.445686e+17,4.839047,4.824132,4.788706
467600,7661158400,1.445995e+17,4.857938,4.825657,4.789350
467700,7662796800,1.446304e+17,4.830063,4.821389,4.788469
467800,7664435200,1.446614e+17,4.855709,4.822929,4.788051
467900,7666073600,1.446923e+17,4.814136,4.822629,4.788407
468000,7667712000,1.447232e+17,4.844668,4.824843,4.789191
468100,7669350400,1.447541e+17,4.844958,4.825603,4.790920
468200,7670988800,1.447851e+17,4.845415,4.825581,4.789791
468300,7672627200,1.448160e+17,4.834528,4.826219,4.790168
468400,7674265600,1.448469e+17,4.843329,4.823415,4.789129
468500,7675904000,1.448778e+17,4.837603,4.822711,4.787753
468600,7677542400,1.449088e+17,4.816413,4.825391,4.789142
468700,7679180800,1.449397e+17,4.814419,4.824756,4.788348
468800,7680819200,1.449706e+17,4.826491,4.825677,4.789515
468900,7682457600,1.450015e+17,4.825166,4.825006,4.788776
469000,7684096000,1.450325e+17,4.834449,4.823575,4.788965
469100,7685734400,1.450634e+17,4.819801,4.823210,4.787535
469200,7687372800,1.450943e+17,4.830534,4.824793,4.789400
469300,7689011200,1.451252e+17,4.855199,4.824239,4.788806
469400,7690649600,1.451562e+17,4.848318,4.822351,4.788345
469500,7692288000,1.451871e+17,4.845182,4.821308,4.788222
469600,7693926400,1.452180e+17,4.833086,4.821729,4.787854
469700,7695564800,1.452489e+17,4.853501,4.822999,4.788810
469800,7697203200,1.452798e+17,4.851010,4.824644,4.788726
469900,7698841600,1.453108e+17,4.834188,4.823397,4.788683
470000,7700480000,1.453417e+17,4.838317,4.824347,4.788729
470100,7702118400,1.453726e+17,4.836708,4.824096,4.788710
470200,7703756800,1.454035e+17,4.841028,4.822882,4.787677
470300,7705395200,1.454345e+17,4.861598,4.824864,4.788945
470400,7707033600,1.454654e+17,4.839685,4.821981,4.788419
470500,7708672000,1.454963e+17,4.832710,4.822458,4.788401
470600,7710310400,1.455272e+17,4.841222,4.820315,4.787109
470700,7711948800,1.455582e+17,4.831375,4.822199,4.787099
470800,7713587200,1.455891e+17,4.830693,4.821065,4.787103
470900,7715225600,1.456200e+17,4.838832,4.820765,4.787087
471000,7716864000,1.456509e+17,4.829591,4.822012,4.786195
471100,7718502400,1.456819e+17,4.815315,4.824117,4.787894
471200,7720140800,1.457128e+17,4.827727,4.821068,4.786339
471300,7721779200,1.457437e+17,4.810814,4.820774,4.787046
471400,7723417600,1.457746e+17,4.847338,4.821740,4.786926
471500,7725056000,1.458055e+17,4.840745,4.818631,4.785333
471600,7726694400,1.458365e+17,4.831446,4.821895,4.786733
471700,7728332800,1.458674e+17,4.833683,4.822315,4.787116
471800,7729971200,1.458983e+17,4.852121,4.822292,4.787469
471900,7731609600,1.459292e+17,4.838744,4.825818,4.787139
472000,7733248000,1.459602e+17,4.845016,4.821308,4.786206
472100,7734886400,1.459911e+17,4.852463,4.822941,4.786816
472200,7736524800,1.460220e+17,4.860144,4.823220,4.787474
472300,7738163200,1.460529e+17,4.824849,4.823512,4.788051
472400,7739801600,1.460839e+17,4.824618,4.820518,4.785852
472500,7741440000,1.461148e+17,4.835747,4.821162,4.785552
472600,7743078400,1.461457e+17,4.829011,4.822911,4.786578
472700,7744716800,1.461766e+17,4.824759,4.821942,4.785643
472800,7746355200,1.462076e+17,4.820014,4.821997,4.785537
472900,7747993600,1.462385e+17,4.863782,4.822547,4.787428
473000,7749632000,1.462694e+17,4.841427,4.821235,4.786548
473100,7751270400,1.463003e+17,4.826096,4.822408,4.787597
473200,7752908800,1.463313e+17,4.828405,4.821385,4.786922
473300,7754547200,1.463622e+17,4.860852,4.820546,4.785856
473400,7756185600,1.463931e+17,4.834621,4.820421,4.785947
473500,7757824000,1.464240e+17,4.837070,4.817888,4.784221
473600,7759462400,1.464549e+17,4.816873,4.819192,4.785472
473700,7761100800,1.464859e+17,4.839451,4.819319,4.785474
473800,7762739200,1.465168e+17,4.811528,4.818983,4.785881
473900,7764377600,1.465477e+17,4.825865,4.819116,4.785145
474000,7766016000,1.465786e+17,4.843564,4.820050,4.785434
474100,7767654400,1.466096e+17,4.832074,4.820455,4.785962
474200,7769292800,1.466405e+17,4.854844,4.820628,4.784870
474300,7770931200,1.466714e+17,4.833696,4.819937,4.785241
474400,7772569600,1.467023e+17,4.821651,4.817007,4.783670
474500,7774208000,1.467333e+17,4.817990,4.816771,4.782752
474600,7775846400,1.467642e+17,4.816157,4.815801,4.782693
474700,7777484800,1.467951e+17,4.836504,4.817015,4.782618
474800,7779123200,1.468260e+17,4.832575,4.818493,4.782716
474900,7780761600,1.468570e+17,4.848863,4.817988,4.782445
475000,7782400000,1.468879e+17,4.820803,4.818745,4.783678
475100,7784038400,1.469188e+17,4.825573,4.816476,4.782144
475200,7785676800,1.469497e+17,4.860104,4.820787,4.783549
475300,7787315200,1.469807e+17,4.838411,4.820578,4.784178
475400,7788953600,1.470116e+17,4.825022,4.818428,4.783350
475500,7790592000,1.470425e+17,4.847706,4.818641,4.784385
475600,7792230400,1.470734e+17,4.846208,4.818787,4.782985
475700,7793868800,1.471043e+17,4.819435,4.821513,4.784864
475800,7795507200,1.471353e+17,4.826225,4.820515,4.783481
475900,7797145600,1.471662e+17,4.839202,4.819916,4.782796
476000,7798784000,1.471971e+17,4.840534,4.819673,4.782747
476100,7800422400,1.472280e+17,4.838364,4.819295,4.784134
476200,7802060800,1.472590e+17,4.838702,4.818929,4.783636
476300,7803699200,1.472899e+17,4.832826,4.818404,4.783752
476400,7805337600,1.473208e+17,4.829892,4.818578,4.784471
476500,7806976000,1.473517e+17,4.800935,4.818072,4.782785
476600,7808614400,1.473827e+17,4.831012,4.816115,4.781398
476700,7810252800,1.474136e+17,4.813236,4.816616,4.783485
476800,7811891200,1.474445e+17,4.809469,4.818230,4.783735
476900,7813529600,1.474754e+17,4.830294,4.816997,4.783574
477000,7815168000,1.475064e+17,4.832196,4.815330,4.782027
477100,7816806400,1.475373e+17,4.846739,4.816006,4.782236
477200,7818444800,1.475682e+17,4.812264,4.816894,4.783098
477300,7820083200,1.475991e+17,4.820603,4.818078,4.783190
477400,7821721600,1.476301e+17,4.852665,4.818175,4.783384
477500,7823360000,1.476610e+17,4.829027,4.817776,4.782922
477600,7824998400,1.476919e+17,4.848877,4.817954,4.782390
477700,7826636800,1.477228e+17,4.847129,4.820394,4.783156
477800,7828275200,1.477537e+17,4.837645,4.821330,4.785587
477900,7829913600,1.477847e+17,4.802992,4.817831,4.782741
478000,7831552000,1.478156e+17,4.819196,4.819590,4.783310
478100,7833190400,1.478465e+17,4.847232,4.821005,4.783676
478200,7834828800,1.478774e+17,4.845111,4.819706,4.782578
478300,7836467200,1.479084e+17,4.825060,4.818308,4.782712
478400,7838105600,1.479393e+17,4.837098,4.822266,4.783552
478500,7839744000,1.479702e+17,4.823209,4.821371,4.783939
478600,7841382400,1.480011e+17,4.826097,4.820386,4.783133
478700,7843020800,1.480321e+17,4.836399,4.819986,4.783078
478800,7844659200,1.480630e+17,4.838760,4.818708,4.782891
478900,7846297600,1.480939e+17,4.821502,4.817630,4.782347
479000,7847936000,1.481248e+17,4.797644,4.816985,4.783018
479100,7849574400,1.481558e+17,4.807846,4.817945,4.782451
479200,7851212800,1.481867e+17,4.830231,4.817792,4.782098
479300,7852851200,1.482176e+17,4.832427,4.817832,4.782427
479400,7854489600,1.482485e+17,4.850131,4.816498,4.782156
479500,7856128000,1.482795e+17,4.822773,4.815595,4.782049
479600,7857766400,1.483104e+17,4.815593,4.816378,4.782132
479700,7859404800,1.483413e+17,4.833597,4.816884,4.782939
479800,7861043200,1.483722e+17,4.863630,4.817325,4.782105
479900,7862681600,1.484031e+17,4.820590,4.816910,4.781805
480000,7864320000,1.484341e+17,4.824304,4.818095,4.782788
480100,7865958400,1.484650e+17,4.838404,4.817386,4.781572
480200,7867596800,1.484959e+17,4.822167,4.819241,4.781844
480300,7869235200,1.485268e+17,4.828698,4.817253,4.780777
480400,7870873600,1.485578e+17,4.829555,4.817378,4.781228
480500,7872512000,1.485887e+17,4.847901,4.820286,4.782105
480600,7874150400,1.486196e+17,4.813176,4.816984,4.780332
480700,7875788800,1.486505e+17,4.833097,4.818226,4.781210
480800,7877427200,1.486815e+17,4.808246,4.818773,4.781107
480900,7879065600,1.487124e+17,4.817911,4.818525,4.781470
481000,7880704000,1.487433e+17,4.815687,4.818419,4.781769
481100,7882342400,1.487742e+17,4.823863,4.815804,4.781150
481200,7883980800,1.488052e+17,4.828473,4.816073,4.781335
481300,7885619200,1.488361e+17,4.822560,4.814577,4.780468
481400,7887257600,1.488670e+17,4.835077,4.814507,4.780697
481500,7888896000,1.488979e+17,4.819864,4.815684,4.780600
481600,7890534400,1.489288e+17,4.844328,4.813067,4.780559
481700,7892172800,1.489598e+17,4.824686,4.813868,4.780488
481800,7893811200,1.489907e+17,4.848538,4.815325,4.780556
481900,7895449600,1.490216e+17,4.828494,4.814621,4.780070
482000,7897088000,1.490525e+17,4.849292,4.814127,4.780113
482100,7898726400,1.490835e+17,4.825527,4.816361,4.780432
482200,7900364800,1.491144e+17,4.835518,4.816699,4.781695
482300,7902003200,1.491453e+17,4.813274,4.815485,4.779671
482400,7903641600,1.491762e+17,4.803346,4.815986,4.780344
482500,7905280000,1.492072e+17,4.833663,4.815332,4.780631
482600,7906918400,1.492381e+17,4.827477,4.815337,4.782456
482700,7908556800,1.492690e+17,4.830998,4.816007,4.781096
482800,7910195200,1.492999e+17,4.831219,4.815111,4.779467
482900,7911833600,1.493309e+17,4.830791,4.812689,4.779495
483000,7913472000,1.493618e+17,4.839094,4.813394,4.778777
483100,7915110400,1.493927e+17,4.840821,4.813970,4.779181
483200,7916748800,1.494236e+17,4.827977,4.813802,4.779248
483300,7918387200,1.494546e+17,4.834665,4.813256,4.779218
483400,7920025600,1.494855e+17,4.842001,4.811971,4.779674
483500,7921664000,1.495164e+17,4.834335,4.815848,4.779910
483600,7923302400,1.495473e+17,4.844807,4.814755,4.779772
483700,7924940800,1.495782e+17,4.847624,4.815680,4.779666
483800,7926579200,1.496092e+17,4.861384,4.813767,4.778694
483900,7928217600,1.496401e+17,4.822870,4.816000,4.779594
484000,7929856000,1.496710e+17,4.841626,4.813803,4.777918
484100,7931494400,1.497019e+17,4.836520,4.813600,4.778127
484200,7933132800,1.497329e+17,4.825679,4.812713,4.777483
484300,7934771200,1.497638e+17,4.827219,4.813935,4.778299
484400,7936409600,1.497947e+17,4.819699,4.812701,4.776532
484500,7938048000,1.498256e+17,4.808297,4.815239,4.777822
484600,7939686400,1.498566e+17,4.813561,4.814487,4.776335
484700,7941324800,1.498875e+17,4.830080,4.814124,4.777799
484800,7942963200,1.499184e+17,4.827728,4.814492,4.777621
484900,7944601600,1.499493e+17,4.831960,4.814932,4.778066
485000,7946240000,1.499803e+17,4.809151,4.813905,4.777913
485100,7947878400,1.500112e+17,4.821266,4.814924,4.779139
485200,7949516800,1.500421e+17,4.835500,4.811921,4.777491
485300,7951155200,1.500730e+17,4.831471,4.812440,4.777515
485400,7952793600,1.501040e+17,4.834488,4.811663,4.777494
485500,7954432000,1.501349e+17,4.832741,4.811322,4.777278
485600,7956070400,1.501658e+17,4.820363,4.808179,4.774745
485700,7957708800,1.501967e+17,4.805525,4.809407,4.776880
485800,7959347200,1.502276e+17,4.816967,4.808477,4.775598
485900,7960985600,1.502586e+17,4.839890,4.809388,4.776634
486000,7962624000,1.502895e+17,4.830508,4.808751,4.775278
486100,7964262400,1.503204e+17,4.813204,4.810546,4.777556
486200,7965900800,1.503513e+17,4.833611,4.810263,4.777172
486300,7967539200,1.503823e+17,4.824629,4.809064,4.775991
486400,7969177600,1.504132e+17,4.825895,4.810531,4.777340
486500,7970816000,1.504441e+17,4.848813,4.809007,4.775898
486600,7972454400,1.504750e+17,4.828781,4.809675,4.777317
486700,7974092800,1.505060e+17,4.827086,4.810329,4.777212
486800,7975731200,1.505369e+17,4.804649,4.809732,4.777374
486900,7977369600,1.505678e+17,4.840145,4.809572,4.777023
487000,7979008000,1.505987e+17,4.846494,4.810307,4.777220
487100,7980646400,1.506297e+17,4.812772,4.811778,4.777888
487200,7982284800,1.506606e+17,4.820018,4.812052,4.778368
487300,7983923200,1.506915e+17,4.829708,4.810798,4.777620
487400,7985561600,1.507224e+17,4.822743,4.810486,4.777546
487500,7987200000,1.507534e+17,4.847893,4.808200,4.776351
487600,7988838400,1.507843e+17,4.845877,4.810523,4.777385
487700,7990476800,1.508152e+17,4.826428,4.808930,4.776792
487800,7992115200,1.508461e+17,4.827715,4.810743,4.778158
487900,7993753600,1.508770e+17,4.817977,4.809155,4.777759
488000,7995392000,1.509080e+17,4.824662,4.809195,4.776738
488100,7997030400,1.509389e+17,4.831169,4.809567,4.776843
488200,7998668800,1.509698e+17,4.844569,4.810061,4.777083
488300,8000307200,1.510007e+17,4.832401,4.809563,4.776979
488400,8001945600,1.510317e+17,4.840432,4.807884,4.776611
488500,8003584000,1.510626e+17,4.841382,4.809535,4.776767
488600,8005222400,1.510935e+17,4.827372,4.808296,4.776158
488700,8006860800,1.511244e+17,4.801310,4.809753,4.776155
488800,8008499200,1.511554e+17,4.828022,4.807905,4.776595
488900,8010137600,1.511863e+17,4.830482,4.808491,4.776164
489000,8011776000,1.512172e+17,4.836311,4.807809,4.776231
489100,8013414400,1.512481e+17,4.836848,4.807755,4.776561
489200,8015052800,1.512791e+17,4.819671,4.808320,4.776027
489300,8016691200,1.513100e+17,4.808551,4.809900,4.777226
489400,8018329600,1.513409e+17,4.810378,4.806863,4.775749
489500,8019968000,1.513718e+17,4.835378,4.808539,4.776128
489600,8021606400,1.514028e+17,4.834581,4.809359,4.775973
489700,8023244800,1.514337e+17,4.817006,4.809163,4.775680
489800,8024883200,1.514646e+17,4.832389,4.809205,4.776114
489900,8026521600,1.514955e+17,4.852479,4.805932,4.775630
490000,8028160000,1.515264e+17,4.842755,4.808468,4.775500
490100,8029798400,1.515574e+17,4.814581,4.807996,4.775437
490200,8031436800,1.515883e+17,4.820202,4.807505,4.774384
490300,8033075200,1.516192e+17,4.827087,4.808323,4.775072
490400,8034713600,1.516501e+17,4.838460,4.805558,4.773624
490500,8036352000,1.516811e+17,4.801092,4.805828,4.773946
490600,8037990400,1.517120e+17,4.800635,4.807398,4.775361
490700,8039628800,1.517429e+17,4.825078,4.809108,4.775190
490800,8041267200,1.517738e+17,4.816693,4.808611,4.774227
490900,8042905600,1.518048e+17,4.844794,4.809837,4.775389
491000,8044544000,1.518357e+17,4.847151,4.810793,4.776298
491100,8046182400,1.518666e+17,4.816964,4.809481,4.775746
491200,8047820800,1.518975e+17,4.843743,4.808393,4.775006
491300,8049459200,1.519285e+17,4.836190,4.806504,4.772771
491400,8051097600,1.519594e+17,4.839367,4.808814,4.773542
491500,8052736000,1.519903e+17,4.838910,4.808223,4.773848
491600,8054374400,1.520212e+17,4.798635,4.808436,4.773322
491700,8056012800,1.520522e+17,4.835166,4.808068,4.773992
491800,8057651200,1.520831e+17,4.825333,4.810449,4.774758
491900,8059289600,1.521140e+17,4.809762,4.809146,4.773531
492000,8060928000,1.521449e+17,4.819770,4.809963,4.775634
492100,8062566400,1.521758e+17,4.829410,4.811772,4.775462
492200,8064204800,1.522068e+17,4.837474,4.810107,4.775405
492300,8065843200,1.522377e+17,4.819384,4.812677,4.775907
492400,8067481600,1.522686e+17,4.855888,4.812667,4.776535
492500,8069120000,1.522995e+17,4.832352,4.814930,4.776525
492600,8070758400,1.523305e+17,4.835170,4.813335,4.777138
492700,8072396800,1.523614e+17,4.806763,4.810310,4.775884
492800,8074035200,1.523923e+17,4.840068,4.810953,4.774397
492900,8075673600,1.524232e+17,4.806499,4.812328,4.776287
493000,8077312000,1.524542e+17,4.830356,4.810235,4.775513
493100,8078950400,1.524851e+17,4.843856,4.808466,4.774642
493200,8080588800,1.525160e+17,4.815223,4.808338,4.773206
493300,8082227200,1.525469e+17,4.812569,4.807744,4.773935
493400,8083865600,1.525779e+17,4.806531,4.811014,4.775365
493500,8085504000,1.526088e+17,4.836382,4.808075,4.773734
493600,8087142400,1.526397e+17,4.825780,4.807296,4.774061
493700,8088780800,1.526706e+17,4.798573,4.808503,4.774211
493800,8090419200,1.527015e+17,4.820803,4.809220,4.774854
493900,8092057600,1.527325e+17,4.841964,4.809011,4.775401
494000,8093696000,1.527634e+17,4.838146,4.808268,4.774583
494100,8095334400,1.527943e+17,4.829864,4.810102,4.775184
494200,8096972800,1.528252e+17,4.796297,4.810720,4.775076
494300,8098611200,1.528562e+17,4.810494,4.808999,4.773664
494400,8100249600,1.528871e+17,4.832510,4.807147,4.774021
494500,8101888000,1.529180e+17,4.841011,4.808062,4.775532
494600,8103526400,1.529489e+17,4.809716,4.810015,4.776026
494700,8105164800,1.529799e+17,4.838977,4.809551,4.775099
494800,8106803200,1.530108e+17,4.819777,4.809467,4.774387
494900,8108441600,1.530417e+17,4.817338,4.808817,4.775934
495000,8110080000,1.530726e+17,4.855795,4.809855,4.777060
495100,8111718400,1.531036e+17,4.825168,4.806932,4.775447
495200,8113356800,1.531345e+17,4.843323,4.808947,4.776199
495300,8114995200,1.531654e+17,4.828163,4.808165,4.775259
495400,8116633600,1.531963e+17,4.805844,4.809041,4.775792
495500,8118272000,1.532273e+17,4.807865,4.810061,4.776207
495600,8119910400,1.532582e+17,4.849556,4.808839,4.775590
495700,8121548800,1.532891e+17,4.808821,4.810747,4.776598
495800,8123187200,1.533200e+17,4.837139,4.811054,4.777779
495900,8124825600,1.533509e+17,4.831825,4.808908,4.775675
496000,8126464000,1.533819e+17,4.823733,4.810696,4.776578
496100,8128102400,1.534128e+17,4.821630,4.809056,4.776137
496200,8129740800,1.534437e+17,4.833652,4.808258,4.775770
496300,8131379200,1.534746e+17,4.820915,4.808090,4.775670
496400,8133017600,1.535056e+17,4.826164,4.808456,4.774777
496500,8134656000,1.535365e+17,4.811448,4.810084,4.775789
496600,8136294400,1.535674e+17,4.820814,4.808804,4.775358
496700,8137932800,1.535983e+17,4.855735,4.807830,4.774811
496800,8139571200,1.536293e+17,4.837991,4.805417,4.774238
496900,8141209600,1.536602e+17,4.826700,4.807298,4.774644
497000,8142848000,1.536911e+17,4.800144,4.805875,4.774643
497071,8144011264,1.537131e+17,4.800144,4.834650,4.812812
