step,tokens_seen,cumulative_flops,train_loss,eval_loss
100,1638400,6.442451e+13,133.914856,73.160564
200,3276800,1.288490e+14,58.759315,41.275144
300,4915200,1.932735e+14,40.153355,35.952427
400,6553600,2.576980e+14,34.070263,32.372091
500,8192000,3.221225e+14,30.467281,29.332183
600,9830400,3.865471e+14,27.457438,26.501649
700,11468800,4.509716e+14,24.785471,23.747877
800,13107200,5.153961e+14,21.939215,21.160012
900,14745600,5.798206e+14,19.711603,19.015399
1000,16384000,6.442451e+14,17.726461,17.198835
1100,18022400,7.086696e+14,16.075129,15.363243
1200,19660800,7.730941e+14,14.360882,13.944707
1300,21299200,8.375186e+14,13.107357,12.757981
1400,22937600,9.019431e+14,12.094786,11.712054
1500,24576000,9.663676e+14,11.203011,10.999143
1600,26214400,1.030792e+15,10.481343,10.392757
1700,27852800,1.095217e+15,9.978628,9.912717
1800,29491200,1.159641e+15,9.616234,9.479788
1900,31129600,1.224066e+15,9.256757,9.093340
2000,32768000,1.288490e+15,8.930006,8.860985
2100,34406400,1.352915e+15,8.592959,8.655870
2200,36044800,1.417339e+15,8.442889,8.496271
2300,37683200,1.481764e+15,8.274543,8.368409
2400,39321600,1.546188e+15,8.134408,8.201814
2500,40960000,1.610613e+15,8.066452,8.090239
2600,42598400,1.675037e+15,7.926387,8.002193
2700,44236800,1.739462e+15,7.866657,7.919341
2800,45875200,1.803886e+15,7.772398,7.809279
2900,47513600,1.868311e+15,7.680275,7.754784
3000,49152000,1.932735e+15,7.636964,7.731149
3100,50790400,1.997160e+15,7.577913,7.677659
3200,52428800,2.061584e+15,7.504723,7.630775
3300,54067200,2.126009e+15,7.523312,7.573522
3400,55705600,2.190433e+15,7.484706,7.543840
3500,57344000,2.254858e+15,7.411686,7.486704
3600,58982400,2.319282e+15,7.438532,7.494357
3700,60620800,2.383707e+15,7.359282,7.434679
3800,62259200,2.448131e+15,7.395599,7.418152
3900,63897600,2.512556e+15,7.328699,7.388072
4000,65536000,2.576980e+15,7.333995,7.383079
4100,67174400,2.641405e+15,7.293074,7.345574
4200,68812800,2.705829e+15,7.292296,7.338304
4300,70451200,2.770254e+15,7.281642,7.342712
4400,72089600,2.834678e+15,7.239250,7.299424
4500,73728000,2.899103e+15,7.222294,7.264598
4600,75366400,2.963527e+15,7.177593,7.270630
4700,77004800,3.027952e+15,7.153919,7.236584
4800,78643200,3.092376e+15,7.158684,7.235496
4900,80281600,3.156801e+15,7.187309,7.221137
5000,81920000,3.221225e+15,7.155018,7.215190
5100,83558400,3.285650e+15,7.163035,7.194647
5200,85196800,3.350074e+15,7.100682,7.181159
5300,86835200,3.414499e+15,7.127619,7.167900
5400,88473600,3.478924e+15,7.098224,7.174404
5500,90112000,3.543348e+15,7.107559,7.143479
5600,91750400,3.607773e+15,7.095490,7.132268
5700,93388800,3.672197e+15,7.093704,7.131123
5800,95027200,3.736622e+15,7.110372,7.104501
5900,96665600,3.801046e+15,7.114076,7.124552
6000,98304000,3.865471e+15,7.012667,7.107385
6100,99942400,3.929895e+15,7.021195,7.090567
6200,101580800,3.994320e+15,7.018056,7.080112
6300,103219200,4.058744e+15,7.020437,7.075638
6400,104857600,4.123169e+15,6.994819,7.077805
6500,106496000,4.187593e+15,7.026874,7.065093
6600,108134400,4.252018e+15,7.008584,7.065933
6700,109772800,4.316442e+15,6.998359,7.035992
6800,111411200,4.380867e+15,6.963351,7.035130
6900,113049600,4.445291e+15,6.972507,7.020438
7000,114688000,4.509716e+15,6.953081,7.015034
7100,116326400,4.574140e+15,6.933522,7.011221
7200,117964800,4.638565e+15,6.932286,6.983297
7300,119603200,4.702989e+15,6.928126,6.984176
7400,121241600,4.767414e+15,6.888451,6.997876
7500,122880000,4.831838e+15,6.904245,6.994027
7600,124518400,4.896263e+15,6.935410,6.981465
7700,126156800,4.960687e+15,6.918563,6.950213
7800,127795200,5.025112e+15,6.898957,6.955970
7900,129433600,5.089536e+15,6.908412,6.951740
8000,131072000,5.153961e+15,6.895739,6.943225
8100,132710400,5.218385e+15,6.835979,6.928777
8200,134348800,5.282810e+15,6.870493,6.918777
8300,135987200,5.347234e+15,6.849023,6.922355
8400,137625600,5.411659e+15,6.879802,6.903859
8500,139264000,5.476083e+15,6.773989,6.920481
8600,140902400,5.540508e+15,6.908970,6.901094
8700,142540800,5.604932e+15,6.849822,6.893714
8800,144179200,5.669357e+15,6.834390,6.878906
8900,145817600,5.733781e+15,6.799069,6.877732
9000,147456000,5.798206e+15,6.826406,6.868095
9100,149094400,5.862630e+15,6.803763,6.849838
9200,150732800,5.927055e+15,6.815950,6.883876
9300,152371200,5.991479e+15,6.762567,6.856702
9400,154009600,6.055904e+15,6.797399,6.849946
9500,155648000,6.120328e+15,6.826877,6.836741
9600,157286400,6.184753e+15,6.800559,6.821809
9700,158924800,6.249177e+15,6.801856,6.821873
9800,160563200,6.313602e+15,6.765427,6.809102
9900,162201600,6.378026e+15,6.757169,6.818409
10000,163840000,6.442451e+15,6.775595,6.804706
10100,165478400,6.506875e+15,6.772084,6.798712
10200,167116800,6.571300e+15,6.707336,6.794619
10300,168755200,6.635724e+15,6.709295,6.785173
10400,170393600,6.700149e+15,6.723083,6.783763
10500,172032000,6.764573e+15,6.728109,6.770086
10600,173670400,6.828998e+15,6.741958,6.761823
10700,175308800,6.893423e+15,6.726735,6.771886
10800,176947200,6.957847e+15,6.677042,6.775637
10900,178585600,7.022272e+15,6.748600,6.750165
11000,180224000,7.086696e+15,6.708660,6.755479
11100,181862400,7.151121e+15,6.671744,6.740354
11200,183500800,7.215545e+15,6.710668,6.752242
11300,185139200,7.279970e+15,6.666455,6.749203
11400,186777600,7.344394e+15,6.603618,6.734364
11500,188416000,7.408819e+15,6.627077,6.717436
11600,190054400,7.473243e+15,6.665590,6.707763
11700,191692800,7.537668e+15,6.656880,6.710305
11800,193331200,7.602092e+15,6.613080,6.693362
11900,194969600,7.666517e+15,6.634826,6.694088
12000,196608000,7.730941e+15,6.652415,6.684518
12100,198246400,7.795366e+15,6.559607,6.699147
12200,199884800,7.859790e+15,6.663075,6.682178
12300,201523200,7.924215e+15,6.606427,6.670278
12400,203161600,7.988639e+15,6.650110,6.665731
12500,204800000,8.053064e+15,6.618341,6.675326
12600,206438400,8.117488e+15,6.581297,6.650483
12700,208076800,8.181913e+15,6.594811,6.652298
12800,209715200,8.246337e+15,6.594423,6.649798
12900,211353600,8.310762e+15,6.576169,6.643750
13000,212992000,8.375186e+15,6.575317,6.645109
13100,214630400,8.439611e+15,6.575053,6.631943
13200,216268800,8.504035e+15,6.594400,6.628861
13300,217907200,8.568460e+15,6.562858,6.633608
13400,219545600,8.632884e+15,6.593180,6.620023
13500,221184000,8.697309e+15,6.611593,6.616465
13600,222822400,8.761733e+15,6.631025,6.631683
13700,224460800,8.826158e+15,6.575957,6.596162
13800,226099200,8.890582e+15,6.550137,6.597413
13900,227737600,8.955007e+15,6.574857,6.603018
14000,229376000,9.019431e+15,6.559919,6.589011
14100,231014400,9.083856e+15,6.515482,6.591280
14200,232652800,9.148280e+15,6.560542,6.580030
14300,234291200,9.212705e+15,6.513625,6.581487
14400,235929600,9.277129e+15,6.545520,6.585638
14500,237568000,9.341554e+15,6.499859,6.569895
14600,239206400,9.405978e+15,6.502751,6.562380
14700,240844800,9.470403e+15,6.497469,6.553959
14800,242483200,9.534827e+15,6.498025,6.561962
14900,244121600,9.599252e+15,6.504832,6.555238
15000,245760000,9.663676e+15,6.514538,6.548200
15100,247398400,9.728101e+15,6.479182,6.554002
15200,249036800,9.792525e+15,6.510712,6.536881
15300,250675200,9.856950e+15,6.518035,6.530093
15400,252313600,9.921374e+15,6.576024,6.532460
15500,253952000,9.985799e+15,6.480926,6.525709
15600,255590400,1.005022e+16,6.480690,6.520945
15700,257228800,1.011465e+16,6.464188,6.530852
15800,258867200,1.017907e+16,6.485097,6.520625
15900,260505600,1.024350e+16,6.477466,6.506757
16000,262144000,1.030792e+16,6.474715,6.500671
16100,263782400,1.037235e+16,6.431788,6.498750
16200,265420800,1.043677e+16,6.425110,6.506320
16300,267059200,1.050120e+16,6.497377,6.496628
16400,268697600,1.056562e+16,6.496655,6.514838
16500,270336000,1.063004e+16,6.488343,6.495394
16600,271974400,1.069447e+16,6.411344,6.485137
16700,273612800,1.075889e+16,6.548792,6.495289
16800,275251200,1.082332e+16,6.433988,6.480006
16900,276889600,1.088774e+16,6.455532,6.478394
17000,278528000,1.095217e+16,6.374268,6.477822
17100,280166400,1.101659e+16,6.318105,6.467467
17200,281804800,1.108102e+16,6.392789,6.468363
17300,283443200,1.114544e+16,6.397097,6.461413
17400,285081600,1.120986e+16,6.416055,6.466979
17500,286720000,1.127429e+16,6.421038,6.456878
17600,288358400,1.133871e+16,6.421793,6.454008
17700,289996800,1.140314e+16,6.407782,6.437302
17800,291635200,1.146756e+16,6.405564,6.434499
17900,293273600,1.153199e+16,6.398685,6.431862
18000,294912000,1.159641e+16,6.373574,6.433510
18100,296550400,1.166084e+16,6.412482,6.430377
18200,298188800,1.172526e+16,6.390702,6.432098
18300,299827200,1.178969e+16,6.378201,6.424224
18400,301465600,1.185411e+16,6.412120,6.422158
18500,303104000,1.191853e+16,6.386709,6.411954
18600,304742400,1.198296e+16,6.348757,6.412826
18700,306380800,1.204738e+16,6.403058,6.415696
18800,308019200,1.211181e+16,6.375125,6.412023
18900,309657600,1.217623e+16,6.380573,6.401067
19000,311296000,1.224066e+16,6.355680,6.392169
19100,312934400,1.230508e+16,6.323946,6.399280
19200,314572800,1.236951e+16,6.404567,6.390773
19300,316211200,1.243393e+16,6.363914,6.391590
19400,317849600,1.249835e+16,6.292743,6.378726
19500,319488000,1.256278e+16,6.271599,6.381887
19600,321126400,1.262720e+16,6.304382,6.376055
19700,322764800,1.269163e+16,6.327271,6.377885
19800,324403200,1.275605e+16,6.319695,6.369573
19900,326041600,1.282048e+16,6.334430,6.357019
20000,327680000,1.288490e+16,6.329127,6.360855
20100,329318400,1.294933e+16,6.302167,6.361267
20200,330956800,1.301375e+16,6.344130,6.346806
20300,332595200,1.307818e+16,6.330619,6.353447
20400,334233600,1.314260e+16,6.362399,6.356361
20500,335872000,1.320702e+16,6.290899,6.340908
20600,337510400,1.327145e+16,6.261650,6.339161
20700,339148800,1.333587e+16,6.247245,6.337612
20800,340787200,1.340030e+16,6.307788,6.327787
20900,342425600,1.346472e+16,6.288549,6.326775
21000,344064000,1.352915e+16,6.258584,6.325925
21100,345702400,1.359357e+16,6.345151,6.317074
21200,347340800,1.365800e+16,6.258586,6.315786
21300,348979200,1.372242e+16,6.275181,6.316195
21400,350617600,1.378685e+16,6.262618,6.310841
21500,352256000,1.385127e+16,6.254857,6.298643
21600,353894400,1.391569e+16,6.248404,6.306992
21700,355532800,1.398012e+16,6.251909,6.296034
21800,357171200,1.404454e+16,6.249275,6.300634
21900,358809600,1.410897e+16,6.302842,6.288982
22000,360448000,1.417339e+16,6.276437,6.303725
22100,362086400,1.423782e+16,6.251021,6.290346
22200,363724800,1.430224e+16,6.260626,6.285059
22300,365363200,1.436667e+16,6.246102,6.280323
22400,367001600,1.443109e+16,6.265848,6.281216
22500,368640000,1.449551e+16,6.260452,6.276452
22600,370278400,1.455994e+16,6.258780,6.269709
22700,371916800,1.462436e+16,6.225934,6.268349
22800,373555200,1.468879e+16,6.214236,6.264629
22900,375193600,1.475321e+16,6.226634,6.255124
23000,376832000,1.481764e+16,6.193194,6.263412
23100,378470400,1.488206e+16,6.205534,6.262612
23200,380108800,1.494649e+16,6.179984,6.252507
23300,381747200,1.501091e+16,6.225983,6.245855
23400,383385600,1.507534e+16,6.241703,6.251637
23500,385024000,1.513976e+16,6.201612,6.258709
23600,386662400,1.520418e+16,6.210701,6.247644
23700,388300800,1.526861e+16,6.228187,6.239763
23800,389939200,1.533303e+16,6.239134,6.229852
23900,391577600,1.539746e+16,6.170517,6.234749
24000,393216000,1.546188e+16,6.200065,6.227907
24100,394854400,1.552631e+16,6.211119,6.227897
24200,396492800,1.559073e+16,6.205692,6.222709
24300,398131200,1.565516e+16,6.195999,6.217799
24400,399769600,1.571958e+16,6.162436,6.214755
24500,401408000,1.578400e+16,6.203157,6.214716
24600,403046400,1.584843e+16,6.205963,6.211429
24700,404684800,1.591285e+16,6.181139,6.206439
24800,406323200,1.597728e+16,6.201011,6.207584
24900,407961600,1.604170e+16,6.189390,6.214121
25000,409600000,1.610613e+16,6.146651,6.193160
25100,411238400,1.617055e+16,6.167911,6.190023
25200,412876800,1.623498e+16,6.159367,6.190867
25300,414515200,1.629940e+16,6.177636,6.187829
25400,416153600,1.636383e+16,6.086011,6.196128
25500,417792000,1.642825e+16,6.114477,6.182001
25600,419430400,1.649267e+16,6.125632,6.177879
25700,421068800,1.655710e+16,6.142486,6.174071
25800,422707200,1.662152e+16,6.173616,6.178047
25900,424345600,1.668595e+16,6.178035,6.183940
26000,425984000,1.675037e+16,6.143458,6.166597
26100,427622400,1.681480e+16,6.124802,6.164927
26200,429260800,1.687922e+16,6.109359,6.157415
26300,430899200,1.694365e+16,6.112002,6.150441
26400,432537600,1.700807e+16,6.119541,6.151075
26500,434176000,1.707250e+16,6.131800,6.152064
26600,435814400,1.713692e+16,6.153532,6.149966
26700,437452800,1.720134e+16,6.146403,6.158941
26800,439091200,1.726577e+16,6.154867,6.150332
26900,440729600,1.733019e+16,6.095657,6.148421
27000,442368000,1.739462e+16,6.118632,6.140023
27100,444006400,1.745904e+16,6.121712,6.137596
27200,445644800,1.752347e+16,6.156284,6.133040
27300,447283200,1.758789e+16,6.094996,6.127118
27400,448921600,1.765232e+16,6.077446,6.126369
27500,450560000,1.771674e+16,6.111470,6.126964
27600,452198400,1.778116e+16,6.082002,6.125706
27700,453836800,1.784559e+16,6.124208,6.114032
27800,455475200,1.791001e+16,6.098738,6.103418
27900,457113600,1.797444e+16,6.083595,6.114998
28000,458752000,1.803886e+16,6.123703,6.107016
28100,460390400,1.810329e+16,6.066013,6.105525
28200,462028800,1.816771e+16,6.041280,6.104371
28300,463667200,1.823214e+16,6.073121,6.097220
28400,465305600,1.829656e+16,6.077467,6.101471
28500,466944000,1.836099e+16,6.017950,6.096841
28600,468582400,1.842541e+16,6.003367,6.101919
28700,470220800,1.848983e+16,6.070328,6.095534
28800,471859200,1.855426e+16,6.031376,6.093974
28900,473497600,1.861868e+16,6.026963,6.085178
29000,475136000,1.868311e+16,6.076165,6.083348
29100,476774400,1.874753e+16,6.046460,6.075398
29200,478412800,1.881196e+16,6.050155,6.068678
29300,480051200,1.887638e+16,6.024021,6.071878
29400,481689600,1.894081e+16,6.043951,6.072622
29500,483328000,1.900523e+16,6.110902,6.072579
29600,484966400,1.906965e+16,6.081928,6.057912
29700,486604800,1.913408e+16,6.067569,6.060370
29800,488243200,1.919850e+16,6.019657,6.055617
29900,489881600,1.926293e+16,5.990296,6.056549
30000,491520000,1.932735e+16,5.991529,6.044708
30100,493158400,1.939178e+16,6.059719,6.048400
30200,494796800,1.945620e+16,6.010221,6.044500
30300,496435200,1.952063e+16,6.058696,6.047104
30400,498073600,1.958505e+16,6.050944,6.034884
30500,499712000,1.964948e+16,6.083483,6.053203
30600,501350400,1.971390e+16,6.034018,6.031220
30700,502988800,1.977832e+16,6.041865,6.033863
30800,504627200,1.984275e+16,6.012582,6.029859
30900,506265600,1.990717e+16,5.993374,6.025105
31000,507904000,1.997160e+16,6.000533,6.027458
31100,509542400,2.003602e+16,5.991140,6.016790
31200,511180800,2.010045e+16,6.005167,6.011650
31300,512819200,2.016487e+16,6.008695,6.012589
31400,514457600,2.022930e+16,6.013912,6.019772
31500,516096000,2.029372e+16,6.028783,6.015169
31600,517734400,2.035814e+16,6.054891,6.010450
31700,519372800,2.042257e+16,6.014843,5.997296
31800,521011200,2.048699e+16,5.952576,5.995969
31900,522649600,2.055142e+16,5.953847,5.999914
32000,524288000,2.061584e+16,5.968651,6.001236
32100,525926400,2.068027e+16,5.921973,6.000040
32200,527564800,2.074469e+16,5.974616,5.981858
32300,529203200,2.080912e+16,5.906244,5.983251
32400,530841600,2.087354e+16,5.934702,5.982963
32500,532480000,2.093797e+16,5.983300,5.975886
32600,534118400,2.100239e+16,5.978795,5.983630
32700,535756800,2.106681e+16,5.998346,5.988829
32800,537395200,2.113124e+16,5.970667,5.972839
32900,539033600,2.119566e+16,5.950446,5.976481
33000,540672000,2.126009e+16,5.912546,5.969678
33100,542310400,2.132451e+16,5.999067,5.972638
33200,543948800,2.138894e+16,5.949480,5.967801
33300,545587200,2.145336e+16,5.914831,5.967877
33400,547225600,2.151779e+16,5.967801,5.960568
33500,548864000,2.158221e+16,5.971011,5.961997
33600,550502400,2.164664e+16,5.918662,5.959407
33700,552140800,2.171106e+16,5.945699,5.953366
33800,553779200,2.177548e+16,5.942876,5.946165
33900,555417600,2.183991e+16,5.899136,5.951430
34000,557056000,2.190433e+16,5.941389,5.944793
34100,558694400,2.196876e+16,5.868706,5.946483
34200,560332800,2.203318e+16,5.909100,5.937145
34300,561971200,2.209761e+16,5.914196,5.931594
34400,563609600,2.216203e+16,5.932355,5.933534
34500,565248000,2.222646e+16,5.910071,5.940816
34600,566886400,2.229088e+16,5.865997,5.938889
34700,568524800,2.235530e+16,5.873622,5.921819
34800,570163200,2.241973e+16,5.902753,5.923440
34900,571801600,2.248415e+16,5.979739,5.928609
35000,573440000,2.254858e+16,5.937111,5.918668
35100,575078400,2.261300e+16,5.905043,5.918759
35200,576716800,2.267743e+16,5.902087,5.909227
35300,578355200,2.274185e+16,5.940895,5.914044
35400,579993600,2.280628e+16,5.870492,5.911214
35500,581632000,2.287070e+16,5.841190,5.901075
35600,583270400,2.293513e+16,5.843393,5.905114
35700,584908800,2.299955e+16,5.930685,5.897684
35800,586547200,2.306397e+16,5.881875,5.894744
35900,588185600,2.312840e+16,5.853839,5.888025
36000,589824000,2.319282e+16,5.919587,5.892543
36100,591462400,2.325725e+16,5.891210,5.887093
36200,593100800,2.332167e+16,5.899464,5.885648
36300,594739200,2.338610e+16,5.863645,5.880921
36400,596377600,2.345052e+16,5.836147,5.880350
36500,598016000,2.351495e+16,5.862563,5.887336
36600,599654400,2.357937e+16,5.891303,5.886009
36700,601292800,2.364379e+16,5.878977,5.878702
36800,602931200,2.370822e+16,5.858005,5.866186
36900,604569600,2.377264e+16,5.819048,5.873030
37000,606208000,2.383707e+16,5.841488,5.863672
37100,607846400,2.390149e+16,5.838472,5.860906
37200,609484800,2.396592e+16,5.871809,5.854413
37300,611123200,2.403034e+16,5.868485,5.847657
37400,612761600,2.409477e+16,5.865659,5.849370
37500,614400000,2.415919e+16,5.801633,5.847951
37600,616038400,2.422362e+16,5.793024,5.842381
37700,617676800,2.428804e+16,5.846776,5.842923
37800,619315200,2.435246e+16,5.828636,5.843884
37900,620953600,2.441689e+16,5.845278,5.837121
38000,622592000,2.448131e+16,5.819812,5.831752
38100,624230400,2.454574e+16,5.788399,5.830335
38200,625868800,2.461016e+16,5.860424,5.830186
38300,627507200,2.467459e+16,5.807203,5.826080
38400,629145600,2.473901e+16,5.790230,5.822095
38500,630784000,2.480344e+16,5.808444,5.819838
38600,632422400,2.486786e+16,5.784370,5.818202
38700,634060800,2.493229e+16,5.749438,5.821176
38800,635699200,2.499671e+16,5.817954,5.828159
38900,637337600,2.506113e+16,5.823377,5.817185
39000,638976000,2.512556e+16,5.782502,5.811183
39100,640614400,2.518998e+16,5.812002,5.808514
39200,642252800,2.525441e+16,5.787371,5.804756
39300,643891200,2.531883e+16,5.808357,5.815828
39400,645529600,2.538326e+16,5.794299,5.800781
39500,647168000,2.544768e+16,5.774122,5.797933
39600,648806400,2.551211e+16,5.770356,5.787244
39700,650444800,2.557653e+16,5.778421,5.789461
39800,652083200,2.564095e+16,5.745234,5.790681
39900,653721600,2.570538e+16,5.749266,5.788653
40000,655360000,2.576980e+16,5.779167,5.779460
40100,656998400,2.583423e+16,5.807834,5.788336
40200,658636800,2.589865e+16,5.731250,5.778421
40300,660275200,2.596308e+16,5.760589,5.771882
40400,661913600,2.602750e+16,5.787395,5.782495
40500,663552000,2.609193e+16,5.749763,5.772135
40600,665190400,2.615635e+16,5.764098,5.773942
40700,666828800,2.622078e+16,5.770589,5.769014
40800,668467200,2.628520e+16,5.748853,5.764872
40900,670105600,2.634962e+16,5.774611,5.777773
41000,671744000,2.641405e+16,5.697322,5.762349
41100,673382400,2.647847e+16,5.761016,5.761638
41200,675020800,2.654290e+16,5.758215,5.757554
41300,676659200,2.660732e+16,5.786287,5.755796
41400,678297600,2.667175e+16,5.787831,5.754818
41500,679936000,2.673617e+16,5.744871,5.748041
41600,681574400,2.680060e+16,5.765339,5.749756
41700,683212800,2.686502e+16,5.734887,5.744403
41800,684851200,2.692944e+16,5.729521,5.743034
41900,686489600,2.699387e+16,5.749198,5.744864
42000,688128000,2.705829e+16,5.683971,5.736252
42100,689766400,2.712272e+16,5.728104,5.727158
42200,691404800,2.718714e+16,5.741204,5.734159
42300,693043200,2.725157e+16,5.699667,5.726808
42400,694681600,2.731599e+16,5.723400,5.735713
42500,696320000,2.738042e+16,5.738678,5.728344
42600,697958400,2.744484e+16,5.711342,5.728145
42700,699596800,2.750927e+16,5.756533,5.731014
42800,701235200,2.757369e+16,5.690189,5.720201
42900,702873600,2.763811e+16,5.728528,5.723088
43000,704512000,2.770254e+16,5.793842,5.721254
43100,706150400,2.776696e+16,5.689207,5.714810
43200,707788800,2.783139e+16,5.682253,5.707248
43300,709427200,2.789581e+16,5.707489,5.697372
43400,711065600,2.796024e+16,5.688341,5.708127
43500,712704000,2.802466e+16,5.688581,5.706796
43600,714342400,2.808909e+16,5.686035,5.703236
43700,715980800,2.815351e+16,5.695977,5.706311
43800,717619200,2.821794e+16,5.671605,5.700707
43900,719257600,2.828236e+16,5.657796,5.694278
44000,720896000,2.834678e+16,5.656943,5.687057
44100,722534400,2.841121e+16,5.698062,5.686188
44200,724172800,2.847563e+16,5.742568,5.683243
44300,725811200,2.854006e+16,5.633381,5.683515
44400,727449600,2.860448e+16,5.683373,5.679416
44500,729088000,2.866891e+16,5.653061,5.677345
44600,730726400,2.873333e+16,5.605691,5.679292
44700,732364800,2.879776e+16,5.643920,5.676517
44800,734003200,2.886218e+16,5.692357,5.675145
44900,735641600,2.892660e+16,5.690341,5.671643
45000,737280000,2.899103e+16,5.729437,5.670268
45100,738918400,2.905545e+16,5.665822,5.666447
45200,740556800,2.911988e+16,5.669641,5.665015
45300,742195200,2.918430e+16,5.649704,5.666313
45400,743833600,2.924873e+16,5.687270,5.656660
45500,745472000,2.931315e+16,5.691905,5.658656
45600,747110400,2.937758e+16,5.616421,5.656287
45700,748748800,2.944200e+16,5.610043,5.659199
45800,750387200,2.950643e+16,5.616854,5.653082
45900,752025600,2.957085e+16,5.644100,5.646775
46000,753664000,2.963527e+16,5.637972,5.643527
46100,755302400,2.969970e+16,5.647432,5.645246
46200,756940800,2.976412e+16,5.634455,5.639375
46300,758579200,2.982855e+16,5.634482,5.640910
46400,760217600,2.989297e+16,5.644741,5.634252
46500,761856000,2.995740e+16,5.586576,5.632351
46600,763494400,3.002182e+16,5.606415,5.632091
46700,765132800,3.008625e+16,5.593103,5.631184
46800,766771200,3.015067e+16,5.654823,5.629680
46900,768409600,3.021509e+16,5.606821,5.624336
47000,770048000,3.027952e+16,5.619341,5.625431
47100,771686400,3.034394e+16,5.624616,5.626095
47200,773324800,3.040837e+16,5.625332,5.625798
47300,774963200,3.047279e+16,5.610301,5.621886
47400,776601600,3.053722e+16,5.614296,5.615560
47500,778240000,3.060164e+16,5.601896,5.616126
47600,779878400,3.066607e+16,5.610658,5.612887
47700,781516800,3.073049e+16,5.589648,5.610037
47800,783155200,3.079492e+16,5.606520,5.608487
47900,784793600,3.085934e+16,5.590663,5.606521
48000,786432000,3.092376e+16,5.565234,5.606828
48100,788070400,3.098819e+16,5.572905,5.604084
48200,789708800,3.105261e+16,5.604533,5.598629
48300,791347200,3.111704e+16,5.617721,5.605675
48400,792985600,3.118146e+16,5.576333,5.597538
48500,794624000,3.124589e+16,5.591841,5.599964
48600,796262400,3.131031e+16,5.592665,5.602890
48700,797900800,3.137474e+16,5.601912,5.593352
48800,799539200,3.143916e+16,5.536681,5.591118
48900,801177600,3.150359e+16,5.603489,5.577506
49000,802816000,3.156801e+16,5.608286,5.579082
49100,804454400,3.163243e+16,5.549273,5.573446
49200,806092800,3.169686e+16,5.572211,5.576668
49300,807731200,3.176128e+16,5.559814,5.575531
49400,809369600,3.182571e+16,5.604182,5.576164
49500,811008000,3.189013e+16,5.573540,5.570991
49600,812646400,3.195456e+16,5.566050,5.577037
49700,814284800,3.201898e+16,5.580851,5.556068
49800,815923200,3.208341e+16,5.618861,5.565943
49900,817561600,3.214783e+16,5.618119,5.562107
50000,819200000,3.221225e+16,5.565388,5.560973
50100,820838400,3.227668e+16,5.597632,5.560497
50200,822476800,3.234110e+16,5.609688,5.555778
50300,824115200,3.240553e+16,5.542743,5.559847
50400,825753600,3.246995e+16,5.586145,5.553917
50500,827392000,3.253438e+16,5.551582,5.550829
50600,829030400,3.259880e+16,5.543306,5.548759
50700,830668800,3.266323e+16,5.533201,5.545094
50800,832307200,3.272765e+16,5.550193,5.543773
50900,833945600,3.279208e+16,5.529705,5.536461
51000,835584000,3.285650e+16,5.490283,5.533382
51100,837222400,3.292092e+16,5.571695,5.538850
51200,838860800,3.298535e+16,5.529786,5.533522
51300,840499200,3.304977e+16,5.519271,5.532762
51400,842137600,3.311420e+16,5.556751,5.529363
51500,843776000,3.317862e+16,5.508872,5.526294
51600,845414400,3.324305e+16,5.575579,5.528378
51700,847052800,3.330747e+16,5.497828,5.524032
51800,848691200,3.337190e+16,5.561737,5.526473
51900,850329600,3.343632e+16,5.522478,5.518564
52000,851968000,3.350074e+16,5.532330,5.520163
52100,853606400,3.356517e+16,5.481773,5.518324
52200,855244800,3.362959e+16,5.503163,5.513874
52300,856883200,3.369402e+16,5.498276,5.509759
52400,858521600,3.375844e+16,5.508825,5.503520
52500,860160000,3.382287e+16,5.470516,5.502576
52600,861798400,3.388729e+16,5.481198,5.499175
52700,863436800,3.395172e+16,5.494177,5.502544
52800,865075200,3.401614e+16,5.525877,5.494028
52900,866713600,3.408057e+16,5.501167,5.489852
53000,868352000,3.414499e+16,5.470758,5.499090
53100,869990400,3.420941e+16,5.493124,5.492330
53200,871628800,3.427384e+16,5.445338,5.487842
53300,873267200,3.433826e+16,5.494581,5.485412
53400,874905600,3.440269e+16,5.472279,5.480862
53500,876544000,3.446711e+16,5.458957,5.477698
53600,878182400,3.453154e+16,5.528833,5.480839
53700,879820800,3.459596e+16,5.458053,5.478814
53800,881459200,3.466039e+16,5.453246,5.477587
53900,883097600,3.472481e+16,5.491887,5.473292
54000,884736000,3.478924e+16,5.449656,5.479157
54100,886374400,3.485366e+16,5.434476,5.467099
54200,888012800,3.491808e+16,5.457442,5.469341
54300,889651200,3.498251e+16,5.452639,5.465002
54400,891289600,3.504693e+16,5.476120,5.467567
54500,892928000,3.511136e+16,5.470930,5.467311
54600,894566400,3.517578e+16,5.483309,5.461422
54700,896204800,3.524021e+16,5.453979,5.465120
54800,897843200,3.530463e+16,5.482615,5.456626
54900,899481600,3.536906e+16,5.464163,5.457766
55000,901120000,3.543348e+16,5.440340,5.465642
55100,902758400,3.549790e+16,5.481881,5.451168
55200,904396800,3.556233e+16,5.446378,5.451682
55300,906035200,3.562675e+16,5.473526,5.448252
55400,907673600,3.569118e+16,5.462229,5.444880
55500,909312000,3.575560e+16,5.445035,5.442262
55600,910950400,3.582003e+16,5.467218,5.441749
55700,912588800,3.588445e+16,5.462465,5.436333
55800,914227200,3.594888e+16,5.446645,5.440107
55900,915865600,3.601330e+16,5.449882,5.432570
56000,917504000,3.607773e+16,5.445847,5.426537
56100,919142400,3.614215e+16,5.416644,5.433093
56200,920780800,3.620657e+16,5.397882,5.427628
56300,922419200,3.627100e+16,5.427269,5.422367
56400,924057600,3.633542e+16,5.436025,5.424606
56500,925696000,3.639985e+16,5.401812,5.423994
56600,927334400,3.646427e+16,5.424152,5.422353
56700,928972800,3.652870e+16,5.404354,5.420383
56800,930611200,3.659312e+16,5.416758,5.420341
56900,932249600,3.665755e+16,5.404796,5.420658
57000,933888000,3.672197e+16,5.385691,5.419772
57100,935526400,3.678639e+16,5.445779,5.418400
57200,937164800,3.685082e+16,5.388514,5.416717
57300,938803200,3.691524e+16,5.410693,5.409959
57400,940441600,3.697967e+16,5.473675,5.414183
57500,942080000,3.704409e+16,5.431836,5.408097
57600,943718400,3.710852e+16,5.440292,5.416598
57700,945356800,3.717294e+16,5.412616,5.410763
57800,946995200,3.723737e+16,5.467502,5.407619
57900,948633600,3.730179e+16,5.389082,5.400466
58000,950272000,3.736622e+16,5.404287,5.391266
58100,951910400,3.743064e+16,5.400677,5.390639
58200,953548800,3.749506e+16,5.402388,5.396714
58300,955187200,3.755949e+16,5.392066,5.387992
58400,956825600,3.762391e+16,5.410283,5.389600
58500,958464000,3.768834e+16,5.380708,5.383447
58600,960102400,3.775276e+16,5.372898,5.387035
58700,961740800,3.781719e+16,5.357047,5.380479
58800,963379200,3.788161e+16,5.408816,5.379269
58900,965017600,3.794604e+16,5.386772,5.376781
59000,966656000,3.801046e+16,5.390466,5.378586
59100,968294400,3.807489e+16,5.395073,5.371153
59200,969932800,3.813931e+16,5.361263,5.371287
59300,971571200,3.820373e+16,5.503360,5.381795
59400,973209600,3.826816e+16,5.424785,5.369094
59500,974848000,3.833258e+16,5.354909,5.365576
59600,976486400,3.839701e+16,5.363439,5.366327
59700,978124800,3.846143e+16,5.401539,5.363706
59800,979763200,3.852586e+16,5.323784,5.359810
59900,981401600,3.859028e+16,5.356928,5.359005
60000,983040000,3.865471e+16,5.377780,5.359819
60100,984678400,3.871913e+16,5.377008,5.357606
60200,986316800,3.878355e+16,5.370974,5.355328
60300,987955200,3.884798e+16,5.361761,5.355651
60400,989593600,3.891240e+16,5.338211,5.353560
60500,991232000,3.897683e+16,5.479937,5.357372
60600,992870400,3.904125e+16,5.357378,5.352824
60700,994508800,3.910568e+16,5.341759,5.351273
60800,996147200,3.917010e+16,5.357659,5.350130
60900,997785600,3.923453e+16,5.303017,5.348313
61000,999424000,3.929895e+16,5.356903,5.344130
61100,1001062400,3.936338e+16,5.353572,5.336743
61200,1002700800,3.942780e+16,5.381383,5.337154
61300,1004339200,3.949222e+16,5.382643,5.339113
61400,1005977600,3.955665e+16,5.345988,5.332075
61500,1007616000,3.962107e+16,5.343205,5.336282
61600,1009254400,3.968550e+16,5.310623,5.335823
61700,1010892800,3.974992e+16,5.364628,5.326897
61800,1012531200,3.981435e+16,5.404126,5.337437
61900,1014169600,3.987877e+16,5.335602,5.329380
62000,1015808000,3.994320e+16,5.351893,5.325482
62100,1017446400,4.000762e+16,5.342970,5.325606
62200,1019084800,4.007204e+16,5.328168,5.326837
62300,1020723200,4.013647e+16,5.344719,5.330504
62400,1022361600,4.020089e+16,5.344727,5.319367
62500,1024000000,4.026532e+16,5.497834,5.327924
62600,1025638400,4.032974e+16,5.362679,5.317463
62700,1027276800,4.039417e+16,5.319376,5.315819
62800,1028915200,4.045859e+16,5.361486,5.316222
62900,1030553600,4.052302e+16,5.324427,5.310857
63000,1032192000,4.058744e+16,5.340208,5.313379
63100,1033830400,4.065187e+16,5.338165,5.306179
63200,1035468800,4.071629e+16,5.336104,5.303235
63300,1037107200,4.078071e+16,5.336167,5.306762
63400,1038745600,4.084514e+16,5.364917,5.305472
63500,1040384000,4.090956e+16,5.347124,5.300501
63600,1042022400,4.097399e+16,5.338674,5.303885
63700,1043660800,4.103841e+16,5.328795,5.296130
63800,1045299200,4.110284e+16,5.333300,5.300302
63900,1046937600,4.116726e+16,5.359883,5.304553
64000,1048576000,4.123169e+16,5.325047,5.296104
64100,1050214400,4.129611e+16,5.336886,5.292993
64200,1051852800,4.136054e+16,5.292327,5.289956
64300,1053491200,4.142496e+16,5.332667,5.285378
64400,1055129600,4.148938e+16,5.297382,5.287388
64500,1056768000,4.155381e+16,5.298553,5.284781
64600,1058406400,4.161823e+16,5.312233,5.292451
64700,1060044800,4.168266e+16,5.294730,5.284098
64800,1061683200,4.174708e+16,5.290590,5.281674
64900,1063321600,4.181151e+16,5.268600,5.287434
65000,1064960000,4.187593e+16,5.310737,5.286621
65100,1066598400,4.194036e+16,5.263948,5.282189
65200,1068236800,4.200478e+16,5.276164,5.279322
65300,1069875200,4.206920e+16,5.274439,5.277478
65400,1071513600,4.213363e+16,5.302131,5.277539
65500,1073152000,4.219805e+16,5.268475,5.279619
65600,1074790400,4.226248e+16,5.292403,5.275305
65700,1076428800,4.232690e+16,5.284452,5.275580
65800,1078067200,4.239133e+16,5.298294,5.275242
65900,1079705600,4.245575e+16,5.260872,5.266938
66000,1081344000,4.252018e+16,5.303289,5.269722
66100,1082982400,4.258460e+16,5.321187,5.269916
66200,1084620800,4.264903e+16,5.307347,5.266338
66300,1086259200,4.271345e+16,5.318535,5.273237
66400,1087897600,4.277787e+16,5.254212,5.263953
66500,1089536000,4.284230e+16,5.239849,5.263769
66600,1091174400,4.290672e+16,5.287423,5.257348
66700,1092812800,4.297115e+16,5.286445,5.257808
66800,1094451200,4.303557e+16,5.277049,5.260406
66900,1096089600,4.310000e+16,5.276164,5.250968
67000,1097728000,4.316442e+16,5.236055,5.249737
67100,1099366400,4.322885e+16,5.264303,5.255482
67200,1101004800,4.329327e+16,5.257668,5.251509
67300,1102643200,4.335769e+16,5.312728,5.248414
67400,1104281600,4.342212e+16,5.269875,5.240520
67500,1105920000,4.348654e+16,5.352524,5.242125
67600,1107558400,4.355097e+16,5.248424,5.242789
67700,1109196800,4.361539e+16,5.248912,5.240345
67800,1110835200,4.367982e+16,5.236600,5.239769
67900,1112473600,4.374424e+16,5.281717,5.238268
68000,1114112000,4.380867e+16,5.239349,5.237437
68100,1115750400,4.387309e+16,5.332628,5.235383
68200,1117388800,4.393752e+16,5.295978,5.232646
68300,1119027200,4.400194e+16,5.277183,5.234297
68400,1120665600,4.406636e+16,5.260672,5.227462
68500,1122304000,4.413079e+16,5.292695,5.233361
68600,1123942400,4.419521e+16,5.267084,5.224877
68700,1125580800,4.425964e+16,5.229696,5.228073
68800,1127219200,4.432406e+16,5.273741,5.222359
68900,1128857600,4.438849e+16,5.243185,5.223258
69000,1130496000,4.445291e+16,5.209569,5.224457
69100,1132134400,4.451734e+16,5.217078,5.222044
69200,1133772800,4.458176e+16,5.250941,5.215208
69300,1135411200,4.464619e+16,5.223695,5.219853
69400,1137049600,4.471061e+16,5.223919,5.218508
69500,1138688000,4.477503e+16,5.239794,5.217256
69600,1140326400,4.483946e+16,5.225109,5.220456
69700,1141964800,4.490388e+16,5.287184,5.214490
69800,1143603200,4.496831e+16,5.241353,5.212332
69900,1145241600,4.503273e+16,5.212406,5.207989
70000,1146880000,4.509716e+16,5.245194,5.211712
70100,1148518400,4.516158e+16,5.260219,5.210443
70200,1150156800,4.522601e+16,5.252539,5.206558
70300,1151795200,4.529043e+16,5.245864,5.208264
70400,1153433600,4.535485e+16,5.248895,5.204067
70500,1155072000,4.541928e+16,5.211185,5.207338
70600,1156710400,4.548370e+16,5.191778,5.209627
70700,1158348800,4.554813e+16,5.212178,5.201988
70800,1159987200,4.561255e+16,5.230622,5.197526
70900,1161625600,4.567698e+16,5.221767,5.199576
71000,1163264000,4.574140e+16,5.210207,5.197720
71100,1164902400,4.580583e+16,5.227780,5.202373
71200,1166540800,4.587025e+16,5.234939,5.199465
71300,1168179200,4.593468e+16,5.220886,5.192838
71400,1169817600,4.599910e+16,5.247068,5.195930
71500,1171456000,4.606352e+16,5.184836,5.198122
71600,1173094400,4.612795e+16,5.207986,5.191672
71700,1174732800,4.619237e+16,5.196186,5.190994
71800,1176371200,4.625680e+16,5.211027,5.190952
71900,1178009600,4.632122e+16,5.165845,5.188386
72000,1179648000,4.638565e+16,5.190317,5.189914
72100,1181286400,4.645007e+16,5.182850,5.184777
72200,1182924800,4.651450e+16,5.208327,5.184636
72300,1184563200,4.657892e+16,5.264544,5.193680
72400,1186201600,4.664334e+16,5.159717,5.183863
72500,1187840000,4.670777e+16,5.240976,5.180028
72600,1189478400,4.677219e+16,5.236039,5.178306
72700,1191116800,4.683662e+16,5.220524,5.182359
72800,1192755200,4.690104e+16,5.155171,5.173717
72900,1194393600,4.696547e+16,5.167795,5.172249
73000,1196032000,4.702989e+16,5.198861,5.171830
73100,1197670400,4.709432e+16,5.175379,5.171771
73200,1199308800,4.715874e+16,5.189075,5.165949
73300,1200947200,4.722317e+16,5.180620,5.165954
73400,1202585600,4.728759e+16,5.221019,5.165295
73500,1204224000,4.735201e+16,5.210056,5.170092
73600,1205862400,4.741644e+16,5.187800,5.173742
73700,1207500800,4.748086e+16,5.159190,5.168299
73800,1209139200,4.754529e+16,5.161812,5.171440
73900,1210777600,4.760971e+16,5.190953,5.168234
74000,1212416000,4.767414e+16,5.173893,5.161397
74100,1214054400,4.773856e+16,5.163133,5.157804
74200,1215692800,4.780299e+16,5.191162,5.165471
74300,1217331200,4.786741e+16,5.164103,5.160396
74400,1218969600,4.793184e+16,5.201566,5.160292
74500,1220608000,4.799626e+16,5.178967,5.155534
74600,1222246400,4.806068e+16,5.220135,5.151407
74700,1223884800,4.812511e+16,5.172567,5.154777
74800,1225523200,4.818953e+16,5.218041,5.151549
74900,1227161600,4.825396e+16,5.138267,5.151446
75000,1228800000,4.831838e+16,5.171019,5.150247
75100,1230438400,4.838281e+16,5.190212,5.155429
75200,1232076800,4.844723e+16,5.183771,5.148090
75300,1233715200,4.851166e+16,5.141849,5.146431
75400,1235353600,4.857608e+16,5.191993,5.146057
75500,1236992000,4.864050e+16,5.126299,5.148417
75600,1238630400,4.870493e+16,5.166770,5.140111
75700,1240268800,4.876935e+16,5.187743,5.140960
75800,1241907200,4.883378e+16,5.169807,5.138859
75900,1243545600,4.889820e+16,5.125771,5.140319
76000,1245184000,4.896263e+16,5.151661,5.137265
76100,1246822400,4.902705e+16,5.195074,5.134355
76200,1248460800,4.909148e+16,5.179665,5.135571
76300,1250099200,4.915590e+16,5.155591,5.134295
76400,1251737600,4.922033e+16,5.180964,5.133262
76500,1253376000,4.928475e+16,5.142873,5.132109
76600,1255014400,4.934917e+16,5.160269,5.128298
76700,1256652800,4.941360e+16,5.165639,5.126871
76800,1258291200,4.947802e+16,5.271085,5.135112
76900,1259929600,4.954245e+16,5.160654,5.129758
77000,1261568000,4.960687e+16,5.141679,5.129127
77100,1263206400,4.967130e+16,5.170164,5.126770
77200,1264844800,4.973572e+16,5.132717,5.124786
77300,1266483200,4.980015e+16,5.154705,5.122870
77400,1268121600,4.986457e+16,5.184751,5.127777
77500,1269760000,4.992899e+16,5.127039,5.122559
77600,1271398400,4.999342e+16,5.146082,5.120171
77700,1273036800,5.005784e+16,5.088903,5.116411
77800,1274675200,5.012227e+16,5.154553,5.118244
77900,1276313600,5.018669e+16,5.113461,5.117876
78000,1277952000,5.025112e+16,5.124519,5.111501
78100,1279590400,5.031554e+16,5.153387,5.117614
78200,1281228800,5.037997e+16,5.156172,5.114856
78300,1282867200,5.044439e+16,5.122645,5.112807
78400,1284505600,5.050882e+16,5.192213,5.113379
78500,1286144000,5.057324e+16,5.111211,5.105097
78600,1287782400,5.063766e+16,5.093291,5.105187
78700,1289420800,5.070209e+16,5.117883,5.103127
78800,1291059200,5.076651e+16,5.171185,5.101970
78900,1292697600,5.083094e+16,5.137370,5.098434
79000,1294336000,5.089536e+16,5.140726,5.101563
79100,1295974400,5.095979e+16,5.133367,5.099278
79200,1297612800,5.102421e+16,5.115561,5.096486
79300,1299251200,5.108864e+16,5.110881,5.099872
79400,1300889600,5.115306e+16,5.124997,5.096586
79500,1302528000,5.121749e+16,5.126662,5.089442
79600,1304166400,5.128191e+16,5.124482,5.090826
79700,1305804800,5.134633e+16,5.105825,5.094215
79800,1307443200,5.141076e+16,5.119702,5.092811
79900,1309081600,5.147518e+16,5.109617,5.090403
80000,1310720000,5.153961e+16,5.083768,5.091166
80100,1312358400,5.160403e+16,5.125160,5.092054
80200,1313996800,5.166846e+16,5.127097,5.095907
80300,1315635200,5.173288e+16,5.110798,5.093234
80400,1317273600,5.179731e+16,5.132180,5.089388
80500,1318912000,5.186173e+16,5.116387,5.089472
80600,1320550400,5.192615e+16,5.079317,5.087328
80700,1322188800,5.199058e+16,5.084252,5.088606
80800,1323827200,5.205500e+16,5.071199,5.087206
80900,1325465600,5.211943e+16,5.120943,5.084534
81000,1327104000,5.218385e+16,5.180653,5.084294
81100,1328742400,5.224828e+16,5.078660,5.085277
81200,1330380800,5.231270e+16,5.109476,5.084430
81300,1332019200,5.237713e+16,5.103377,5.089574
81400,1333657600,5.244155e+16,5.083045,5.082059
81500,1335296000,5.250598e+16,5.154065,5.082135
81600,1336934400,5.257040e+16,5.063373,5.085560
81700,1338572800,5.263482e+16,5.104490,5.075756
81800,1340211200,5.269925e+16,5.102332,5.078132
81900,1341849600,5.276367e+16,5.103689,5.077320
82000,1343488000,5.282810e+16,5.099001,5.073877
82100,1345126400,5.289252e+16,5.099199,5.071653
82200,1346764800,5.295695e+16,5.109716,5.076735
82300,1348403200,5.302137e+16,5.107019,5.069364
82400,1350041600,5.308580e+16,5.080504,5.069717
82500,1351680000,5.315022e+16,5.108860,5.068972
82600,1353318400,5.321464e+16,5.097432,5.066446
82700,1354956800,5.327907e+16,5.076900,5.066222
82800,1356595200,5.334349e+16,5.106487,5.065910
82900,1358233600,5.340792e+16,5.127976,5.062630
83000,1359872000,5.347234e+16,5.047035,5.064250
83100,1361510400,5.353677e+16,5.100037,5.055305
83200,1363148800,5.360119e+16,5.114216,5.055927
83300,1364787200,5.366562e+16,5.116548,5.062092
83400,1366425600,5.373004e+16,5.080702,5.065148
83500,1368064000,5.379447e+16,5.110016,5.061525
83600,1369702400,5.385889e+16,5.097916,5.062032
83700,1371340800,5.392331e+16,5.072905,5.058346
83800,1372979200,5.398774e+16,5.079488,5.062081
83900,1374617600,5.405216e+16,5.115725,5.054372
84000,1376256000,5.411659e+16,5.106209,5.051563
84100,1377894400,5.418101e+16,5.058775,5.056082
84200,1379532800,5.424544e+16,5.101058,5.051089
84300,1381171200,5.430986e+16,5.059262,5.050459
84400,1382809600,5.437429e+16,5.047337,5.048623
84500,1384448000,5.443871e+16,5.043273,5.049017
84600,1386086400,5.450313e+16,5.078209,5.046317
84700,1387724800,5.456756e+16,5.084754,5.043772
84800,1389363200,5.463198e+16,5.084344,5.046003
84900,1391001600,5.469641e+16,5.125565,5.046803
85000,1392640000,5.476083e+16,5.131178,5.041162
85100,1394278400,5.482526e+16,5.089397,5.040518
85200,1395916800,5.488968e+16,5.125584,5.038140
85300,1397555200,5.495411e+16,5.093836,5.037467
85400,1399193600,5.501853e+16,5.071709,5.030854
85500,1400832000,5.508296e+16,5.102001,5.035932
85600,1402470400,5.514738e+16,5.086984,5.038443
85700,1404108800,5.521180e+16,5.078028,5.039344
85800,1405747200,5.527623e+16,5.060455,5.036453
85900,1407385600,5.534065e+16,5.088743,5.034395
86000,1409024000,5.540508e+16,5.103815,5.035748
86100,1410662400,5.546950e+16,5.061784,5.035113
86200,1412300800,5.553393e+16,5.065898,5.032268
86300,1413939200,5.559835e+16,5.041738,5.030009
86400,1415577600,5.566278e+16,5.097036,5.031899
86500,1417216000,5.572720e+16,5.091823,5.031172
86600,1418854400,5.579163e+16,5.106260,5.030474
86700,1420492800,5.585605e+16,5.073152,5.032249
86800,1422131200,5.592047e+16,5.081904,5.028631
86900,1423769600,5.598490e+16,5.093307,5.029924
87000,1425408000,5.604932e+16,5.059505,5.021837
87100,1427046400,5.611375e+16,5.064603,5.022996
87200,1428684800,5.617817e+16,5.002035,5.025124
87300,1430323200,5.624260e+16,5.038011,5.022695
87400,1431961600,5.630702e+16,5.056852,5.028612
87500,1433600000,5.637145e+16,5.029149,5.023898
87600,1435238400,5.643587e+16,5.120144,5.027703
87700,1436876800,5.650029e+16,5.063170,5.016510
87800,1438515200,5.656472e+16,5.072847,5.021319
87900,1440153600,5.662914e+16,5.053292,5.017907
88000,1441792000,5.669357e+16,5.077954,5.017117
88100,1443430400,5.675799e+16,5.021722,5.012474
88200,1445068800,5.682242e+16,5.051655,5.017885
88300,1446707200,5.688684e+16,5.053958,5.015441
88400,1448345600,5.695127e+16,5.037111,5.014079
88500,1449984000,5.701569e+16,5.023427,5.012986
88600,1451622400,5.708012e+16,5.028767,5.011989
88700,1453260800,5.714454e+16,5.022470,5.015706
88800,1454899200,5.720896e+16,5.014330,5.012360
88900,1456537600,5.727339e+16,5.024108,5.012849
89000,1458176000,5.733781e+16,5.038950,5.010727
89100,1459814400,5.740224e+16,5.001951,5.006993
89200,1461452800,5.746666e+16,5.029677,5.009428
89300,1463091200,5.753109e+16,5.029356,5.009061
89400,1464729600,5.759551e+16,5.046073,5.004292
89500,1466368000,5.765994e+16,5.024863,5.008878
89600,1468006400,5.772436e+16,5.060942,5.004294
89700,1469644800,5.778878e+16,5.046760,5.002093
89800,1471283200,5.785321e+16,5.048765,5.005058
89900,1472921600,5.791763e+16,5.050899,5.000208
90000,1474560000,5.798206e+16,5.020952,4.994050
90100,1476198400,5.804648e+16,5.022647,5.001492
90200,1477836800,5.811091e+16,5.046317,4.997149
90300,1479475200,5.817533e+16,5.058955,4.995059
90400,1481113600,5.823976e+16,5.033558,4.995687
90500,1482752000,5.830418e+16,5.021907,4.997354
90600,1484390400,5.836861e+16,5.072691,5.001809
90700,1486028800,5.843303e+16,5.026090,4.992321
90800,1487667200,5.849745e+16,5.003656,4.990156
90900,1489305600,5.856188e+16,5.043962,4.986780
91000,1490944000,5.862630e+16,4.996454,4.992231
91100,1492582400,5.869073e+16,5.016224,4.986001
91200,1494220800,5.875515e+16,5.033275,4.988042
91300,1495859200,5.881958e+16,5.014734,4.980336
91400,1497497600,5.888400e+16,5.017985,4.985246
91500,1499136000,5.894843e+16,5.034004,4.983698
91600,1500774400,5.901285e+16,4.987063,4.983591
91700,1502412800,5.907728e+16,5.006259,4.980955
91800,1504051200,5.914170e+16,5.019610,4.981025
91900,1505689600,5.920612e+16,5.009388,4.981134
92000,1507328000,5.927055e+16,5.010419,4.974414
92100,1508966400,5.933497e+16,5.034268,4.978150
92200,1510604800,5.939940e+16,5.063784,4.978996
92300,1512243200,5.946382e+16,4.992525,4.974912
92400,1513881600,5.952825e+16,4.996297,4.977471
92500,1515520000,5.959267e+16,5.000765,4.977168
92600,1517158400,5.965710e+16,5.054317,4.973082
92700,1518796800,5.972152e+16,5.016578,4.976686
92800,1520435200,5.978594e+16,4.996797,4.977394
92900,1522073600,5.985037e+16,5.023791,4.970735
93000,1523712000,5.991479e+16,5.010315,4.972176
93100,1525350400,5.997922e+16,4.973721,4.968784
93200,1526988800,6.004364e+16,4.980891,4.973933
93300,1528627200,6.010807e+16,5.011752,4.968763
93400,1530265600,6.017249e+16,5.016686,4.970922
93500,1531904000,6.023692e+16,4.997323,4.972676
93600,1533542400,6.030134e+16,4.993823,4.970948
93700,1535180800,6.036577e+16,4.990774,4.968381
93800,1536819200,6.043019e+16,4.994980,4.973242
93900,1538457600,6.049461e+16,4.993975,4.968504
94000,1540096000,6.055904e+16,5.003680,4.967948
94100,1541734400,6.062346e+16,4.985659,4.966948
94200,1543372800,6.068789e+16,4.986407,4.965376
94300,1545011200,6.075231e+16,4.994390,4.967215
94400,1546649600,6.081674e+16,4.950170,4.963562
94500,1548288000,6.088116e+16,4.976169,4.959379
94600,1549926400,6.094559e+16,4.979125,4.961239
94700,1551564800,6.101001e+16,4.979915,4.959092
94800,1553203200,6.107443e+16,4.992044,4.957597
94900,1554841600,6.113886e+16,4.994422,4.957000
95000,1556480000,6.120328e+16,4.974600,4.956119
95100,1558118400,6.126771e+16,4.986166,4.948374
95200,1559756800,6.133213e+16,4.972572,4.953097
95300,1561395200,6.139656e+16,4.986709,4.948816
95400,1563033600,6.146098e+16,4.977882,4.948103
95500,1564672000,6.152541e+16,4.981683,4.947732
95600,1566310400,6.158983e+16,5.010043,4.949703
95700,1567948800,6.165426e+16,5.005361,4.952138
95800,1569587200,6.171868e+16,4.965352,4.950916
95900,1571225600,6.178310e+16,5.005129,4.953258
96000,1572864000,6.184753e+16,4.970642,4.945729
96100,1574502400,6.191195e+16,4.990453,4.948409
96200,1576140800,6.197638e+16,5.029402,4.947458
96300,1577779200,6.204080e+16,4.944566,4.952006
96400,1579417600,6.210523e+16,4.949403,4.955802
96500,1581056000,6.216965e+16,5.015779,4.946287
96600,1582694400,6.223408e+16,4.981265,4.947285
96700,1584332800,6.229850e+16,5.001344,4.943797
96800,1585971200,6.236293e+16,4.990520,4.945424
96900,1587609600,6.242735e+16,4.993569,4.942009
97000,1589248000,6.249177e+16,4.974374,4.941816
97100,1590886400,6.255620e+16,4.965604,4.941607
97200,1592524800,6.262062e+16,4.989192,4.942189
97300,1594163200,6.268505e+16,4.982492,4.941247
97400,1595801600,6.274947e+16,4.962301,4.941193
97500,1597440000,6.281390e+16,5.015981,4.940228
97600,1599078400,6.287832e+16,4.989419,4.935339
97700,1600716800,6.294275e+16,4.954331,4.935760
97800,1602355200,6.300717e+16,4.995396,4.937377
97900,1603993600,6.307159e+16,4.984617,4.935345
98000,1605632000,6.313602e+16,5.001574,4.935749
98100,1607270400,6.320044e+16,4.970202,4.928274
98200,1608908800,6.326487e+16,4.978061,4.930965
98300,1610547200,6.332929e+16,4.972358,4.930822
98400,1612185600,6.339372e+16,4.955114,4.925908
98500,1613824000,6.345814e+16,4.959138,4.923967
98600,1615462400,6.352257e+16,4.961083,4.926036
98700,1617100800,6.358699e+16,5.007191,4.931006
98800,1618739200,6.365142e+16,5.034923,4.927220
98900,1620377600,6.371584e+16,4.977480,4.923587
99000,1622016000,6.378026e+16,4.966308,4.923357
99100,1623654400,6.384469e+16,4.955833,4.916749
99200,1625292800,6.390911e+16,4.953769,4.920443
99300,1626931200,6.397354e+16,4.978098,4.923446
99400,1628569600,6.403796e+16,4.956085,4.926324
99500,1630208000,6.410239e+16,4.932518,4.926132
99600,1631846400,6.416681e+16,4.960186,4.923446
99700,1633484800,6.423124e+16,4.980885,4.924829
99800,1635123200,6.429566e+16,4.963410,4.919095
99900,1636761600,6.436008e+16,4.967813,4.924319
100000,1638400000,6.442451e+16,5.027417,4.922098
100100,1640038400,6.448893e+16,4.933350,4.921095
100200,1641676800,6.455336e+16,5.089962,4.921119
100300,1643315200,6.461778e+16,5.004552,4.919913
100400,1644953600,6.468221e+16,4.992597,4.921291
100500,1646592000,6.474663e+16,4.917925,4.916773
100600,1648230400,6.481106e+16,4.924032,4.914932
100700,1649868800,6.487548e+16,4.943790,4.914737
100800,1651507200,6.493991e+16,4.951958,4.909808
100900,1653145600,6.500433e+16,4.962528,4.909649
101000,1654784000,6.506875e+16,4.990678,4.910650
101100,1656422400,6.513318e+16,4.972780,4.916878
101200,1658060800,6.519760e+16,4.911342,4.913673
101300,1659699200,6.526203e+16,4.973237,4.914012
101400,1661337600,6.532645e+16,4.905185,4.910392
101500,1662976000,6.539088e+16,4.965281,4.906796
101600,1664614400,6.545530e+16,4.975766,4.906330
101700,1666252800,6.551973e+16,4.956984,4.908153
101800,1667891200,6.558415e+16,4.900931,4.905427
101900,1669529600,6.564858e+16,4.924013,4.903690
102000,1671168000,6.571300e+16,4.961216,4.904572
102100,1672806400,6.577742e+16,4.907035,4.907270
102200,1674444800,6.584185e+16,4.943650,4.904221
102300,1676083200,6.590627e+16,4.958918,4.903403
102400,1677721600,6.597070e+16,4.982124,4.899269
102500,1679360000,6.603512e+16,4.909442,4.899188
102600,1680998400,6.609955e+16,4.928686,4.895355
102700,1682636800,6.616397e+16,4.940354,4.896477
102800,1684275200,6.622840e+16,4.930623,4.894449
102900,1685913600,6.629282e+16,4.923003,4.894311
103000,1687552000,6.635724e+16,4.938334,4.889464
103100,1689190400,6.642167e+16,4.919438,4.889731
103200,1690828800,6.648609e+16,4.918090,4.893646
103300,1692467200,6.655052e+16,4.877992,4.891073
103400,1694105600,6.661494e+16,4.899562,4.888930
103500,1695744000,6.667937e+16,4.894070,4.886793
103600,1697382400,6.674379e+16,4.927374,4.885908
103700,1699020800,6.680822e+16,4.890306,4.887733
103800,1700659200,6.687264e+16,4.905959,4.886155
103900,1702297600,6.693707e+16,4.943285,4.882884
104000,1703936000,6.700149e+16,4.916868,4.883005
104100,1705574400,6.706591e+16,4.906457,4.883840
104200,1707212800,6.713034e+16,4.943926,4.875323
104300,1708851200,6.719476e+16,4.924288,4.883714
104400,1710489600,6.725919e+16,4.888733,4.874488
104500,1712128000,6.732361e+16,4.890106,4.879251
104600,1713766400,6.738804e+16,4.912459,4.876527
104700,1715404800,6.745246e+16,4.931351,4.877967
104800,1717043200,6.751689e+16,4.981753,4.880669
104900,1718681600,6.758131e+16,4.936883,4.874158
105000,1720320000,6.764573e+16,4.936590,4.877637
105100,1721958400,6.771016e+16,4.899004,4.874388
105200,1723596800,6.777458e+16,4.957756,4.875746
105300,1725235200,6.783901e+16,4.894312,4.871278
105400,1726873600,6.790343e+16,4.918241,4.871131
105500,1728512000,6.796786e+16,4.900301,4.872634
105600,1730150400,6.803228e+16,4.912072,4.871804
105700,1731788800,6.809671e+16,4.877385,4.867259
105800,1733427200,6.816113e+16,4.876987,4.869564
105900,1735065600,6.822556e+16,4.868385,4.866514
106000,1736704000,6.828998e+16,4.896259,4.863744
106100,1738342400,6.835440e+16,4.919626,4.866630
106200,1739980800,6.841883e+16,4.912159,4.868428
106300,1741619200,6.848325e+16,4.881914,4.866452
106400,1743257600,6.854768e+16,4.911958,4.865107
106500,1744896000,6.861210e+16,4.905249,4.863289
106600,1746534400,6.867653e+16,4.917195,4.864729
106700,1748172800,6.874095e+16,4.904077,4.862158
106800,1749811200,6.880538e+16,4.929677,4.859801
106900,1751449600,6.886980e+16,4.919139,4.863182
107000,1753088000,6.893423e+16,4.940352,4.861568
107100,1754726400,6.899865e+16,4.906217,4.862057
107200,1756364800,6.906307e+16,4.826674,4.862905
107300,1758003200,6.912750e+16,4.888742,4.859509
107400,1759641600,6.919192e+16,4.881512,4.857828
107500,1761280000,6.925635e+16,4.889824,4.862073
107600,1762918400,6.932077e+16,4.892426,4.853504
107700,1764556800,6.938520e+16,4.929293,4.858533
107800,1766195200,6.944962e+16,4.857001,4.855657
107900,1767833600,6.951405e+16,4.880888,4.852310
108000,1769472000,6.957847e+16,4.899041,4.853391
108100,1771110400,6.964289e+16,4.876558,4.850899
108200,1772748800,6.970732e+16,4.860085,4.848113
108300,1774387200,6.977174e+16,4.915754,4.851315
108400,1776025600,6.983617e+16,4.879295,4.851651
108500,1777664000,6.990059e+16,4.859265,4.851869
108600,1779302400,6.996502e+16,4.885365,4.851964
108700,1780940800,7.002944e+16,4.859348,4.849701
108800,1782579200,7.009387e+16,4.911871,4.848690
108900,1784217600,7.015829e+16,4.883466,4.844617
109000,1785856000,7.022272e+16,4.904106,4.844263
109100,1787494400,7.028714e+16,4.916306,4.842185
109200,1789132800,7.035156e+16,4.915181,4.846623
109300,1790771200,7.041599e+16,4.851208,4.838769
109400,1792409600,7.048041e+16,4.886060,4.838426
109500,1794048000,7.054484e+16,4.873800,4.837949
109600,1795686400,7.060926e+16,4.864186,4.839873
109700,1797324800,7.067369e+16,4.877788,4.838795
109800,1798963200,7.073811e+16,4.893289,4.838322
109900,1800601600,7.080254e+16,4.839973,4.837977
110000,1802240000,7.086696e+16,4.938010,4.838212
110100,1803878400,7.093138e+16,4.879787,4.836012
110200,1805516800,7.099581e+16,4.879255,4.834203
110300,1807155200,7.106023e+16,4.848492,4.840616
110400,1808793600,7.112466e+16,4.832870,4.841970
110500,1810432000,7.118908e+16,4.858175,4.833908
110600,1812070400,7.125351e+16,4.877230,4.833856
110700,1813708800,7.131793e+16,4.875560,4.832844
110800,1815347200,7.138236e+16,4.866103,4.832009
110900,1816985600,7.144678e+16,4.885484,4.831106
111000,1818624000,7.151121e+16,4.859801,4.832510
111100,1820262400,7.157563e+16,4.867166,4.832323
111200,1821900800,7.164005e+16,4.884161,4.831728
111300,1823539200,7.170448e+16,4.865378,4.833744
111400,1825177600,7.176890e+16,4.890638,4.835060
111500,1826816000,7.183333e+16,4.862469,4.829464
111600,1828454400,7.189775e+16,4.857615,4.832371
111700,1830092800,7.196218e+16,4.845640,4.831214
111800,1831731200,7.202660e+16,4.838981,4.832541
111900,1833369600,7.209103e+16,4.873774,4.828469
112000,1835008000,7.215545e+16,4.863809,4.829983
112100,1836646400,7.221988e+16,4.870090,4.830305
112200,1838284800,7.228430e+16,4.872689,4.829327
112300,1839923200,7.234872e+16,4.892167,4.830567
112400,1841561600,7.241315e+16,4.858672,4.828079
112500,1843200000,7.247757e+16,4.944392,4.829463
112600,1844838400,7.254200e+16,4.930768,4.829809
112700,1846476800,7.260642e+16,4.861616,4.826680
112800,1848115200,7.267085e+16,4.893704,4.826160
112900,1849753600,7.273527e+16,4.872498,4.820072
113000,1851392000,7.279970e+16,4.846345,4.818514
113100,1853030400,7.286412e+16,4.879858,4.820769
113200,1854668800,7.292854e+16,4.848462,4.820658
113300,1856307200,7.299297e+16,4.855088,4.822052
113400,1857945600,7.305739e+16,4.868662,4.820240
113500,1859584000,7.312182e+16,4.862741,4.819321
113600,1861222400,7.318624e+16,4.873480,4.817042
113700,1862860800,7.325067e+16,4.869732,4.815105
113800,1864499200,7.331509e+16,4.877734,4.815604
113900,1866137600,7.337952e+16,4.883953,4.824862
114000,1867776000,7.344394e+16,4.907344,4.811473
114100,1869414400,7.350837e+16,4.902797,4.814285
114200,1871052800,7.357279e+16,4.861141,4.815018
114300,1872691200,7.363721e+16,4.856819,4.808825
114400,1874329600,7.370164e+16,4.846270,4.812391
114500,1875968000,7.376606e+16,4.842456,4.811988
114600,1877606400,7.383049e+16,4.908480,4.810262
114700,1879244800,7.389491e+16,4.887696,4.810918
114800,1880883200,7.395934e+16,4.840148,4.809387
114900,1882521600,7.402376e+16,4.861784,4.806708
115000,1884160000,7.408819e+16,4.889530,4.807039
115100,1885798400,7.415261e+16,4.902872,4.810771
115200,1887436800,7.421703e+16,4.884806,4.807848
115300,1889075200,7.428146e+16,4.866649,4.809858
115400,1890713600,7.434588e+16,4.820354,4.806927
115500,1892352000,7.441031e+16,4.808681,4.807895
115600,1893990400,7.447473e+16,4.866332,4.807549
115700,1895628800,7.453916e+16,4.859224,4.805430
115800,1897267200,7.460358e+16,4.879758,4.805861
115900,1898905600,7.466801e+16,4.831126,4.804360
116000,1900544000,7.473243e+16,4.890983,4.804103
116100,1902182400,7.479686e+16,4.889221,4.802058
116200,1903820800,7.486128e+16,4.857633,4.806320
116300,1905459200,7.492570e+16,4.881858,4.807020
116400,1907097600,7.499013e+16,4.856107,4.804917
116500,1908736000,7.505455e+16,4.832626,4.802535
116600,1910374400,7.511898e+16,4.837415,4.804567
116700,1912012800,7.518340e+16,4.936524,4.804854
116800,1913651200,7.524783e+16,4.861670,4.798302
116900,1915289600,7.531225e+16,4.831599,4.793391
117000,1916928000,7.537668e+16,4.805299,4.793782
117100,1918566400,7.544110e+16,4.846386,4.796438
117200,1920204800,7.550553e+16,4.817020,4.794802
117300,1921843200,7.556995e+16,4.833371,4.793653
117400,1923481600,7.563437e+16,4.860456,4.792567
117500,1925120000,7.569880e+16,4.883520,4.793435
117600,1926758400,7.576322e+16,4.854304,4.794049
117700,1928396800,7.582765e+16,4.839005,4.791804
117800,1930035200,7.589207e+16,4.821160,4.791548
117900,1931673600,7.595650e+16,4.783754,4.792294
118000,1933312000,7.602092e+16,4.858860,4.789411
118100,1934950400,7.608535e+16,4.820114,4.789802
118200,1936588800,7.614977e+16,4.896098,4.786888
118300,1938227200,7.621419e+16,4.860897,4.788508
118400,1939865600,7.627862e+16,4.881373,4.787235
118500,1941504000,7.634304e+16,4.842185,4.787472
118600,1943142400,7.640747e+16,4.806241,4.784531
118700,1944780800,7.647189e+16,4.826766,4.782154
118800,1946419200,7.653632e+16,4.821336,4.784097
118900,1948057600,7.660074e+16,4.838490,4.784749
119000,1949696000,7.666517e+16,4.863317,4.782655
119100,1951334400,7.672959e+16,4.834360,4.782963
119200,1952972800,7.679402e+16,4.826521,4.784470
119300,1954611200,7.685844e+16,4.821119,4.783700
119400,1956249600,7.692286e+16,4.836741,4.783504
119500,1957888000,7.698729e+16,4.825115,4.782109
119600,1959526400,7.705171e+16,4.797502,4.781375
119700,1961164800,7.711614e+16,4.885757,4.778291
119800,1962803200,7.718056e+16,4.818944,4.772981
119900,1964441600,7.724499e+16,4.861322,4.777296
120000,1966080000,7.730941e+16,4.802842,4.776259
120100,1967718400,7.737384e+16,4.838905,4.784366
120200,1969356800,7.743826e+16,4.866775,4.778083
120300,1970995200,7.750268e+16,4.814158,4.777103
120400,1972633600,7.756711e+16,4.858679,4.777804
120500,1974272000,7.763153e+16,4.817489,4.777688
120600,1975910400,7.769596e+16,4.797923,4.777819
120700,1977548800,7.776038e+16,4.828091,4.778742
120800,1979187200,7.782481e+16,4.826050,4.776170
120900,1980825600,7.788923e+16,4.810796,4.778663
121000,1982464000,7.795366e+16,4.828052,4.774193
121100,1984102400,7.801808e+16,4.826060,4.773558
121200,1985740800,7.808251e+16,4.809675,4.773243
121300,1987379200,7.814693e+16,4.841743,4.773207
121400,1989017600,7.821135e+16,4.836043,4.774081
121500,1990656000,7.827578e+16,4.819412,4.771280
121600,1992294400,7.834020e+16,4.840794,4.773865
121700,1993932800,7.840463e+16,4.829370,4.772496
121800,1995571200,7.846905e+16,4.824987,4.765716
121900,1997209600,7.853348e+16,4.784431,4.767621
122000,1998848000,7.859790e+16,4.818607,4.770245
122100,2000486400,7.866233e+16,4.873053,4.770021
122200,2002124800,7.872675e+16,4.810963,4.765902
122300,2003763200,7.879118e+16,4.803514,4.763372
122400,2005401600,7.885560e+16,4.792577,4.766074
122500,2007040000,7.892002e+16,4.817905,4.774625
122600,2008678400,7.898445e+16,4.901049,4.771768
122700,2010316800,7.904887e+16,4.858137,4.768455
122800,2011955200,7.911330e+16,4.813669,4.766180
122900,2013593600,7.917772e+16,4.806222,4.764742
123000,2015232000,7.924215e+16,4.791548,4.763170
123100,2016870400,7.930657e+16,4.805365,4.766290
123200,2018508800,7.937100e+16,4.796695,4.762519
123300,2020147200,7.943542e+16,4.829576,4.766371
123400,2021785600,7.949984e+16,4.823533,4.764914
123500,2023424000,7.956427e+16,4.843887,4.764443
123600,2025062400,7.962869e+16,4.835327,4.760860
123700,2026700800,7.969312e+16,4.841360,4.763047
123800,2028339200,7.975754e+16,4.806656,4.761207
123900,2029977600,7.982197e+16,4.895133,4.758769
124000,2031616000,7.988639e+16,4.821486,4.758689
124100,2033254400,7.995082e+16,4.817383,4.756154
124200,2034892800,8.001524e+16,4.787545,4.758660
124300,2036531200,8.007967e+16,4.774253,4.755739
124400,2038169600,8.014409e+16,4.792362,4.753654
124500,2039808000,8.020851e+16,4.819642,4.752916
124600,2041446400,8.027294e+16,4.812811,4.750040
124700,2043084800,8.033736e+16,4.818310,4.748763
124800,2044723200,8.040179e+16,4.816751,4.750717
124900,2046361600,8.046621e+16,4.795705,4.749673
125000,2048000000,8.053064e+16,4.812420,4.750678
125100,2049638400,8.059506e+16,4.814600,4.751077
125200,2051276800,8.065949e+16,4.843801,4.751521
125300,2052915200,8.072391e+16,4.849751,4.752489
125400,2054553600,8.078833e+16,4.818838,4.748793
125500,2056192000,8.085276e+16,4.769689,4.753082
125600,2057830400,8.091718e+16,4.814510,4.751871
125700,2059468800,8.098161e+16,4.762161,4.752089
125800,2061107200,8.104603e+16,4.849203,4.751525
125900,2062745600,8.111046e+16,4.805260,4.749752
126000,2064384000,8.117488e+16,4.817173,4.749568
126100,2066022400,8.123931e+16,4.800432,4.749957
126200,2067660800,8.130373e+16,4.802405,4.747880
126300,2069299200,8.136816e+16,4.797574,4.751969
126400,2070937600,8.143258e+16,4.865298,4.747138
126500,2072576000,8.149700e+16,4.787131,4.747665
126600,2074214400,8.156143e+16,4.772483,4.746307
126700,2075852800,8.162585e+16,4.756950,4.746704
126800,2077491200,8.169028e+16,4.766862,4.747398
126900,2079129600,8.175470e+16,4.791536,4.744037
127000,2080768000,8.181913e+16,4.801743,4.746929
127100,2082406400,8.188355e+16,4.760819,4.745775
127200,2084044800,8.194798e+16,4.803342,4.743499
127300,2085683200,8.201240e+16,4.779323,4.738439
127400,2087321600,8.207683e+16,4.816913,4.739984
127500,2088960000,8.214125e+16,4.799942,4.745582
127600,2090598400,8.220567e+16,4.759963,4.741446
127700,2092236800,8.227010e+16,4.774740,4.739758
127800,2093875200,8.233452e+16,4.801612,4.738902
127900,2095513600,8.239895e+16,4.801785,4.740791
128000,2097152000,8.246337e+16,4.790208,4.739301
128100,2098790400,8.252780e+16,4.781307,4.734640
128200,2100428800,8.259222e+16,4.812197,4.732462
128300,2102067200,8.265665e+16,4.836201,4.734512
128400,2103705600,8.272107e+16,4.785532,4.737697
128500,2105344000,8.278549e+16,4.769671,4.733294
128600,2106982400,8.284992e+16,4.754350,4.732301
128700,2108620800,8.291434e+16,4.742888,4.732739
128800,2110259200,8.297877e+16,4.781924,4.730629
128900,2111897600,8.304319e+16,4.786494,4.737145
129000,2113536000,8.310762e+16,4.765272,4.731453
129100,2115174400,8.317204e+16,4.749483,4.736160
129200,2116812800,8.323647e+16,4.795122,4.732972
129300,2118451200,8.330089e+16,4.779334,4.732951
129400,2120089600,8.336532e+16,4.801325,4.735587
129500,2121728000,8.342974e+16,4.774624,4.734896
129600,2123366400,8.349416e+16,4.769518,4.729601
129700,2125004800,8.355859e+16,4.772174,4.731426
129800,2126643200,8.362301e+16,4.806416,4.729824
129900,2128281600,8.368744e+16,4.771362,4.728252
130000,2129920000,8.375186e+16,4.828276,4.725665
130100,2131558400,8.381629e+16,4.797679,4.721676
130200,2133196800,8.388071e+16,4.793191,4.727049
130300,2134835200,8.394514e+16,4.773671,4.726185
130400,2136473600,8.400956e+16,4.770821,4.726205
130500,2138112000,8.407398e+16,4.787985,4.724600
130600,2139750400,8.413841e+16,4.784383,4.723882
130700,2141388800,8.420283e+16,4.749957,4.724137
130800,2143027200,8.426726e+16,4.751085,4.721227
130900,2144665600,8.433168e+16,4.804970,4.722784
131000,2146304000,8.439611e+16,4.780339,4.725037
131100,2147942400,8.446053e+16,4.768401,4.723216
131200,2149580800,8.452496e+16,4.815639,4.723830
131300,2151219200,8.458938e+16,4.762327,4.718967
131400,2152857600,8.465381e+16,4.773319,4.716902
131500,2154496000,8.471823e+16,4.775663,4.713600
131600,2156134400,8.478265e+16,4.767319,4.719665
131700,2157772800,8.484708e+16,4.774683,4.721859
131800,2159411200,8.491150e+16,4.838877,4.720168
131900,2161049600,8.497593e+16,4.850246,4.723969
132000,2162688000,8.504035e+16,4.787228,4.716758
132100,2164326400,8.510478e+16,4.717425,4.715611
132200,2165964800,8.516920e+16,4.850493,4.717468
132300,2167603200,8.523363e+16,4.767258,4.718729
132400,2169241600,8.529805e+16,4.774899,4.717109
132500,2170880000,8.536248e+16,4.752204,4.716824
132600,2172518400,8.542690e+16,4.770352,4.713543
132700,2174156800,8.549132e+16,4.755335,4.714889
132800,2175795200,8.555575e+16,4.781739,4.713875
132900,2177433600,8.562017e+16,4.805575,4.717330
133000,2179072000,8.568460e+16,4.753457,4.711703
133100,2180710400,8.574902e+16,4.731642,4.713731
133200,2182348800,8.581345e+16,4.763187,4.712682
133300,2183987200,8.587787e+16,4.719872,4.714778
133400,2185625600,8.594230e+16,4.783357,4.712549
133500,2187264000,8.600672e+16,4.754168,4.710060
133600,2188902400,8.607114e+16,4.712952,4.707835
133700,2190540800,8.613557e+16,4.709954,4.711029
133800,2192179200,8.619999e+16,4.733188,4.707499
133900,2193817600,8.626442e+16,4.789643,4.704614
134000,2195456000,8.632884e+16,4.796146,4.707939
134100,2197094400,8.639327e+16,4.740955,4.707245
134200,2198732800,8.645769e+16,4.754697,4.708578
134300,2200371200,8.652212e+16,4.756695,4.708176
134400,2202009600,8.658654e+16,4.731656,4.703731
134500,2203648000,8.665097e+16,4.711456,4.706217
134600,2205286400,8.671539e+16,4.737328,4.705397
134700,2206924800,8.677981e+16,4.754781,4.704253
134800,2208563200,8.684424e+16,4.758901,4.702483
134900,2210201600,8.690866e+16,4.724648,4.701737
135000,2211840000,8.697309e+16,4.721060,4.699021
135100,2213478400,8.703751e+16,4.765233,4.701115
135200,2215116800,8.710194e+16,4.761975,4.699646
135300,2216755200,8.716636e+16,4.768528,4.697784
135400,2218393600,8.723079e+16,4.749347,4.698048
135500,2220032000,8.729521e+16,4.758969,4.700788
135600,2221670400,8.735963e+16,4.734480,4.697545
135700,2223308800,8.742406e+16,4.748353,4.702147
135800,2224947200,8.748848e+16,4.768666,4.699852
135900,2226585600,8.755291e+16,4.767629,4.695866
136000,2228224000,8.761733e+16,4.778443,4.696248
136100,2229862400,8.768176e+16,4.783026,4.694721
136200,2231500800,8.774618e+16,4.713008,4.698964
136300,2233139200,8.781061e+16,4.668580,4.700339
136400,2234777600,8.787503e+16,4.737407,4.699116
136500,2236416000,8.793946e+16,4.737444,4.696005
136600,2238054400,8.800388e+16,4.774958,4.699297
136700,2239692800,8.806830e+16,4.735158,4.698987
136800,2241331200,8.813273e+16,4.785111,4.698256
136900,2242969600,8.819715e+16,4.741512,4.695388
137000,2244608000,8.826158e+16,4.762451,4.692623
137100,2246246400,8.832600e+16,4.736823,4.695620
137200,2247884800,8.839043e+16,4.776540,4.695132
137300,2249523200,8.845485e+16,4.700464,4.693102
137400,2251161600,8.851928e+16,4.743602,4.693659
137500,2252800000,8.858370e+16,4.776026,4.691980
137600,2254438400,8.864812e+16,4.720167,4.694039
137700,2256076800,8.871255e+16,4.752597,4.689697
137800,2257715200,8.877697e+16,4.709949,4.690803
137900,2259353600,8.884140e+16,4.721421,4.692084
138000,2260992000,8.890582e+16,4.716788,4.686890
138100,2262630400,8.897025e+16,4.751446,4.687758
138200,2264268800,8.903467e+16,4.762352,4.692434
138300,2265907200,8.909910e+16,4.716446,4.692753
138400,2267545600,8.916352e+16,4.757389,4.688630
138500,2269184000,8.922795e+16,4.760499,4.690276
138600,2270822400,8.929237e+16,4.707005,4.688794
138700,2272460800,8.935679e+16,4.715328,4.691108
138800,2274099200,8.942122e+16,4.740963,4.689033
138900,2275737600,8.948564e+16,4.711698,4.690039
139000,2277376000,8.955007e+16,4.700058,4.687916
139100,2279014400,8.961449e+16,4.776490,4.682882
139200,2280652800,8.967892e+16,4.753122,4.683539
139300,2282291200,8.974334e+16,4.732075,4.682664
139400,2283929600,8.980777e+16,4.740940,4.681750
139500,2285568000,8.987219e+16,4.709186,4.685374
139600,2287206400,8.993662e+16,4.744687,4.682150
139700,2288844800,9.000104e+16,4.738841,4.679530
139800,2290483200,9.006546e+16,4.743127,4.678291
139900,2292121600,9.012989e+16,4.703187,4.681468
140000,2293760000,9.019431e+16,4.741635,4.678607
140100,2295398400,9.025874e+16,4.690796,4.677393
140200,2297036800,9.032316e+16,4.731926,4.678936
140300,2298675200,9.038759e+16,4.750498,4.680654
140400,2300313600,9.045201e+16,4.718462,4.680596
140500,2301952000,9.051644e+16,4.714028,4.678018
140600,2303590400,9.058086e+16,4.726795,4.677816
140700,2305228800,9.064528e+16,4.701850,4.675793
140800,2306867200,9.070971e+16,4.695131,4.677346
140900,2308505600,9.077413e+16,4.737502,4.676660
141000,2310144000,9.083856e+16,4.747690,4.672246
141100,2311782400,9.090298e+16,4.691840,4.670473
141200,2313420800,9.096741e+16,4.749475,4.673305
141300,2315059200,9.103183e+16,4.760708,4.676092
141400,2316697600,9.109626e+16,4.743658,4.673157
141500,2318336000,9.116068e+16,4.736503,4.672984
141600,2319974400,9.122511e+16,4.684006,4.672421
141700,2321612800,9.128953e+16,4.741210,4.672277
141800,2323251200,9.135395e+16,4.769208,4.668594
141900,2324889600,9.141838e+16,4.724013,4.670373
142000,2326528000,9.148280e+16,4.792892,4.670983
142100,2328166400,9.154723e+16,4.785490,4.672401
142200,2329804800,9.161165e+16,4.713557,4.667851
142300,2331443200,9.167608e+16,4.729681,4.671120
142400,2333081600,9.174050e+16,4.676645,4.669892
142500,2334720000,9.180493e+16,4.734476,4.667327
142600,2336358400,9.186935e+16,4.734459,4.663187
142700,2337996800,9.193377e+16,4.730225,4.664087
142800,2339635200,9.199820e+16,4.733139,4.666186
142900,2341273600,9.206262e+16,4.731596,4.663552
143000,2342912000,9.212705e+16,4.679687,4.664214
143100,2344550400,9.219147e+16,4.731891,4.663408
143200,2346188800,9.225590e+16,4.712672,4.663068
143300,2347827200,9.232032e+16,4.755846,4.665731
143400,2349465600,9.238475e+16,4.730403,4.664131
143500,2351104000,9.244917e+16,4.696689,4.662748
143600,2352742400,9.251360e+16,4.728852,4.663173
143700,2354380800,9.257802e+16,4.750852,4.664553
143800,2356019200,9.264244e+16,4.734591,4.663284
143900,2357657600,9.270687e+16,4.703340,4.663046
144000,2359296000,9.277129e+16,4.658143,4.657477
144100,2360934400,9.283572e+16,4.722891,4.660327
144200,2362572800,9.290014e+16,4.722982,4.662856
144300,2364211200,9.296457e+16,4.705849,4.660026
144400,2365849600,9.302899e+16,4.697395,4.659084
144500,2367488000,9.309342e+16,4.688078,4.656275
144600,2369126400,9.315784e+16,4.731112,4.657341
144700,2370764800,9.322227e+16,4.805793,4.658396
144800,2372403200,9.328669e+16,4.731526,4.654195
144900,2374041600,9.335111e+16,4.739197,4.653732
145000,2375680000,9.341554e+16,4.704179,4.653518
145100,2377318400,9.347996e+16,4.778072,4.653993
145200,2378956800,9.354439e+16,4.749763,4.655842
145300,2380595200,9.360881e+16,4.722463,4.654634
145400,2382233600,9.367324e+16,4.734761,4.653460
145500,2383872000,9.373766e+16,4.739685,4.653551
145600,2385510400,9.380209e+16,4.757069,4.653071
145700,2387148800,9.386651e+16,4.688701,4.652092
145800,2388787200,9.393093e+16,4.700821,4.651886
145900,2390425600,9.399536e+16,4.757787,4.654688
146000,2392064000,9.405978e+16,4.701820,4.656275
146100,2393702400,9.412421e+16,4.668935,4.657225
146200,2395340800,9.418863e+16,4.755819,4.651692
146300,2396979200,9.425306e+16,4.679287,4.651602
146400,2398617600,9.431748e+16,4.732531,4.653039
146500,2400256000,9.438191e+16,4.738487,4.649366
146600,2401894400,9.444633e+16,4.670238,4.650162
146700,2403532800,9.451076e+16,4.706989,4.650357
146800,2405171200,9.457518e+16,4.721851,4.651610
146900,2406809600,9.463960e+16,4.692234,4.649535
147000,2408448000,9.470403e+16,4.709007,4.645273
147100,2410086400,9.476845e+16,4.710786,4.647469
147200,2411724800,9.483288e+16,4.705940,4.646689
147300,2413363200,9.489730e+16,4.730023,4.643450
147400,2415001600,9.496173e+16,4.697493,4.644770
147500,2416640000,9.502615e+16,4.691996,4.646056
147600,2418278400,9.509058e+16,4.728643,4.644112
147700,2419916800,9.515500e+16,4.731343,4.643092
147800,2421555200,9.521942e+16,4.694357,4.640850
147900,2423193600,9.528385e+16,4.672317,4.642395
148000,2424832000,9.534827e+16,4.725895,4.640239
148100,2426470400,9.541270e+16,4.744148,4.640096
148200,2428108800,9.547712e+16,4.721886,4.642655
148300,2429747200,9.554155e+16,4.692439,4.642963
148400,2431385600,9.560597e+16,4.714936,4.645323
148500,2433024000,9.567040e+16,4.699230,4.640300
148600,2434662400,9.573482e+16,4.727262,4.643676
148700,2436300800,9.579925e+16,4.700900,4.642592
148800,2437939200,9.586367e+16,4.668944,4.641275
148900,2439577600,9.592809e+16,4.753262,4.642082
149000,2441216000,9.599252e+16,4.683025,4.641389
149100,2442854400,9.605694e+16,4.700370,4.639132
149200,2444492800,9.612137e+16,4.674973,4.638113
149300,2446131200,9.618579e+16,4.729199,4.637654
149400,2447769600,9.625022e+16,4.697535,4.635786
149500,2449408000,9.631464e+16,4.664297,4.636249
149600,2451046400,9.637907e+16,4.755468,4.637473
149700,2452684800,9.644349e+16,4.719182,4.635337
149800,2454323200,9.650792e+16,4.683076,4.636659
149900,2455961600,9.657234e+16,4.714121,4.637532
150000,2457600000,9.663676e+16,4.682643,4.635955
150100,2459238400,9.670119e+16,4.672512,4.636924
150200,2460876800,9.676561e+16,4.676469,4.634997
150300,2462515200,9.683004e+16,4.687184,4.635714
150400,2464153600,9.689446e+16,4.675025,4.631022
150500,2465792000,9.695889e+16,4.781246,4.631090
150600,2467430400,9.702331e+16,4.704418,4.630316
150700,2469068800,9.708774e+16,4.685279,4.629790
150800,2470707200,9.715216e+16,4.670976,4.629047
150900,2472345600,9.721658e+16,4.693757,4.631467
151000,2473984000,9.728101e+16,4.670600,4.632218
151100,2475622400,9.734543e+16,4.681505,4.629127
151200,2477260800,9.740986e+16,4.685404,4.633247
151300,2478899200,9.747428e+16,4.682114,4.632275
151400,2480537600,9.753871e+16,4.727651,4.627450
151500,2482176000,9.760313e+16,4.681209,4.629322
151600,2483814400,9.766756e+16,4.675251,4.628627
151700,2485452800,9.773198e+16,4.728712,4.627239
151800,2487091200,9.779641e+16,4.723636,4.625802
151900,2488729600,9.786083e+16,4.696658,4.627124
152000,2490368000,9.792525e+16,4.700345,4.626946
152100,2492006400,9.798968e+16,4.689161,4.626185
152200,2493644800,9.805410e+16,4.654307,4.624826
152300,2495283200,9.811853e+16,4.701699,4.624965
152400,2496921600,9.818295e+16,4.697209,4.624795
152500,2498560000,9.824738e+16,4.710426,4.629076
152600,2500198400,9.831180e+16,4.691920,4.624517
152700,2501836800,9.837623e+16,4.688395,4.626306
152800,2503475200,9.844065e+16,4.683802,4.625712
152900,2505113600,9.850507e+16,4.657402,4.624626
153000,2506752000,9.856950e+16,4.669395,4.623046
153100,2508390400,9.863392e+16,4.697564,4.624030
153200,2510028800,9.869835e+16,4.680682,4.622723
153300,2511667200,9.876277e+16,4.687659,4.619814
153400,2513305600,9.882720e+16,4.677339,4.619066
153500,2514944000,9.889162e+16,4.690541,4.617454
153600,2516582400,9.895605e+16,4.693164,4.617224
153700,2518220800,9.902047e+16,4.679282,4.614842
153800,2519859200,9.908490e+16,4.693042,4.617564
153900,2521497600,9.914932e+16,4.712996,4.619769
154000,2523136000,9.921374e+16,4.692675,4.616351
154100,2524774400,9.927817e+16,4.736325,4.621562
154200,2526412800,9.934259e+16,4.704884,4.618979
154300,2528051200,9.940702e+16,4.686689,4.619034
154400,2529689600,9.947144e+16,4.643451,4.616557
154500,2531328000,9.953587e+16,4.660692,4.616860
154600,2532966400,9.960029e+16,4.684695,4.615600
154700,2534604800,9.966472e+16,4.706188,4.614899
154800,2536243200,9.972914e+16,4.678139,4.615516
154900,2537881600,9.979357e+16,4.667210,4.613642
155000,2539520000,9.985799e+16,4.680175,4.614381
155100,2541158400,9.992241e+16,4.687069,4.616190
155200,2542796800,9.998684e+16,4.676610,4.619227
155300,2544435200,1.000513e+17,4.687853,4.615531
155400,2546073600,1.001157e+17,4.671603,4.611984
155500,2547712000,1.001801e+17,4.668809,4.615262
155600,2549350400,1.002445e+17,4.676056,4.613855
155700,2550988800,1.003090e+17,4.698866,4.612505
155800,2552627200,1.003734e+17,4.664939,4.613801
155900,2554265600,1.004378e+17,4.638702,4.610543
156000,2555904000,1.005022e+17,4.630833,4.610822
156100,2557542400,1.005667e+17,4.642972,4.611721
156200,2559180800,1.006311e+17,4.660573,4.609416
156300,2560819200,1.006955e+17,4.650792,4.611110
156400,2562457600,1.007599e+17,4.655920,4.609004
156500,2564096000,1.008244e+17,4.666855,4.606090
156600,2565734400,1.008888e+17,4.650009,4.605050
156700,2567372800,1.009532e+17,4.644343,4.603213
156800,2569011200,1.010176e+17,4.663836,4.605465
156900,2570649600,1.010821e+17,4.640666,4.605315
157000,2572288000,1.011465e+17,4.634061,4.608349
157100,2573926400,1.012109e+17,4.656683,4.603654
157200,2575564800,1.012753e+17,4.674430,4.605422
157300,2577203200,1.013398e+17,4.647379,4.603863
157400,2578841600,1.014042e+17,4.635440,4.603249
157500,2580480000,1.014686e+17,4.633709,4.601402
157600,2582118400,1.015330e+17,4.650272,4.605195
157700,2583756800,1.015975e+17,4.634859,4.600578
157800,2585395200,1.016619e+17,4.648709,4.601049
157900,2587033600,1.017263e+17,4.652829,4.597549
158000,2588672000,1.017907e+17,4.655852,4.599273
158100,2590310400,1.018551e+17,4.630407,4.597398
158200,2591948800,1.019196e+17,4.668169,4.596486
158300,2593587200,1.019840e+17,4.630559,4.597802
158400,2595225600,1.020484e+17,4.674896,4.593968
158500,2596864000,1.021128e+17,4.627526,4.594241
158600,2598502400,1.021773e+17,4.629045,4.595344
158700,2600140800,1.022417e+17,4.643989,4.595451
158800,2601779200,1.023061e+17,4.676376,4.597560
158900,2603417600,1.023705e+17,4.657113,4.597603
159000,2605056000,1.024350e+17,4.649430,4.595788
159100,2606694400,1.024994e+17,4.639564,4.596560
159200,2608332800,1.025638e+17,4.638786,4.594032
159300,2609971200,1.026282e+17,4.632026,4.596026
159400,2611609600,1.026927e+17,4.631395,4.592313
159500,2613248000,1.027571e+17,4.673698,4.591032
159600,2614886400,1.028215e+17,4.615056,4.591628
159700,2616524800,1.028859e+17,4.654907,4.594767
159800,2618163200,1.029504e+17,4.685211,4.592409
159900,2619801600,1.030148e+17,4.651943,4.594883
160000,2621440000,1.030792e+17,4.613269,4.590611
160100,2623078400,1.031436e+17,4.646299,4.590495
160200,2624716800,1.032081e+17,4.597170,4.586789
160300,2626355200,1.032725e+17,4.630340,4.587793
160400,2627993600,1.033369e+17,4.655286,4.589702
160500,2629632000,1.034013e+17,4.653521,4.586891
160600,2631270400,1.034658e+17,4.654806,4.589666
160700,2632908800,1.035302e+17,4.674897,4.587987
160800,2634547200,1.035946e+17,4.625894,4.589096
160900,2636185600,1.036590e+17,4.621782,4.586659
161000,2637824000,1.037235e+17,4.628777,4.587382
161100,2639462400,1.037879e+17,4.657728,4.586746
161200,2641100800,1.038523e+17,4.615889,4.586053
161300,2642739200,1.039167e+17,4.621997,4.588942
161400,2644377600,1.039812e+17,4.649369,4.587028
161500,2646016000,1.040456e+17,4.627081,4.587777
161600,2647654400,1.041100e+17,4.642670,4.586091
161700,2649292800,1.041744e+17,4.636005,4.585286
161800,2650931200,1.042389e+17,4.637718,4.585664
161900,2652569600,1.043033e+17,4.628781,4.586929
162000,2654208000,1.043677e+17,4.642376,4.584910
162100,2655846400,1.044321e+17,4.602337,4.584273
162200,2657484800,1.044966e+17,4.636811,4.586151
162300,2659123200,1.045610e+17,4.593597,4.584693
162400,2660761600,1.046254e+17,4.616791,4.585385
162500,2662400000,1.046898e+17,4.612995,4.582589
162600,2664038400,1.047543e+17,4.632689,4.580659
162700,2665676800,1.048187e+17,4.598171,4.581948
162800,2667315200,1.048831e+17,4.622269,4.579907
162900,2668953600,1.049475e+17,4.622602,4.584948
163000,2670592000,1.050120e+17,4.599642,4.584092
163100,2672230400,1.050764e+17,4.665520,4.581857
163200,2673868800,1.051408e+17,4.625811,4.576943
163300,2675507200,1.052052e+17,4.623209,4.578453
163400,2677145600,1.052696e+17,4.626306,4.580885
163500,2678784000,1.053341e+17,4.651072,4.581268
163600,2680422400,1.053985e+17,4.657942,4.580632
163700,2682060800,1.054629e+17,4.602705,4.575767
163800,2683699200,1.055273e+17,4.620430,4.574868
163900,2685337600,1.055918e+17,4.599009,4.577450
164000,2686976000,1.056562e+17,4.615368,4.578977
164100,2688614400,1.057206e+17,4.652769,4.575655
164200,2690252800,1.057850e+17,4.616908,4.576083
164300,2691891200,1.058495e+17,4.623379,4.574582
164400,2693529600,1.059139e+17,4.618784,4.575379
164500,2695168000,1.059783e+17,4.645939,4.572792
164600,2696806400,1.060427e+17,4.610923,4.573984
164700,2698444800,1.061072e+17,4.610450,4.578880
164800,2700083200,1.061716e+17,4.691968,4.575804
164900,2701721600,1.062360e+17,4.621692,4.574597
165000,2703360000,1.063004e+17,4.646718,4.573167
165100,2704998400,1.063649e+17,4.616488,4.573614
165200,2706636800,1.064293e+17,4.627362,4.572597
165300,2708275200,1.064937e+17,4.586416,4.570679
165400,2709913600,1.065581e+17,4.576537,4.572751
165500,2711552000,1.066226e+17,4.611632,4.571175
165600,2713190400,1.066870e+17,4.636472,4.570211
165700,2714828800,1.067514e+17,4.630061,4.569969
165800,2716467200,1.068158e+17,4.602915,4.573403
165900,2718105600,1.068803e+17,4.613575,4.572005
166000,2719744000,1.069447e+17,4.643683,4.567988
166100,2721382400,1.070091e+17,4.650884,4.571063
166200,2723020800,1.070735e+17,4.639009,4.567987
166300,2724659200,1.071380e+17,4.594406,4.566225
166400,2726297600,1.072024e+17,4.603028,4.565101
166500,2727936000,1.072668e+17,4.623566,4.565626
166600,2729574400,1.073312e+17,4.622540,4.567089
166700,2731212800,1.073957e+17,4.616827,4.567105
166800,2732851200,1.074601e+17,4.648814,4.563083
166900,2734489600,1.075245e+17,4.616722,4.563541
167000,2736128000,1.075889e+17,4.608730,4.563495
167100,2737766400,1.076534e+17,4.606727,4.564530
167200,2739404800,1.077178e+17,4.620371,4.561874
167300,2741043200,1.077822e+17,4.669498,4.561593
167400,2742681600,1.078466e+17,4.646316,4.564221
167500,2744320000,1.079111e+17,4.625167,4.562944
167600,2745958400,1.079755e+17,4.600582,4.565226
167700,2747596800,1.080399e+17,4.594139,4.562237
167800,2749235200,1.081043e+17,4.602430,4.561813
167900,2750873600,1.081688e+17,4.630161,4.562860
168000,2752512000,1.082332e+17,4.626784,4.563369
168100,2754150400,1.082976e+17,4.614254,4.562485
168200,2755788800,1.083620e+17,4.584021,4.562069
168300,2757427200,1.084264e+17,4.568336,4.559251
168400,2759065600,1.084909e+17,4.598048,4.557878
168500,2760704000,1.085553e+17,4.573307,4.561052
168600,2762342400,1.086197e+17,4.627699,4.561085
168700,2763980800,1.086841e+17,4.645221,4.559422
168800,2765619200,1.087486e+17,4.595854,4.559861
168900,2767257600,1.088130e+17,4.631591,4.558447
169000,2768896000,1.088774e+17,4.629107,4.558956
169100,2770534400,1.089418e+17,4.638556,4.558202
169200,2772172800,1.090063e+17,4.644119,4.557181
169300,2773811200,1.090707e+17,4.593808,4.557566
169400,2775449600,1.091351e+17,4.576811,4.557516
169500,2777088000,1.091995e+17,4.603601,4.555929
169600,2778726400,1.092640e+17,4.605811,4.554085
169700,2780364800,1.093284e+17,4.585552,4.557469
169800,2782003200,1.093928e+17,4.598264,4.555353
169900,2783641600,1.094572e+17,4.583618,4.555872
170000,2785280000,1.095217e+17,4.626248,4.554924
170100,2786918400,1.095861e+17,4.621316,4.554427
170200,2788556800,1.096505e+17,4.644998,4.556951
170300,2790195200,1.097149e+17,4.575714,4.554754
170400,2791833600,1.097794e+17,4.617151,4.554653
170500,2793472000,1.098438e+17,4.599133,4.553526
170600,2795110400,1.099082e+17,4.589262,4.556485
170700,2796748800,1.099726e+17,4.596252,4.551982
170800,2798387200,1.100371e+17,4.596608,4.553233
170900,2800025600,1.101015e+17,4.554698,4.552844
171000,2801664000,1.101659e+17,4.579214,4.547877
171100,2803302400,1.102303e+17,4.622159,4.546746
171200,2804940800,1.102948e+17,4.623845,4.549799
171300,2806579200,1.103592e+17,4.596305,4.548263
171400,2808217600,1.104236e+17,4.639716,4.546165
171500,2809856000,1.104880e+17,4.613715,4.548612
171600,2811494400,1.105525e+17,4.626916,4.549277
171700,2813132800,1.106169e+17,4.638907,4.550167
171800,2814771200,1.106813e+17,4.622834,4.549108
171900,2816409600,1.107457e+17,4.641070,4.550806
172000,2818048000,1.108102e+17,4.597733,4.547716
172100,2819686400,1.108746e+17,4.595191,4.548262
172200,2821324800,1.109390e+17,4.593910,4.545718
172300,2822963200,1.110034e+17,4.609371,4.546612
172400,2824601600,1.110679e+17,4.626520,4.547714
172500,2826240000,1.111323e+17,4.656960,4.551163
172600,2827878400,1.111967e+17,4.593474,4.545945
172700,2829516800,1.112611e+17,4.573694,4.547939
172800,2831155200,1.113256e+17,4.589657,4.552272
172900,2832793600,1.113900e+17,4.583325,4.548568
173000,2834432000,1.114544e+17,4.609039,4.544853
173100,2836070400,1.115188e+17,4.601259,4.547115
173200,2837708800,1.115833e+17,4.632565,4.545839
173300,2839347200,1.116477e+17,4.627249,4.545112
173400,2840985600,1.117121e+17,4.590797,4.547017
173500,2842624000,1.117765e+17,4.602967,4.545426
173600,2844262400,1.118409e+17,4.612720,4.542459
173700,2845900800,1.119054e+17,4.637773,4.541169
173800,2847539200,1.119698e+17,4.622908,4.544459
173900,2849177600,1.120342e+17,4.577473,4.541544
174000,2850816000,1.120986e+17,4.608407,4.542635
174100,2852454400,1.121631e+17,4.581600,4.542084
174200,2854092800,1.122275e+17,4.589080,4.540538
174300,2855731200,1.122919e+17,4.588421,4.540880
174400,2857369600,1.123563e+17,4.586008,4.541710
174500,2859008000,1.124208e+17,4.594570,4.540794
174600,2860646400,1.124852e+17,4.582815,4.540317
174700,2862284800,1.125496e+17,4.563744,4.541246
174800,2863923200,1.126140e+17,4.599081,4.542338
174900,2865561600,1.126785e+17,4.637217,4.542028
175000,2867200000,1.127429e+17,4.581735,4.539769
175100,2868838400,1.128073e+17,4.601815,4.540965
175200,2870476800,1.128717e+17,4.576506,4.539482
175300,2872115200,1.129362e+17,4.635839,4.541045
175400,2873753600,1.130006e+17,4.592072,4.539254
175500,2875392000,1.130650e+17,4.543074,4.538806
175600,2877030400,1.131294e+17,4.575851,4.538322
175700,2878668800,1.131939e+17,4.586576,4.539954
175800,2880307200,1.132583e+17,4.595275,4.541501
175900,2881945600,1.133227e+17,4.619662,4.542864
176000,2883584000,1.133871e+17,4.590176,4.539211
176100,2885222400,1.134516e+17,4.623174,4.540700
176200,2886860800,1.135160e+17,4.558619,4.540839
176300,2888499200,1.135804e+17,4.600699,4.538555
176400,2890137600,1.136448e+17,4.604847,4.537823
176500,2891776000,1.137093e+17,4.598758,4.537533
176600,2893414400,1.137737e+17,4.609610,4.537077
176700,2895052800,1.138381e+17,4.591229,4.535617
176800,2896691200,1.139025e+17,4.577980,4.536458
176900,2898329600,1.139670e+17,4.627271,4.536876
177000,2899968000,1.140314e+17,4.568599,4.537010
177100,2901606400,1.140958e+17,4.594934,4.535774
177200,2903244800,1.141602e+17,4.614868,4.535902
177300,2904883200,1.142247e+17,4.601979,4.535237
177400,2906521600,1.142891e+17,4.589610,4.530700
177500,2908160000,1.143535e+17,4.629573,4.531891
177600,2909798400,1.144179e+17,4.522923,4.530285
177700,2911436800,1.144824e+17,4.589009,4.530160
177800,2913075200,1.145468e+17,4.570901,4.528991
177900,2914713600,1.146112e+17,4.605192,4.528502
178000,2916352000,1.146756e+17,4.570922,4.528641
178100,2917990400,1.147401e+17,4.571403,4.528703
178200,2919628800,1.148045e+17,4.560929,4.528374
178300,2921267200,1.148689e+17,4.542928,4.528302
178400,2922905600,1.149333e+17,4.591134,4.526225
178500,2924544000,1.149977e+17,4.623996,4.529192
178600,2926182400,1.150622e+17,4.647808,4.527701
178700,2927820800,1.151266e+17,4.600845,4.529078
178800,2929459200,1.151910e+17,4.621246,4.529442
178900,2931097600,1.152554e+17,4.614528,4.531098
179000,2932736000,1.153199e+17,4.610720,4.530006
179100,2934374400,1.153843e+17,4.597690,4.526617
179200,2936012800,1.154487e+17,4.603662,4.527793
179300,2937651200,1.155131e+17,4.581134,4.529504
179400,2939289600,1.155776e+17,4.570635,4.529308
179500,2940928000,1.156420e+17,4.592009,4.526709
179600,2942566400,1.157064e+17,4.564207,4.527688
179700,2944204800,1.157708e+17,4.552238,4.526349
179800,2945843200,1.158353e+17,4.567121,4.525422
179900,2947481600,1.158997e+17,4.605964,4.527290
180000,2949120000,1.159641e+17,4.544645,4.526623
180100,2950758400,1.160285e+17,4.574295,4.525618
180200,2952396800,1.160930e+17,4.574357,4.526831
180300,2954035200,1.161574e+17,4.589716,4.527997
180400,2955673600,1.162218e+17,4.615867,4.529324
180500,2957312000,1.162862e+17,4.560399,4.524833
180600,2958950400,1.163507e+17,4.623951,4.522151
180700,2960588800,1.164151e+17,4.619153,4.524262
180800,2962227200,1.164795e+17,4.564951,4.522495
180900,2963865600,1.165439e+17,4.589298,4.523277
181000,2965504000,1.166084e+17,4.571169,4.521927
181100,2967142400,1.166728e+17,4.605632,4.523455
181200,2968780800,1.167372e+17,4.583218,4.520601
181300,2970419200,1.168016e+17,4.570048,4.521475
181400,2972057600,1.168661e+17,4.592083,4.520541
181500,2973696000,1.169305e+17,4.573760,4.518039
181600,2975334400,1.169949e+17,4.598220,4.521694
181700,2976972800,1.170593e+17,4.605041,4.523709
181800,2978611200,1.171238e+17,4.606921,4.520558
181900,2980249600,1.171882e+17,4.617713,4.516302
182000,2981888000,1.172526e+17,4.592729,4.515542
182100,2983526400,1.173170e+17,4.611795,4.516347
182200,2985164800,1.173815e+17,4.605281,4.514056
182300,2986803200,1.174459e+17,4.643024,4.514246
182400,2988441600,1.175103e+17,4.584828,4.515440
182500,2990080000,1.175747e+17,4.552254,4.515554
182600,2991718400,1.176392e+17,4.617785,4.518327
182700,2993356800,1.177036e+17,4.569782,4.517000
182800,2994995200,1.177680e+17,4.610913,4.517332
182900,2996633600,1.178324e+17,4.547008,4.516334
183000,2998272000,1.178969e+17,4.554760,4.513827
183100,2999910400,1.179613e+17,4.556282,4.515225
183200,3001548800,1.180257e+17,4.598009,4.516943
183300,3003187200,1.180901e+17,4.633705,4.517766
183400,3004825600,1.181546e+17,4.608408,4.518112
183500,3006464000,1.182190e+17,4.574561,4.517559
183600,3008102400,1.182834e+17,4.556909,4.516559
183700,3009740800,1.183478e+17,4.518322,4.517126
183800,3011379200,1.184122e+17,4.573770,4.516867
183900,3013017600,1.184767e+17,4.549362,4.515641
184000,3014656000,1.185411e+17,4.553396,4.515269
184100,3016294400,1.186055e+17,4.594956,4.516213
184200,3017932800,1.186699e+17,4.616710,4.511888
184300,3019571200,1.187344e+17,4.545248,4.512068
184400,3021209600,1.187988e+17,4.562229,4.509461
184500,3022848000,1.188632e+17,4.589274,4.511407
184600,3024486400,1.189276e+17,4.626297,4.514269
184700,3026124800,1.189921e+17,4.562259,4.510942
184800,3027763200,1.190565e+17,4.579928,4.510958
184900,3029401600,1.191209e+17,4.562132,4.511648
185000,3031040000,1.191853e+17,4.560843,4.509540
185100,3032678400,1.192498e+17,4.559735,4.509112
185200,3034316800,1.193142e+17,4.590986,4.508473
185300,3035955200,1.193786e+17,4.561253,4.508097
185400,3037593600,1.194430e+17,4.561645,4.506567
185500,3039232000,1.195075e+17,4.566166,4.507542
185600,3040870400,1.195719e+17,4.581920,4.507572
185700,3042508800,1.196363e+17,4.553029,4.507173
185800,3044147200,1.197007e+17,4.575634,4.509725
185900,3045785600,1.197652e+17,4.572366,4.506997
186000,3047424000,1.198296e+17,4.580405,4.507884
186100,3049062400,1.198940e+17,4.552243,4.508233
186200,3050700800,1.199584e+17,4.597668,4.506712
186300,3052339200,1.200229e+17,4.576680,4.507330
186400,3053977600,1.200873e+17,4.567322,4.505155
186500,3055616000,1.201517e+17,4.609015,4.508595
186600,3057254400,1.202161e+17,4.567170,4.504922
186700,3058892800,1.202806e+17,4.571351,4.505643
186800,3060531200,1.203450e+17,4.535137,4.504448
186900,3062169600,1.204094e+17,4.570273,4.505458
187000,3063808000,1.204738e+17,4.614372,4.504441
187100,3065446400,1.205383e+17,4.585529,4.502297
187200,3067084800,1.206027e+17,4.559377,4.503034
187300,3068723200,1.206671e+17,4.559757,4.502909
187400,3070361600,1.207315e+17,4.578689,4.508351
187500,3072000000,1.207960e+17,4.531621,4.502869
187600,3073638400,1.208604e+17,4.602602,4.499792
187700,3075276800,1.209248e+17,4.587709,4.500291
187800,3076915200,1.209892e+17,4.528454,4.504608
187900,3078553600,1.210537e+17,4.559461,4.500559
188000,3080192000,1.211181e+17,4.578258,4.499984
188100,3081830400,1.211825e+17,4.584898,4.501604
188200,3083468800,1.212469e+17,4.554935,4.499494
188300,3085107200,1.213114e+17,4.572099,4.497278
188400,3086745600,1.213758e+17,4.584115,4.498209
188500,3088384000,1.214402e+17,4.589523,4.495137
188600,3090022400,1.215046e+17,4.554659,4.498383
188700,3091660800,1.215690e+17,4.582012,4.496354
188800,3093299200,1.216335e+17,4.534787,4.500079
188900,3094937600,1.216979e+17,4.541694,4.499314
189000,3096576000,1.217623e+17,4.616755,4.500625
189100,3098214400,1.218267e+17,4.529003,4.501684
189200,3099852800,1.218912e+17,4.556423,4.499607
189300,3101491200,1.219556e+17,4.582662,4.498705
189400,3103129600,1.220200e+17,4.553110,4.499829
189500,3104768000,1.220844e+17,4.543973,4.499793
189600,3106406400,1.221489e+17,4.540100,4.500352
189700,3108044800,1.222133e+17,4.585063,4.499574
189800,3109683200,1.222777e+17,4.534669,4.500523
189900,3111321600,1.223421e+17,4.509446,4.499529
190000,3112960000,1.224066e+17,4.583647,4.499508
190100,3114598400,1.224710e+17,4.575636,4.499341
190200,3116236800,1.225354e+17,4.567678,4.494905
190300,3117875200,1.225998e+17,4.623073,4.494905
190400,3119513600,1.226643e+17,4.564671,4.495074
190500,3121152000,1.227287e+17,4.563741,4.494717
190600,3122790400,1.227931e+17,4.586071,4.495550
190700,3124428800,1.228575e+17,4.552409,4.494936
190800,3126067200,1.229220e+17,4.556723,4.494636
190900,3127705600,1.229864e+17,4.578230,4.496097
191000,3129344000,1.230508e+17,4.593094,4.492965
191100,3130982400,1.231152e+17,4.563959,4.494648
191200,3132620800,1.231797e+17,4.539381,4.495200
191300,3134259200,1.232441e+17,4.577603,4.497952
191400,3135897600,1.233085e+17,4.612045,4.495189
191500,3137536000,1.233729e+17,4.583697,4.496347
191600,3139174400,1.234374e+17,4.565482,4.496414
191700,3140812800,1.235018e+17,4.555868,4.495612
191800,3142451200,1.235662e+17,4.550431,4.492926
191900,3144089600,1.236306e+17,4.550652,4.492587
192000,3145728000,1.236951e+17,4.613232,4.494527
192100,3147366400,1.237595e+17,4.590744,4.497383
192200,3149004800,1.238239e+17,4.629488,4.491625
192300,3150643200,1.238883e+17,4.575401,4.490620
192400,3152281600,1.239528e+17,4.565695,4.493472
192500,3153920000,1.240172e+17,4.525068,4.489430
192600,3155558400,1.240816e+17,4.548453,4.492137
192700,3157196800,1.241460e+17,4.560937,4.491701
192800,3158835200,1.242105e+17,4.538011,4.489593
192900,3160473600,1.242749e+17,4.714048,4.493686
193000,3162112000,1.243393e+17,4.590962,4.493600
193100,3163750400,1.244037e+17,4.545750,4.491181
193200,3165388800,1.244682e+17,4.565902,4.492062
193300,3167027200,1.245326e+17,4.545797,4.491838
193400,3168665600,1.245970e+17,4.556201,4.491104
193500,3170304000,1.246614e+17,4.629096,4.488805
193600,3171942400,1.247259e+17,4.604527,4.490191
193700,3173580800,1.247903e+17,4.545120,4.491089
193800,3175219200,1.248547e+17,4.564759,4.490807
193900,3176857600,1.249191e+17,4.533517,4.487869
194000,3178496000,1.249835e+17,4.554611,4.489370
194100,3180134400,1.250480e+17,4.594089,4.489204
194200,3181772800,1.251124e+17,4.553060,4.489498
194300,3183411200,1.251768e+17,4.580124,4.488686
194400,3185049600,1.252412e+17,4.525218,4.487575
194500,3186688000,1.253057e+17,4.537392,4.488146
194600,3188326400,1.253701e+17,4.560828,4.486810
194700,3189964800,1.254345e+17,4.549335,4.488142
194800,3191603200,1.254989e+17,4.556561,4.493138
194900,3193241600,1.255634e+17,4.599736,4.488403
195000,3194880000,1.256278e+17,4.562697,4.488423
195100,3196518400,1.256922e+17,4.531943,4.487307
195200,3198156800,1.257566e+17,4.551646,4.484895
195300,3199795200,1.258211e+17,4.524389,4.485789
195400,3201433600,1.258855e+17,4.587591,4.484189
195500,3203072000,1.259499e+17,4.569410,4.482677
195600,3204710400,1.260143e+17,4.557232,4.486050
195700,3206348800,1.260788e+17,4.550089,4.484146
195800,3207987200,1.261432e+17,4.550752,4.484530
195900,3209625600,1.262076e+17,4.540961,4.482980
196000,3211264000,1.262720e+17,4.546033,4.483809
196100,3212902400,1.263365e+17,4.537172,4.483966
196200,3214540800,1.264009e+17,4.524897,4.481367
196300,3216179200,1.264653e+17,4.522025,4.484268
196400,3217817600,1.265297e+17,4.525510,4.484624
196500,3219456000,1.265942e+17,4.545487,4.482681
196600,3221094400,1.266586e+17,4.532864,4.482446
196700,3222732800,1.267230e+17,4.545844,4.484473
196800,3224371200,1.267874e+17,4.530052,4.483481
196900,3226009600,1.268519e+17,4.545702,4.485447
197000,3227648000,1.269163e+17,4.571278,4.481483
197100,3229286400,1.269807e+17,4.554966,4.482070
197200,3230924800,1.270451e+17,4.541788,4.483225
197300,3232563200,1.271096e+17,4.543053,4.479717
197400,3234201600,1.271740e+17,4.546978,4.481481
197500,3235840000,1.272384e+17,4.539621,4.482444
197600,3237478400,1.273028e+17,4.542399,4.479656
197700,3239116800,1.273673e+17,4.505545,4.479232
197800,3240755200,1.274317e+17,4.537072,4.480110
197900,3242393600,1.274961e+17,4.583066,4.479445
198000,3244032000,1.275605e+17,4.533494,4.479524
198100,3245670400,1.276250e+17,4.530496,4.479759
198200,3247308800,1.276894e+17,4.518415,4.478022
198300,3248947200,1.277538e+17,4.504472,4.481080
198400,3250585600,1.278182e+17,4.531288,4.477667
198500,3252224000,1.278827e+17,4.573877,4.479569
198600,3253862400,1.279471e+17,4.546283,4.477713
198700,3255500800,1.280115e+17,4.528732,4.477645
198800,3257139200,1.280759e+17,4.537162,4.478875
198900,3258777600,1.281403e+17,4.538349,4.476473
199000,3260416000,1.282048e+17,4.544119,4.478435
199100,3262054400,1.282692e+17,4.518248,4.476482
199200,3263692800,1.283336e+17,4.550158,4.477114
199300,3265331200,1.283980e+17,4.552865,4.476926
199400,3266969600,1.284625e+17,4.526263,4.475461
199500,3268608000,1.285269e+17,4.566612,4.474990
199600,3270246400,1.285913e+17,4.557998,4.475663
199700,3271884800,1.286557e+17,4.512744,4.475400
199800,3273523200,1.287202e+17,4.526404,4.475002
199900,3275161600,1.287846e+17,4.548096,4.474081
200000,3276800000,1.288490e+17,4.572258,4.475233
200100,3278438400,1.289134e+17,4.513428,4.474000
200200,3280076800,1.289779e+17,4.538972,4.473990
200300,3281715200,1.290423e+17,4.528938,4.473675
200400,3283353600,1.291067e+17,4.531406,4.472499
200500,3284992000,1.291711e+17,4.526179,4.472674
200600,3286630400,1.292356e+17,4.526675,4.472166
200700,3288268800,1.293000e+17,4.544516,4.473228
200800,3289907200,1.293644e+17,4.569088,4.471531
200900,3291545600,1.294288e+17,4.582881,4.472226
201000,3293184000,1.294933e+17,4.536524,4.471401
201100,3294822400,1.295577e+17,4.538273,4.471589
201200,3296460800,1.296221e+17,4.549007,4.471079
201300,3298099200,1.296865e+17,4.541412,4.473485
201400,3299737600,1.297510e+17,4.529830,4.469209
201500,3301376000,1.298154e+17,4.565203,4.470863
201600,3303014400,1.298798e+17,4.535034,4.470685
201700,3304652800,1.299442e+17,4.527386,4.471337
201800,3306291200,1.300087e+17,4.528041,4.469560
201900,3307929600,1.300731e+17,4.570545,4.469921
202000,3309568000,1.301375e+17,4.569753,4.471260
202100,3311206400,1.302019e+17,4.578579,4.470894
202200,3312844800,1.302664e+17,4.691820,4.470874
202300,3314483200,1.303308e+17,4.553661,4.468666
202400,3316121600,1.303952e+17,4.546408,4.468433
202500,3317760000,1.304596e+17,4.536723,4.469825
202600,3319398400,1.305241e+17,4.522204,4.468397
202700,3321036800,1.305885e+17,4.581388,4.468754
202800,3322675200,1.306529e+17,4.556694,4.465772
202900,3324313600,1.307173e+17,4.539057,4.468958
203000,3325952000,1.307818e+17,4.534659,4.467143
203100,3327590400,1.308462e+17,4.564004,4.467164
203200,3329228800,1.309106e+17,4.543818,4.467330
203300,3330867200,1.309750e+17,4.534313,4.464852
203400,3332505600,1.310395e+17,4.537769,4.464720
203500,3334144000,1.311039e+17,4.524354,4.464795
203600,3335782400,1.311683e+17,4.511221,4.463608
203700,3337420800,1.312327e+17,4.527098,4.464461
203800,3339059200,1.312972e+17,4.517277,4.465910
203900,3340697600,1.313616e+17,4.503449,4.465639
204000,3342336000,1.314260e+17,4.554772,4.466321
204100,3343974400,1.314904e+17,4.519892,4.466055
204200,3345612800,1.315548e+17,4.523080,4.465324
204300,3347251200,1.316193e+17,4.526309,4.464097
204400,3348889600,1.316837e+17,4.527992,4.461790
204500,3350528000,1.317481e+17,4.533023,4.462867
204600,3352166400,1.318125e+17,4.503841,4.464302
204700,3353804800,1.318770e+17,4.558258,4.464684
204800,3355443200,1.319414e+17,4.556331,4.461717
204900,3357081600,1.320058e+17,4.561370,4.465928
205000,3358720000,1.320702e+17,4.556352,4.464084
205100,3360358400,1.321347e+17,4.597705,4.465431
205200,3361996800,1.321991e+17,4.551357,4.463909
205300,3363635200,1.322635e+17,4.518383,4.466664
205400,3365273600,1.323279e+17,4.541196,4.462657
205500,3366912000,1.323924e+17,4.478052,4.462450
205600,3368550400,1.324568e+17,4.517870,4.463588
205700,3370188800,1.325212e+17,4.537509,4.463554
205800,3371827200,1.325856e+17,4.588922,4.465059
205900,3373465600,1.326501e+17,4.563763,4.464906
206000,3375104000,1.327145e+17,4.628445,4.463270
206100,3376742400,1.327789e+17,4.571324,4.462941
206200,3378380800,1.328433e+17,4.513131,4.463636
206300,3380019200,1.329078e+17,4.539241,4.462171
206400,3381657600,1.329722e+17,4.489478,4.461984
206500,3383296000,1.330366e+17,4.490882,4.460681
206600,3384934400,1.331010e+17,4.534282,4.461231
206700,3386572800,1.331655e+17,4.528171,4.460616
206800,3388211200,1.332299e+17,4.533695,4.460475
206900,3389849600,1.332943e+17,4.539299,4.460469
207000,3391488000,1.333587e+17,4.513544,4.461702
207100,3393126400,1.334232e+17,4.525409,4.459901
207200,3394764800,1.334876e+17,4.504837,4.457824
207300,3396403200,1.335520e+17,4.496442,4.459101
207400,3398041600,1.336164e+17,4.463295,4.458220
207500,3399680000,1.336809e+17,4.487091,4.454767
207600,3401318400,1.337453e+17,4.513103,4.456914
207700,3402956800,1.338097e+17,4.547169,4.454974
207800,3404595200,1.338741e+17,4.510466,4.454877
207900,3406233600,1.339386e+17,4.480921,4.454086
208000,3407872000,1.340030e+17,4.528097,4.455698
208100,3409510400,1.340674e+17,4.512138,4.452498
208200,3411148800,1.341318e+17,4.507308,4.453446
208300,3412787200,1.341963e+17,4.536102,4.452833
208400,3414425600,1.342607e+17,4.508492,4.453453
208500,3416064000,1.343251e+17,4.493536,4.452528
208600,3417702400,1.343895e+17,4.486660,4.453736
208700,3419340800,1.344540e+17,4.523196,4.452474
208800,3420979200,1.345184e+17,4.492457,4.451614
208900,3422617600,1.345828e+17,4.478755,4.449396
209000,3424256000,1.346472e+17,4.533597,4.451175
209100,3425894400,1.347116e+17,4.478779,4.451574
209200,3427532800,1.347761e+17,4.479743,4.452230
209300,3429171200,1.348405e+17,4.481314,4.451607
209400,3430809600,1.349049e+17,4.495432,4.450304
209500,3432448000,1.349693e+17,4.498038,4.449660
209600,3434086400,1.350338e+17,4.483464,4.449759
209700,3435724800,1.350982e+17,4.490933,4.451523
209800,3437363200,1.351626e+17,4.498412,4.450328
209900,3439001600,1.352270e+17,4.485232,4.451453
210000,3440640000,1.352915e+17,4.476891,4.448830
210100,3442278400,1.353559e+17,4.468928,4.449314
210200,3443916800,1.354203e+17,4.463128,4.451424
210300,3445555200,1.354847e+17,4.493136,4.450334
210400,3447193600,1.355492e+17,4.489115,4.450470
210500,3448832000,1.356136e+17,4.493382,4.449073
210600,3450470400,1.356780e+17,4.530990,4.448622
210700,3452108800,1.357424e+17,4.553839,4.448816
210800,3453747200,1.358069e+17,4.494746,4.448690
210900,3455385600,1.358713e+17,4.490744,4.447828
211000,3457024000,1.359357e+17,4.467627,4.447131
211100,3458662400,1.360001e+17,4.514133,4.450993
211200,3460300800,1.360646e+17,4.489192,4.445590
211300,3461939200,1.361290e+17,4.437107,4.447889
211400,3463577600,1.361934e+17,4.484111,4.447016
211500,3465216000,1.362578e+17,4.486971,4.447030
211600,3466854400,1.363223e+17,4.459090,4.445883
211700,3468492800,1.363867e+17,4.499427,4.446511
211800,3470131200,1.364511e+17,4.442219,4.445035
211900,3471769600,1.365155e+17,4.472658,4.443763
212000,3473408000,1.365800e+17,4.533605,4.445857
212100,3475046400,1.366444e+17,4.462711,4.444571
212200,3476684800,1.367088e+17,4.445199,4.443756
212300,3478323200,1.367732e+17,4.490283,4.442533
212400,3479961600,1.368377e+17,4.454824,4.443100
212500,3481600000,1.369021e+17,4.501519,4.440370
212600,3483238400,1.369665e+17,4.504009,4.440201
212700,3484876800,1.370309e+17,4.506621,4.441752
212800,3486515200,1.370954e+17,4.479958,4.440414
212900,3488153600,1.371598e+17,4.483487,4.440204
213000,3489792000,1.372242e+17,4.485514,4.440585
213100,3491430400,1.372886e+17,4.484469,4.441914
213200,3493068800,1.373531e+17,4.487538,4.439885
213300,3494707200,1.374175e+17,4.514338,4.442679
213400,3496345600,1.374819e+17,4.498990,4.439511
213500,3497984000,1.375463e+17,4.487035,4.439342
213600,3499622400,1.376108e+17,4.505903,4.440716
213700,3501260800,1.376752e+17,4.491102,4.440039
213800,3502899200,1.377396e+17,4.520932,4.438807
213900,3504537600,1.378040e+17,4.462670,4.439055
214000,3506176000,1.378685e+17,4.512245,4.437210
214100,3507814400,1.379329e+17,4.490127,4.437289
214200,3509452800,1.379973e+17,4.455794,4.439500
214300,3511091200,1.380617e+17,4.480750,4.436762
214400,3512729600,1.381261e+17,4.495895,4.436208
214500,3514368000,1.381906e+17,4.491303,4.437099
214600,3516006400,1.382550e+17,4.510736,4.437500
214700,3517644800,1.383194e+17,4.513412,4.438045
214800,3519283200,1.383838e+17,4.485211,4.438274
214900,3520921600,1.384483e+17,4.519059,4.438296
215000,3522560000,1.385127e+17,4.491633,4.435816
215100,3524198400,1.385771e+17,4.470830,4.435930
215200,3525836800,1.386415e+17,4.456880,4.436469
215300,3527475200,1.387060e+17,4.488417,4.437455
215400,3529113600,1.387704e+17,4.460730,4.438167
215500,3530752000,1.388348e+17,4.457897,4.435666
215600,3532390400,1.388992e+17,4.533581,4.437515
215700,3534028800,1.389637e+17,4.473452,4.438058
215800,3535667200,1.390281e+17,4.538402,4.438256
215900,3537305600,1.390925e+17,4.451225,4.437011
216000,3538944000,1.391569e+17,4.474966,4.437708
216100,3540582400,1.392214e+17,4.495979,4.437711
216200,3542220800,1.392858e+17,4.482350,4.438172
216300,3543859200,1.393502e+17,4.488007,4.439315
216400,3545497600,1.394146e+17,4.460169,4.439546
216500,3547136000,1.394791e+17,4.498921,4.436722
216600,3548774400,1.395435e+17,4.475620,4.436508
216700,3550412800,1.396079e+17,4.473032,4.436105
216800,3552051200,1.396723e+17,4.546748,4.437628
216900,3553689600,1.397368e+17,4.458974,4.437756
217000,3555328000,1.398012e+17,4.460681,4.436954
217100,3556966400,1.398656e+17,4.453341,4.436818
217200,3558604800,1.399300e+17,4.453371,4.435888
217300,3560243200,1.399945e+17,4.455025,4.436747
217400,3561881600,1.400589e+17,4.488478,4.436212
217500,3563520000,1.401233e+17,4.491696,4.435693
217600,3565158400,1.401877e+17,4.466403,4.433620
217700,3566796800,1.402522e+17,4.472141,4.435677
217800,3568435200,1.403166e+17,4.496297,4.435025
217900,3570073600,1.403810e+17,4.443314,4.434566
218000,3571712000,1.404454e+17,4.465700,4.435618
218100,3573350400,1.405099e+17,4.455793,4.433637
218200,3574988800,1.405743e+17,4.474297,4.433520
218300,3576627200,1.406387e+17,4.476548,4.432650
218400,3578265600,1.407031e+17,4.438105,4.432581
218500,3579904000,1.407676e+17,4.449296,4.431762
218600,3581542400,1.408320e+17,4.508082,4.432655
218700,3583180800,1.408964e+17,4.518944,4.433561
218800,3584819200,1.409608e+17,4.493468,4.430768
218900,3586457600,1.410253e+17,4.525711,4.433376
219000,3588096000,1.410897e+17,4.463296,4.434058
219100,3589734400,1.411541e+17,4.508784,4.433550
219200,3591372800,1.412185e+17,4.491504,4.431023
219300,3593011200,1.412829e+17,4.476226,4.433319
219400,3594649600,1.413474e+17,4.470221,4.432114
219500,3596288000,1.414118e+17,4.448106,4.432425
219600,3597926400,1.414762e+17,4.479148,4.433348
219700,3599564800,1.415406e+17,4.459086,4.432053
219800,3601203200,1.416051e+17,4.526369,4.430686
219900,3602841600,1.416695e+17,4.476509,4.430412
220000,3604480000,1.417339e+17,4.485195,4.430266
220100,3606118400,1.417983e+17,4.494243,4.429756
220200,3607756800,1.418628e+17,4.499411,4.429368
220300,3609395200,1.419272e+17,4.502749,4.427980
220400,3611033600,1.419916e+17,4.489975,4.428843
220500,3612672000,1.420560e+17,4.423110,4.429706
220600,3614310400,1.421205e+17,4.476943,4.427768
220700,3615948800,1.421849e+17,4.494292,4.428615
220800,3617587200,1.422493e+17,4.457748,4.428642
220900,3619225600,1.423137e+17,4.475217,4.428799
221000,3620864000,1.423782e+17,4.494415,4.428375
221100,3622502400,1.424426e+17,4.472151,4.427171
221200,3624140800,1.425070e+17,4.504144,4.428324
221300,3625779200,1.425714e+17,4.500252,4.428894
221400,3627417600,1.426359e+17,4.466662,4.427508
221500,3629056000,1.427003e+17,4.478384,4.429187
221600,3630694400,1.427647e+17,4.478464,4.429477
221700,3632332800,1.428291e+17,4.489487,4.428918
221800,3633971200,1.428936e+17,4.443168,4.428164
221900,3635609600,1.429580e+17,4.517996,4.427938
222000,3637248000,1.430224e+17,4.432775,4.429225
222100,3638886400,1.430868e+17,4.466397,4.427677
222200,3640524800,1.431513e+17,4.481030,4.426733
222300,3642163200,1.432157e+17,4.487478,4.427573
222400,3643801600,1.432801e+17,4.500778,4.426311
222500,3645440000,1.433445e+17,4.439187,4.425058
222600,3647078400,1.434090e+17,4.447123,4.424202
222700,3648716800,1.434734e+17,4.437799,4.422907
222800,3650355200,1.435378e+17,4.466573,4.425297
222900,3651993600,1.436022e+17,4.482356,4.426837
223000,3653632000,1.436667e+17,4.434395,4.426032
223100,3655270400,1.437311e+17,4.475893,4.425409
223200,3656908800,1.437955e+17,4.462566,4.425373
223300,3658547200,1.438599e+17,4.463797,4.426626
223400,3660185600,1.439244e+17,4.488697,4.425428
223500,3661824000,1.439888e+17,4.497529,4.425991
223600,3663462400,1.440532e+17,4.484823,4.426614
223700,3665100800,1.441176e+17,4.462427,4.424257
223800,3666739200,1.441821e+17,4.476040,4.424453
223900,3668377600,1.442465e+17,4.496523,4.425699
224000,3670016000,1.443109e+17,4.500488,4.424519
224100,3671654400,1.443753e+17,4.477955,4.423622
224200,3673292800,1.444398e+17,4.468569,4.423684
224300,3674931200,1.445042e+17,4.482356,4.423591
224400,3676569600,1.445686e+17,4.495407,4.424811
224500,3678208000,1.446330e+17,4.526054,4.423618
224600,3679846400,1.446974e+17,4.459519,4.425540
224700,3681484800,1.447619e+17,4.456151,4.425713
224800,3683123200,1.448263e+17,4.473207,4.425010
224900,3684761600,1.448907e+17,4.476347,4.423202
225000,3686400000,1.449551e+17,4.486125,4.423493
225100,3688038400,1.450196e+17,4.493848,4.424421
225200,3689676800,1.450840e+17,4.507558,4.423748
225300,3691315200,1.451484e+17,4.472663,4.422066
225400,3692953600,1.452128e+17,4.439995,4.424197
225500,3694592000,1.452773e+17,4.508288,4.424224
225600,3696230400,1.453417e+17,4.488357,4.421666
225700,3697868800,1.454061e+17,4.499512,4.423400
225800,3699507200,1.454705e+17,4.485454,4.425097
225900,3701145600,1.455350e+17,4.459113,4.423410
226000,3702784000,1.455994e+17,4.443669,4.421926
226100,3704422400,1.456638e+17,4.462203,4.421951
226200,3706060800,1.457282e+17,4.496097,4.423875
226300,3707699200,1.457927e+17,4.530013,4.422891
226400,3709337600,1.458571e+17,4.450577,4.422691
226500,3710976000,1.459215e+17,4.458009,4.422523
226600,3712614400,1.459859e+17,4.523754,4.423123
226700,3714252800,1.460504e+17,4.473718,4.420467
226800,3715891200,1.461148e+17,4.481593,4.421302
226900,3717529600,1.461792e+17,4.526383,4.422496
227000,3719168000,1.462436e+17,4.497061,4.420523
227100,3720806400,1.463081e+17,4.487259,4.420266
227200,3722444800,1.463725e+17,4.461221,4.421261
227300,3724083200,1.464369e+17,4.462962,4.419517
227400,3725721600,1.465013e+17,4.444776,4.421804
227500,3727360000,1.465658e+17,4.431968,4.420583
227600,3728998400,1.466302e+17,4.495387,4.421687
227700,3730636800,1.466946e+17,4.471638,4.420385
227800,3732275200,1.467590e+17,4.522707,4.420241
227900,3733913600,1.468235e+17,4.500350,4.419794
228000,3735552000,1.468879e+17,4.475486,4.420318
228100,3737190400,1.469523e+17,4.485031,4.417939
228200,3738828800,1.470167e+17,4.465407,4.419066
228300,3740467200,1.470812e+17,4.475990,4.418608
228400,3742105600,1.471456e+17,4.489902,4.419510
228500,3743744000,1.472100e+17,4.494948,4.417905
228600,3745382400,1.472744e+17,4.494150,4.418954
228700,3747020800,1.473389e+17,4.491597,4.418631
228800,3748659200,1.474033e+17,4.466403,4.418494
228900,3750297600,1.474677e+17,4.456795,4.420422
229000,3751936000,1.475321e+17,4.478583,4.418611
229100,3753574400,1.475966e+17,4.483526,4.418193
229200,3755212800,1.476610e+17,4.477478,4.419494
229300,3756851200,1.477254e+17,4.479468,4.418506
229400,3758489600,1.477898e+17,4.483721,4.418191
229500,3760128000,1.478542e+17,4.516088,4.417405
229600,3761766400,1.479187e+17,4.450415,4.416657
229700,3763404800,1.479831e+17,4.471754,4.417084
229800,3765043200,1.480475e+17,4.524697,4.417571
229900,3766681600,1.481119e+17,4.478327,4.417187
230000,3768320000,1.481764e+17,4.507736,4.417595
230100,3769958400,1.482408e+17,4.463932,4.415967
230200,3771596800,1.483052e+17,4.486610,4.417196
230300,3773235200,1.483696e+17,4.455355,4.419273
230400,3774873600,1.484341e+17,4.468699,4.417305
230500,3776512000,1.484985e+17,4.496950,4.417708
230600,3778150400,1.485629e+17,4.471103,4.416800
230700,3779788800,1.486273e+17,4.428922,4.415585
230800,3781427200,1.486918e+17,4.450039,4.414517
230900,3783065600,1.487562e+17,4.444052,4.415821
231000,3784704000,1.488206e+17,4.459998,4.416139
231100,3786342400,1.488850e+17,4.470396,4.414911
231200,3787980800,1.489495e+17,4.458653,4.413228
231300,3789619200,1.490139e+17,4.450485,4.414576
231400,3791257600,1.490783e+17,4.460039,4.415330
231500,3792896000,1.491427e+17,4.454551,4.415193
231600,3794534400,1.492072e+17,4.453387,4.415699
231700,3796172800,1.492716e+17,4.484304,4.415199
231800,3797811200,1.493360e+17,4.446560,4.415951
231900,3799449600,1.494004e+17,4.505958,4.414376
232000,3801088000,1.494649e+17,4.484913,4.416464
232100,3802726400,1.495293e+17,4.442761,4.414214
232200,3804364800,1.495937e+17,4.452360,4.413293
232300,3806003200,1.496581e+17,4.439509,4.414958
232400,3807641600,1.497226e+17,4.406322,4.413376
232500,3809280000,1.497870e+17,4.434764,4.413995
232600,3810918400,1.498514e+17,4.501875,4.413687
232700,3812556800,1.499158e+17,4.435002,4.411990
232800,3814195200,1.499803e+17,4.452777,4.413004
232900,3815833600,1.500447e+17,4.463032,4.413159
233000,3817472000,1.501091e+17,4.462557,4.413341
233100,3819110400,1.501735e+17,4.487477,4.412138
233200,3820748800,1.502380e+17,4.439891,4.411483
233300,3822387200,1.503024e+17,4.440342,4.412873
233400,3824025600,1.503668e+17,4.488148,4.413688
233500,3825664000,1.504312e+17,4.470191,4.415382
233600,3827302400,1.504957e+17,4.466970,4.413549
233700,3828940800,1.505601e+17,4.461171,4.414198
233800,3830579200,1.506245e+17,4.527650,4.411980
233900,3832217600,1.506889e+17,4.515437,4.413503
234000,3833856000,1.507534e+17,4.471416,4.410996
234100,3835494400,1.508178e+17,4.439988,4.410819
234200,3837132800,1.508822e+17,4.453431,4.411532
234300,3838771200,1.509466e+17,4.480051,4.411531
234400,3840409600,1.510111e+17,4.445349,4.412645
234500,3842048000,1.510755e+17,4.430930,4.412332
234600,3843686400,1.511399e+17,4.455781,4.411374
234700,3845324800,1.512043e+17,4.440146,4.410710
234800,3846963200,1.512687e+17,4.484702,4.410594
234900,3848601600,1.513332e+17,4.456322,4.411098
235000,3850240000,1.513976e+17,4.479531,4.410710
235100,3851878400,1.514620e+17,4.467393,4.410712
235200,3853516800,1.515264e+17,4.464182,4.410696
235300,3855155200,1.515909e+17,4.452568,4.410005
235400,3856793600,1.516553e+17,4.467815,4.410812
235500,3858432000,1.517197e+17,4.423395,4.409420
235600,3860070400,1.517841e+17,4.417886,4.409800
235700,3861708800,1.518486e+17,4.469591,4.409720
235800,3863347200,1.519130e+17,4.508003,4.409229
235900,3864985600,1.519774e+17,4.481417,4.408429
236000,3866624000,1.520418e+17,4.494966,4.408012
236100,3868262400,1.521063e+17,4.489814,4.410047
236200,3869900800,1.521707e+17,4.470574,4.409998
236300,3871539200,1.522351e+17,4.448236,4.409439
236400,3873177600,1.522995e+17,4.478786,4.410857
236500,3874816000,1.523640e+17,4.483661,4.409512
236600,3876454400,1.524284e+17,4.464526,4.406756
236700,3878092800,1.524928e+17,4.464823,4.405932
236800,3879731200,1.525572e+17,4.453184,4.407095
236900,3881369600,1.526217e+17,4.476468,4.407531
237000,3883008000,1.526861e+17,4.456887,4.407857
237100,3884646400,1.527505e+17,4.464866,4.406481
237200,3886284800,1.528149e+17,4.425155,4.405586
237300,3887923200,1.528794e+17,4.439266,4.406593
237400,3889561600,1.529438e+17,4.454508,4.405788
237500,3891200000,1.530082e+17,4.478556,4.406399
237600,3892838400,1.530726e+17,4.437494,4.404124
237700,3894476800,1.531371e+17,4.463463,4.403634
237800,3896115200,1.532015e+17,4.473575,4.403908
237900,3897753600,1.532659e+17,4.461386,4.405489
238000,3899392000,1.533303e+17,4.475824,4.404757
238100,3901030400,1.533948e+17,4.494594,4.404941
238200,3902668800,1.534592e+17,4.490147,4.404815
238300,3904307200,1.535236e+17,4.481827,4.404454
238400,3905945600,1.535880e+17,4.503302,4.405211
238500,3907584000,1.536525e+17,4.469186,4.405546
238600,3909222400,1.537169e+17,4.457205,4.404918
238700,3910860800,1.537813e+17,4.435503,4.406252
238800,3912499200,1.538457e+17,4.505331,4.406042
238900,3914137600,1.539102e+17,4.435698,4.403814
239000,3915776000,1.539746e+17,4.432400,4.403585
239100,3917414400,1.540390e+17,4.444050,4.404161
239200,3919052800,1.541034e+17,4.473722,4.405102
239300,3920691200,1.541679e+17,4.460410,4.404277
239400,3922329600,1.542323e+17,4.451135,4.404680
239500,3923968000,1.542967e+17,4.480777,4.405582
239600,3925606400,1.543611e+17,4.444520,4.403223
239700,3927244800,1.544255e+17,4.458591,4.403835
239800,3928883200,1.544900e+17,4.454506,4.404643
239900,3930521600,1.545544e+17,4.487069,4.404434
240000,3932160000,1.546188e+17,4.441491,4.404105
240100,3933798400,1.546832e+17,4.418040,4.404004
240200,3935436800,1.547477e+17,4.499654,4.405722
240300,3937075200,1.548121e+17,4.463565,4.403685
240400,3938713600,1.548765e+17,4.461246,4.403349
240500,3940352000,1.549409e+17,4.447288,4.403090
240600,3941990400,1.550054e+17,4.495683,4.404730
240700,3943628800,1.550698e+17,4.465674,4.404067
240800,3945267200,1.551342e+17,4.470273,4.403069
240900,3946905600,1.551986e+17,4.458452,4.404991
241000,3948544000,1.552631e+17,4.499546,4.407013
241100,3950182400,1.553275e+17,4.434095,4.406909
241200,3951820800,1.553919e+17,4.459413,4.405716
241300,3953459200,1.554563e+17,4.444446,4.405251
241400,3955097600,1.555208e+17,4.512517,4.404939
241500,3956736000,1.555852e+17,4.482396,4.404387
241600,3958374400,1.556496e+17,4.456773,4.406397
241700,3960012800,1.557140e+17,4.449837,4.404754
241800,3961651200,1.557785e+17,4.538100,4.407696
241900,3963289600,1.558429e+17,4.452733,4.405807
242000,3964928000,1.559073e+17,4.518982,4.407694
242100,3966566400,1.559717e+17,4.463073,4.405742
242200,3968204800,1.560362e+17,4.506834,4.405877
242300,3969843200,1.561006e+17,4.480387,4.403216
242400,3971481600,1.561650e+17,4.464464,4.402217
242500,3973120000,1.562294e+17,4.431619,4.403827
242600,3974758400,1.562939e+17,4.450646,4.403761
242700,3976396800,1.563583e+17,4.484818,4.402965
242800,3978035200,1.564227e+17,4.454801,4.402924
242900,3979673600,1.564871e+17,4.441739,4.403050
243000,3981312000,1.565516e+17,4.591467,4.403140
243100,3982950400,1.566160e+17,4.497601,4.401776
243200,3984588800,1.566804e+17,4.507624,4.402361
243300,3986227200,1.567448e+17,4.478509,4.402092
243400,3987865600,1.568093e+17,4.436331,4.400716
243500,3989504000,1.568737e+17,4.455913,4.401914
243600,3991142400,1.569381e+17,4.433776,4.402249
243700,3992780800,1.570025e+17,4.484814,4.402362
243800,3994419200,1.570670e+17,4.502591,4.401455
243900,3996057600,1.571314e+17,4.435190,4.401454
244000,3997696000,1.571958e+17,4.478082,4.402075
244100,3999334400,1.572602e+17,4.461213,4.402623
244200,4000972800,1.573247e+17,4.486419,4.400989
244300,4002611200,1.573891e+17,4.462411,4.399982
244400,4004249600,1.574535e+17,4.461979,4.401015
244500,4005888000,1.575179e+17,4.468626,4.400700
244600,4007526400,1.575824e+17,4.463926,4.402263
244700,4009164800,1.576468e+17,4.456249,4.401761
244800,4010803200,1.577112e+17,4.453839,4.402229
244900,4012441600,1.577756e+17,4.449451,4.402522
245000,4014080000,1.578400e+17,4.448171,4.400647
245100,4015718400,1.579045e+17,4.429197,4.401739
245200,4017356800,1.579689e+17,4.444826,4.401795
245300,4018995200,1.580333e+17,4.457046,4.398975
245400,4020633600,1.580977e+17,4.516775,4.400683
245500,4022272000,1.581622e+17,4.466095,4.400189
245600,4023910400,1.582266e+17,4.435282,4.399797
245700,4025548800,1.582910e+17,4.468020,4.400347
245800,4027187200,1.583554e+17,4.498345,4.399113
245900,4028825600,1.584199e+17,4.519391,4.399250
246000,4030464000,1.584843e+17,4.450304,4.398989
246100,4032102400,1.585487e+17,4.474600,4.399066
246200,4033740800,1.586131e+17,4.464015,4.399017
246300,4035379200,1.586776e+17,4.449470,4.399038
246400,4037017600,1.587420e+17,4.456251,4.399781
246500,4038656000,1.588064e+17,4.452613,4.399860
246600,4040294400,1.588708e+17,4.447610,4.399297
246700,4041932800,1.589353e+17,4.407976,4.398593
246800,4043571200,1.589997e+17,4.448628,4.399829
246900,4045209600,1.590641e+17,4.420549,4.400010
247000,4046848000,1.591285e+17,4.437624,4.398897
247100,4048486400,1.591930e+17,4.415025,4.399204
247200,4050124800,1.592574e+17,4.464942,4.398942
247300,4051763200,1.593218e+17,4.478950,4.398181
247400,4053401600,1.593862e+17,4.457353,4.397426
247500,4055040000,1.594507e+17,4.458990,4.398508
247600,4056678400,1.595151e+17,4.487618,4.397017
247700,4058316800,1.595795e+17,4.523079,4.396361
247800,4059955200,1.596439e+17,4.436962,4.397186
247900,4061593600,1.597084e+17,4.471324,4.396738
248000,4063232000,1.597728e+17,4.484269,4.396871
248100,4064870400,1.598372e+17,4.463066,4.397677
248200,4066508800,1.599016e+17,4.427923,4.398282
248300,4068147200,1.599661e+17,4.504309,4.397127
248400,4069785600,1.600305e+17,4.452664,4.397739
248500,4071424000,1.600949e+17,4.441815,4.398871
248536,4072013824,1.601181e+17,4.441815,4.445571
