step,tokens_seen,cumulative_flops,train_loss,eval_loss,eval_loss_all_pos
100,1638400,3.092376e+13,167.192505,81.156347,80.967530
200,3276800,6.184753e+13,64.378670,41.745446,41.611458
300,4915200,9.277129e+13,40.826435,36.087478,35.962079
400,6553600,1.236951e+14,34.635136,32.958509,32.835578
500,8192000,1.546188e+14,31.327654,30.158478,30.039599
600,9830400,1.855426e+14,28.354671,27.202565,27.082253
700,11468800,2.164664e+14,25.364479,24.335806,24.205689
800,13107200,2.473901e+14,22.726074,21.875724,21.740626
900,14745600,2.783139e+14,20.212772,19.501986,19.375570
1000,16384000,3.092376e+14,18.195036,17.434555,17.324043
1100,18022400,3.401614e+14,16.268299,15.665645,15.566320
1200,19660800,3.710852e+14,14.743986,14.275468,14.189936
1300,21299200,4.020089e+14,13.424540,13.054743,12.982695
1400,22937600,4.329327e+14,12.319159,12.081587,12.017612
1500,24576000,4.638565e+14,11.450537,11.212852,11.163797
1600,26214400,4.947802e+14,10.721486,10.621167,10.580398
1700,27852800,5.257040e+14,10.170258,10.045850,10.000648
1800,29491200,5.566278e+14,9.671341,9.607337,9.565163
1900,31129600,5.875515e+14,9.246013,9.207019,9.169473
2000,32768000,6.184753e+14,8.857479,8.875712,8.839222
2100,34406400,6.493991e+14,8.591929,8.657533,8.632378
2200,36044800,6.803228e+14,8.373553,8.434298,8.412350
2300,37683200,7.112466e+14,8.172159,8.242292,8.228509
2400,39321600,7.421703e+14,8.034957,8.073642,8.063039
2500,40960000,7.730941e+14,7.930549,7.959543,7.942506
2600,42598400,8.040179e+14,7.802887,7.823182,7.806281
2700,44236800,8.349416e+14,7.709739,7.740716,7.726740
2800,45875200,8.658654e+14,7.620857,7.667299,7.651998
2900,47513600,8.967892e+14,7.530396,7.588169,7.575178
3000,49152000,9.277129e+14,7.460603,7.526461,7.510614
3100,50790400,9.586367e+14,7.384501,7.462236,7.445356
3200,52428800,9.895605e+14,7.352960,7.422780,7.398352
3300,54067200,1.020484e+15,7.345974,7.358468,7.335809
3400,55705600,1.051408e+15,7.279420,7.331875,7.307531
3500,57344000,1.082332e+15,7.249509,7.278545,7.256064
3600,58982400,1.113256e+15,7.215191,7.242991,7.212918
3700,60620800,1.144179e+15,7.143747,7.229113,7.199498
3800,62259200,1.175103e+15,7.118454,7.192602,7.161891
3900,63897600,1.206027e+15,7.124736,7.172901,7.141117
4000,65536000,1.236951e+15,7.083129,7.151581,7.114703
4100,67174400,1.267874e+15,7.070015,7.112910,7.078220
4200,68812800,1.298798e+15,7.044795,7.083802,7.049661
4300,70451200,1.329722e+15,7.024131,7.080262,7.042451
4400,72089600,1.360646e+15,7.025041,7.057950,7.019636
4500,73728000,1.391569e+15,6.974420,7.032444,6.992789
4600,75366400,1.422493e+15,6.984471,7.014807,6.979679
4700,77004800,1.453417e+15,6.951854,6.997794,6.962970
4800,78643200,1.484341e+15,6.939289,7.001772,6.959448
4900,80281600,1.515264e+15,6.924303,6.972498,6.939531
5000,81920000,1.546188e+15,6.879777,6.960519,6.920574
5100,83558400,1.577112e+15,6.864960,6.955268,6.910647
5200,85196800,1.608036e+15,6.852249,6.922566,6.886983
5300,86835200,1.638960e+15,6.841288,6.925711,6.882972
5400,88473600,1.669883e+15,6.876156,6.924621,6.887225
5500,90112000,1.700807e+15,6.859378,6.894684,6.854770
5600,91750400,1.731731e+15,6.825965,6.884370,6.839122
5700,93388800,1.762655e+15,6.797938,6.880142,6.837909
5800,95027200,1.793578e+15,6.807976,6.859408,6.815288
5900,96665600,1.824502e+15,6.794009,6.862633,6.823819
6000,98304000,1.855426e+15,6.791332,6.850827,6.813966
6100,99942400,1.886350e+15,6.782446,6.828701,6.793122
6200,101580800,1.917273e+15,6.737493,6.812822,6.777374
6300,103219200,1.948197e+15,6.742349,6.810647,6.776760
6400,104857600,1.979121e+15,6.738107,6.807286,6.761620
6500,106496000,2.010045e+15,6.720624,6.788667,6.749657
6600,108134400,2.040968e+15,6.754109,6.786417,6.747350
6700,109772800,2.071892e+15,6.745019,6.772786,6.738640
6800,111411200,2.102816e+15,6.709512,6.762395,6.722893
6900,113049600,2.133740e+15,6.711169,6.752743,6.713426
7000,114688000,2.164664e+15,6.682623,6.756054,6.711870
7100,116326400,2.195587e+15,6.702226,6.736808,6.691715
7200,117964800,2.226511e+15,6.691037,6.738339,6.694665
7300,119603200,2.257435e+15,6.660145,6.722992,6.684905
7400,121241600,2.288359e+15,6.647916,6.708116,6.671339
7500,122880000,2.319282e+15,6.660662,6.710960,6.670512
7600,124518400,2.350206e+15,6.656393,6.692670,6.651405
7700,126156800,2.381130e+15,6.611630,6.685351,6.642360
7800,127795200,2.412054e+15,6.611997,6.675579,6.635441
7900,129433600,2.442977e+15,6.621986,6.674029,6.629924
8000,131072000,2.473901e+15,6.612850,6.673718,6.626242
8100,132710400,2.504825e+15,6.599845,6.669916,6.623681
8200,134348800,2.535749e+15,6.598962,6.641755,6.596064
8300,135987200,2.566672e+15,6.599577,6.641231,6.594814
8400,137625600,2.597596e+15,6.580407,6.640559,6.590423
8500,139264000,2.628520e+15,6.577220,6.623110,6.577816
8600,140902400,2.659444e+15,6.579016,6.632778,6.587309
8700,142540800,2.690368e+15,6.557922,6.616171,6.572396
8800,144179200,2.721291e+15,6.536324,6.597755,6.552705
8900,145817600,2.752215e+15,6.548388,6.603424,6.561749
9000,147456000,2.783139e+15,6.543033,6.588772,6.541869
9100,149094400,2.814063e+15,6.504852,6.579786,6.532328
9200,150732800,2.844986e+15,6.519013,6.566352,6.522970
9300,152371200,2.875910e+15,6.545071,6.558505,6.517622
9400,154009600,2.906834e+15,6.517013,6.560110,6.513249
9500,155648000,2.937758e+15,6.475626,6.552106,6.506579
9600,157286400,2.968681e+15,6.471960,6.536903,6.494809
9700,158924800,2.999605e+15,6.490912,6.525483,6.482282
9800,160563200,3.030529e+15,6.472977,6.522529,6.481847
9900,162201600,3.061453e+15,6.468307,6.520707,6.472253
10000,163840000,3.092376e+15,6.474509,6.515074,6.465003
10100,165478400,3.123300e+15,6.465392,6.502138,6.456504
10200,167116800,3.154224e+15,6.457639,6.508811,6.460740
10300,168755200,3.185148e+15,6.433722,6.483517,6.437816
10400,170393600,3.216072e+15,6.406261,6.481670,6.441000
10500,172032000,3.246995e+15,6.429300,6.471489,6.423885
10600,173670400,3.277919e+15,6.408654,6.478920,6.426939
10700,175308800,3.308843e+15,6.419494,6.457662,6.418448
10800,176947200,3.339767e+15,6.383523,6.449032,6.404678
10900,178585600,3.370690e+15,6.411439,6.443803,6.396926
11000,180224000,3.401614e+15,6.368420,6.442200,6.393205
11100,181862400,3.432538e+15,6.373410,6.427454,6.375717
11200,183500800,3.463462e+15,6.370980,6.434286,6.384222
11300,185139200,3.494385e+15,6.357534,6.427905,6.380869
11400,186777600,3.525309e+15,6.371319,6.415769,6.372687
11500,188416000,3.556233e+15,6.334699,6.403586,6.358476
11600,190054400,3.587157e+15,6.340924,6.408650,6.359601
11700,191692800,3.618080e+15,6.333735,6.383003,6.340707
11800,193331200,3.649004e+15,6.329637,6.387651,6.346693
11900,194969600,3.679928e+15,6.348120,6.388501,6.340074
12000,196608000,3.710852e+15,6.313128,6.388940,6.337728
12100,198246400,3.741776e+15,6.294600,6.380909,6.331856
12200,199884800,3.772699e+15,6.295853,6.370148,6.323224
12300,201523200,3.803623e+15,6.313886,6.362859,6.313751
12400,203161600,3.834547e+15,6.273689,6.360419,6.313453
12500,204800000,3.865471e+15,6.305821,6.364585,6.316069
12600,206438400,3.896394e+15,6.315269,6.346036,6.296686
12700,208076800,3.927318e+15,6.296381,6.344612,6.297446
12800,209715200,3.958242e+15,6.289174,6.330232,6.278641
12900,211353600,3.989166e+15,6.281953,6.337915,6.291459
13000,212992000,4.020089e+15,6.255925,6.324578,6.278508
13100,214630400,4.051013e+15,6.261897,6.320274,6.268045
13200,216268800,4.081937e+15,6.258003,6.309129,6.255212
13300,217907200,4.112861e+15,6.244439,6.304697,6.256128
13400,219545600,4.143784e+15,6.253978,6.301164,6.255539
13500,221184000,4.174708e+15,6.241761,6.297180,6.249205
13600,222822400,4.205632e+15,6.239946,6.279900,6.232076
13700,224460800,4.236556e+15,6.212570,6.277011,6.227560
13800,226099200,4.267480e+15,6.246462,6.285062,6.233771
13900,227737600,4.298403e+15,6.246408,6.267126,6.220968
14000,229376000,4.329327e+15,6.218155,6.269559,6.221490
14100,231014400,4.360251e+15,6.181599,6.255737,6.210330
14200,232652800,4.391175e+15,6.209839,6.254836,6.207732
14300,234291200,4.422098e+15,6.201024,6.254228,6.204879
14400,235929600,4.453022e+15,6.206441,6.243621,6.194460
14500,237568000,4.483946e+15,6.207576,6.236160,6.187515
14600,239206400,4.514870e+15,6.211017,6.241127,6.194061
14700,240844800,4.545793e+15,6.189817,6.230947,6.184402
14800,242483200,4.576717e+15,6.193375,6.235514,6.184226
14900,244121600,4.607641e+15,6.180064,6.224361,6.171210
15000,245760000,4.638565e+15,6.174454,6.225058,6.171483
15100,247398400,4.669488e+15,6.173820,6.212465,6.164917
15200,249036800,4.700412e+15,6.215232,6.205497,6.157435
15300,250675200,4.731336e+15,6.173007,6.198768,6.148987
15400,252313600,4.762260e+15,6.175874,6.197695,6.153733
15500,253952000,4.793184e+15,6.159930,6.185950,6.141023
15600,255590400,4.824107e+15,6.137681,6.179559,6.137701
15700,257228800,4.855031e+15,6.126983,6.185127,6.141070
15800,258867200,4.885955e+15,6.134226,6.179806,6.133466
15900,260505600,4.916879e+15,6.127114,6.177356,6.129558
16000,262144000,4.947802e+15,6.132683,6.169225,6.121181
16100,263782400,4.978726e+15,6.112404,6.169911,6.120530
16200,265420800,5.009650e+15,6.121228,6.152484,6.109344
16300,267059200,5.040574e+15,6.115422,6.153943,6.113641
16400,268697600,5.071497e+15,6.130181,6.143129,6.098972
16500,270336000,5.102421e+15,6.128665,6.130091,6.092476
16600,271974400,5.133345e+15,6.119732,6.136827,6.097822
16700,273612800,5.164269e+15,6.091402,6.131926,6.089014
16800,275251200,5.195192e+15,6.096881,6.133375,6.087314
16900,276889600,5.226116e+15,6.094289,6.122855,6.081678
17000,278528000,5.257040e+15,6.083960,6.118571,6.073314
17100,280166400,5.287964e+15,6.080298,6.109436,6.068017
17200,281804800,5.318887e+15,6.076428,6.111693,6.072797
17300,283443200,5.349811e+15,6.116256,6.112668,6.067502
17400,285081600,5.380735e+15,6.072451,6.108653,6.064204
17500,286720000,5.411659e+15,6.033002,6.106006,6.059915
17600,288358400,5.442583e+15,6.048353,6.108838,6.066386
17700,289996800,5.473506e+15,6.058923,6.110953,6.057689
17800,291635200,5.504430e+15,6.066578,6.097666,6.045849
17900,293273600,5.535354e+15,6.071043,6.096015,6.046162
18000,294912000,5.566278e+15,6.061562,6.080284,6.035375
18100,296550400,5.597201e+15,6.036329,6.070756,6.028177
18200,298188800,5.628125e+15,6.031375,6.076926,6.034481
18300,299827200,5.659049e+15,6.034736,6.063787,6.024703
18400,301465600,5.689973e+15,6.046441,6.071142,6.026404
18500,303104000,5.720896e+15,6.045085,6.071858,6.018780
18600,304742400,5.751820e+15,6.000644,6.066974,6.021677
18700,306380800,5.782744e+15,6.025340,6.058259,6.011420
18800,308019200,5.813668e+15,6.008751,6.052837,6.009071
18900,309657600,5.844591e+15,6.036198,6.054370,6.007658
19000,311296000,5.875515e+15,6.030291,6.049468,6.005014
19100,312934400,5.906439e+15,5.996029,6.037213,5.996538
19200,314572800,5.937363e+15,5.995765,6.046600,5.997523
19300,316211200,5.968287e+15,5.998396,6.035632,5.991737
19400,317849600,5.999210e+15,6.007943,6.024224,5.982340
19500,319488000,6.030134e+15,6.003848,6.034257,5.988664
19600,321126400,6.061058e+15,5.987249,6.025525,5.980268
19700,322764800,6.091982e+15,6.015790,6.024984,5.973230
19800,324403200,6.122905e+15,5.990652,6.016444,5.972752
19900,326041600,6.153829e+15,5.978000,6.011711,5.964879
20000,327680000,6.184753e+15,5.985723,6.016863,5.969034
20100,329318400,6.215677e+15,5.965131,6.001867,5.960334
20200,330956800,6.246600e+15,5.982787,6.007909,5.960456
20300,332595200,6.277524e+15,5.961922,6.007065,5.959192
20400,334233600,6.308448e+15,5.955224,6.000218,5.957542
20500,335872000,6.339372e+15,5.977586,5.996357,5.949055
20600,337510400,6.370295e+15,5.959718,5.999376,5.946926
20700,339148800,6.401219e+15,5.964155,6.004317,5.949235
20800,340787200,6.432143e+15,5.951635,5.999065,5.948659
20900,342425600,6.463067e+15,5.956200,5.987268,5.935308
21000,344064000,6.493991e+15,5.950705,5.989019,5.942155
21100,345702400,6.524914e+15,5.952358,5.977556,5.929972
21200,347340800,6.555838e+15,5.960411,5.981720,5.931564
21300,348979200,6.586762e+15,5.937573,5.972578,5.924859
21400,350617600,6.617686e+15,5.934888,5.981576,5.928806
21500,352256000,6.648609e+15,5.965426,5.964779,5.915533
21600,353894400,6.679533e+15,5.945578,5.965258,5.920433
21700,355532800,6.710457e+15,5.927273,5.961439,5.918488
21800,357171200,6.741381e+15,5.919644,5.970488,5.922160
21900,358809600,6.772304e+15,5.919487,5.955139,5.910347
22000,360448000,6.803228e+15,5.924365,5.953074,5.906281
22100,362086400,6.834152e+15,5.900277,5.946031,5.902438
22200,363724800,6.865076e+15,5.913677,5.941446,5.897031
22300,365363200,6.895999e+15,5.918253,5.950287,5.901351
22400,367001600,6.926923e+15,5.891143,5.944476,5.899544
22500,368640000,6.957847e+15,5.908088,5.946582,5.901385
22600,370278400,6.988771e+15,5.907002,5.939074,5.895127
22700,371916800,7.019695e+15,5.920750,5.925333,5.878338
22800,373555200,7.050618e+15,5.903444,5.931685,5.885329
22900,375193600,7.081542e+15,5.900457,5.924652,5.881362
23000,376832000,7.112466e+15,5.907950,5.924056,5.876813
23100,378470400,7.143390e+15,5.900913,5.919648,5.874349
23200,380108800,7.174313e+15,5.906473,5.915367,5.870367
23300,381747200,7.205237e+15,5.895707,5.901169,5.866715
23400,383385600,7.236161e+15,5.891421,5.908891,5.868315
23500,385024000,7.267085e+15,5.894274,5.910730,5.865530
23600,386662400,7.298008e+15,5.905361,5.901735,5.860557
23700,388300800,7.328932e+15,5.885220,5.901132,5.856785
23800,389939200,7.359856e+15,5.878811,5.894848,5.852886
23900,391577600,7.390780e+15,5.864943,5.902704,5.854767
24000,393216000,7.421703e+15,5.878142,5.894645,5.849770
24100,394854400,7.452627e+15,5.874809,5.883539,5.838323
24200,396492800,7.483551e+15,5.889399,5.891343,5.849079
24300,398131200,7.514475e+15,5.860385,5.887547,5.846699
24400,399769600,7.545399e+15,5.869425,5.880860,5.840967
24500,401408000,7.576322e+15,5.882844,5.883359,5.841673
24600,403046400,7.607246e+15,5.860334,5.881834,5.842749
24700,404684800,7.638170e+15,5.832854,5.867213,5.825547
24800,406323200,7.669094e+15,5.847914,5.875351,5.830103
24900,407961600,7.700017e+15,5.848835,5.873792,5.831108
25000,409600000,7.730941e+15,5.858970,5.870458,5.826299
25100,411238400,7.761865e+15,5.860633,5.868140,5.824389
25200,412876800,7.792789e+15,5.856172,5.874425,5.828220
25300,414515200,7.823712e+15,5.836737,5.865067,5.825039
25400,416153600,7.854636e+15,5.855577,5.869041,5.822937
25500,417792000,7.885560e+15,5.829558,5.864977,5.818181
25600,419430400,7.916484e+15,5.836813,5.855870,5.810314
25700,421068800,7.947407e+15,5.816743,5.855106,5.813233
25800,422707200,7.978331e+15,5.841962,5.852207,5.801593
25900,424345600,8.009255e+15,5.841410,5.851258,5.803582
26000,425984000,8.040179e+15,5.838691,5.846352,5.799519
26100,427622400,8.071103e+15,5.845908,5.847608,5.803020
26200,429260800,8.102026e+15,5.807580,5.835305,5.794031
26300,430899200,8.132950e+15,5.832615,5.838537,5.798948
26400,432537600,8.163874e+15,5.816115,5.832428,5.787846
26500,434176000,8.194798e+15,5.821633,5.834735,5.789732
26600,435814400,8.225721e+15,5.825691,5.834487,5.787163
26700,437452800,8.256645e+15,5.791179,5.830581,5.782401
26800,439091200,8.287569e+15,5.807071,5.826535,5.778702
26900,440729600,8.318493e+15,5.808407,5.822673,5.781043
27000,442368000,8.349416e+15,5.775727,5.819077,5.778561
27100,444006400,8.380340e+15,5.801037,5.815730,5.770523
27200,445644800,8.411264e+15,5.812896,5.820485,5.776064
27300,447283200,8.442188e+15,5.800403,5.816929,5.772528
27400,448921600,8.473111e+15,5.792970,5.816480,5.769874
27500,450560000,8.504035e+15,5.785488,5.811984,5.769584
27600,452198400,8.534959e+15,5.820134,5.802414,5.760054
27700,453836800,8.565883e+15,5.779477,5.805737,5.761506
27800,455475200,8.596807e+15,5.766816,5.803585,5.762684
27900,457113600,8.627730e+15,5.798169,5.800481,5.764353
28000,458752000,8.658654e+15,5.756348,5.797598,5.759921
28100,460390400,8.689578e+15,5.796865,5.792657,5.755569
28200,462028800,8.720502e+15,5.788413,5.803211,5.758037
28300,463667200,8.751425e+15,5.777376,5.786707,5.748265
28400,465305600,8.782349e+15,5.769408,5.789800,5.747123
28500,466944000,8.813273e+15,5.778389,5.785132,5.744778
28600,468582400,8.844197e+15,5.765446,5.789440,5.744312
28700,470220800,8.875120e+15,5.762274,5.781888,5.738702
28800,471859200,8.906044e+15,5.770714,5.779281,5.735678
28900,473497600,8.936968e+15,5.747741,5.779049,5.733830
29000,475136000,8.967892e+15,5.764809,5.783428,5.736662
29100,476774400,8.998815e+15,5.787616,5.785833,5.739997
29200,478412800,9.029739e+15,5.766564,5.779681,5.734922
29300,480051200,9.060663e+15,5.712967,5.766182,5.726861
29400,481689600,9.091587e+15,5.750186,5.765313,5.724217
29500,483328000,9.122511e+15,5.749585,5.768144,5.725810
29600,484966400,9.153434e+15,5.781494,5.762600,5.721554
29700,486604800,9.184358e+15,5.746142,5.760106,5.721687
29800,488243200,9.215282e+15,5.767761,5.763304,5.720380
29900,489881600,9.246206e+15,5.732606,5.759201,5.714757
30000,491520000,9.277129e+15,5.739036,5.760886,5.715031
30100,493158400,9.308053e+15,5.749147,5.762214,5.716919
30200,494796800,9.338977e+15,5.743583,5.753017,5.707209
30300,496435200,9.369901e+15,5.731775,5.748179,5.708234
30400,498073600,9.400824e+15,5.750504,5.750384,5.707192
30500,499712000,9.431748e+15,5.723908,5.741893,5.705545
30600,501350400,9.462672e+15,5.715323,5.746433,5.705384
30700,502988800,9.493596e+15,5.719854,5.739616,5.701883
30800,504627200,9.524519e+15,5.715677,5.748451,5.707279
30900,506265600,9.555443e+15,5.732702,5.734455,5.693603
31000,507904000,9.586367e+15,5.730640,5.741148,5.695830
31100,509542400,9.617291e+15,5.729114,5.734349,5.691362
31200,511180800,9.648215e+15,5.729673,5.740922,5.692220
31300,512819200,9.679138e+15,5.733672,5.737189,5.692922
31400,514457600,9.710062e+15,5.708506,5.729795,5.685916
31500,516096000,9.740986e+15,5.719642,5.728147,5.685501
31600,517734400,9.771910e+15,5.695365,5.715490,5.677975
31700,519372800,9.802833e+15,5.702404,5.719790,5.681239
31800,521011200,9.833757e+15,5.708627,5.707311,5.668121
31900,522649600,9.864681e+15,5.708490,5.712703,5.668922
32000,524288000,9.895605e+15,5.702944,5.720886,5.674686
32100,525926400,9.926528e+15,5.701993,5.709391,5.671064
32200,527564800,9.957452e+15,5.710954,5.703811,5.669264
32300,529203200,9.988376e+15,5.717552,5.712191,5.671246
32400,530841600,1.001930e+16,5.722641,5.705989,5.669492
32500,532480000,1.005022e+16,5.704944,5.703124,5.670028
32600,534118400,1.008115e+16,5.693183,5.697157,5.662206
32700,535756800,1.011207e+16,5.699237,5.707908,5.669575
32800,537395200,1.014299e+16,5.667805,5.702052,5.663042
32900,539033600,1.017392e+16,5.677845,5.700546,5.658899
33000,540672000,1.020484e+16,5.680959,5.697568,5.654443
33100,542310400,1.023577e+16,5.680009,5.694237,5.652162
33200,543948800,1.026669e+16,5.680673,5.692186,5.649216
33300,545587200,1.029761e+16,5.705588,5.688654,5.647732
33400,547225600,1.032854e+16,5.675443,5.695983,5.650724
33500,548864000,1.035946e+16,5.679382,5.687312,5.647211
33600,550502400,1.039038e+16,5.680405,5.688571,5.646180
33700,552140800,1.042131e+16,5.666994,5.687881,5.647042
33800,553779200,1.045223e+16,5.678719,5.682086,5.641756
33900,555417600,1.048316e+16,5.677241,5.684344,5.642360
34000,557056000,1.051408e+16,5.685122,5.666771,5.633674
34100,558694400,1.054500e+16,5.678805,5.677259,5.639597
34200,560332800,1.057593e+16,5.708385,5.679512,5.643002
34300,561971200,1.060685e+16,5.664982,5.677970,5.639695
34400,563609600,1.063777e+16,5.682087,5.666518,5.631491
34500,565248000,1.066870e+16,5.664225,5.674343,5.632553
34600,566886400,1.069962e+16,5.662661,5.670406,5.627019
34700,568524800,1.073055e+16,5.662171,5.667497,5.631059
34800,570163200,1.076147e+16,5.650807,5.654287,5.617619
34900,571801600,1.079239e+16,5.657996,5.658333,5.620411
35000,573440000,1.082332e+16,5.631098,5.659433,5.620640
35100,575078400,1.085424e+16,5.632154,5.660659,5.620699
35200,576716800,1.088517e+16,5.627783,5.650368,5.610264
35300,578355200,1.091609e+16,5.628454,5.656172,5.613901
35400,579993600,1.094701e+16,5.642357,5.659622,5.619515
35500,581632000,1.097794e+16,5.653489,5.650969,5.614203
35600,583270400,1.100886e+16,5.650186,5.649972,5.613780
35700,584908800,1.103978e+16,5.619502,5.640904,5.604006
35800,586547200,1.107071e+16,5.656212,5.642807,5.605699
35900,588185600,1.110163e+16,5.657850,5.644547,5.609932
36000,589824000,1.113256e+16,5.650863,5.642514,5.602713
36100,591462400,1.116348e+16,5.633510,5.640979,5.605063
36200,593100800,1.119440e+16,5.637586,5.636969,5.597748
36300,594739200,1.122533e+16,5.638819,5.640377,5.601342
36400,596377600,1.125625e+16,5.636854,5.633183,5.591325
36500,598016000,1.128717e+16,5.609075,5.631255,5.588835
36600,599654400,1.131810e+16,5.617677,5.636603,5.591408
36700,601292800,1.134902e+16,5.629273,5.636516,5.594011
36800,602931200,1.137995e+16,5.635940,5.626323,5.586600
36900,604569600,1.141087e+16,5.622422,5.629809,5.587137
37000,606208000,1.144179e+16,5.628515,5.641582,5.591953
37100,607846400,1.147272e+16,5.610353,5.626677,5.582833
37200,609484800,1.150364e+16,5.597189,5.616986,5.575785
37300,611123200,1.153456e+16,5.612967,5.623980,5.581603
37400,612761600,1.156549e+16,5.605712,5.615129,5.573608
37500,614400000,1.159641e+16,5.574247,5.614071,5.570872
37600,616038400,1.162734e+16,5.577277,5.617832,5.575129
37700,617676800,1.165826e+16,5.599713,5.616996,5.573030
37800,619315200,1.168918e+16,5.580220,5.610663,5.565184
37900,620953600,1.172011e+16,5.598545,5.618248,5.572702
38000,622592000,1.175103e+16,5.603333,5.607976,5.563192
38100,624230400,1.178195e+16,5.595175,5.608329,5.563220
38200,625868800,1.181288e+16,5.607349,5.614315,5.569357
38300,627507200,1.184380e+16,5.599420,5.602044,5.557995
38400,629145600,1.187473e+16,5.618798,5.598837,5.555782
38500,630784000,1.190565e+16,5.605607,5.601986,5.562626
38600,632422400,1.193657e+16,5.597243,5.600210,5.553061
38700,634060800,1.196750e+16,5.577648,5.593662,5.548659
38800,635699200,1.199842e+16,5.608294,5.604467,5.557733
38900,637337600,1.202934e+16,5.579759,5.587874,5.546115
39000,638976000,1.206027e+16,5.589986,5.587660,5.543549
39100,640614400,1.209119e+16,5.583406,5.586818,5.547438
39200,642252800,1.212212e+16,5.581161,5.585183,5.541108
39300,643891200,1.215304e+16,5.600845,5.583486,5.542196
39400,645529600,1.218396e+16,5.552799,5.584461,5.540945
39500,647168000,1.221489e+16,5.564095,5.580770,5.543401
39600,648806400,1.224581e+16,5.583531,5.574587,5.534277
39700,650444800,1.227673e+16,5.566512,5.573604,5.533575
39800,652083200,1.230766e+16,5.557115,5.577280,5.533688
39900,653721600,1.233858e+16,5.571032,5.575447,5.534062
40000,655360000,1.236951e+16,5.590271,5.567617,5.529709
40100,656998400,1.240043e+16,5.561414,5.574851,5.529786
40200,658636800,1.243135e+16,5.564809,5.573754,5.531444
40300,660275200,1.246228e+16,5.549414,5.577427,5.530950
40400,661913600,1.249320e+16,5.570995,5.569671,5.525100
40500,663552000,1.252412e+16,5.567533,5.567959,5.523328
40600,665190400,1.255505e+16,5.584572,5.563802,5.520848
40700,666828800,1.258597e+16,5.566596,5.562340,5.521195
40800,668467200,1.261690e+16,5.570540,5.560860,5.520433
40900,670105600,1.264782e+16,5.568906,5.559918,5.515066
41000,671744000,1.267874e+16,5.570332,5.561551,5.518211
41100,673382400,1.270967e+16,5.555257,5.558547,5.516256
41200,675020800,1.274059e+16,5.563888,5.560001,5.511510
41300,676659200,1.277151e+16,5.558877,5.547726,5.508871
41400,678297600,1.280244e+16,5.563231,5.556074,5.507307
41500,679936000,1.283336e+16,5.554884,5.554088,5.509301
41600,681574400,1.286429e+16,5.563546,5.553427,5.509725
41700,683212800,1.289521e+16,5.537693,5.550731,5.509667
41800,684851200,1.292613e+16,5.544146,5.546768,5.506496
41900,686489600,1.295706e+16,5.562082,5.542876,5.501037
42000,688128000,1.298798e+16,5.550994,5.544658,5.504981
42100,689766400,1.301890e+16,5.533405,5.534568,5.493376
42200,691404800,1.304983e+16,5.545333,5.537777,5.495351
42300,693043200,1.308075e+16,5.510141,5.536497,5.494286
42400,694681600,1.311168e+16,5.522063,5.541182,5.496362
42500,696320000,1.314260e+16,5.530856,5.535141,5.491532
42600,697958400,1.317352e+16,5.543361,5.537813,5.494480
42700,699596800,1.320445e+16,5.504675,5.537954,5.490782
42800,701235200,1.323537e+16,5.523242,5.534929,5.492098
42900,702873600,1.326629e+16,5.520503,5.528319,5.487845
43000,704512000,1.329722e+16,5.521371,5.525477,5.486324
43100,706150400,1.332814e+16,5.527608,5.522581,5.481321
43200,707788800,1.335907e+16,5.517260,5.528849,5.485140
43300,709427200,1.338999e+16,5.539416,5.521788,5.476063
43400,711065600,1.342091e+16,5.508503,5.520763,5.476524
43500,712704000,1.345184e+16,5.518530,5.528713,5.477378
43600,714342400,1.348276e+16,5.521380,5.522801,5.477932
43700,715980800,1.351369e+16,5.512933,5.522008,5.473966
43800,717619200,1.354461e+16,5.505155,5.526563,5.478615
43900,719257600,1.357553e+16,5.499608,5.523252,5.478604
44000,720896000,1.360646e+16,5.515999,5.521775,5.476944
44100,722534400,1.363738e+16,5.505224,5.510468,5.466408
44200,724172800,1.366830e+16,5.516708,5.520274,5.473738
44300,725811200,1.369923e+16,5.509084,5.521461,5.476792
44400,727449600,1.373015e+16,5.520112,5.515018,5.470626
44500,729088000,1.376108e+16,5.520948,5.511647,5.464894
44600,730726400,1.379200e+16,5.494062,5.507228,5.464572
44700,732364800,1.382292e+16,5.496407,5.506344,5.463064
44800,734003200,1.385385e+16,5.481986,5.500670,5.460420
44900,735641600,1.388477e+16,5.493295,5.494849,5.453650
45000,737280000,1.391569e+16,5.506159,5.499194,5.456379
45100,738918400,1.394662e+16,5.491977,5.496640,5.455965
45200,740556800,1.397754e+16,5.487524,5.499838,5.456839
45300,742195200,1.400847e+16,5.503110,5.500460,5.455798
45400,743833600,1.403939e+16,5.481147,5.495983,5.454830
45500,745472000,1.407031e+16,5.483601,5.493526,5.452540
45600,747110400,1.410124e+16,5.456723,5.495228,5.452998
45700,748748800,1.413216e+16,5.463600,5.487642,5.448265
45800,750387200,1.416308e+16,5.481085,5.493417,5.450053
45900,752025600,1.419401e+16,5.471886,5.484777,5.445493
46000,753664000,1.422493e+16,5.465870,5.490415,5.447391
46100,755302400,1.425586e+16,5.443351,5.486702,5.443969
46200,756940800,1.428678e+16,5.486885,5.479417,5.439892
46300,758579200,1.431770e+16,5.467010,5.484140,5.436151
46400,760217600,1.434863e+16,5.458701,5.482584,5.437586
46500,761856000,1.437955e+16,5.450584,5.480342,5.432074
46600,763494400,1.441047e+16,5.469220,5.484265,5.437499
46700,765132800,1.444140e+16,5.441075,5.484085,5.435895
46800,766771200,1.447232e+16,5.468106,5.476314,5.432345
46900,768409600,1.450325e+16,5.450528,5.476153,5.430428
47000,770048000,1.453417e+16,5.480935,5.481386,5.432566
47100,771686400,1.456509e+16,5.477170,5.470400,5.422020
47200,773324800,1.459602e+16,5.449430,5.468928,5.426496
47300,774963200,1.462694e+16,5.446795,5.464045,5.421731
47400,776601600,1.465786e+16,5.464182,5.470888,5.425685
47500,778240000,1.468879e+16,5.456572,5.468852,5.419078
47600,779878400,1.471971e+16,5.473418,5.469682,5.421189
47700,781516800,1.475064e+16,5.494625,5.466321,5.421487
47800,783155200,1.478156e+16,5.459981,5.462037,5.416787
47900,784793600,1.481248e+16,5.427954,5.459218,5.414659
48000,786432000,1.484341e+16,5.439319,5.466600,5.418269
48100,788070400,1.487433e+16,5.455559,5.463827,5.420082
48200,789708800,1.490525e+16,5.464066,5.454322,5.408121
48300,791347200,1.493618e+16,5.438516,5.459753,5.415172
48400,792985600,1.496710e+16,5.437950,5.461271,5.411415
48500,794624000,1.499803e+16,5.478135,5.461468,5.409294
48600,796262400,1.502895e+16,5.443390,5.446840,5.399480
48700,797900800,1.505987e+16,5.446939,5.458801,5.406315
48800,799539200,1.509080e+16,5.436712,5.456880,5.405787
48900,801177600,1.512172e+16,5.436999,5.446226,5.404600
49000,802816000,1.515264e+16,5.444660,5.453860,5.403929
49100,804454400,1.518357e+16,5.429043,5.443523,5.399363
49200,806092800,1.521449e+16,5.420014,5.444739,5.393703
49300,807731200,1.524542e+16,5.427679,5.446937,5.400202
49400,809369600,1.527634e+16,5.433548,5.441506,5.395648
49500,811008000,1.530726e+16,5.436916,5.437883,5.389693
49600,812646400,1.533819e+16,5.418684,5.431100,5.384647
49700,814284800,1.536911e+16,5.411004,5.435005,5.391336
49800,815923200,1.540003e+16,5.428853,5.434120,5.389342
49900,817561600,1.543096e+16,5.434853,5.434751,5.389584
50000,819200000,1.546188e+16,5.430562,5.432696,5.382174
50100,820838400,1.549281e+16,5.426895,5.430139,5.382220
50200,822476800,1.552373e+16,5.430398,5.437012,5.387717
50300,824115200,1.555465e+16,5.415113,5.431584,5.381815
50400,825753600,1.558558e+16,5.431127,5.433675,5.382867
50500,827392000,1.561650e+16,5.408888,5.425673,5.379801
50600,829030400,1.564742e+16,5.389670,5.421591,5.379623
50700,830668800,1.567835e+16,5.414368,5.428024,5.379700
50800,832307200,1.570927e+16,5.410731,5.430680,5.386486
50900,833945600,1.574020e+16,5.437401,5.416239,5.368977
51000,835584000,1.577112e+16,5.413583,5.418066,5.372493
51100,837222400,1.580204e+16,5.418263,5.420347,5.372990
51200,838860800,1.583297e+16,5.415452,5.418898,5.370150
51300,840499200,1.586389e+16,5.411480,5.419324,5.372843
51400,842137600,1.589481e+16,5.389509,5.413455,5.370576
51500,843776000,1.592574e+16,5.412547,5.411781,5.368215
51600,845414400,1.595666e+16,5.409878,5.407563,5.362766
51700,847052800,1.598759e+16,5.408674,5.402210,5.360726
51800,848691200,1.601851e+16,5.406722,5.404377,5.361229
51900,850329600,1.604943e+16,5.406310,5.406157,5.359514
52000,851968000,1.608036e+16,5.370413,5.405193,5.363801
52100,853606400,1.611128e+16,5.377141,5.406739,5.358744
52200,855244800,1.614221e+16,5.372315,5.399213,5.354929
52300,856883200,1.617313e+16,5.388813,5.400289,5.359597
52400,858521600,1.620405e+16,5.379201,5.405857,5.358405
52500,860160000,1.623498e+16,5.418415,5.402479,5.354389
52600,861798400,1.626590e+16,5.375771,5.390401,5.348759
52700,863436800,1.629682e+16,5.435227,5.397262,5.347183
52800,865075200,1.632775e+16,5.400068,5.391879,5.344720
52900,866713600,1.635867e+16,5.387460,5.392426,5.347852
53000,868352000,1.638960e+16,5.376215,5.393140,5.348226
53100,869990400,1.642052e+16,5.374887,5.392055,5.348656
53200,871628800,1.645144e+16,5.364866,5.388487,5.344286
53300,873267200,1.648237e+16,5.383820,5.385104,5.338555
53400,874905600,1.651329e+16,5.381137,5.386772,5.339965
53500,876544000,1.654421e+16,5.384261,5.383793,5.340579
53600,878182400,1.657514e+16,5.390004,5.383928,5.340741
53700,879820800,1.660606e+16,5.393662,5.381150,5.334666
53800,881459200,1.663699e+16,5.384337,5.381712,5.338737
53900,883097600,1.666791e+16,5.391264,5.372718,5.329704
54000,884736000,1.669883e+16,5.349379,5.372728,5.330829
54100,886374400,1.672976e+16,5.375071,5.374104,5.330997
54200,888012800,1.676068e+16,5.378559,5.378314,5.333981
54300,889651200,1.679160e+16,5.358867,5.372364,5.330652
54400,891289600,1.682253e+16,5.370571,5.375198,5.332070
54500,892928000,1.685345e+16,5.352637,5.368934,5.326338
54600,894566400,1.688438e+16,5.367665,5.369630,5.326247
54700,896204800,1.691530e+16,5.331964,5.374376,5.329942
54800,897843200,1.694622e+16,5.383110,5.371321,5.325488
54900,899481600,1.697715e+16,5.352550,5.368001,5.319251
55000,901120000,1.700807e+16,5.345444,5.365131,5.317978
55100,902758400,1.703899e+16,5.360325,5.366348,5.318488
55200,904396800,1.706992e+16,5.354536,5.364404,5.316618
55300,906035200,1.710084e+16,5.363704,5.361118,5.314964
55400,907673600,1.713177e+16,5.348226,5.364205,5.313348
55500,909312000,1.716269e+16,5.332963,5.366295,5.320161
55600,910950400,1.719361e+16,5.342819,5.362745,5.316221
55700,912588800,1.722454e+16,5.375109,5.364236,5.314119
55800,914227200,1.725546e+16,5.347506,5.358699,5.311474
55900,915865600,1.728638e+16,5.368361,5.360782,5.313369
56000,917504000,1.731731e+16,5.352408,5.357807,5.308336
56100,919142400,1.734823e+16,5.342519,5.349904,5.306234
56200,920780800,1.737916e+16,5.312950,5.354855,5.309591
56300,922419200,1.741008e+16,5.335880,5.353175,5.305376
56400,924057600,1.744100e+16,5.339085,5.352318,5.304547
56500,925696000,1.747193e+16,5.312436,5.345759,5.299477
56600,927334400,1.750285e+16,5.322179,5.340994,5.295501
56700,928972800,1.753377e+16,5.328646,5.340554,5.296412
56800,930611200,1.756470e+16,5.346638,5.339881,5.294490
56900,932249600,1.759562e+16,5.316145,5.338276,5.294440
57000,933888000,1.762655e+16,5.326161,5.337750,5.297401
57100,935526400,1.765747e+16,5.334766,5.335703,5.293893
57200,937164800,1.768839e+16,5.319118,5.331274,5.291129
57300,938803200,1.771932e+16,5.325000,5.333367,5.287827
57400,940441600,1.775024e+16,5.352044,5.333760,5.292168
57500,942080000,1.778116e+16,5.330597,5.334231,5.292887
57600,943718400,1.781209e+16,5.315044,5.328725,5.290346
57700,945356800,1.784301e+16,5.327650,5.321849,5.284331
57800,946995200,1.787394e+16,5.306578,5.329787,5.288819
57900,948633600,1.790486e+16,5.317883,5.324858,5.284426
58000,950272000,1.793578e+16,5.321938,5.324398,5.288364
58100,951910400,1.796671e+16,5.312533,5.321998,5.288659
58200,953548800,1.799763e+16,5.303105,5.318947,5.283926
58300,955187200,1.802855e+16,5.312888,5.317819,5.282686
58400,956825600,1.805948e+16,5.300842,5.319375,5.280212
58500,958464000,1.809040e+16,5.310501,5.317145,5.275995
58600,960102400,1.812133e+16,5.305292,5.317901,5.276523
58700,961740800,1.815225e+16,5.315378,5.319361,5.274530
58800,963379200,1.818317e+16,5.301157,5.315187,5.268200
58900,965017600,1.821410e+16,5.299931,5.313407,5.268287
59000,966656000,1.824502e+16,5.311100,5.316725,5.271785
59100,968294400,1.827594e+16,5.313694,5.311285,5.271674
59200,969932800,1.830687e+16,5.287520,5.315057,5.270484
59300,971571200,1.833779e+16,5.308072,5.316873,5.269559
59400,973209600,1.836872e+16,5.291577,5.306194,5.261195
59500,974848000,1.839964e+16,5.307201,5.304164,5.258518
59600,976486400,1.843056e+16,5.292749,5.316763,5.267602
59700,978124800,1.846149e+16,5.305203,5.304824,5.257115
59800,979763200,1.849241e+16,5.302392,5.304189,5.260227
59900,981401600,1.852333e+16,5.320826,5.307680,5.261471
60000,983040000,1.855426e+16,5.302584,5.303044,5.258780
60100,984678400,1.858518e+16,5.297005,5.300776,5.258098
60200,986316800,1.861611e+16,5.279572,5.299005,5.253294
60300,987955200,1.864703e+16,5.273973,5.298374,5.254895
60400,989593600,1.867795e+16,5.284634,5.301467,5.256630
60500,991232000,1.870888e+16,5.296551,5.298305,5.257727
60600,992870400,1.873980e+16,5.312256,5.296218,5.253007
60700,994508800,1.877073e+16,5.293740,5.301159,5.252705
60800,996147200,1.880165e+16,5.265535,5.297846,5.256927
60900,997785600,1.883257e+16,5.276085,5.291451,5.249627
61000,999424000,1.886350e+16,5.281395,5.285690,5.245217
61100,1001062400,1.889442e+16,5.319382,5.286366,5.246921
61200,1002700800,1.892534e+16,5.276509,5.287384,5.243597
61300,1004339200,1.895627e+16,5.298268,5.292112,5.245683
61400,1005977600,1.898719e+16,5.275879,5.296632,5.253794
61500,1007616000,1.901812e+16,5.269236,5.288254,5.245410
61600,1009254400,1.904904e+16,5.284599,5.289915,5.242814
61700,1010892800,1.907996e+16,5.274841,5.283887,5.241293
61800,1012531200,1.911089e+16,5.269827,5.290327,5.245706
61900,1014169600,1.914181e+16,5.262337,5.286722,5.240630
62000,1015808000,1.917273e+16,5.286320,5.284796,5.239469
62100,1017446400,1.920366e+16,5.264385,5.278548,5.234039
62200,1019084800,1.923458e+16,5.247999,5.283218,5.236258
62300,1020723200,1.926551e+16,5.269007,5.275938,5.230667
62400,1022361600,1.929643e+16,5.245183,5.277387,5.232283
62500,1024000000,1.932735e+16,5.266759,5.278001,5.230119
62600,1025638400,1.935828e+16,5.255233,5.274347,5.229002
62700,1027276800,1.938920e+16,5.252080,5.281846,5.233300
62800,1028915200,1.942012e+16,5.257385,5.279114,5.228487
62900,1030553600,1.945105e+16,5.266572,5.280953,5.232047
63000,1032192000,1.948197e+16,5.268570,5.276147,5.226819
63100,1033830400,1.951290e+16,5.260068,5.272925,5.224285
63200,1035468800,1.954382e+16,5.258001,5.277557,5.224161
63300,1037107200,1.957474e+16,5.284142,5.277151,5.227126
63400,1038745600,1.960567e+16,5.258341,5.272312,5.222213
63500,1040384000,1.963659e+16,5.251773,5.271992,5.221925
63600,1042022400,1.966751e+16,5.245861,5.273024,5.218756
63700,1043660800,1.969844e+16,5.267415,5.269158,5.218190
63800,1045299200,1.972936e+16,5.261736,5.270972,5.218149
63900,1046937600,1.976029e+16,5.259094,5.268701,5.216377
64000,1048576000,1.979121e+16,5.250225,5.263434,5.212793
64100,1050214400,1.982213e+16,5.229927,5.271087,5.216188
64200,1051852800,1.985306e+16,5.252375,5.263273,5.211909
64300,1053491200,1.988398e+16,5.232212,5.257065,5.209456
64400,1055129600,1.991490e+16,5.240451,5.266106,5.215420
64500,1056768000,1.994583e+16,5.248397,5.259013,5.211751
64600,1058406400,1.997675e+16,5.237278,5.257884,5.203076
64700,1060044800,2.000768e+16,5.245678,5.259162,5.207480
64800,1061683200,2.003860e+16,5.223226,5.257514,5.204837
64900,1063321600,2.006952e+16,5.263294,5.248196,5.202315
65000,1064960000,2.010045e+16,5.221271,5.253097,5.200973
65100,1066598400,2.013137e+16,5.239294,5.249200,5.204279
65200,1068236800,2.016229e+16,5.242555,5.257133,5.206546
65300,1069875200,2.019322e+16,5.266132,5.257576,5.205026
65400,1071513600,2.022414e+16,5.249815,5.248369,5.201453
65500,1073152000,2.025507e+16,5.231670,5.238919,5.193582
65600,1074790400,2.028599e+16,5.260431,5.241257,5.196478
65700,1076428800,2.031691e+16,5.221560,5.245189,5.195756
65800,1078067200,2.034784e+16,5.243457,5.250716,5.198460
65900,1079705600,2.037876e+16,5.220215,5.245586,5.196834
66000,1081344000,2.040968e+16,5.245027,5.244907,5.195329
66100,1082982400,2.044061e+16,5.234522,5.248487,5.196068
66200,1084620800,2.047153e+16,5.231978,5.243758,5.191591
66300,1086259200,2.050246e+16,5.219838,5.237457,5.187110
66400,1087897600,2.053338e+16,5.204532,5.236672,5.192354
66500,1089536000,2.056430e+16,5.206425,5.236354,5.193209
66600,1091174400,2.059523e+16,5.232521,5.238291,5.188707
66700,1092812800,2.062615e+16,5.208076,5.234794,5.185112
66800,1094451200,2.065707e+16,5.232098,5.232152,5.187052
66900,1096089600,2.068800e+16,5.224568,5.232362,5.185567
67000,1097728000,2.071892e+16,5.215654,5.226237,5.178243
67100,1099366400,2.074985e+16,5.185370,5.229032,5.180796
67200,1101004800,2.078077e+16,5.208842,5.231698,5.182309
67300,1102643200,2.081169e+16,5.226673,5.227377,5.179352
67400,1104281600,2.084262e+16,5.212719,5.229615,5.181089
67500,1105920000,2.087354e+16,5.186524,5.227451,5.177201
67600,1107558400,2.090446e+16,5.204232,5.226567,5.176299
67700,1109196800,2.093539e+16,5.203983,5.219643,5.171002
67800,1110835200,2.096631e+16,5.204511,5.226006,5.174150
67900,1112473600,2.099724e+16,5.200090,5.219299,5.172973
68000,1114112000,2.102816e+16,5.195767,5.219880,5.170737
68100,1115750400,2.105908e+16,5.210983,5.227075,5.175245
68200,1117388800,2.109001e+16,5.201381,5.221509,5.172247
68300,1119027200,2.112093e+16,5.218506,5.214766,5.165825
68400,1120665600,2.115185e+16,5.203999,5.218091,5.169538
68500,1122304000,2.118278e+16,5.198558,5.213024,5.163945
68600,1123942400,2.121370e+16,5.189980,5.211651,5.161885
68700,1125580800,2.124463e+16,5.208016,5.212927,5.165892
68800,1127219200,2.127555e+16,5.220010,5.214133,5.161122
68900,1128857600,2.130647e+16,5.184981,5.213230,5.164020
69000,1130496000,2.133740e+16,5.209042,5.207706,5.161289
69100,1132134400,2.136832e+16,5.212276,5.204830,5.157367
69200,1133772800,2.139925e+16,5.212315,5.205417,5.157751
69300,1135411200,2.143017e+16,5.198856,5.205063,5.156285
69400,1137049600,2.146109e+16,5.172322,5.210538,5.158210
69500,1138688000,2.149202e+16,5.179728,5.208022,5.158972
69600,1140326400,2.152294e+16,5.193465,5.202773,5.156422
69700,1141964800,2.155386e+16,5.208543,5.201844,5.153453
69800,1143603200,2.158479e+16,5.186008,5.199994,5.151655
69900,1145241600,2.161571e+16,5.199061,5.202356,5.151601
70000,1146880000,2.164664e+16,5.208574,5.203350,5.151447
70100,1148518400,2.167756e+16,5.158916,5.208199,5.155052
70200,1150156800,2.170848e+16,5.182789,5.200046,5.149642
70300,1151795200,2.173941e+16,5.201591,5.198532,5.150529
70400,1153433600,2.177033e+16,5.200085,5.197969,5.148337
70500,1155072000,2.180125e+16,5.167609,5.198216,5.146951
70600,1156710400,2.183218e+16,5.186729,5.201984,5.149253
70700,1158348800,2.186310e+16,5.180590,5.194909,5.144135
70800,1159987200,2.189403e+16,5.167705,5.197642,5.141639
70900,1161625600,2.192495e+16,5.168917,5.200412,5.142975
71000,1163264000,2.195587e+16,5.168199,5.197226,5.141887
71100,1164902400,2.198680e+16,5.167522,5.192227,5.140829
71200,1166540800,2.201772e+16,5.172987,5.195734,5.146427
71300,1168179200,2.204864e+16,5.160518,5.188206,5.141008
71400,1169817600,2.207957e+16,5.165394,5.184925,5.139868
71500,1171456000,2.211049e+16,5.188375,5.185703,5.140412
71600,1173094400,2.214142e+16,5.163070,5.189857,5.139075
71700,1174732800,2.217234e+16,5.167047,5.184946,5.137197
71800,1176371200,2.220326e+16,5.175024,5.188355,5.136900
71900,1178009600,2.223419e+16,5.155229,5.180130,5.131640
72000,1179648000,2.226511e+16,5.162686,5.178575,5.130431
72100,1181286400,2.229603e+16,5.159601,5.178983,5.129706
72200,1182924800,2.232696e+16,5.159118,5.168320,5.123359
72300,1184563200,2.235788e+16,5.158506,5.172835,5.125645
72400,1186201600,2.238881e+16,5.176737,5.178498,5.129288
72500,1187840000,2.241973e+16,5.147879,5.174489,5.127820
72600,1189478400,2.245065e+16,5.172790,5.172799,5.126066
72700,1191116800,2.248158e+16,5.155264,5.171859,5.120593
72800,1192755200,2.251250e+16,5.121535,5.173356,5.123854
72900,1194393600,2.254342e+16,5.131085,5.168648,5.119857
73000,1196032000,2.257435e+16,5.148038,5.169360,5.120705
73100,1197670400,2.260527e+16,5.173809,5.166947,5.120040
73200,1199308800,2.263620e+16,5.150177,5.164405,5.116867
73300,1200947200,2.266712e+16,5.154302,5.165051,5.118621
73400,1202585600,2.269804e+16,5.143081,5.169078,5.122744
73500,1204224000,2.272897e+16,5.151426,5.159763,5.115514
73600,1205862400,2.275989e+16,5.141040,5.161756,5.116559
73700,1207500800,2.279081e+16,5.163703,5.165597,5.118258
73800,1209139200,2.282174e+16,5.119485,5.163217,5.118135
73900,1210777600,2.285266e+16,5.136464,5.163541,5.116301
74000,1212416000,2.288359e+16,5.145471,5.156773,5.112630
74100,1214054400,2.291451e+16,5.127258,5.161701,5.112463
74200,1215692800,2.294543e+16,5.153884,5.159713,5.111941
74300,1217331200,2.297636e+16,5.142020,5.155741,5.110054
74400,1218969600,2.300728e+16,5.154459,5.159689,5.112345
74500,1220608000,2.303820e+16,5.157345,5.162974,5.114653
74600,1222246400,2.306913e+16,5.140559,5.160348,5.111651
74700,1223884800,2.310005e+16,5.126935,5.156970,5.107395
74800,1225523200,2.313098e+16,5.117896,5.153639,5.105463
74900,1227161600,2.316190e+16,5.138719,5.151101,5.101023
75000,1228800000,2.319282e+16,5.149523,5.155507,5.102807
75100,1230438400,2.322375e+16,5.140471,5.152426,5.102770
75200,1232076800,2.325467e+16,5.121850,5.160409,5.104124
75300,1233715200,2.328559e+16,5.144717,5.154028,5.101805
75400,1235353600,2.331652e+16,5.136509,5.148584,5.101418
75500,1236992000,2.334744e+16,5.163638,5.143947,5.095160
75600,1238630400,2.337837e+16,5.153736,5.150356,5.099884
75700,1240268800,2.340929e+16,5.139848,5.152858,5.101737
75800,1241907200,2.344021e+16,5.142974,5.150034,5.095229
75900,1243545600,2.347114e+16,5.131628,5.153985,5.096591
76000,1245184000,2.350206e+16,5.144591,5.144934,5.092501
76100,1246822400,2.353298e+16,5.132511,5.144932,5.094874
76200,1248460800,2.356391e+16,5.134717,5.140060,5.088760
76300,1250099200,2.359483e+16,5.112310,5.143876,5.089930
76400,1251737600,2.362576e+16,5.127456,5.141201,5.088468
76500,1253376000,2.365668e+16,5.124463,5.137153,5.083849
76600,1255014400,2.368760e+16,5.120555,5.138645,5.085070
76700,1256652800,2.371853e+16,5.131528,5.137421,5.083284
76800,1258291200,2.374945e+16,5.125377,5.145461,5.086855
76900,1259929600,2.378037e+16,5.121479,5.141276,5.082321
77000,1261568000,2.381130e+16,5.104573,5.145816,5.085936
77100,1263206400,2.384222e+16,5.142622,5.140047,5.085108
77200,1264844800,2.387315e+16,5.118922,5.136811,5.083546
77300,1266483200,2.390407e+16,5.106740,5.129494,5.078490
77400,1268121600,2.393499e+16,5.110796,5.134141,5.081820
77500,1269760000,2.396592e+16,5.103983,5.134021,5.082422
77600,1271398400,2.399684e+16,5.111907,5.135857,5.082885
77700,1273036800,2.402777e+16,5.119528,5.125360,5.075984
77800,1274675200,2.405869e+16,5.131817,5.130187,5.078864
77900,1276313600,2.408961e+16,5.096159,5.133657,5.077274
78000,1277952000,2.412054e+16,5.104960,5.129470,5.078637
78100,1279590400,2.415146e+16,5.093206,5.135316,5.077759
78200,1281228800,2.418238e+16,5.128210,5.131576,5.076769
78300,1282867200,2.421331e+16,5.115797,5.123262,5.071463
78400,1284505600,2.424423e+16,5.120081,5.126538,5.074480
78500,1286144000,2.427516e+16,5.121048,5.132088,5.075198
78600,1287782400,2.430608e+16,5.109853,5.129171,5.073866
78700,1289420800,2.433700e+16,5.139721,5.121158,5.071116
78800,1291059200,2.436793e+16,5.097508,5.124490,5.075031
78900,1292697600,2.439885e+16,5.099356,5.122054,5.071563
79000,1294336000,2.442977e+16,5.109358,5.122447,5.072819
79100,1295974400,2.446070e+16,5.103189,5.120363,5.069530
79200,1297612800,2.449162e+16,5.097649,5.122848,5.068912
79300,1299251200,2.452255e+16,5.098192,5.116278,5.062096
79400,1300889600,2.455347e+16,5.108788,5.116825,5.068438
79500,1302528000,2.458439e+16,5.087068,5.121055,5.070095
79600,1304166400,2.461532e+16,5.091007,5.114750,5.067562
79700,1305804800,2.464624e+16,5.092898,5.111647,5.066793
79800,1307443200,2.467716e+16,5.075234,5.111563,5.063954
79900,1309081600,2.470809e+16,5.077415,5.116556,5.063393
80000,1310720000,2.473901e+16,5.094437,5.112392,5.064369
80100,1312358400,2.476994e+16,5.092066,5.116113,5.064258
80200,1313996800,2.480086e+16,5.099147,5.108535,5.057265
80300,1315635200,2.483178e+16,5.090738,5.110594,5.058591
80400,1317273600,2.486271e+16,5.086871,5.108578,5.061252
80500,1318912000,2.489363e+16,5.097733,5.104472,5.054914
80600,1320550400,2.492455e+16,5.095244,5.103549,5.056665
80700,1322188800,2.495548e+16,5.107680,5.104552,5.055180
80800,1323827200,2.498640e+16,5.105954,5.105525,5.054874
80900,1325465600,2.501733e+16,5.085488,5.107233,5.059073
81000,1327104000,2.504825e+16,5.092143,5.104454,5.053680
81100,1328742400,2.507917e+16,5.099563,5.104997,5.052255
81200,1330380800,2.511010e+16,5.097072,5.103644,5.053437
81300,1332019200,2.514102e+16,5.071313,5.100637,5.047735
81400,1333657600,2.517194e+16,5.092242,5.108659,5.055001
81500,1335296000,2.520287e+16,5.093940,5.101992,5.053717
81600,1336934400,2.523379e+16,5.085065,5.100051,5.050417
81700,1338572800,2.526472e+16,5.080321,5.099169,5.048614
81800,1340211200,2.529564e+16,5.082199,5.099520,5.045296
81900,1341849600,2.532656e+16,5.075341,5.093509,5.041598
82000,1343488000,2.535749e+16,5.062245,5.095533,5.043501
82100,1345126400,2.538841e+16,5.078925,5.095642,5.042828
82200,1346764800,2.541933e+16,5.088600,5.090457,5.040399
82300,1348403200,2.545026e+16,5.063601,5.088587,5.038775
82400,1350041600,2.548118e+16,5.088205,5.091445,5.039154
82500,1351680000,2.551211e+16,5.086952,5.089242,5.041180
82600,1353318400,2.554303e+16,5.095761,5.092936,5.041426
82700,1354956800,2.557395e+16,5.068657,5.086233,5.039874
82800,1356595200,2.560488e+16,5.071964,5.085741,5.037566
82900,1358233600,2.563580e+16,5.080874,5.085212,5.033160
83000,1359872000,2.566672e+16,5.071823,5.077776,5.032772
83100,1361510400,2.569765e+16,5.089545,5.089274,5.039949
83200,1363148800,2.572857e+16,5.058865,5.077775,5.032726
83300,1364787200,2.575950e+16,5.094799,5.082022,5.034549
83400,1366425600,2.579042e+16,5.076211,5.079541,5.033679
83500,1368064000,2.582134e+16,5.085585,5.078117,5.029186
83600,1369702400,2.585227e+16,5.056604,5.080532,5.029458
83700,1371340800,2.588319e+16,5.072397,5.080298,5.031060
83800,1372979200,2.591411e+16,5.072726,5.076194,5.029723
83900,1374617600,2.594504e+16,5.051231,5.074473,5.025247
84000,1376256000,2.597596e+16,5.045528,5.075070,5.025377
84100,1377894400,2.600689e+16,5.070675,5.077241,5.024068
84200,1379532800,2.603781e+16,5.072267,5.079067,5.027457
84300,1381171200,2.606873e+16,5.067575,5.075956,5.022701
84400,1382809600,2.609966e+16,5.066682,5.072695,5.022212
84500,1384448000,2.613058e+16,5.056534,5.073891,5.024168
84600,1386086400,2.616150e+16,5.043979,5.068847,5.015879
84700,1387724800,2.619243e+16,5.031087,5.073890,5.020211
84800,1389363200,2.622335e+16,5.040743,5.074066,5.020730
84900,1391001600,2.625428e+16,5.056470,5.065322,5.015239
85000,1392640000,2.628520e+16,5.051701,5.069394,5.017480
85100,1394278400,2.631612e+16,5.047591,5.064414,5.011642
85200,1395916800,2.634705e+16,5.046309,5.063772,5.012608
85300,1397555200,2.637797e+16,5.084232,5.063757,5.015328
85400,1399193600,2.640889e+16,5.052323,5.064299,5.011702
85500,1400832000,2.643982e+16,5.028757,5.065368,5.011820
85600,1402470400,2.647074e+16,5.049537,5.059915,5.011076
85700,1404108800,2.650167e+16,5.056577,5.057786,5.008452
85800,1405747200,2.653259e+16,5.051285,5.062640,5.012649
85900,1407385600,2.656351e+16,5.045447,5.065913,5.012240
86000,1409024000,2.659444e+16,5.061412,5.057384,5.006055
86100,1410662400,2.662536e+16,5.073301,5.064480,5.010723
86200,1412300800,2.665629e+16,5.047832,5.054885,5.007532
86300,1413939200,2.668721e+16,5.032349,5.061394,5.008348
86400,1415577600,2.671813e+16,5.034902,5.055304,5.003479
86500,1417216000,2.674906e+16,5.042970,5.052265,5.000730
86600,1418854400,2.677998e+16,5.020865,5.059620,5.006902
86700,1420492800,2.681090e+16,5.031155,5.057971,5.005372
86800,1422131200,2.684183e+16,5.033100,5.051502,5.004756
86900,1423769600,2.687275e+16,5.048852,5.048220,5.001053
87000,1425408000,2.690368e+16,5.053754,5.051842,5.003786
87100,1427046400,2.693460e+16,5.024740,5.055370,5.005537
87200,1428684800,2.696552e+16,5.052699,5.051800,5.004310
87300,1430323200,2.699645e+16,5.036347,5.049263,5.003079
87400,1431961600,2.702737e+16,5.017030,5.049383,5.003699
87500,1433600000,2.705829e+16,5.054066,5.045890,4.997661
87600,1435238400,2.708922e+16,5.028798,5.047163,4.996480
87700,1436876800,2.712014e+16,5.025636,5.046522,4.997995
87800,1438515200,2.715107e+16,5.032671,5.050538,5.001072
87900,1440153600,2.718199e+16,5.029433,5.047914,4.998447
88000,1441792000,2.721291e+16,5.029665,5.046778,4.996444
88100,1443430400,2.724384e+16,5.024687,5.043730,4.992364
88200,1445068800,2.727476e+16,5.037914,5.048298,4.994343
88300,1446707200,2.730568e+16,5.028241,5.044749,4.993006
88400,1448345600,2.733661e+16,5.020787,5.045834,4.992343
88500,1449984000,2.736753e+16,5.016291,5.049689,4.995201
88600,1451622400,2.739846e+16,5.025320,5.046673,4.991671
88700,1453260800,2.742938e+16,5.034243,5.046224,4.990334
88800,1454899200,2.746030e+16,5.046724,5.044635,4.987599
88900,1456537600,2.749123e+16,5.044352,5.036405,4.987345
89000,1458176000,2.752215e+16,5.009460,5.033430,4.984127
89100,1459814400,2.755307e+16,5.022136,5.039374,4.988703
89200,1461452800,2.758400e+16,5.013778,5.044032,4.986854
89300,1463091200,2.761492e+16,5.031550,5.038584,4.986749
89400,1464729600,2.764585e+16,5.008501,5.036049,4.983838
89500,1466368000,2.767677e+16,5.023252,5.043463,4.988368
89600,1468006400,2.770769e+16,5.005951,5.036691,4.984971
89700,1469644800,2.773862e+16,5.000797,5.035131,4.981737
89800,1471283200,2.776954e+16,5.030967,5.032401,4.978069
89900,1472921600,2.780046e+16,5.005434,5.029802,4.979368
90000,1474560000,2.783139e+16,5.001256,5.029388,4.979823
90100,1476198400,2.786231e+16,5.013561,5.031464,4.979843
90200,1477836800,2.789324e+16,5.009903,5.028180,4.979540
90300,1479475200,2.792416e+16,5.023524,5.021548,4.974040
90400,1481113600,2.795508e+16,5.025898,5.032128,4.976933
90500,1482752000,2.798601e+16,5.007874,5.029036,4.977051
90600,1484390400,2.801693e+16,5.010305,5.026853,4.974724
90700,1486028800,2.804785e+16,5.010879,5.020558,4.970032
90800,1487667200,2.807878e+16,5.012391,5.026291,4.972810
90900,1489305600,2.810970e+16,4.984707,5.019035,4.969220
91000,1490944000,2.814063e+16,4.999121,5.018006,4.969087
91100,1492582400,2.817155e+16,5.020767,5.018387,4.970107
91200,1494220800,2.820247e+16,5.020168,5.016840,4.967658
91300,1495859200,2.823340e+16,5.009490,5.012881,4.965832
91400,1497497600,2.826432e+16,4.987561,5.017219,4.964474
91500,1499136000,2.829524e+16,5.009501,5.020387,4.964557
91600,1500774400,2.832617e+16,5.002062,5.021859,4.968138
91700,1502412800,2.835709e+16,4.978914,5.019481,4.966565
91800,1504051200,2.838802e+16,5.000468,5.020512,4.963896
91900,1505689600,2.841894e+16,5.016603,5.012744,4.959033
92000,1507328000,2.844986e+16,4.996627,5.013221,4.959949
92100,1508966400,2.848079e+16,4.985083,5.011629,4.958949
92200,1510604800,2.851171e+16,5.009241,5.009163,4.959984
92300,1512243200,2.854263e+16,5.006969,5.013900,4.962264
92400,1513881600,2.857356e+16,4.986438,5.016364,4.963134
92500,1515520000,2.860448e+16,4.998097,5.014451,4.962752
92600,1517158400,2.863541e+16,4.981419,5.012869,4.958843
92700,1518796800,2.866633e+16,4.966755,5.012927,4.957305
92800,1520435200,2.869725e+16,5.009808,5.007981,4.955547
92900,1522073600,2.872818e+16,5.013769,5.004571,4.954123
93000,1523712000,2.875910e+16,4.994195,5.009706,4.957564
93100,1525350400,2.879002e+16,4.989182,5.006239,4.953095
93200,1526988800,2.882095e+16,4.997241,5.007825,4.953517
93300,1528627200,2.885187e+16,4.988810,5.008086,4.952813
93400,1530265600,2.888280e+16,5.000774,5.001558,4.947694
93500,1531904000,2.891372e+16,4.985244,4.999788,4.948565
93600,1533542400,2.894464e+16,4.998888,5.002357,4.950360
93700,1535180800,2.897557e+16,4.986172,4.999991,4.950674
93800,1536819200,2.900649e+16,5.006382,4.988425,4.945547
93900,1538457600,2.903741e+16,4.987382,4.993704,4.943605
94000,1540096000,2.906834e+16,4.981461,4.999989,4.943832
94100,1541734400,2.909926e+16,4.983966,5.003439,4.949276
94200,1543372800,2.913019e+16,4.983111,4.998161,4.946806
94300,1545011200,2.916111e+16,4.981024,5.001165,4.949220
94400,1546649600,2.919203e+16,4.981962,4.994989,4.942631
94500,1548288000,2.922296e+16,4.974081,4.995154,4.943398
94600,1549926400,2.925388e+16,4.986867,4.991613,4.945227
94700,1551564800,2.928481e+16,4.974272,4.994614,4.944784
94800,1553203200,2.931573e+16,4.986246,4.990323,4.941438
94900,1554841600,2.934665e+16,4.967118,4.989483,4.938977
95000,1556480000,2.937758e+16,4.970072,4.987318,4.941135
95100,1558118400,2.940850e+16,4.966650,4.983319,4.937002
95200,1559756800,2.943942e+16,4.965901,4.986848,4.941007
95300,1561395200,2.947035e+16,4.979676,4.982088,4.934388
95400,1563033600,2.950127e+16,4.962029,4.985108,4.937793
95500,1564672000,2.953220e+16,4.984361,4.982719,4.936385
95600,1566310400,2.956312e+16,4.977097,4.980903,4.934801
95700,1567948800,2.959404e+16,4.968886,4.983177,4.936203
95800,1569587200,2.962497e+16,4.970640,4.985329,4.938215
95900,1571225600,2.965589e+16,4.977408,4.980319,4.934244
96000,1572864000,2.968681e+16,4.972703,4.978985,4.933338
96100,1574502400,2.971774e+16,4.963477,4.978102,4.932936
96200,1576140800,2.974866e+16,4.973011,4.979576,4.937978
96300,1577779200,2.977959e+16,4.953782,4.975888,4.928167
96400,1579417600,2.981051e+16,4.961957,4.975651,4.931397
96500,1581056000,2.984143e+16,4.961101,4.972341,4.929500
96600,1582694400,2.987236e+16,4.962948,4.968220,4.925463
96700,1584332800,2.990328e+16,4.969784,4.968873,4.925836
96800,1585971200,2.993420e+16,4.970087,4.973137,4.927418
96900,1587609600,2.996513e+16,4.963798,4.971498,4.924925
97000,1589248000,2.999605e+16,4.952412,4.965305,4.921773
97100,1590886400,3.002698e+16,4.964481,4.963489,4.920008
97200,1592524800,3.005790e+16,4.947960,4.967905,4.920567
97300,1594163200,3.008882e+16,4.967830,4.961430,4.920022
97400,1595801600,3.011975e+16,4.959390,4.974871,4.927253
97500,1597440000,3.015067e+16,4.970340,4.970143,4.923070
97600,1599078400,3.018159e+16,4.949911,4.969075,4.922260
97700,1600716800,3.021252e+16,4.950130,4.965329,4.917865
97800,1602355200,3.024344e+16,4.950064,4.974779,4.923824
97900,1603993600,3.027437e+16,4.966978,4.967123,4.917328
98000,1605632000,3.030529e+16,4.952459,4.973740,4.921684
98100,1607270400,3.033621e+16,4.983028,4.962997,4.912929
98200,1608908800,3.036714e+16,4.944333,4.956339,4.913205
98300,1610547200,3.039806e+16,4.963841,4.963240,4.914057
98400,1612185600,3.042898e+16,4.953254,4.966329,4.912795
98500,1613824000,3.045991e+16,4.961205,4.962497,4.913033
98600,1615462400,3.049083e+16,4.959288,4.962257,4.913608
98700,1617100800,3.052176e+16,4.956018,4.962000,4.913210
98800,1618739200,3.055268e+16,4.931397,4.955802,4.909300
98900,1620377600,3.058360e+16,4.932098,4.955088,4.909637
99000,1622016000,3.061453e+16,4.969640,4.955077,4.909822
99100,1623654400,3.064545e+16,4.951379,4.954420,4.912916
99200,1625292800,3.067637e+16,4.925178,4.960965,4.913500
99300,1626931200,3.070730e+16,4.936971,4.955159,4.909351
99400,1628569600,3.073822e+16,4.936869,4.957164,4.909509
99500,1630208000,3.076915e+16,4.956404,4.952504,4.905020
99600,1631846400,3.080007e+16,4.966136,4.954021,4.906712
99700,1633484800,3.083099e+16,4.969183,4.950050,4.906232
99800,1635123200,3.086192e+16,4.963689,4.952875,4.906748
99900,1636761600,3.089284e+16,4.970020,4.947774,4.901051
100000,1638400000,3.092376e+16,4.940059,4.947863,4.902152
100100,1640038400,3.095469e+16,4.944596,4.950532,4.903893
100200,1641676800,3.098561e+16,4.938776,4.952031,4.901696
100300,1643315200,3.101654e+16,4.934708,4.955201,4.905038
100400,1644953600,3.104746e+16,4.934017,4.947125,4.900702
100500,1646592000,3.107838e+16,4.921948,4.947831,4.900391
100600,1648230400,3.110931e+16,4.938722,4.947275,4.900239
100700,1649868800,3.114023e+16,4.925351,4.949867,4.898268
100800,1651507200,3.117115e+16,4.942845,4.941965,4.899592
100900,1653145600,3.120208e+16,4.931160,4.941635,4.898804
101000,1654784000,3.123300e+16,4.935898,4.941397,4.900706
101100,1656422400,3.126393e+16,4.927829,4.943480,4.898216
101200,1658060800,3.129485e+16,4.940639,4.939373,4.895668
101300,1659699200,3.132577e+16,4.910675,4.942756,4.897359
101400,1661337600,3.135670e+16,4.928955,4.938524,4.895045
101500,1662976000,3.138762e+16,4.946740,4.942105,4.892479
101600,1664614400,3.141854e+16,4.914939,4.938110,4.887440
101700,1666252800,3.144947e+16,4.936535,4.943885,4.891815
101800,1667891200,3.148039e+16,4.920743,4.941608,4.892003
101900,1669529600,3.151132e+16,4.914718,4.936769,4.888256
102000,1671168000,3.154224e+16,4.914107,4.937700,4.889098
102100,1672806400,3.157316e+16,4.918071,4.938774,4.888141
102200,1674444800,3.160409e+16,4.930001,4.940376,4.892459
102300,1676083200,3.163501e+16,4.921415,4.936185,4.886430
102400,1677721600,3.166593e+16,4.935395,4.930924,4.883136
102500,1679360000,3.169686e+16,4.929462,4.934443,4.883911
102600,1680998400,3.172778e+16,4.913421,4.933438,4.882475
102700,1682636800,3.175871e+16,4.913569,4.932527,4.881763
102800,1684275200,3.178963e+16,4.926873,4.933936,4.885961
102900,1685913600,3.182055e+16,4.939472,4.937140,4.883810
103000,1687552000,3.185148e+16,4.928496,4.932455,4.882675
103100,1689190400,3.188240e+16,4.922303,4.930391,4.881672
103200,1690828800,3.191332e+16,4.921388,4.931462,4.883694
103300,1692467200,3.194425e+16,4.945047,4.928870,4.879450
103400,1694105600,3.197517e+16,4.914391,4.925429,4.878550
103500,1695744000,3.200610e+16,4.939970,4.925181,4.876609
103600,1697382400,3.203702e+16,4.930426,4.919755,4.872433
103700,1699020800,3.206794e+16,4.902294,4.924993,4.877375
103800,1700659200,3.209887e+16,4.933045,4.923859,4.873650
103900,1702297600,3.212979e+16,4.913938,4.922541,4.871772
104000,1703936000,3.216072e+16,4.897483,4.924498,4.874451
104100,1705574400,3.219164e+16,4.932746,4.925568,4.873041
104200,1707212800,3.222256e+16,4.889256,4.921062,4.872472
104300,1708851200,3.225349e+16,4.942242,4.917730,4.869305
104400,1710489600,3.228441e+16,4.907226,4.923652,4.873663
104500,1712128000,3.231533e+16,4.915924,4.918837,4.870637
104600,1713766400,3.234626e+16,4.920535,4.922269,4.869630
104700,1715404800,3.237718e+16,4.912029,4.919559,4.870627
104800,1717043200,3.240811e+16,4.902875,4.913689,4.868014
104900,1718681600,3.243903e+16,4.905078,4.913042,4.866116
105000,1720320000,3.246995e+16,4.902549,4.912975,4.866744
105100,1721958400,3.250088e+16,4.886465,4.917337,4.866396
105200,1723596800,3.253180e+16,4.891828,4.916029,4.864046
105300,1725235200,3.256272e+16,4.889309,4.910042,4.858939
105400,1726873600,3.259365e+16,4.895329,4.912971,4.861017
105500,1728512000,3.262457e+16,4.926267,4.910279,4.858493
105600,1730150400,3.265550e+16,4.910163,4.916047,4.865693
105700,1731788800,3.268642e+16,4.905584,4.913846,4.862571
105800,1733427200,3.271734e+16,4.898047,4.912626,4.863217
105900,1735065600,3.274827e+16,4.908034,4.910723,4.858503
106000,1736704000,3.277919e+16,4.902613,4.908213,4.854619
106100,1738342400,3.281011e+16,4.909287,4.911076,4.855774
106200,1739980800,3.284104e+16,4.894967,4.913581,4.856459
106300,1741619200,3.287196e+16,4.912302,4.907772,4.857844
106400,1743257600,3.290289e+16,4.897758,4.898976,4.851231
106500,1744896000,3.293381e+16,4.903117,4.899045,4.849249
106600,1746534400,3.296473e+16,4.890258,4.907577,4.856500
106700,1748172800,3.299566e+16,4.887404,4.899769,4.849965
106800,1749811200,3.302658e+16,4.889694,4.908179,4.851026
106900,1751449600,3.305750e+16,4.895594,4.902119,4.851139
107000,1753088000,3.308843e+16,4.895408,4.902221,4.851526
107100,1754726400,3.311935e+16,4.875779,4.908621,4.852246
107200,1756364800,3.315028e+16,4.889584,4.902271,4.850893
107300,1758003200,3.318120e+16,4.890174,4.907152,4.853687
107400,1759641600,3.321212e+16,4.916036,4.896353,4.850004
107500,1761280000,3.324305e+16,4.890200,4.898193,4.847452
107600,1762918400,3.327397e+16,4.892637,4.894956,4.846561
107700,1764556800,3.330489e+16,4.898105,4.892808,4.843347
107800,1766195200,3.333582e+16,4.894389,4.897532,4.846258
107900,1767833600,3.336674e+16,4.906779,4.892967,4.843778
108000,1769472000,3.339767e+16,4.880207,4.898318,4.847820
108100,1771110400,3.342859e+16,4.903810,4.891374,4.841322
108200,1772748800,3.345951e+16,4.886806,4.891554,4.842752
108300,1774387200,3.349044e+16,4.892869,4.897263,4.845704
108400,1776025600,3.352136e+16,4.896632,4.886777,4.841109
108500,1777664000,3.355228e+16,4.890277,4.888196,4.839103
108600,1779302400,3.358321e+16,4.894495,4.894082,4.843994
108700,1780940800,3.361413e+16,4.870619,4.893700,4.844120
108800,1782579200,3.364506e+16,4.893819,4.892284,4.839215
108900,1784217600,3.367598e+16,4.891823,4.896258,4.843901
109000,1785856000,3.370690e+16,4.890905,4.893321,4.841631
109100,1787494400,3.373783e+16,4.883256,4.889848,4.839879
109200,1789132800,3.376875e+16,4.872071,4.886570,4.838383
109300,1790771200,3.379967e+16,4.890446,4.884395,4.839417
109400,1792409600,3.383060e+16,4.878106,4.881271,4.833548
109500,1794048000,3.386152e+16,4.878182,4.888426,4.839428
109600,1795686400,3.389245e+16,4.881208,4.890486,4.841315
109700,1797324800,3.392337e+16,4.892182,4.889673,4.837885
109800,1798963200,3.395429e+16,4.884481,4.886699,4.834870
109900,1800601600,3.398522e+16,4.879773,4.879083,4.834081
110000,1802240000,3.401614e+16,4.885692,4.882149,4.833469
110100,1803878400,3.404706e+16,4.893658,4.883737,4.835381
110200,1805516800,3.407799e+16,4.875396,4.881549,4.834612
110300,1807155200,3.410891e+16,4.880904,4.881220,4.830287
110400,1808793600,3.413984e+16,4.873157,4.882035,4.833034
110500,1810432000,3.417076e+16,4.879175,4.878057,4.830959
110600,1812070400,3.420168e+16,4.892756,4.874122,4.825619
110700,1813708800,3.423261e+16,4.876448,4.873199,4.826424
110800,1815347200,3.426353e+16,4.880045,4.875271,4.830127
110900,1816985600,3.429445e+16,4.861636,4.880271,4.832732
111000,1818624000,3.432538e+16,4.870494,4.872272,4.827343
111100,1820262400,3.435630e+16,4.879360,4.871920,4.826223
111200,1821900800,3.438723e+16,4.879600,4.872086,4.824573
111300,1823539200,3.441815e+16,4.890412,4.876785,4.828730
111400,1825177600,3.444907e+16,4.869295,4.872520,4.823852
111500,1826816000,3.448000e+16,4.887249,4.875041,4.826164
111600,1828454400,3.451092e+16,4.861897,4.872324,4.827041
111700,1830092800,3.454184e+16,4.887815,4.868991,4.822845
111800,1831731200,3.457277e+16,4.862727,4.867629,4.822816
111900,1833369600,3.460369e+16,4.883522,4.872205,4.821664
112000,1835008000,3.463462e+16,4.845890,4.874319,4.822532
112100,1836646400,3.466554e+16,4.861026,4.880783,4.825818
112200,1838284800,3.469646e+16,4.854420,4.873392,4.824099
112300,1839923200,3.472739e+16,4.865109,4.872862,4.826893
112400,1841561600,3.475831e+16,4.849095,4.869317,4.819945
112500,1843200000,3.478924e+16,4.871690,4.869550,4.819661
112600,1844838400,3.482016e+16,4.843545,4.872499,4.821163
112700,1846476800,3.485108e+16,4.860450,4.874173,4.820735
112800,1848115200,3.488201e+16,4.848173,4.874186,4.821150
112900,1849753600,3.491293e+16,4.846445,4.873845,4.820368
113000,1851392000,3.494385e+16,4.856198,4.873569,4.820082
113100,1853030400,3.497478e+16,4.865389,4.866369,4.815981
113200,1854668800,3.500570e+16,4.847762,4.870796,4.820972
113300,1856307200,3.503663e+16,4.840638,4.863830,4.814954
113400,1857945600,3.506755e+16,4.858132,4.862850,4.814919
113500,1859584000,3.509847e+16,4.859555,4.862900,4.814561
113600,1861222400,3.512940e+16,4.881043,4.864917,4.814698
113700,1862860800,3.516032e+16,4.862410,4.864177,4.813031
113800,1864499200,3.519124e+16,4.850756,4.864557,4.812486
113900,1866137600,3.522217e+16,4.841904,4.861787,4.812389
114000,1867776000,3.525309e+16,4.846097,4.858338,4.807892
114100,1869414400,3.528402e+16,4.860079,4.861138,4.809924
114200,1871052800,3.531494e+16,4.867902,4.868732,4.811155
114300,1872691200,3.534586e+16,4.862299,4.863280,4.811872
114400,1874329600,3.537679e+16,4.842710,4.857289,4.805319
114500,1875968000,3.540771e+16,4.864484,4.859457,4.807750
114600,1877606400,3.543863e+16,4.866842,4.857343,4.805422
114700,1879244800,3.546956e+16,4.869808,4.856334,4.804774
114800,1880883200,3.550048e+16,4.841547,4.854387,4.805890
114900,1882521600,3.553141e+16,4.837805,4.856927,4.807597
115000,1884160000,3.556233e+16,4.850787,4.856250,4.804746
115100,1885798400,3.559325e+16,4.837875,4.852884,4.804436
115200,1887436800,3.562418e+16,4.825480,4.852898,4.804322
115300,1889075200,3.565510e+16,4.825046,4.856977,4.807059
115400,1890713600,3.568602e+16,4.865199,4.859623,4.805747
115500,1892352000,3.571695e+16,4.853499,4.859777,4.805403
115600,1893990400,3.574787e+16,4.842714,4.852839,4.802001
115700,1895628800,3.577880e+16,4.834344,4.852963,4.801114
115800,1897267200,3.580972e+16,4.842016,4.855208,4.802575
115900,1898905600,3.584064e+16,4.837884,4.855321,4.799962
116000,1900544000,3.587157e+16,4.832926,4.852781,4.800541
116100,1902182400,3.590249e+16,4.851199,4.845780,4.796307
116200,1903820800,3.593341e+16,4.860615,4.843891,4.795508
116300,1905459200,3.596434e+16,4.824731,4.845221,4.792211
116400,1907097600,3.599526e+16,4.849156,4.847838,4.794284
116500,1908736000,3.602619e+16,4.853524,4.843846,4.791478
116600,1910374400,3.605711e+16,4.839200,4.847708,4.797529
116700,1912012800,3.608803e+16,4.854191,4.853157,4.799387
116800,1913651200,3.611896e+16,4.838225,4.849097,4.794191
116900,1915289600,3.614988e+16,4.861529,4.845943,4.791823
117000,1916928000,3.618080e+16,4.842830,4.842285,4.793271
117100,1918566400,3.621173e+16,4.827020,4.843719,4.793814
117200,1920204800,3.624265e+16,4.829575,4.845066,4.793650
117300,1921843200,3.627358e+16,4.841260,4.843118,4.791466
117400,1923481600,3.630450e+16,4.835409,4.843677,4.791142
117500,1925120000,3.633542e+16,4.834949,4.841889,4.790781
117600,1926758400,3.636635e+16,4.815430,4.845002,4.790426
117700,1928396800,3.639727e+16,4.830158,4.838054,4.789115
117800,1930035200,3.642819e+16,4.817095,4.841552,4.792012
117900,1931673600,3.645912e+16,4.821350,4.840881,4.790138
118000,1933312000,3.649004e+16,4.818048,4.836428,4.785826
118100,1934950400,3.652097e+16,4.822108,4.835840,4.786354
118200,1936588800,3.655189e+16,4.819419,4.835232,4.787013
118300,1938227200,3.658281e+16,4.832070,4.836656,4.785433
118400,1939865600,3.661374e+16,4.817803,4.840398,4.787426
118500,1941504000,3.664466e+16,4.823937,4.845632,4.792076
118600,1943142400,3.667558e+16,4.818229,4.836767,4.786400
118700,1944780800,3.670651e+16,4.819818,4.834178,4.785654
118800,1946419200,3.673743e+16,4.825436,4.834363,4.783241
118900,1948057600,3.676836e+16,4.841619,4.833911,4.784081
119000,1949696000,3.679928e+16,4.815199,4.835620,4.781553
119100,1951334400,3.683020e+16,4.820228,4.835467,4.782892
119200,1952972800,3.686113e+16,4.822596,4.831758,4.778312
119300,1954611200,3.689205e+16,4.837016,4.837244,4.780613
119400,1956249600,3.692297e+16,4.811332,4.836232,4.782673
119500,1957888000,3.695390e+16,4.801044,4.837998,4.784537
119600,1959526400,3.698482e+16,4.823753,4.838044,4.784121
119700,1961164800,3.701575e+16,4.828513,4.839373,4.786494
119800,1962803200,3.704667e+16,4.826642,4.837823,4.781210
119900,1964441600,3.707759e+16,4.827769,4.837985,4.782207
120000,1966080000,3.710852e+16,4.820813,4.839230,4.785618
120100,1967718400,3.713944e+16,4.821187,4.833428,4.779482
120200,1969356800,3.717036e+16,4.817966,4.831554,4.778568
120300,1970995200,3.720129e+16,4.819036,4.835492,4.778868
120400,1972633600,3.723221e+16,4.823143,4.832628,4.781434
120500,1974272000,3.726314e+16,4.808109,4.830968,4.780109
120600,1975910400,3.729406e+16,4.809598,4.824466,4.774822
120700,1977548800,3.732498e+16,4.797784,4.827425,4.776716
120800,1979187200,3.735591e+16,4.804391,4.828760,4.777164
120900,1980825600,3.738683e+16,4.829307,4.823276,4.773096
121000,1982464000,3.741776e+16,4.807956,4.830248,4.778655
121100,1984102400,3.744868e+16,4.815213,4.818648,4.771886
121200,1985740800,3.747960e+16,4.825160,4.823641,4.772054
121300,1987379200,3.751053e+16,4.818079,4.819121,4.768174
121400,1989017600,3.754145e+16,4.814598,4.819322,4.768460
121500,1990656000,3.757237e+16,4.805089,4.820110,4.766706
121600,1992294400,3.760330e+16,4.828583,4.820743,4.766355
121700,1993932800,3.763422e+16,4.818536,4.823738,4.766960
121800,1995571200,3.766515e+16,4.834575,4.819432,4.765046
121900,1997209600,3.769607e+16,4.799953,4.815128,4.764037
122000,1998848000,3.772699e+16,4.790178,4.810971,4.760167
122100,2000486400,3.775792e+16,4.805421,4.816209,4.762799
122200,2002124800,3.778884e+16,4.797489,4.817223,4.761895
122300,2003763200,3.781976e+16,4.797825,4.815867,4.762846
122400,2005401600,3.785069e+16,4.782039,4.816853,4.761600
122500,2007040000,3.788161e+16,4.810668,4.812889,4.759068
122600,2008678400,3.791254e+16,4.810477,4.814096,4.759360
122700,2010316800,3.794346e+16,4.802571,4.811501,4.760285
122800,2011955200,3.797438e+16,4.797877,4.809395,4.756841
122900,2013593600,3.800531e+16,4.790839,4.808879,4.757688
123000,2015232000,3.803623e+16,4.800600,4.814133,4.759117
123100,2016870400,3.806715e+16,4.808466,4.809386,4.756937
123200,2018508800,3.809808e+16,4.804412,4.810122,4.756865
123300,2020147200,3.812900e+16,4.790492,4.809091,4.755737
123400,2021785600,3.815993e+16,4.806449,4.813159,4.757185
123500,2023424000,3.819085e+16,4.778797,4.806304,4.753328
123600,2025062400,3.822177e+16,4.801285,4.809001,4.755886
123700,2026700800,3.825270e+16,4.808538,4.806557,4.753167
123800,2028339200,3.828362e+16,4.812180,4.809014,4.754350
123900,2029977600,3.831454e+16,4.798158,4.800641,4.753019
124000,2031616000,3.834547e+16,4.795852,4.799585,4.751538
124100,2033254400,3.837639e+16,4.788058,4.800211,4.752961
124200,2034892800,3.840732e+16,4.830035,4.800440,4.751115
124300,2036531200,3.843824e+16,4.784489,4.801307,4.751718
124400,2038169600,3.846916e+16,4.793638,4.799125,4.753874
124500,2039808000,3.850009e+16,4.793835,4.798575,4.750284
124600,2041446400,3.853101e+16,4.800144,4.795026,4.749128
124700,2043084800,3.856193e+16,4.788657,4.797842,4.750365
124800,2044723200,3.859286e+16,4.765908,4.798749,4.750583
124900,2046361600,3.862378e+16,4.798225,4.794276,4.747643
125000,2048000000,3.865471e+16,4.805672,4.797504,4.745913
125100,2049638400,3.868563e+16,4.793849,4.795371,4.746378
125200,2051276800,3.871655e+16,4.769262,4.798743,4.747589
125300,2052915200,3.874748e+16,4.819600,4.800372,4.745921
125400,2054553600,3.877840e+16,4.795311,4.799573,4.743736
125500,2056192000,3.880932e+16,4.789357,4.799785,4.743644
125600,2057830400,3.884025e+16,4.785340,4.797974,4.745397
125700,2059468800,3.887117e+16,4.790777,4.796876,4.743808
125800,2061107200,3.890210e+16,4.786394,4.798758,4.746892
125900,2062745600,3.893302e+16,4.780976,4.798671,4.745659
126000,2064384000,3.896394e+16,4.787669,4.796718,4.744393
126100,2066022400,3.899487e+16,4.813536,4.789455,4.738921
126200,2067660800,3.902579e+16,4.788341,4.792414,4.740122
126300,2069299200,3.905671e+16,4.776474,4.795485,4.740945
126400,2070937600,3.908764e+16,4.789977,4.794866,4.740134
126500,2072576000,3.911856e+16,4.774926,4.789979,4.738973
126600,2074214400,3.914949e+16,4.782781,4.789758,4.740261
126700,2075852800,3.918041e+16,4.776189,4.793854,4.739766
126800,2077491200,3.921133e+16,4.802596,4.788165,4.739275
126900,2079129600,3.924226e+16,4.769135,4.789761,4.742786
127000,2080768000,3.927318e+16,4.779032,4.787432,4.735623
127100,2082406400,3.930410e+16,4.791344,4.787114,4.735783
127200,2084044800,3.933503e+16,4.760143,4.785947,4.734288
127300,2085683200,3.936595e+16,4.771070,4.786545,4.733760
127400,2087321600,3.939688e+16,4.776334,4.786216,4.733470
127500,2088960000,3.942780e+16,4.771502,4.781014,4.734842
127600,2090598400,3.945872e+16,4.779596,4.785122,4.736901
127700,2092236800,3.948965e+16,4.755842,4.785482,4.735071
127800,2093875200,3.952057e+16,4.737525,4.787827,4.736295
127900,2095513600,3.955149e+16,4.775849,4.786824,4.735675
128000,2097152000,3.958242e+16,4.756648,4.788325,4.735300
128100,2098790400,3.961334e+16,4.775549,4.780301,4.730078
128200,2100428800,3.964427e+16,4.763714,4.781070,4.732306
128300,2102067200,3.967519e+16,4.785696,4.785735,4.734056
128400,2103705600,3.970611e+16,4.753752,4.781777,4.729236
128500,2105344000,3.973704e+16,4.756805,4.786275,4.731959
128600,2106982400,3.976796e+16,4.764649,4.779230,4.726878
128700,2108620800,3.979888e+16,4.761134,4.784614,4.730804
128800,2110259200,3.982981e+16,4.779544,4.783196,4.729030
128900,2111897600,3.986073e+16,4.766675,4.780657,4.727578
129000,2113536000,3.989166e+16,4.769286,4.783682,4.727317
129100,2115174400,3.992258e+16,4.769514,4.776632,4.723374
129200,2116812800,3.995350e+16,4.771335,4.777118,4.725604
129300,2118451200,3.998443e+16,4.780798,4.780138,4.728047
129400,2120089600,4.001535e+16,4.762442,4.776912,4.725751
129500,2121728000,4.004628e+16,4.785120,4.770527,4.722171
129600,2123366400,4.007720e+16,4.752350,4.770034,4.724764
129700,2125004800,4.010812e+16,4.763539,4.770824,4.724182
129800,2126643200,4.013905e+16,4.766053,4.770648,4.724914
129900,2128281600,4.016997e+16,4.756923,4.768768,4.721931
130000,2129920000,4.020089e+16,4.727428,4.775494,4.725012
130100,2131558400,4.023182e+16,4.762303,4.769714,4.721570
130200,2133196800,4.026274e+16,4.751026,4.772713,4.725038
130300,2134835200,4.029367e+16,4.747735,4.773892,4.723041
130400,2136473600,4.032459e+16,4.752832,4.774331,4.723489
130500,2138112000,4.035551e+16,4.751185,4.768361,4.721469
130600,2139750400,4.038644e+16,4.760408,4.770552,4.720872
130700,2141388800,4.041736e+16,4.770052,4.772765,4.719694
130800,2143027200,4.044828e+16,4.766500,4.772195,4.718370
130900,2144665600,4.047921e+16,4.769325,4.771825,4.715577
131000,2146304000,4.051013e+16,4.735640,4.770576,4.716845
131100,2147942400,4.054106e+16,4.747246,4.762611,4.714157
131200,2149580800,4.057198e+16,4.745888,4.768997,4.720797
131300,2151219200,4.060290e+16,4.766806,4.768294,4.718023
131400,2152857600,4.063383e+16,4.752637,4.765836,4.716193
131500,2154496000,4.066475e+16,4.755569,4.770606,4.715543
131600,2156134400,4.069567e+16,4.743215,4.767065,4.714589
131700,2157772800,4.072660e+16,4.756368,4.766132,4.709908
131800,2159411200,4.075752e+16,4.741653,4.764913,4.710012
131900,2161049600,4.078845e+16,4.773264,4.766946,4.717319
132000,2162688000,4.081937e+16,4.765320,4.764650,4.709859
132100,2164326400,4.085029e+16,4.764274,4.764203,4.710589
132200,2165964800,4.088122e+16,4.748560,4.763981,4.711736
132300,2167603200,4.091214e+16,4.739940,4.767790,4.709696
132400,2169241600,4.094306e+16,4.745806,4.764449,4.709777
132500,2170880000,4.097399e+16,4.754919,4.760750,4.708335
132600,2172518400,4.100491e+16,4.742431,4.765431,4.709574
132700,2174156800,4.103584e+16,4.770775,4.760339,4.709259
132800,2175795200,4.106676e+16,4.757872,4.766195,4.707908
132900,2177433600,4.109768e+16,4.753740,4.763754,4.708500
133000,2179072000,4.112861e+16,4.744631,4.762651,4.705607
133100,2180710400,4.115953e+16,4.732550,4.763728,4.707309
133200,2182348800,4.119045e+16,4.761904,4.761749,4.705645
133300,2183987200,4.122138e+16,4.743854,4.759751,4.704933
133400,2185625600,4.125230e+16,4.751180,4.758168,4.705931
133500,2187264000,4.128323e+16,4.751195,4.758305,4.708001
133600,2188902400,4.131415e+16,4.737602,4.754409,4.703402
133700,2190540800,4.134507e+16,4.762512,4.758471,4.706179
133800,2192179200,4.137600e+16,4.737841,4.757009,4.704889
133900,2193817600,4.140692e+16,4.756717,4.755411,4.705354
134000,2195456000,4.143784e+16,4.760673,4.761240,4.708582
134100,2197094400,4.146877e+16,4.747534,4.760053,4.707177
134200,2198732800,4.149969e+16,4.737146,4.755841,4.705336
134300,2200371200,4.153062e+16,4.713258,4.764095,4.709754
134400,2202009600,4.156154e+16,4.739454,4.758805,4.703649
134500,2203648000,4.159246e+16,4.751664,4.754311,4.700453
134600,2205286400,4.162339e+16,4.742947,4.752888,4.702130
134700,2206924800,4.165431e+16,4.722251,4.752583,4.701434
134800,2208563200,4.168523e+16,4.756798,4.750115,4.701523
134900,2210201600,4.171616e+16,4.762245,4.752593,4.699480
135000,2211840000,4.174708e+16,4.741683,4.753230,4.700443
135100,2213478400,4.177801e+16,4.749654,4.750931,4.699295
135200,2215116800,4.180893e+16,4.713858,4.749917,4.697630
135300,2216755200,4.183985e+16,4.724738,4.746066,4.697867
135400,2218393600,4.187078e+16,4.752612,4.752192,4.701972
135500,2220032000,4.190170e+16,4.738059,4.745349,4.695885
135600,2221670400,4.193262e+16,4.735897,4.746159,4.695683
135700,2223308800,4.196355e+16,4.733900,4.741666,4.691390
135800,2224947200,4.199447e+16,4.728374,4.737290,4.691611
135900,2226585600,4.202540e+16,4.748851,4.738989,4.691459
136000,2228224000,4.205632e+16,4.755783,4.741349,4.691380
136100,2229862400,4.208724e+16,4.742145,4.744708,4.695028
136200,2231500800,4.211817e+16,4.731817,4.746791,4.695488
136300,2233139200,4.214909e+16,4.746000,4.740677,4.690006
136400,2234777600,4.218001e+16,4.737039,4.738194,4.690222
136500,2236416000,4.221094e+16,4.727893,4.741857,4.694937
136600,2238054400,4.224186e+16,4.727092,4.739831,4.690260
136700,2239692800,4.227279e+16,4.738146,4.739469,4.689526
136800,2241331200,4.230371e+16,4.733167,4.732917,4.688541
136900,2242969600,4.233463e+16,4.735286,4.732062,4.686950
137000,2244608000,4.236556e+16,4.722522,4.735125,4.687405
137100,2246246400,4.239648e+16,4.718026,4.734385,4.687839
137200,2247884800,4.242740e+16,4.722961,4.734350,4.685524
137300,2249523200,4.245833e+16,4.710721,4.732773,4.685598
137400,2251161600,4.248925e+16,4.731319,4.736783,4.686141
137500,2252800000,4.252018e+16,4.738777,4.727713,4.681498
137600,2254438400,4.255110e+16,4.734292,4.728481,4.681405
137700,2256076800,4.258202e+16,4.725498,4.730764,4.683071
137800,2257715200,4.261295e+16,4.738745,4.730681,4.681392
137900,2259353600,4.264387e+16,4.731960,4.735202,4.684163
138000,2260992000,4.267480e+16,4.707440,4.726632,4.680431
138100,2262630400,4.270572e+16,4.688958,4.729696,4.681793
138200,2264268800,4.273664e+16,4.701174,4.727215,4.682776
138300,2265907200,4.276757e+16,4.733486,4.735297,4.684911
138400,2267545600,4.279849e+16,4.730107,4.729972,4.680679
138500,2269184000,4.282941e+16,4.723450,4.730085,4.681515
138600,2270822400,4.286034e+16,4.696804,4.730668,4.681330
138700,2272460800,4.289126e+16,4.702199,4.725464,4.675965
138800,2274099200,4.292219e+16,4.709294,4.725039,4.677410
138900,2275737600,4.295311e+16,4.698498,4.722700,4.675079
139000,2277376000,4.298403e+16,4.728071,4.720632,4.674537
139100,2279014400,4.301496e+16,4.721477,4.724828,4.675149
139200,2280652800,4.304588e+16,4.718565,4.722249,4.675075
139300,2282291200,4.307680e+16,4.710668,4.720125,4.673024
139400,2283929600,4.310773e+16,4.724836,4.724689,4.676822
139500,2285568000,4.313865e+16,4.735156,4.721407,4.674401
139600,2287206400,4.316958e+16,4.709689,4.720756,4.673771
139700,2288844800,4.320050e+16,4.721263,4.719399,4.671554
139800,2290483200,4.323142e+16,4.719682,4.719508,4.673777
139900,2292121600,4.326235e+16,4.721358,4.717973,4.675317
140000,2293760000,4.329327e+16,4.710166,4.722361,4.673332
140100,2295398400,4.332419e+16,4.715757,4.724150,4.676079
140200,2297036800,4.335512e+16,4.714744,4.720474,4.674860
140300,2298675200,4.338604e+16,4.708207,4.721985,4.672581
140400,2300313600,4.341697e+16,4.725510,4.716656,4.670001
140500,2301952000,4.344789e+16,4.728050,4.720691,4.671845
140600,2303590400,4.347881e+16,4.709032,4.718098,4.670013
140700,2305228800,4.350974e+16,4.723611,4.724634,4.675461
140800,2306867200,4.354066e+16,4.697242,4.721473,4.672435
140900,2308505600,4.357158e+16,4.707881,4.717313,4.667953
141000,2310144000,4.360251e+16,4.737464,4.717994,4.666631
141100,2311782400,4.363343e+16,4.690432,4.719498,4.669170
141200,2313420800,4.366436e+16,4.703819,4.718061,4.664936
141300,2315059200,4.369528e+16,4.694300,4.714661,4.664750
141400,2316697600,4.372620e+16,4.687370,4.711817,4.664570
141500,2318336000,4.375713e+16,4.683079,4.717648,4.667645
141600,2319974400,4.378805e+16,4.680335,4.720317,4.666812
141700,2321612800,4.381897e+16,4.698852,4.717558,4.669667
141800,2323251200,4.384990e+16,4.711039,4.719377,4.669192
141900,2324889600,4.388082e+16,4.718899,4.716855,4.668748
142000,2326528000,4.391175e+16,4.694388,4.712402,4.665760
142100,2328166400,4.394267e+16,4.714039,4.716271,4.665519
142200,2329804800,4.397359e+16,4.698684,4.710074,4.664124
142300,2331443200,4.400452e+16,4.703472,4.709050,4.664055
142400,2333081600,4.403544e+16,4.703686,4.715890,4.668804
142500,2334720000,4.406636e+16,4.695312,4.716707,4.664748
142600,2336358400,4.409729e+16,4.707115,4.711305,4.660081
142700,2337996800,4.412821e+16,4.686312,4.718140,4.666886
142800,2339635200,4.415914e+16,4.662620,4.711579,4.660635
142900,2341273600,4.419006e+16,4.686265,4.713870,4.662703
143000,2342912000,4.422098e+16,4.698060,4.712990,4.659213
143100,2344550400,4.425191e+16,4.703723,4.710395,4.658352
143200,2346188800,4.428283e+16,4.703798,4.708595,4.660210
143300,2347827200,4.431375e+16,4.711455,4.710408,4.660570
143400,2349465600,4.434468e+16,4.716785,4.713716,4.663172
143500,2351104000,4.437560e+16,4.694834,4.709488,4.658074
143600,2352742400,4.440653e+16,4.698491,4.709000,4.657239
143700,2354380800,4.443745e+16,4.703083,4.704167,4.657071
143800,2356019200,4.446837e+16,4.698817,4.706928,4.657587
143900,2357657600,4.449930e+16,4.694410,4.703581,4.657355
144000,2359296000,4.453022e+16,4.683182,4.702478,4.652653
144100,2360934400,4.456114e+16,4.675223,4.703307,4.652842
144200,2362572800,4.459207e+16,4.698734,4.701508,4.653004
144300,2364211200,4.462299e+16,4.695189,4.707044,4.656133
144400,2365849600,4.465392e+16,4.697986,4.699999,4.654516
144500,2367488000,4.468484e+16,4.689605,4.698177,4.649208
144600,2369126400,4.471576e+16,4.692859,4.701267,4.650868
144700,2370764800,4.474669e+16,4.691572,4.695432,4.647580
144800,2372403200,4.477761e+16,4.697932,4.699327,4.652838
144900,2374041600,4.480853e+16,4.701680,4.696946,4.649347
145000,2375680000,4.483946e+16,4.698696,4.693126,4.646849
145100,2377318400,4.487038e+16,4.699558,4.689627,4.644993
145200,2378956800,4.490131e+16,4.680415,4.692909,4.646915
145300,2380595200,4.493223e+16,4.691003,4.692999,4.647573
145400,2382233600,4.496315e+16,4.686439,4.691408,4.643951
145500,2383872000,4.499408e+16,4.688331,4.700909,4.651096
145600,2385510400,4.502500e+16,4.702529,4.698082,4.648924
145700,2387148800,4.505592e+16,4.684146,4.697465,4.646032
145800,2388787200,4.508685e+16,4.687472,4.694252,4.644728
145900,2390425600,4.511777e+16,4.700465,4.691322,4.646690
146000,2392064000,4.514870e+16,4.686926,4.694827,4.645932
146100,2393702400,4.517962e+16,4.694213,4.696120,4.644349
146200,2395340800,4.521054e+16,4.701964,4.698098,4.647294
146300,2396979200,4.524147e+16,4.680586,4.691604,4.644343
146400,2398617600,4.527239e+16,4.706095,4.690108,4.641423
146500,2400256000,4.530332e+16,4.686045,4.687349,4.639568
146600,2401894400,4.533424e+16,4.715762,4.689969,4.640192
146700,2403532800,4.536516e+16,4.682047,4.692201,4.644027
146800,2405171200,4.539609e+16,4.654670,4.688382,4.640713
146900,2406809600,4.542701e+16,4.680190,4.688289,4.638738
147000,2408448000,4.545793e+16,4.678360,4.687487,4.637269
147100,2410086400,4.548886e+16,4.687736,4.692237,4.641150
147200,2411724800,4.551978e+16,4.666830,4.682496,4.635286
147300,2413363200,4.555071e+16,4.684525,4.690582,4.638286
147400,2415001600,4.558163e+16,4.672816,4.685446,4.636346
147500,2416640000,4.561255e+16,4.671934,4.689817,4.639646
147600,2418278400,4.564348e+16,4.694658,4.687988,4.636605
147700,2419916800,4.567440e+16,4.693937,4.686886,4.636944
147800,2421555200,4.570532e+16,4.686343,4.684473,4.634906
147900,2423193600,4.573625e+16,4.689468,4.682353,4.632888
148000,2424832000,4.576717e+16,4.679966,4.686472,4.635850
148100,2426470400,4.579810e+16,4.682076,4.689151,4.635670
148200,2428108800,4.582902e+16,4.674868,4.690953,4.635949
148300,2429747200,4.585994e+16,4.682888,4.688439,4.635409
148400,2431385600,4.589087e+16,4.689101,4.691328,4.636159
148500,2433024000,4.592179e+16,4.675789,4.688412,4.633907
148600,2434662400,4.595271e+16,4.708245,4.686431,4.634358
148700,2436300800,4.598364e+16,4.690542,4.679794,4.630438
148800,2437939200,4.601456e+16,4.677403,4.677098,4.629498
148900,2439577600,4.604549e+16,4.669559,4.682662,4.633804
149000,2441216000,4.607641e+16,4.682535,4.681105,4.632128
149100,2442854400,4.610733e+16,4.665481,4.683609,4.637202
149200,2444492800,4.613826e+16,4.676090,4.682256,4.633765
149300,2446131200,4.616918e+16,4.673065,4.681063,4.630364
149400,2447769600,4.620010e+16,4.675740,4.675398,4.628523
149500,2449408000,4.623103e+16,4.664302,4.678380,4.628615
149600,2451046400,4.626195e+16,4.689313,4.681331,4.632238
149700,2452684800,4.629288e+16,4.668250,4.685028,4.634298
149800,2454323200,4.632380e+16,4.680064,4.676869,4.630212
149900,2455961600,4.635472e+16,4.652960,4.681662,4.631851
150000,2457600000,4.638565e+16,4.680459,4.680517,4.630177
150100,2459238400,4.641657e+16,4.666849,4.680741,4.631629
150200,2460876800,4.644749e+16,4.647798,4.675817,4.629625
150300,2462515200,4.647842e+16,4.648130,4.677370,4.628401
150400,2464153600,4.650934e+16,4.666603,4.679239,4.628374
150500,2465792000,4.654027e+16,4.694598,4.675871,4.627095
150600,2467430400,4.657119e+16,4.686090,4.678787,4.630674
150700,2469068800,4.660211e+16,4.676853,4.675143,4.628552
150800,2470707200,4.663304e+16,4.698599,4.675029,4.628244
150900,2472345600,4.666396e+16,4.655812,4.672443,4.625725
151000,2473984000,4.669488e+16,4.641821,4.672496,4.625682
151100,2475622400,4.672581e+16,4.647518,4.676393,4.625559
151200,2477260800,4.675673e+16,4.643001,4.672165,4.625434
151300,2478899200,4.678766e+16,4.640496,4.675656,4.624263
151400,2480537600,4.681858e+16,4.653969,4.669771,4.622343
151500,2482176000,4.684950e+16,4.653003,4.670218,4.623548
151600,2483814400,4.688043e+16,4.674690,4.672149,4.624495
151700,2485452800,4.691135e+16,4.655260,4.667471,4.619402
151800,2487091200,4.694227e+16,4.655388,4.669167,4.622678
151900,2488729600,4.697320e+16,4.655032,4.669245,4.621280
152000,2490368000,4.700412e+16,4.670856,4.673277,4.623015
152100,2492006400,4.703505e+16,4.658522,4.670860,4.622210
152200,2493644800,4.706597e+16,4.648651,4.667487,4.620430
152300,2495283200,4.709689e+16,4.671633,4.673098,4.622861
152400,2496921600,4.712782e+16,4.672993,4.668581,4.618895
152500,2498560000,4.715874e+16,4.662634,4.669921,4.619070
152600,2500198400,4.718966e+16,4.679698,4.668764,4.619208
152700,2501836800,4.722059e+16,4.645385,4.666124,4.618407
152800,2503475200,4.725151e+16,4.658545,4.664176,4.617046
152900,2505113600,4.728244e+16,4.657372,4.664732,4.616608
153000,2506752000,4.731336e+16,4.658330,4.667844,4.618647
153100,2508390400,4.734428e+16,4.662310,4.668915,4.620620
153200,2510028800,4.737521e+16,4.662584,4.666759,4.617264
153300,2511667200,4.740613e+16,4.644629,4.662321,4.614129
153400,2513305600,4.743705e+16,4.643637,4.663195,4.614144
153500,2514944000,4.746798e+16,4.643972,4.661744,4.614615
153600,2516582400,4.749890e+16,4.624441,4.663616,4.616251
153700,2518220800,4.752983e+16,4.646006,4.659338,4.610555
153800,2519859200,4.756075e+16,4.654386,4.661215,4.612167
153900,2521497600,4.759167e+16,4.664382,4.666329,4.615383
154000,2523136000,4.762260e+16,4.653606,4.664791,4.616033
154100,2524774400,4.765352e+16,4.665900,4.661242,4.613301
154200,2526412800,4.768444e+16,4.647932,4.661660,4.611539
154300,2528051200,4.771537e+16,4.642911,4.663299,4.610930
154400,2529689600,4.774629e+16,4.636521,4.664050,4.613500
154500,2531328000,4.777722e+16,4.638595,4.657346,4.609402
154600,2532966400,4.780814e+16,4.672366,4.657398,4.612754
154700,2534604800,4.783906e+16,4.642481,4.655269,4.606865
154800,2536243200,4.786999e+16,4.651869,4.660523,4.612277
154900,2537881600,4.790091e+16,4.629953,4.663063,4.615431
155000,2539520000,4.793184e+16,4.613746,4.659917,4.609601
155100,2541158400,4.796276e+16,4.643516,4.657454,4.608981
155200,2542796800,4.799368e+16,4.658814,4.656218,4.609596
155300,2544435200,4.802461e+16,4.658495,4.655902,4.612347
155400,2546073600,4.805553e+16,4.672075,4.644844,4.604848
155500,2547712000,4.808645e+16,4.643795,4.653417,4.610659
155600,2549350400,4.811738e+16,4.654010,4.653293,4.609007
155700,2550988800,4.814830e+16,4.634163,4.654671,4.608497
155800,2552627200,4.817923e+16,4.643289,4.649681,4.605689
155900,2554265600,4.821015e+16,4.631686,4.649280,4.606140
156000,2555904000,4.824107e+16,4.654275,4.645438,4.603289
156100,2557542400,4.827200e+16,4.648738,4.648698,4.605313
156200,2559180800,4.830292e+16,4.648001,4.647969,4.604377
156300,2560819200,4.833384e+16,4.632481,4.646861,4.603570
156400,2562457600,4.836477e+16,4.653816,4.646970,4.602108
156500,2564096000,4.839569e+16,4.640047,4.644445,4.599258
156600,2565734400,4.842662e+16,4.629262,4.643483,4.602639
156700,2567372800,4.845754e+16,4.641540,4.646912,4.603861
156800,2569011200,4.848846e+16,4.653456,4.646097,4.601710
156900,2570649600,4.851939e+16,4.650393,4.643675,4.601294
157000,2572288000,4.855031e+16,4.641950,4.649920,4.605659
157100,2573926400,4.858123e+16,4.654959,4.643845,4.600965
157200,2575564800,4.861216e+16,4.635428,4.641480,4.599514
157300,2577203200,4.864308e+16,4.640936,4.641464,4.597934
157400,2578841600,4.867401e+16,4.625557,4.638643,4.600267
157500,2580480000,4.870493e+16,4.644794,4.641340,4.600448
157600,2582118400,4.873585e+16,4.649490,4.639094,4.595746
157700,2583756800,4.876678e+16,4.644826,4.648167,4.600353
157800,2585395200,4.879770e+16,4.629227,4.643984,4.598383
157900,2587033600,4.882862e+16,4.643902,4.642458,4.597571
158000,2588672000,4.885955e+16,4.639575,4.641434,4.598689
158100,2590310400,4.889047e+16,4.637688,4.641748,4.594479
158200,2591948800,4.892140e+16,4.634705,4.640084,4.592982
158300,2593587200,4.895232e+16,4.635137,4.642471,4.593661
158400,2595225600,4.898324e+16,4.623196,4.640532,4.591611
158500,2596864000,4.901417e+16,4.634119,4.641279,4.593194
158600,2598502400,4.904509e+16,4.638865,4.636613,4.590388
158700,2600140800,4.907601e+16,4.639277,4.634400,4.589715
158800,2601779200,4.910694e+16,4.653005,4.636785,4.592144
158900,2603417600,4.913786e+16,4.656034,4.634047,4.589573
159000,2605056000,4.916879e+16,4.632508,4.635047,4.591099
159100,2606694400,4.919971e+16,4.652229,4.634038,4.590833
159200,2608332800,4.923063e+16,4.630390,4.638704,4.593486
159300,2609971200,4.926156e+16,4.622865,4.637823,4.594282
159400,2611609600,4.929248e+16,4.635301,4.638597,4.593579
159500,2613248000,4.932340e+16,4.644029,4.632967,4.589760
159600,2614886400,4.935433e+16,4.633618,4.633397,4.588292
159700,2616524800,4.938525e+16,4.623955,4.627940,4.588245
159800,2618163200,4.941618e+16,4.626630,4.625557,4.587600
159900,2619801600,4.944710e+16,4.649328,4.630212,4.594142
160000,2621440000,4.947802e+16,4.627111,4.628622,4.590629
160100,2623078400,4.950895e+16,4.638990,4.629031,4.589933
160200,2624716800,4.953987e+16,4.632233,4.627975,4.591106
160300,2626355200,4.957079e+16,4.633791,4.631603,4.590293
160400,2627993600,4.960172e+16,4.618080,4.627502,4.587499
160500,2629632000,4.963264e+16,4.639583,4.632204,4.591308
160600,2631270400,4.966357e+16,4.642558,4.622213,4.586295
160700,2632908800,4.969449e+16,4.632195,4.626974,4.585590
160800,2634547200,4.972541e+16,4.605366,4.628215,4.582363
160900,2636185600,4.975634e+16,4.638147,4.627648,4.585642
161000,2637824000,4.978726e+16,4.635656,4.622114,4.582692
161100,2639462400,4.981818e+16,4.635483,4.631685,4.586342
161200,2641100800,4.984911e+16,4.616355,4.628537,4.586464
161300,2642739200,4.988003e+16,4.633125,4.627307,4.584536
161400,2644377600,4.991096e+16,4.613139,4.630839,4.585696
161500,2646016000,4.994188e+16,4.618323,4.632947,4.587196
161600,2647654400,4.997280e+16,4.600540,4.631003,4.584334
161700,2649292800,5.000373e+16,4.607547,4.625997,4.584951
161800,2650931200,5.003465e+16,4.621651,4.625691,4.584268
161900,2652569600,5.006557e+16,4.627212,4.625764,4.582973
162000,2654208000,5.009650e+16,4.627075,4.623365,4.582131
162100,2655846400,5.012742e+16,4.608460,4.628008,4.585789
162200,2657484800,5.015835e+16,4.602510,4.623670,4.581399
162300,2659123200,5.018927e+16,4.617297,4.626357,4.579845
162400,2660761600,5.022019e+16,4.638042,4.627714,4.579838
162500,2662400000,5.025112e+16,4.635640,4.623484,4.578111
162600,2664038400,5.028204e+16,4.613806,4.618968,4.576344
162700,2665676800,5.031296e+16,4.641516,4.617960,4.576206
162800,2667315200,5.034389e+16,4.611794,4.619720,4.576487
162900,2668953600,5.037481e+16,4.607028,4.616981,4.577092
163000,2670592000,5.040574e+16,4.613690,4.616698,4.575726
163100,2672230400,5.043666e+16,4.602837,4.614779,4.575707
163200,2673868800,5.046758e+16,4.600776,4.616258,4.576083
163300,2675507200,5.049851e+16,4.623371,4.617341,4.577549
163400,2677145600,5.052943e+16,4.630909,4.614294,4.577323
163500,2678784000,5.056036e+16,4.621621,4.611876,4.575272
163600,2680422400,5.059128e+16,4.624279,4.616526,4.576208
163700,2682060800,5.062220e+16,4.616448,4.616887,4.573178
163800,2683699200,5.065313e+16,4.619464,4.616933,4.575161
163900,2685337600,5.068405e+16,4.605648,4.620087,4.574823
164000,2686976000,5.071497e+16,4.623193,4.621218,4.573990
164100,2688614400,5.074590e+16,4.620304,4.618868,4.575442
164200,2690252800,5.077682e+16,4.625864,4.620317,4.575516
164300,2691891200,5.080775e+16,4.626533,4.616677,4.570588
164400,2693529600,5.083867e+16,4.610675,4.621127,4.572937
164500,2695168000,5.086959e+16,4.616026,4.624985,4.574946
164600,2696806400,5.090052e+16,4.605226,4.619714,4.570852
164700,2698444800,5.093144e+16,4.620077,4.619320,4.570817
164800,2700083200,5.096236e+16,4.618464,4.619187,4.570162
164900,2701721600,5.099329e+16,4.604690,4.615703,4.572964
165000,2703360000,5.102421e+16,4.619958,4.618849,4.570570
165100,2704998400,5.105514e+16,4.601772,4.617855,4.570092
165200,2706636800,5.108606e+16,4.610260,4.618440,4.572459
165300,2708275200,5.111698e+16,4.616817,4.615897,4.569870
165400,2709913600,5.114791e+16,4.592533,4.617498,4.568513
165500,2711552000,5.117883e+16,4.606606,4.614514,4.567348
165600,2713190400,5.120975e+16,4.603566,4.616754,4.565247
165700,2714828800,5.124068e+16,4.606818,4.617351,4.568192
165800,2716467200,5.127160e+16,4.616599,4.623485,4.569797
165900,2718105600,5.130253e+16,4.625559,4.619241,4.567748
166000,2719744000,5.133345e+16,4.619158,4.621934,4.571105
166100,2721382400,5.136437e+16,4.622858,4.618412,4.566478
166200,2723020800,5.139530e+16,4.598725,4.624149,4.571183
166300,2724659200,5.142622e+16,4.604923,4.618184,4.567474
166400,2726297600,5.145714e+16,4.619350,4.617313,4.564400
166500,2727936000,5.148807e+16,4.606779,4.621630,4.565583
166600,2729574400,5.151899e+16,4.621965,4.621859,4.566755
166700,2731212800,5.154992e+16,4.612276,4.617141,4.565815
166800,2732851200,5.158084e+16,4.621356,4.618720,4.564605
166900,2734489600,5.161176e+16,4.593674,4.614197,4.564166
167000,2736128000,5.164269e+16,4.620783,4.613450,4.562714
167100,2737766400,5.167361e+16,4.598035,4.617307,4.562268
167200,2739404800,5.170453e+16,4.611295,4.620886,4.565655
167300,2741043200,5.173546e+16,4.621540,4.615947,4.564473
167400,2742681600,5.176638e+16,4.601742,4.620192,4.568520
167500,2744320000,5.179731e+16,4.607296,4.614770,4.562521
167600,2745958400,5.182823e+16,4.602260,4.607424,4.560638
167700,2747596800,5.185915e+16,4.605396,4.614675,4.563574
167800,2749235200,5.189008e+16,4.616962,4.615340,4.563402
167900,2750873600,5.192100e+16,4.610367,4.613149,4.558512
168000,2752512000,5.195192e+16,4.586457,4.613264,4.559240
168100,2754150400,5.198285e+16,4.596316,4.612502,4.563058
168200,2755788800,5.201377e+16,4.608417,4.613657,4.560014
168300,2757427200,5.204470e+16,4.580721,4.611607,4.560297
168400,2759065600,5.207562e+16,4.583091,4.610275,4.561059
168500,2760704000,5.210654e+16,4.621675,4.609186,4.559474
168600,2762342400,5.213747e+16,4.606423,4.609470,4.561825
168700,2763980800,5.216839e+16,4.612655,4.609478,4.559329
168800,2765619200,5.219931e+16,4.601232,4.608087,4.555987
168900,2767257600,5.223024e+16,4.599261,4.609617,4.557071
169000,2768896000,5.226116e+16,4.604035,4.609766,4.553736
169100,2770534400,5.229209e+16,4.586928,4.609877,4.556876
169200,2772172800,5.232301e+16,4.590023,4.607547,4.556682
169300,2773811200,5.235393e+16,4.581755,4.605212,4.555539
169400,2775449600,5.238486e+16,4.584612,4.607413,4.555047
169500,2777088000,5.241578e+16,4.599591,4.610530,4.555901
169600,2778726400,5.244670e+16,4.594831,4.601013,4.552897
169700,2780364800,5.247763e+16,4.595457,4.601153,4.551752
169800,2782003200,5.250855e+16,4.599504,4.600826,4.550143
169900,2783641600,5.253948e+16,4.604632,4.601840,4.553379
170000,2785280000,5.257040e+16,4.589643,4.603658,4.554876
170100,2786918400,5.260132e+16,4.601022,4.604689,4.556177
170200,2788556800,5.263225e+16,4.590253,4.609230,4.556651
170300,2790195200,5.266317e+16,4.605556,4.606973,4.556753
170400,2791833600,5.269409e+16,4.584306,4.602967,4.552956
170500,2793472000,5.272502e+16,4.610157,4.601905,4.550632
170600,2795110400,5.275594e+16,4.603750,4.600389,4.552106
170700,2796748800,5.278687e+16,4.588434,4.600807,4.553971
170800,2798387200,5.281779e+16,4.603594,4.597223,4.551442
170900,2800025600,5.284871e+16,4.601098,4.603395,4.554832
171000,2801664000,5.287964e+16,4.602514,4.594304,4.552208
171100,2803302400,5.291056e+16,4.588216,4.594504,4.550406
171200,2804940800,5.294148e+16,4.586096,4.596203,4.551159
171300,2806579200,5.297241e+16,4.552866,4.598659,4.554219
171400,2808217600,5.300333e+16,4.570283,4.593569,4.549106
171500,2809856000,5.303426e+16,4.586536,4.599957,4.552829
171600,2811494400,5.306518e+16,4.592472,4.595738,4.549394
171700,2813132800,5.309610e+16,4.605450,4.590768,4.545935
171800,2814771200,5.312703e+16,4.598665,4.592384,4.547925
171900,2816409600,5.315795e+16,4.576446,4.598022,4.549377
172000,2818048000,5.318887e+16,4.594294,4.591253,4.548280
172100,2819686400,5.321980e+16,4.602218,4.593055,4.549140
172200,2821324800,5.325072e+16,4.592510,4.594924,4.550340
172300,2822963200,5.328165e+16,4.605587,4.592227,4.545966
172400,2824601600,5.331257e+16,4.583409,4.590906,4.544556
172500,2826240000,5.334349e+16,4.587895,4.591642,4.542536
172600,2827878400,5.337442e+16,4.561176,4.595012,4.545679
172700,2829516800,5.340534e+16,4.576652,4.591908,4.543667
172800,2831155200,5.343627e+16,4.587941,4.590492,4.544283
172900,2832793600,5.346719e+16,4.584388,4.588640,4.543221
173000,2834432000,5.349811e+16,4.608182,4.590983,4.544718
173100,2836070400,5.352904e+16,4.602429,4.586979,4.541740
173200,2837708800,5.355996e+16,4.576851,4.590549,4.542450
173300,2839347200,5.359088e+16,4.579416,4.591340,4.543439
173400,2840985600,5.362181e+16,4.594246,4.588261,4.543606
173500,2842624000,5.365273e+16,4.576199,4.589630,4.544288
173600,2844262400,5.368366e+16,4.613016,4.588191,4.541507
173700,2845900800,5.371458e+16,4.578499,4.589788,4.543869
173800,2847539200,5.374550e+16,4.588412,4.596026,4.545870
173900,2849177600,5.377643e+16,4.598569,4.586762,4.540229
174000,2850816000,5.380735e+16,4.599158,4.589520,4.541001
174100,2852454400,5.383827e+16,4.597925,4.586776,4.539825
174200,2854092800,5.386920e+16,4.593081,4.588611,4.538402
174300,2855731200,5.390012e+16,4.599698,4.583929,4.534837
174400,2857369600,5.393105e+16,4.572288,4.587027,4.538967
174500,2859008000,5.396197e+16,4.591081,4.586377,4.540956
174600,2860646400,5.399289e+16,4.575807,4.585332,4.538881
174700,2862284800,5.402382e+16,4.587467,4.581229,4.538093
174800,2863923200,5.405474e+16,4.576400,4.579481,4.537552
174900,2865561600,5.408566e+16,4.594881,4.580831,4.539085
175000,2867200000,5.411659e+16,4.573761,4.575426,4.533431
175100,2868838400,5.414751e+16,4.574180,4.577327,4.536999
175200,2870476800,5.417844e+16,4.602630,4.577755,4.536502
175300,2872115200,5.420936e+16,4.587285,4.576909,4.533664
175400,2873753600,5.424028e+16,4.591125,4.580553,4.538701
175500,2875392000,5.427121e+16,4.570402,4.582422,4.535399
175600,2877030400,5.430213e+16,4.585365,4.583681,4.535182
175700,2878668800,5.433305e+16,4.574028,4.585011,4.538660
175800,2880307200,5.436398e+16,4.586566,4.583641,4.536823
175900,2881945600,5.439490e+16,4.584899,4.584972,4.537083
176000,2883584000,5.442583e+16,4.568335,4.580569,4.534087
176100,2885222400,5.445675e+16,4.588955,4.579092,4.531695
176200,2886860800,5.448767e+16,4.576802,4.579982,4.533188
176300,2888499200,5.451860e+16,4.581406,4.581840,4.535658
176400,2890137600,5.454952e+16,4.578218,4.583422,4.533127
176500,2891776000,5.458044e+16,4.580110,4.580074,4.531325
176600,2893414400,5.461137e+16,4.590468,4.578996,4.530579
176700,2895052800,5.464229e+16,4.583024,4.581484,4.532620
176800,2896691200,5.467322e+16,4.572079,4.582003,4.532898
176900,2898329600,5.470414e+16,4.565434,4.581002,4.531008
177000,2899968000,5.473506e+16,4.568916,4.573553,4.529638
177100,2901606400,5.476599e+16,4.552243,4.576806,4.530827
177200,2903244800,5.479691e+16,4.591978,4.576963,4.532557
177300,2904883200,5.482783e+16,4.559774,4.568629,4.524316
177400,2906521600,5.485876e+16,4.582257,4.569772,4.525045
177500,2908160000,5.488968e+16,4.564245,4.572432,4.528753
177600,2909798400,5.492061e+16,4.565270,4.570946,4.527709
177700,2911436800,5.495153e+16,4.585360,4.572053,4.529293
177800,2913075200,5.498245e+16,4.571398,4.571927,4.526028
177900,2914713600,5.501338e+16,4.562294,4.569788,4.526691
178000,2916352000,5.504430e+16,4.560292,4.570190,4.525229
178100,2917990400,5.507522e+16,4.572018,4.570783,4.525474
178200,2919628800,5.510615e+16,4.586173,4.569957,4.526516
178300,2921267200,5.513707e+16,4.582705,4.569557,4.523815
178400,2922905600,5.516800e+16,4.565014,4.572236,4.525545
178500,2924544000,5.519892e+16,4.568579,4.568294,4.527042
178600,2926182400,5.522984e+16,4.579650,4.567121,4.525062
178700,2927820800,5.526077e+16,4.567417,4.562001,4.521830
178800,2929459200,5.529169e+16,4.574790,4.566401,4.524366
178900,2931097600,5.532261e+16,4.564682,4.567632,4.522297
179000,2932736000,5.535354e+16,4.576607,4.566897,4.520120
179100,2934374400,5.538446e+16,4.572048,4.567116,4.521220
179200,2936012800,5.541539e+16,4.565810,4.563167,4.520907
179300,2937651200,5.544631e+16,4.558668,4.563509,4.518306
179400,2939289600,5.547723e+16,4.563702,4.564704,4.522667
179500,2940928000,5.550816e+16,4.535230,4.567091,4.520807
179600,2942566400,5.553908e+16,4.562476,4.563842,4.519898
179700,2944204800,5.557000e+16,4.550490,4.563777,4.519158
179800,2945843200,5.560093e+16,4.546889,4.568425,4.520803
179900,2947481600,5.563185e+16,4.571630,4.568507,4.520333
180000,2949120000,5.566278e+16,4.571719,4.565685,4.518443
180100,2950758400,5.569370e+16,4.546896,4.564929,4.518621
180200,2952396800,5.572462e+16,4.557772,4.563470,4.517947
180300,2954035200,5.575555e+16,4.544826,4.566029,4.520089
180400,2955673600,5.578647e+16,4.553336,4.557703,4.515429
180500,2957312000,5.581739e+16,4.552298,4.559603,4.517212
180600,2958950400,5.584832e+16,4.553248,4.559741,4.518308
180700,2960588800,5.587924e+16,4.561877,4.558101,4.516666
180800,2962227200,5.591017e+16,4.555167,4.561002,4.515527
180900,2963865600,5.594109e+16,4.530064,4.564245,4.517338
181000,2965504000,5.597201e+16,4.552164,4.561277,4.514976
181100,2967142400,5.600294e+16,4.590038,4.562849,4.513582
181200,2968780800,5.603386e+16,4.567689,4.567213,4.514804
181300,2970419200,5.606479e+16,4.539700,4.566168,4.515140
181400,2972057600,5.609571e+16,4.553762,4.570192,4.517217
181500,2973696000,5.612663e+16,4.556407,4.568948,4.519230
181600,2975334400,5.615756e+16,4.550920,4.563396,4.516390
181700,2976972800,5.618848e+16,4.559815,4.564446,4.514847
181800,2978611200,5.621940e+16,4.550300,4.567822,4.516580
181900,2980249600,5.625033e+16,4.553801,4.568624,4.515729
182000,2981888000,5.628125e+16,4.575552,4.564159,4.514018
182100,2983526400,5.631218e+16,4.559796,4.564682,4.515156
182200,2985164800,5.634310e+16,4.543888,4.566164,4.514969
182300,2986803200,5.637402e+16,4.558355,4.567294,4.519324
182400,2988441600,5.640495e+16,4.577745,4.564303,4.513670
182500,2990080000,5.643587e+16,4.563119,4.563351,4.511849
182600,2991718400,5.646679e+16,4.560606,4.565446,4.515045
182700,2993356800,5.649772e+16,4.558040,4.566368,4.513199
182800,2994995200,5.652864e+16,4.563675,4.564639,4.512715
182900,2996633600,5.655957e+16,4.546697,4.561611,4.511363
183000,2998272000,5.659049e+16,4.557066,4.562314,4.512571
183100,2999910400,5.662141e+16,4.548547,4.561007,4.510672
183200,3001548800,5.665234e+16,4.538697,4.568109,4.515248
183300,3003187200,5.668326e+16,4.564164,4.563533,4.515364
183400,3004825600,5.671418e+16,4.561940,4.564281,4.512946
183500,3006464000,5.674511e+16,4.585292,4.562315,4.513829
183600,3008102400,5.677603e+16,4.557425,4.563210,4.512778
183700,3009740800,5.680696e+16,4.567555,4.563055,4.512712
183800,3011379200,5.683788e+16,4.558448,4.561501,4.510402
183900,3013017600,5.686880e+16,4.545100,4.559869,4.510756
184000,3014656000,5.689973e+16,4.529563,4.556840,4.511086
184100,3016294400,5.693065e+16,4.546368,4.558306,4.510355
184200,3017932800,5.696157e+16,4.553798,4.560967,4.512671
184300,3019571200,5.699250e+16,4.560800,4.556000,4.510577
184400,3021209600,5.702342e+16,4.570943,4.553854,4.505613
184500,3022848000,5.705435e+16,4.534280,4.561146,4.512777
184600,3024486400,5.708527e+16,4.540145,4.558469,4.509575
184700,3026124800,5.711619e+16,4.560938,4.560357,4.511646
184800,3027763200,5.714712e+16,4.535949,4.557434,4.508645
184900,3029401600,5.717804e+16,4.560941,4.558171,4.508624
185000,3031040000,5.720896e+16,4.527571,4.558403,4.513356
185100,3032678400,5.723989e+16,4.546775,4.553732,4.507342
185200,3034316800,5.727081e+16,4.549074,4.560699,4.511356
185300,3035955200,5.730174e+16,4.550444,4.555539,4.505177
185400,3037593600,5.733266e+16,4.550567,4.554225,4.505823
185500,3039232000,5.736358e+16,4.537889,4.555858,4.507351
185600,3040870400,5.739451e+16,4.584785,4.553622,4.506153
185700,3042508800,5.742543e+16,4.560617,4.556858,4.505080
185800,3044147200,5.745635e+16,4.538400,4.553843,4.506002
185900,3045785600,5.748728e+16,4.552588,4.553859,4.504771
186000,3047424000,5.751820e+16,4.553424,4.550359,4.504002
186100,3049062400,5.754913e+16,4.560956,4.550402,4.505101
186200,3050700800,5.758005e+16,4.558508,4.559522,4.506955
186300,3052339200,5.761097e+16,4.539014,4.556284,4.505326
186400,3053977600,5.764190e+16,4.546936,4.555322,4.506538
186500,3055616000,5.767282e+16,4.552985,4.556283,4.506156
186600,3057254400,5.770374e+16,4.558483,4.555058,4.505982
186700,3058892800,5.773467e+16,4.538970,4.551023,4.505277
186800,3060531200,5.776559e+16,4.544393,4.546447,4.499378
186900,3062169600,5.779652e+16,4.534417,4.548712,4.501824
187000,3063808000,5.782744e+16,4.552213,4.553955,4.502544
187100,3065446400,5.785836e+16,4.558473,4.548748,4.500670
187200,3067084800,5.788929e+16,4.542172,4.547232,4.501451
187300,3068723200,5.792021e+16,4.551817,4.549530,4.502148
187400,3070361600,5.795113e+16,4.549179,4.547623,4.499586
187500,3072000000,5.798206e+16,4.535436,4.546681,4.500351
187600,3073638400,5.801298e+16,4.524036,4.543869,4.500881
187700,3075276800,5.804391e+16,4.528300,4.543306,4.499236
187800,3076915200,5.807483e+16,4.530016,4.547501,4.501049
187900,3078553600,5.810575e+16,4.546865,4.545774,4.498683
188000,3080192000,5.813668e+16,4.551369,4.547536,4.500925
188100,3081830400,5.816760e+16,4.537512,4.551970,4.504289
188200,3083468800,5.819852e+16,4.563064,4.544330,4.498219
188300,3085107200,5.822945e+16,4.559519,4.549040,4.499686
188400,3086745600,5.826037e+16,4.526937,4.545668,4.500684
188500,3088384000,5.829130e+16,4.534285,4.541269,4.495451
188600,3090022400,5.832222e+16,4.544700,4.544749,4.498406
188700,3091660800,5.835314e+16,4.556668,4.544874,4.500551
188800,3093299200,5.838407e+16,4.547577,4.544820,4.498213
188900,3094937600,5.841499e+16,4.553889,4.546166,4.499474
189000,3096576000,5.844591e+16,4.525482,4.544591,4.499691
189100,3098214400,5.847684e+16,4.512416,4.546750,4.500604
189200,3099852800,5.850776e+16,4.549566,4.541476,4.496089
189300,3101491200,5.853869e+16,4.538294,4.541324,4.496976
189400,3103129600,5.856961e+16,4.561630,4.543585,4.495704
189500,3104768000,5.860053e+16,4.531197,4.542488,4.497376
189600,3106406400,5.863146e+16,4.558667,4.544479,4.499138
189700,3108044800,5.866238e+16,4.556844,4.541971,4.497370
189800,3109683200,5.869331e+16,4.545409,4.542944,4.497968
189900,3111321600,5.872423e+16,4.574531,4.541156,4.494562
190000,3112960000,5.875515e+16,4.541365,4.539337,4.495414
190100,3114598400,5.878608e+16,4.536747,4.543402,4.495916
190200,3116236800,5.881700e+16,4.533560,4.541877,4.490401
190300,3117875200,5.884792e+16,4.513144,4.541439,4.495273
190400,3119513600,5.887885e+16,4.540974,4.541561,4.494499
190500,3121152000,5.890977e+16,4.528629,4.541023,4.493866
190600,3122790400,5.894070e+16,4.543036,4.537289,4.493168
190700,3124428800,5.897162e+16,4.546391,4.535831,4.492007
190800,3126067200,5.900254e+16,4.540150,4.536172,4.490691
190900,3127705600,5.903347e+16,4.532954,4.539324,4.493580
191000,3129344000,5.906439e+16,4.548954,4.535322,4.491345
191100,3130982400,5.909531e+16,4.533640,4.535114,4.490844
191200,3132620800,5.912624e+16,4.544259,4.532448,4.489931
191300,3134259200,5.915716e+16,4.558202,4.539368,4.492784
191400,3135897600,5.918809e+16,4.537602,4.537835,4.493261
191500,3137536000,5.921901e+16,4.526777,4.539587,4.494466
191600,3139174400,5.924993e+16,4.538886,4.537106,4.493082
191700,3140812800,5.928086e+16,4.534305,4.544754,4.497312
191800,3142451200,5.931178e+16,4.517530,4.541939,4.494027
191900,3144089600,5.934270e+16,4.535098,4.535368,4.489982
192000,3145728000,5.937363e+16,4.527930,4.535456,4.490764
192100,3147366400,5.940455e+16,4.556890,4.533928,4.486650
192200,3149004800,5.943548e+16,4.535885,4.535687,4.491993
192300,3150643200,5.946640e+16,4.529137,4.534232,4.489369
192400,3152281600,5.949732e+16,4.540586,4.535433,4.488461
192500,3153920000,5.952825e+16,4.545848,4.537140,4.488331
192600,3155558400,5.955917e+16,4.559394,4.539094,4.491768
192700,3157196800,5.959009e+16,4.511250,4.532389,4.486451
192800,3158835200,5.962102e+16,4.528832,4.534894,4.489279
192900,3160473600,5.965194e+16,4.514668,4.535647,4.490084
193000,3162112000,5.968287e+16,4.524519,4.529074,4.486573
193100,3163750400,5.971379e+16,4.523455,4.534031,4.488338
193200,3165388800,5.974471e+16,4.522964,4.527776,4.484787
193300,3167027200,5.977564e+16,4.528737,4.531221,4.488110
193400,3168665600,5.980656e+16,4.533982,4.529780,4.488593
193500,3170304000,5.983748e+16,4.530425,4.525249,4.485450
193600,3171942400,5.986841e+16,4.505538,4.527881,4.488606
193700,3173580800,5.989933e+16,4.527111,4.526914,4.486382
193800,3175219200,5.993026e+16,4.529348,4.526936,4.486341
193900,3176857600,5.996118e+16,4.524685,4.526609,4.485253
194000,3178496000,5.999210e+16,4.546449,4.528300,4.484336
194100,3180134400,6.002303e+16,4.510360,4.523411,4.482206
194200,3181772800,6.005395e+16,4.519696,4.524390,4.483701
194300,3183411200,6.008487e+16,4.524300,4.520231,4.480532
194400,3185049600,6.011580e+16,4.541874,4.531577,4.487771
194500,3186688000,6.014672e+16,4.504562,4.524557,4.483047
194600,3188326400,6.017765e+16,4.507968,4.523172,4.485821
194700,3189964800,6.020857e+16,4.545207,4.526154,4.483725
194800,3191603200,6.023949e+16,4.526354,4.530737,4.483894
194900,3193241600,6.027042e+16,4.537763,4.527067,4.479158
195000,3194880000,6.030134e+16,4.523729,4.530423,4.481716
195100,3196518400,6.033226e+16,4.514136,4.533212,4.485647
195200,3198156800,6.036319e+16,4.523436,4.533706,4.483953
195300,3199795200,6.039411e+16,4.541345,4.529763,4.483078
195400,3201433600,6.042504e+16,4.532643,4.531919,4.484850
195500,3203072000,6.045596e+16,4.527649,4.529280,4.479598
195600,3204710400,6.048688e+16,4.531357,4.526702,4.479145
195700,3206348800,6.051781e+16,4.525529,4.526830,4.480982
195800,3207987200,6.054873e+16,4.519257,4.527808,4.480016
195900,3209625600,6.057965e+16,4.507341,4.527382,4.478007
196000,3211264000,6.061058e+16,4.507727,4.531903,4.482805
196100,3212902400,6.064150e+16,4.507742,4.530745,4.481727
196200,3214540800,6.067243e+16,4.517756,4.531030,4.479566
196300,3216179200,6.070335e+16,4.509576,4.530736,4.475457
196400,3217817600,6.073427e+16,4.518775,4.525967,4.476887
196500,3219456000,6.076520e+16,4.529993,4.525954,4.476125
196600,3221094400,6.079612e+16,4.537383,4.530989,4.479943
196700,3222732800,6.082704e+16,4.523271,4.527273,4.476886
196800,3224371200,6.085797e+16,4.548219,4.529391,4.477932
196900,3226009600,6.088889e+16,4.508718,4.528124,4.476780
197000,3227648000,6.091982e+16,4.525884,4.529883,4.477234
197100,3229286400,6.095074e+16,4.514013,4.524528,4.476815
197200,3230924800,6.098166e+16,4.511532,4.527820,4.477575
197300,3232563200,6.101259e+16,4.515597,4.529461,4.475604
197400,3234201600,6.104351e+16,4.517698,4.525569,4.475168
197500,3235840000,6.107443e+16,4.534362,4.527393,4.478584
197600,3237478400,6.110536e+16,4.522330,4.524490,4.474345
197700,3239116800,6.113628e+16,4.524216,4.525688,4.476458
197800,3240755200,6.116721e+16,4.529897,4.526818,4.479517
197900,3242393600,6.119813e+16,4.538929,4.525521,4.479545
198000,3244032000,6.122905e+16,4.531614,4.524984,4.477957
198100,3245670400,6.125998e+16,4.516778,4.522450,4.477273
198200,3247308800,6.129090e+16,4.513585,4.523149,4.478629
198300,3248947200,6.132183e+16,4.514528,4.522391,4.475257
198400,3250585600,6.135275e+16,4.526640,4.519279,4.473947
198500,3252224000,6.138367e+16,4.503116,4.518318,4.472895
198600,3253862400,6.141460e+16,4.493851,4.518342,4.473668
198700,3255500800,6.144552e+16,4.524478,4.518744,4.472378
198800,3257139200,6.147644e+16,4.513799,4.515332,4.468602
198900,3258777600,6.150737e+16,4.507773,4.515160,4.468234
199000,3260416000,6.153829e+16,4.488789,4.515856,4.469991
199100,3262054400,6.156922e+16,4.518849,4.514031,4.471484
199200,3263692800,6.160014e+16,4.518750,4.525307,4.474344
199300,3265331200,6.163106e+16,4.503880,4.517413,4.469375
199400,3266969600,6.166199e+16,4.517449,4.513986,4.468449
199500,3268608000,6.169291e+16,4.499296,4.513211,4.470857
199600,3270246400,6.172383e+16,4.533154,4.519791,4.472923
199700,3271884800,6.175476e+16,4.521509,4.516876,4.469571
199800,3273523200,6.178568e+16,4.523527,4.520714,4.473985
199900,3275161600,6.181661e+16,4.506669,4.521726,4.473169
200000,3276800000,6.184753e+16,4.522072,4.516822,4.467945
200100,3278438400,6.187845e+16,4.526336,4.515199,4.468850
200200,3280076800,6.190938e+16,4.528877,4.519331,4.470683
200300,3281715200,6.194030e+16,4.520700,4.513396,4.467315
200400,3283353600,6.197122e+16,4.494699,4.514208,4.468456
200500,3284992000,6.200215e+16,4.500061,4.514053,4.467785
200600,3286630400,6.203307e+16,4.524551,4.517204,4.468168
200700,3288268800,6.206400e+16,4.530921,4.512535,4.465689
200800,3289907200,6.209492e+16,4.525882,4.513668,4.468020
200900,3291545600,6.212584e+16,4.494060,4.516167,4.467892
201000,3293184000,6.215677e+16,4.503891,4.514040,4.464428
201100,3294822400,6.218769e+16,4.502415,4.514120,4.466788
201200,3296460800,6.221861e+16,4.484086,4.512632,4.465114
201300,3298099200,6.224954e+16,4.513237,4.517598,4.466831
201400,3299737600,6.228046e+16,4.497804,4.516331,4.467929
201500,3301376000,6.231139e+16,4.527170,4.517633,4.468440
201600,3303014400,6.234231e+16,4.494336,4.511544,4.465065
201700,3304652800,6.237323e+16,4.503089,4.512301,4.463466
201800,3306291200,6.240416e+16,4.519082,4.516107,4.463243
201900,3307929600,6.243508e+16,4.505666,4.515725,4.465685
202000,3309568000,6.246600e+16,4.511799,4.511120,4.462581
202100,3311206400,6.249693e+16,4.528903,4.513386,4.465239
202200,3312844800,6.252785e+16,4.506924,4.507079,4.461875
202300,3314483200,6.255878e+16,4.512358,4.506346,4.463293
202400,3316121600,6.258970e+16,4.489886,4.507323,4.463726
202500,3317760000,6.262062e+16,4.514526,4.508164,4.465472
202600,3319398400,6.265155e+16,4.508288,4.507956,4.463934
202700,3321036800,6.268247e+16,4.486898,4.506578,4.463929
202800,3322675200,6.271339e+16,4.508890,4.509662,4.465912
202900,3324313600,6.274432e+16,4.505747,4.507076,4.462229
203000,3325952000,6.277524e+16,4.516224,4.501200,4.462906
203100,3327590400,6.280617e+16,4.506087,4.505240,4.462683
203200,3329228800,6.283709e+16,4.514527,4.502075,4.460120
203300,3330867200,6.286801e+16,4.505649,4.505297,4.460589
203400,3332505600,6.289894e+16,4.487817,4.506670,4.459031
203500,3334144000,6.292986e+16,4.486635,4.508298,4.461647
203600,3335782400,6.296078e+16,4.504045,4.506344,4.460257
203700,3337420800,6.299171e+16,4.492781,4.504774,4.460523
203800,3339059200,6.302263e+16,4.485212,4.506299,4.461163
203900,3340697600,6.305356e+16,4.489701,4.500250,4.456033
204000,3342336000,6.308448e+16,4.517054,4.503711,4.456404
204100,3343974400,6.311540e+16,4.483158,4.498955,4.456555
204200,3345612800,6.314633e+16,4.495464,4.504341,4.460126
204300,3347251200,6.317725e+16,4.502857,4.509033,4.463218
204400,3348889600,6.320817e+16,4.537209,4.506207,4.460466
204500,3350528000,6.323910e+16,4.510520,4.503429,4.456801
204600,3352166400,6.327002e+16,4.485671,4.500119,4.454835
204700,3353804800,6.330095e+16,4.500862,4.501223,4.455926
204800,3355443200,6.333187e+16,4.502295,4.504189,4.458074
204900,3357081600,6.336279e+16,4.467859,4.503442,4.457599
205000,3358720000,6.339372e+16,4.512660,4.502643,4.459145
205100,3360358400,6.342464e+16,4.488242,4.502762,4.460203
205200,3361996800,6.345556e+16,4.497722,4.503562,4.458508
205300,3363635200,6.348649e+16,4.470659,4.497099,4.456274
205400,3365273600,6.351741e+16,4.510762,4.501048,4.459804
205500,3366912000,6.354834e+16,4.499985,4.494398,4.456475
205600,3368550400,6.357926e+16,4.486819,4.494367,4.454492
205700,3370188800,6.361018e+16,4.491082,4.494401,4.454190
205800,3371827200,6.364111e+16,4.484591,4.494968,4.456211
205900,3373465600,6.367203e+16,4.499579,4.495436,4.455749
206000,3375104000,6.370295e+16,4.506598,4.493149,4.452463
206100,3376742400,6.373388e+16,4.476574,4.491645,4.453269
206200,3378380800,6.376480e+16,4.498608,4.496523,4.452371
206300,3380019200,6.379573e+16,4.489287,4.497041,4.456370
206400,3381657600,6.382665e+16,4.500408,4.493890,4.454279
206500,3383296000,6.385757e+16,4.502387,4.493828,4.452428
206600,3384934400,6.388850e+16,4.495105,4.496524,4.454930
206700,3386572800,6.391942e+16,4.484414,4.493133,4.453512
206800,3388211200,6.395035e+16,4.490910,4.491018,4.449768
206900,3389849600,6.398127e+16,4.509244,4.490570,4.448958
207000,3391488000,6.401219e+16,4.500196,4.489680,4.449999
207100,3393126400,6.404312e+16,4.489996,4.491963,4.454176
207200,3394764800,6.407404e+16,4.494444,4.493320,4.452049
207300,3396403200,6.410496e+16,4.483223,4.494426,4.453577
207400,3398041600,6.413589e+16,4.479952,4.492776,4.451773
207500,3399680000,6.416681e+16,4.478908,4.494948,4.450544
207600,3401318400,6.419774e+16,4.507053,4.488493,4.448446
207700,3402956800,6.422866e+16,4.492991,4.493342,4.450808
207800,3404595200,6.425958e+16,4.489451,4.491668,4.446081
207900,3406233600,6.429051e+16,4.503461,4.489843,4.446787
208000,3407872000,6.432143e+16,4.471905,4.494329,4.448522
208100,3409510400,6.435235e+16,4.477172,4.494147,4.449858
208200,3411148800,6.438328e+16,4.504769,4.491190,4.445985
208300,3412787200,6.441420e+16,4.474487,4.488273,4.443573
208400,3414425600,6.444513e+16,4.502752,4.496531,4.449089
208500,3416064000,6.447605e+16,4.483866,4.493874,4.446708
208600,3417702400,6.450697e+16,4.486813,4.492643,4.447127
208700,3419340800,6.453790e+16,4.486349,4.491671,4.447134
208800,3420979200,6.456882e+16,4.499549,4.495188,4.449967
208900,3422617600,6.459974e+16,4.498937,4.491453,4.448616
209000,3424256000,6.463067e+16,4.497277,4.491531,4.447359
209100,3425894400,6.466159e+16,4.476342,4.494596,4.449373
209200,3427532800,6.469252e+16,4.515369,4.489058,4.447138
209300,3429171200,6.472344e+16,4.477516,4.492912,4.452077
209400,3430809600,6.475436e+16,4.520271,4.486795,4.448299
209500,3432448000,6.478529e+16,4.508485,4.490098,4.447932
209600,3434086400,6.481621e+16,4.491614,4.483896,4.441580
209700,3435724800,6.484713e+16,4.493140,4.487828,4.446795
209800,3437363200,6.487806e+16,4.499547,4.487074,4.446225
209900,3439001600,6.490898e+16,4.497151,4.484968,4.441191
210000,3440640000,6.493991e+16,4.490825,4.486245,4.446885
210100,3442278400,6.497083e+16,4.495597,4.484429,4.443290
210200,3443916800,6.500175e+16,4.505973,4.490153,4.447420
210300,3445555200,6.503268e+16,4.473626,4.487265,4.445728
210400,3447193600,6.506360e+16,4.508635,4.487481,4.445929
210500,3448832000,6.509452e+16,4.496506,4.486924,4.447095
210600,3450470400,6.512545e+16,4.496380,4.490677,4.449490
210700,3452108800,6.515637e+16,4.483733,4.490611,4.448383
210800,3453747200,6.518730e+16,4.494278,4.489383,4.445029
210900,3455385600,6.521822e+16,4.491711,4.487110,4.446648
211000,3457024000,6.524914e+16,4.505365,4.479149,4.443095
211100,3458662400,6.528007e+16,4.486065,4.486166,4.443548
211200,3460300800,6.531099e+16,4.497110,4.485530,4.441975
211300,3461939200,6.534191e+16,4.483441,4.482460,4.440426
211400,3463577600,6.537284e+16,4.483265,4.493098,4.445075
211500,3465216000,6.540376e+16,4.495451,4.486344,4.442130
211600,3466854400,6.543469e+16,4.488464,4.489396,4.444636
211700,3468492800,6.546561e+16,4.473995,4.485582,4.445542
211800,3470131200,6.549653e+16,4.492866,4.486695,4.443964
211900,3471769600,6.552746e+16,4.502123,4.487075,4.441074
212000,3473408000,6.555838e+16,4.497602,4.482574,4.436886
212100,3475046400,6.558930e+16,4.508554,4.480146,4.438589
212200,3476684800,6.562023e+16,4.484030,4.482730,4.437832
212300,3478323200,6.565115e+16,4.471703,4.481805,4.438022
212400,3479961600,6.568208e+16,4.470601,4.485567,4.440562
212500,3481600000,6.571300e+16,4.488311,4.487828,4.440521
212600,3483238400,6.574392e+16,4.505910,4.486557,4.442655
212700,3484876800,6.577485e+16,4.484244,4.488577,4.440651
212800,3486515200,6.580577e+16,4.465085,4.486823,4.441867
212900,3488153600,6.583669e+16,4.460775,4.487472,4.441360
213000,3489792000,6.586762e+16,4.468255,4.490161,4.442359
213100,3491430400,6.589854e+16,4.485126,4.486466,4.437359
213200,3493068800,6.592947e+16,4.490590,4.484601,4.437863
213300,3494707200,6.596039e+16,4.502729,4.486409,4.441143
213400,3496345600,6.599131e+16,4.492943,4.484595,4.435855
213500,3497984000,6.602224e+16,4.483006,4.484190,4.439967
213600,3499622400,6.605316e+16,4.475886,4.483407,4.436871
213700,3501260800,6.608408e+16,4.486353,4.483065,4.437279
213800,3502899200,6.611501e+16,4.486725,4.481713,4.437685
213900,3504537600,6.614593e+16,4.472574,4.484160,4.438335
214000,3506176000,6.617686e+16,4.483482,4.481123,4.438330
214100,3507814400,6.620778e+16,4.466981,4.488806,4.441593
214200,3509452800,6.623870e+16,4.470988,4.483217,4.435592
214300,3511091200,6.626963e+16,4.488922,4.488329,4.437873
214400,3512729600,6.630055e+16,4.474691,4.481993,4.435268
214500,3514368000,6.633147e+16,4.475334,4.487362,4.440352
214600,3516006400,6.636240e+16,4.462304,4.486963,4.439004
214700,3517644800,6.639332e+16,4.469877,4.479206,4.434690
214800,3519283200,6.642425e+16,4.474603,4.480083,4.435190
214900,3520921600,6.645517e+16,4.500762,4.480745,4.436575
215000,3522560000,6.648609e+16,4.481086,4.479200,4.435464
215100,3524198400,6.651702e+16,4.477264,4.479878,4.436637
215200,3525836800,6.654794e+16,4.481538,4.477952,4.433670
215300,3527475200,6.657887e+16,4.488066,4.476463,4.433965
215400,3529113600,6.660979e+16,4.488683,4.480211,4.433515
215500,3530752000,6.664071e+16,4.493923,4.483797,4.436360
215600,3532390400,6.667164e+16,4.468094,4.479672,4.434236
215700,3534028800,6.670256e+16,4.470207,4.478906,4.433503
215800,3535667200,6.673348e+16,4.461380,4.481260,4.434383
215900,3537305600,6.676441e+16,4.458137,4.480940,4.432303
216000,3538944000,6.679533e+16,4.460352,4.481958,4.434977
216100,3540582400,6.682626e+16,4.470646,4.485237,4.435329
216200,3542220800,6.685718e+16,4.476851,4.486781,4.437998
216300,3543859200,6.688810e+16,4.460926,4.481618,4.434568
216400,3545497600,6.691903e+16,4.464905,4.477562,4.431560
216500,3547136000,6.694995e+16,4.493055,4.488167,4.436475
216600,3548774400,6.698087e+16,4.491539,4.482182,4.431228
216700,3550412800,6.701180e+16,4.486529,4.481871,4.428809
216800,3552051200,6.704272e+16,4.469357,4.479708,4.430752
216900,3553689600,6.707365e+16,4.476538,4.480806,4.432398
217000,3555328000,6.710457e+16,4.469249,4.481885,4.431394
217100,3556966400,6.713549e+16,4.468105,4.479006,4.431911
217200,3558604800,6.716642e+16,4.483428,4.482603,4.434696
217300,3560243200,6.719734e+16,4.457088,4.478408,4.431585
217400,3561881600,6.722826e+16,4.468807,4.481809,4.434677
217500,3563520000,6.725919e+16,4.457509,4.478536,4.434552
217600,3565158400,6.729011e+16,4.473811,4.478159,4.434077
217700,3566796800,6.732104e+16,4.460429,4.477474,4.433376
217800,3568435200,6.735196e+16,4.491665,4.478368,4.431825
217900,3570073600,6.738288e+16,4.470735,4.481087,4.432306
218000,3571712000,6.741381e+16,4.474838,4.477660,4.429384
218100,3573350400,6.744473e+16,4.448347,4.477271,4.430396
218200,3574988800,6.747565e+16,4.459131,4.475312,4.428998
218300,3576627200,6.750658e+16,4.475790,4.471442,4.427605
218400,3578265600,6.753750e+16,4.487336,4.473284,4.430191
218500,3579904000,6.756843e+16,4.470758,4.468345,4.425356
218600,3581542400,6.759935e+16,4.452737,4.470687,4.427622
218700,3583180800,6.763027e+16,4.464520,4.469050,4.428701
218800,3584819200,6.766120e+16,4.506301,4.474086,4.431238
218900,3586457600,6.769212e+16,4.466584,4.467448,4.424774
219000,3588096000,6.772304e+16,4.454988,4.472912,4.427144
219100,3589734400,6.775397e+16,4.457234,4.466947,4.425908
219200,3591372800,6.778489e+16,4.480978,4.470396,4.423517
219300,3593011200,6.781582e+16,4.468330,4.472705,4.426577
219400,3594649600,6.784674e+16,4.466135,4.473077,4.425829
219500,3596288000,6.787766e+16,4.436391,4.476892,4.428477
219600,3597926400,6.790859e+16,4.474738,4.474928,4.426351
219700,3599564800,6.793951e+16,4.471512,4.467086,4.423056
219800,3601203200,6.797043e+16,4.476668,4.468926,4.426129
219900,3602841600,6.800136e+16,4.466299,4.459831,4.420058
220000,3604480000,6.803228e+16,4.477029,4.462178,4.422181
220100,3606118400,6.806321e+16,4.445196,4.467025,4.423257
220200,3607756800,6.809413e+16,4.453938,4.467338,4.423403
220300,3609395200,6.812505e+16,4.448135,4.470504,4.425608
220400,3611033600,6.815598e+16,4.449300,4.471853,4.427820
220500,3612672000,6.818690e+16,4.480624,4.469779,4.425261
220600,3614310400,6.821782e+16,4.459238,4.471713,4.429172
220700,3615948800,6.824875e+16,4.461493,4.468798,4.424846
220800,3617587200,6.827967e+16,4.453946,4.468822,4.424559
220900,3619225600,6.831060e+16,4.456808,4.465735,4.425145
221000,3620864000,6.834152e+16,4.458553,4.466705,4.424731
221100,3622502400,6.837244e+16,4.451681,4.468936,4.426367
221200,3624140800,6.840337e+16,4.494389,4.463073,4.423081
221300,3625779200,6.843429e+16,4.460760,4.461163,4.420993
221400,3627417600,6.846521e+16,4.461959,4.461471,4.421707
221500,3629056000,6.849614e+16,4.458058,4.461336,4.418444
221600,3630694400,6.852706e+16,4.473994,4.462899,4.419991
221700,3632332800,6.855799e+16,4.485499,4.462216,4.419001
221800,3633971200,6.858891e+16,4.469086,4.463033,4.420842
221900,3635609600,6.861983e+16,4.471197,4.463428,4.418073
222000,3637248000,6.865076e+16,4.477735,4.460648,4.418466
222100,3638886400,6.868168e+16,4.474887,4.460135,4.416865
222200,3640524800,6.871260e+16,4.437641,4.469261,4.420720
222300,3642163200,6.874353e+16,4.486359,4.464487,4.419666
222400,3643801600,6.877445e+16,4.453057,4.460467,4.417135
222500,3645440000,6.880538e+16,4.450113,4.465360,4.420136
222600,3647078400,6.883630e+16,4.454426,4.463779,4.419749
222700,3648716800,6.886722e+16,4.447194,4.462809,4.418962
222800,3650355200,6.889815e+16,4.467604,4.467732,4.420245
222900,3651993600,6.892907e+16,4.440612,4.457832,4.417310
223000,3653632000,6.895999e+16,4.465070,4.462254,4.419921
223100,3655270400,6.899092e+16,4.467784,4.462850,4.420416
223200,3656908800,6.902184e+16,4.454934,4.458064,4.415162
223300,3658547200,6.905277e+16,4.476267,4.459221,4.414002
223400,3660185600,6.908369e+16,4.461401,4.460903,4.415888
223500,3661824000,6.911461e+16,4.460605,4.460359,4.414679
223600,3663462400,6.914554e+16,4.449923,4.463878,4.418502
223700,3665100800,6.917646e+16,4.474625,4.464826,4.416664
223800,3666739200,6.920739e+16,4.445714,4.462011,4.417687
223900,3668377600,6.923831e+16,4.450498,4.459943,4.413734
224000,3670016000,6.926923e+16,4.478094,4.457598,4.415328
224100,3671654400,6.930016e+16,4.459394,4.459837,4.414706
224200,3673292800,6.933108e+16,4.452772,4.458866,4.413909
224300,3674931200,6.936200e+16,4.452446,4.455290,4.411448
224400,3676569600,6.939293e+16,4.468208,4.462034,4.418609
224500,3678208000,6.942385e+16,4.454877,4.457129,4.414665
224600,3679846400,6.945478e+16,4.456022,4.458002,4.414715
224700,3681484800,6.948570e+16,4.440828,4.459381,4.419275
224800,3683123200,6.951662e+16,4.460072,4.452762,4.412489
224900,3684761600,6.954755e+16,4.458927,4.458606,4.414984
225000,3686400000,6.957847e+16,4.466742,4.456609,4.413384
225100,3688038400,6.960939e+16,4.449231,4.456116,4.414564
225200,3689676800,6.964032e+16,4.436736,4.451906,4.412621
225300,3691315200,6.967124e+16,4.438490,4.457487,4.414520
225400,3692953600,6.970217e+16,4.459297,4.453798,4.411006
225500,3694592000,6.973309e+16,4.460857,4.460448,4.416167
225600,3696230400,6.976401e+16,4.467618,4.461676,4.412973
225700,3697868800,6.979494e+16,4.440023,4.455184,4.409231
225800,3699507200,6.982586e+16,4.439920,4.460554,4.414537
225900,3701145600,6.985678e+16,4.461918,4.456422,4.409887
226000,3702784000,6.988771e+16,4.450655,4.452864,4.409284
226100,3704422400,6.991863e+16,4.446278,4.458219,4.411013
226200,3706060800,6.994956e+16,4.443475,4.454320,4.409395
226300,3707699200,6.998048e+16,4.470256,4.452487,4.409143
226400,3709337600,7.001140e+16,4.454897,4.451575,4.407190
226500,3710976000,7.004233e+16,4.439082,4.453115,4.408940
226600,3712614400,7.007325e+16,4.442080,4.460997,4.410973
226700,3714252800,7.010417e+16,4.444607,4.459284,4.411104
226800,3715891200,7.013510e+16,4.467570,4.457123,4.411085
226900,3717529600,7.016602e+16,4.467988,4.453706,4.407963
227000,3719168000,7.019695e+16,4.453425,4.454526,4.409871
227100,3720806400,7.022787e+16,4.442960,4.456363,4.409694
227200,3722444800,7.025879e+16,4.467371,4.455477,4.409256
227300,3724083200,7.028972e+16,4.468220,4.459366,4.410826
227400,3725721600,7.032064e+16,4.445415,4.450507,4.405187
227500,3727360000,7.035156e+16,4.442286,4.451869,4.408300
227600,3728998400,7.038249e+16,4.468584,4.451290,4.407762
227700,3730636800,7.041341e+16,4.464958,4.451899,4.405371
227800,3732275200,7.044434e+16,4.450915,4.453611,4.407931
227900,3733913600,7.047526e+16,4.439806,4.449103,4.405834
228000,3735552000,7.050618e+16,4.458967,4.449121,4.405579
228100,3737190400,7.053711e+16,4.434043,4.452373,4.408590
228200,3738828800,7.056803e+16,4.450191,4.446177,4.405888
228300,3740467200,7.059895e+16,4.452692,4.454426,4.409578
228400,3742105600,7.062988e+16,4.453256,4.447641,4.405338
228500,3743744000,7.066080e+16,4.444118,4.448374,4.407744
228600,3745382400,7.069173e+16,4.467687,4.446089,4.404364
228700,3747020800,7.072265e+16,4.468219,4.450969,4.408988
228800,3748659200,7.075357e+16,4.454746,4.448918,4.404439
228900,3750297600,7.078450e+16,4.454701,4.445537,4.401050
229000,3751936000,7.081542e+16,4.456810,4.450260,4.404426
229100,3753574400,7.084634e+16,4.459225,4.451399,4.406010
229200,3755212800,7.087727e+16,4.442262,4.456320,4.410622
229300,3756851200,7.090819e+16,4.448945,4.450375,4.405251
229400,3758489600,7.093912e+16,4.446290,4.450542,4.404325
229500,3760128000,7.097004e+16,4.472275,4.448591,4.404545
229600,3761766400,7.100096e+16,4.438552,4.453519,4.407273
229700,3763404800,7.103189e+16,4.453630,4.446222,4.404964
229800,3765043200,7.106281e+16,4.454670,4.446950,4.406291
229900,3766681600,7.109373e+16,4.455598,4.441502,4.403042
230000,3768320000,7.112466e+16,4.451208,4.443591,4.405795
230100,3769958400,7.115558e+16,4.456877,4.442123,4.403169
230200,3771596800,7.118651e+16,4.454650,4.450177,4.406005
230300,3773235200,7.121743e+16,4.449676,4.450805,4.407030
230400,3774873600,7.124835e+16,4.449509,4.451176,4.409236
230500,3776512000,7.127928e+16,4.442122,4.445165,4.402467
230600,3778150400,7.131020e+16,4.448837,4.444253,4.404495
230700,3779788800,7.134112e+16,4.469488,4.443124,4.399933
230800,3781427200,7.137205e+16,4.456488,4.444470,4.401536
230900,3783065600,7.140297e+16,4.437719,4.446044,4.400909
231000,3784704000,7.143390e+16,4.442314,4.449990,4.405335
231100,3786342400,7.146482e+16,4.429856,4.452274,4.405688
231200,3787980800,7.149574e+16,4.449022,4.447317,4.402742
231300,3789619200,7.152667e+16,4.457794,4.445449,4.400186
231400,3791257600,7.155759e+16,4.457165,4.443384,4.400126
231500,3792896000,7.158851e+16,4.451862,4.440721,4.399946
231600,3794534400,7.161944e+16,4.444527,4.444142,4.400182
231700,3796172800,7.165036e+16,4.436590,4.449566,4.402590
231800,3797811200,7.168129e+16,4.435789,4.445003,4.400255
231900,3799449600,7.171221e+16,4.436850,4.446564,4.401271
232000,3801088000,7.174313e+16,4.431982,4.444623,4.400436
232100,3802726400,7.177406e+16,4.443799,4.441959,4.401524
232200,3804364800,7.180498e+16,4.436627,4.442418,4.398759
232300,3806003200,7.183591e+16,4.434119,4.438067,4.400544
232400,3807641600,7.186683e+16,4.435177,4.442409,4.399047
232500,3809280000,7.189775e+16,4.419669,4.441719,4.397358
232600,3810918400,7.192868e+16,4.448561,4.444647,4.400464
232700,3812556800,7.195960e+16,4.430048,4.442609,4.398506
232800,3814195200,7.199052e+16,4.457812,4.442951,4.397258
232900,3815833600,7.202145e+16,4.429936,4.445290,4.399164
233000,3817472000,7.205237e+16,4.465079,4.436494,4.393402
233100,3819110400,7.208330e+16,4.455981,4.439703,4.394695
233200,3820748800,7.211422e+16,4.446734,4.443293,4.395577
233300,3822387200,7.214514e+16,4.436673,4.445135,4.397821
233400,3824025600,7.217607e+16,4.446870,4.446212,4.398732
233500,3825664000,7.220699e+16,4.471340,4.439945,4.394543
233600,3827302400,7.223791e+16,4.434664,4.444076,4.398336
233700,3828940800,7.226884e+16,4.435995,4.441477,4.396043
233800,3830579200,7.229976e+16,4.445505,4.441427,4.396430
233900,3832217600,7.233069e+16,4.460472,4.438837,4.395952
234000,3833856000,7.236161e+16,4.449829,4.435032,4.394511
234100,3835494400,7.239253e+16,4.435045,4.434894,4.393417
234200,3837132800,7.242346e+16,4.432750,4.435406,4.393152
234300,3838771200,7.245438e+16,4.433631,4.436932,4.394179
234400,3840409600,7.248530e+16,4.442825,4.441502,4.395441
234500,3842048000,7.251623e+16,4.443688,4.436373,4.393954
234600,3843686400,7.254715e+16,4.452826,4.434676,4.391362
234700,3845324800,7.257808e+16,4.425797,4.438737,4.393112
234800,3846963200,7.260900e+16,4.448620,4.441844,4.398217
234900,3848601600,7.263992e+16,4.442853,4.441437,4.396037
235000,3850240000,7.267085e+16,4.444808,4.437317,4.394526
235100,3851878400,7.270177e+16,4.452425,4.440617,4.395539
235200,3853516800,7.273269e+16,4.436813,4.437200,4.392405
235300,3855155200,7.276362e+16,4.452360,4.431387,4.389895
235400,3856793600,7.279454e+16,4.423988,4.435686,4.393212
235500,3858432000,7.282547e+16,4.427025,4.436108,4.391056
235600,3860070400,7.285639e+16,4.411201,4.438793,4.394558
235700,3861708800,7.288731e+16,4.410749,4.433384,4.391123
235800,3863347200,7.291824e+16,4.438406,4.432875,4.389268
235900,3864985600,7.294916e+16,4.420005,4.437961,4.391362
236000,3866624000,7.298008e+16,4.418999,4.432926,4.390866
236100,3868262400,7.301101e+16,4.460700,4.435372,4.392314
236200,3869900800,7.304193e+16,4.437068,4.434992,4.390499
236300,3871539200,7.307286e+16,4.413430,4.439278,4.390688
236400,3873177600,7.310378e+16,4.427115,4.435174,4.388821
236500,3874816000,7.313470e+16,4.439669,4.436391,4.388938
236600,3876454400,7.316563e+16,4.415082,4.440111,4.391998
236700,3878092800,7.319655e+16,4.439949,4.440560,4.393222
236800,3879731200,7.322747e+16,4.439063,4.443910,4.394525
236900,3881369600,7.325840e+16,4.434090,4.440324,4.391091
237000,3883008000,7.328932e+16,4.421182,4.434455,4.390966
237100,3884646400,7.332025e+16,4.418134,4.436863,4.392211
237200,3886284800,7.335117e+16,4.436069,4.433587,4.389643
237300,3887923200,7.338209e+16,4.435111,4.436528,4.389797
237400,3889561600,7.341302e+16,4.441319,4.432882,4.386890
237500,3891200000,7.344394e+16,4.434575,4.438618,4.389478
237600,3892838400,7.347486e+16,4.431062,4.434827,4.387757
237700,3894476800,7.350579e+16,4.445202,4.434237,4.386984
237800,3896115200,7.353671e+16,4.434136,4.435288,4.390773
237900,3897753600,7.356764e+16,4.429954,4.436110,4.388481
238000,3899392000,7.359856e+16,4.439454,4.436722,4.391109
238100,3901030400,7.362948e+16,4.420245,4.434495,4.387825
238200,3902668800,7.366041e+16,4.435395,4.436261,4.386389
238300,3904307200,7.369133e+16,4.447299,4.433641,4.387332
238400,3905945600,7.372225e+16,4.422907,4.438759,4.389662
238500,3907584000,7.375318e+16,4.428847,4.434539,4.386414
238600,3909222400,7.378410e+16,4.438140,4.432576,4.385280
238700,3910860800,7.381503e+16,4.447072,4.430706,4.385420
238800,3912499200,7.384595e+16,4.446213,4.432254,4.386130
238900,3914137600,7.387687e+16,4.418869,4.428340,4.383328
239000,3915776000,7.390780e+16,4.412611,4.435216,4.387464
239100,3917414400,7.393872e+16,4.426917,4.434639,4.387513
239200,3919052800,7.396964e+16,4.443364,4.435382,4.385291
239300,3920691200,7.400057e+16,4.425352,4.433508,4.385904
239400,3922329600,7.403149e+16,4.410003,4.426268,4.384643
239500,3923968000,7.406242e+16,4.442305,4.426097,4.383126
239600,3925606400,7.409334e+16,4.449277,4.428588,4.385229
239700,3927244800,7.412426e+16,4.438825,4.428066,4.386070
239800,3928883200,7.415519e+16,4.435575,4.430879,4.386612
239900,3930521600,7.418611e+16,4.437579,4.436185,4.387375
240000,3932160000,7.421703e+16,4.439329,4.428238,4.385800
240100,3933798400,7.424796e+16,4.441926,4.426727,4.383993
240200,3935436800,7.427888e+16,4.452645,4.423908,4.382881
240300,3937075200,7.430981e+16,4.443853,4.424780,4.381022
240400,3938713600,7.434073e+16,4.428384,4.427315,4.382083
240500,3940352000,7.437165e+16,4.422376,4.427725,4.383662
240600,3941990400,7.440258e+16,4.431467,4.428480,4.385638
240700,3943628800,7.443350e+16,4.426949,4.427158,4.382236
240800,3945267200,7.446442e+16,4.450245,4.430044,4.384412
240900,3946905600,7.449535e+16,4.437519,4.434428,4.386499
241000,3948544000,7.452627e+16,4.433022,4.432132,4.386019
241100,3950182400,7.455720e+16,4.422551,4.424434,4.381350
241200,3951820800,7.458812e+16,4.456642,4.431814,4.384315
241300,3953459200,7.461904e+16,4.420379,4.427521,4.381424
241400,3955097600,7.464997e+16,4.438964,4.424182,4.380154
241500,3956736000,7.468089e+16,4.428689,4.429140,4.383178
241600,3958374400,7.471182e+16,4.423894,4.422425,4.379590
241700,3960012800,7.474274e+16,4.432781,4.427148,4.381815
241800,3961651200,7.477366e+16,4.422789,4.423509,4.382885
241900,3963289600,7.480459e+16,4.420712,4.424923,4.379838
242000,3964928000,7.483551e+16,4.428295,4.428773,4.380133
242100,3966566400,7.486643e+16,4.443794,4.426230,4.379349
242200,3968204800,7.489736e+16,4.435918,4.428538,4.381470
242300,3969843200,7.492828e+16,4.393360,4.425933,4.380207
242400,3971481600,7.495921e+16,4.444190,4.432201,4.383056
242500,3973120000,7.499013e+16,4.436541,4.425493,4.381087
242600,3974758400,7.502105e+16,4.437762,4.421454,4.378560
242700,3976396800,7.505198e+16,4.430246,4.420797,4.378040
242800,3978035200,7.508290e+16,4.415857,4.422405,4.379460
242900,3979673600,7.511382e+16,4.404393,4.425296,4.378181
243000,3981312000,7.514475e+16,4.416913,4.424577,4.380395
243100,3982950400,7.517567e+16,4.429873,4.425009,4.378733
243200,3984588800,7.520660e+16,4.413269,4.429270,4.381653
243300,3986227200,7.523752e+16,4.420820,4.429920,4.381501
243400,3987865600,7.526844e+16,4.429920,4.424613,4.377497
243500,3989504000,7.529937e+16,4.425083,4.428220,4.381161
243600,3991142400,7.533029e+16,4.411818,4.427964,4.378687
243700,3992780800,7.536121e+16,4.442008,4.427146,4.378699
243800,3994419200,7.539214e+16,4.419727,4.422658,4.377269
243900,3996057600,7.542306e+16,4.408835,4.426083,4.379450
244000,3997696000,7.545399e+16,4.435449,4.423688,4.378378
244100,3999334400,7.548491e+16,4.405954,4.426477,4.376849
244200,4000972800,7.551583e+16,4.407356,4.421128,4.374753
244300,4002611200,7.554676e+16,4.417014,4.422094,4.372977
244400,4004249600,7.557768e+16,4.401937,4.426379,4.377787
244500,4005888000,7.560860e+16,4.405201,4.422636,4.375783
244600,4007526400,7.563953e+16,4.411256,4.420182,4.373093
244700,4009164800,7.567045e+16,4.415446,4.420139,4.374857
244800,4010803200,7.570138e+16,4.412382,4.422027,4.374346
244900,4012441600,7.573230e+16,4.422884,4.419489,4.376769
245000,4014080000,7.576322e+16,4.419484,4.418312,4.374569
245100,4015718400,7.579415e+16,4.432528,4.419266,4.374191
245200,4017356800,7.582507e+16,4.429690,4.415965,4.372787
245300,4018995200,7.585599e+16,4.411679,4.412829,4.369060
245400,4020633600,7.588692e+16,4.428655,4.418870,4.372729
245500,4022272000,7.591784e+16,4.430940,4.414673,4.371364
245600,4023910400,7.594877e+16,4.430798,4.419939,4.374588
245700,4025548800,7.597969e+16,4.429051,4.416074,4.370838
245800,4027187200,7.601061e+16,4.434193,4.409453,4.368641
245900,4028825600,7.604154e+16,4.407516,4.415438,4.370055
246000,4030464000,7.607246e+16,4.424689,4.410750,4.370871
246100,4032102400,7.610338e+16,4.421644,4.419314,4.373547
246200,4033740800,7.613431e+16,4.421874,4.417016,4.373016
246300,4035379200,7.616523e+16,4.430855,4.417994,4.372612
246400,4037017600,7.619616e+16,4.434451,4.414187,4.370845
246500,4038656000,7.622708e+16,4.430561,4.417978,4.372488
246600,4040294400,7.625800e+16,4.405375,4.415129,4.371497
246700,4041932800,7.628893e+16,4.428042,4.415598,4.371697
246800,4043571200,7.631985e+16,4.417602,4.414658,4.372292
246900,4045209600,7.635077e+16,4.412146,4.413723,4.369751
247000,4046848000,7.638170e+16,4.435874,4.414949,4.370334
247100,4048486400,7.641262e+16,4.426832,4.417010,4.370306
247200,4050124800,7.644355e+16,4.408568,4.420457,4.373213
247300,4051763200,7.647447e+16,4.405982,4.419451,4.373444
247400,4053401600,7.650539e+16,4.423992,4.414239,4.371646
247500,4055040000,7.653632e+16,4.424086,4.418978,4.371904
247600,4056678400,7.656724e+16,4.421968,4.411879,4.369465
247700,4058316800,7.659816e+16,4.411760,4.415402,4.371534
247800,4059955200,7.662909e+16,4.422949,4.410945,4.369531
247900,4061593600,7.666001e+16,4.398673,4.412848,4.370894
248000,4063232000,7.669094e+16,4.424398,4.413135,4.369804
248100,4064870400,7.672186e+16,4.390580,4.411345,4.368104
248200,4066508800,7.675278e+16,4.410430,4.417211,4.372975
248300,4068147200,7.678371e+16,4.398445,4.413281,4.367491
248400,4069785600,7.681463e+16,4.385756,4.415903,4.372213
248500,4071424000,7.684555e+16,4.421139,4.413886,4.371488
248600,4073062400,7.687648e+16,4.423357,4.413845,4.370924
248700,4074700800,7.690740e+16,4.416137,4.407993,4.366238
248800,4076339200,7.693833e+16,4.418923,4.406240,4.364833
248900,4077977600,7.696925e+16,4.427029,4.408741,4.365320
249000,4079616000,7.700017e+16,4.432769,4.408855,4.367575
249100,4081254400,7.703110e+16,4.410892,4.408109,4.365935
249200,4082892800,7.706202e+16,4.417174,4.406783,4.364879
249300,4084531200,7.709294e+16,4.422678,4.409982,4.366019
249400,4086169600,7.712387e+16,4.420481,4.410414,4.365317
249500,4087808000,7.715479e+16,4.405134,4.410848,4.367271
249600,4089446400,7.718572e+16,4.416710,4.408765,4.367218
249700,4091084800,7.721664e+16,4.417374,4.410711,4.367014
249800,4092723200,7.724756e+16,4.394850,4.412174,4.366445
249900,4094361600,7.727849e+16,4.438885,4.406375,4.365578
250000,4096000000,7.730941e+16,4.408623,4.408470,4.366503
250100,4097638400,7.734034e+16,4.421107,4.408353,4.366247
250200,4099276800,7.737126e+16,4.412434,4.405015,4.363588
250300,4100915200,7.740218e+16,4.407804,4.407537,4.362642
250400,4102553600,7.743311e+16,4.395593,4.407015,4.363232
250500,4104192000,7.746403e+16,4.420567,4.409499,4.363261
250600,4105830400,7.749495e+16,4.434785,4.408106,4.363825
250700,4107468800,7.752588e+16,4.408551,4.412912,4.367535
250800,4109107200,7.755680e+16,4.411848,4.408826,4.366181
250900,4110745600,7.758773e+16,4.408019,4.407363,4.364736
251000,4112384000,7.761865e+16,4.420703,4.412592,4.366428
251100,4114022400,7.764957e+16,4.414851,4.409270,4.365054
251200,4115660800,7.768050e+16,4.426047,4.412012,4.369129
251300,4117299200,7.771142e+16,4.398023,4.411607,4.366437
251400,4118937600,7.774234e+16,4.418912,4.406164,4.361644
251500,4120576000,7.777327e+16,4.384995,4.411649,4.365496
251600,4122214400,7.780419e+16,4.394933,4.407720,4.361391
251700,4123852800,7.783512e+16,4.410202,4.409675,4.363554
251800,4125491200,7.786604e+16,4.406566,4.408209,4.366128
251900,4127129600,7.789696e+16,4.403535,4.411375,4.364467
252000,4128768000,7.792789e+16,4.398654,4.409350,4.363027
252100,4130406400,7.795881e+16,4.411357,4.413790,4.366503
252200,4132044800,7.798973e+16,4.405629,4.408941,4.362068
252300,4133683200,7.802066e+16,4.426807,4.408919,4.365560
252400,4135321600,7.805158e+16,4.409236,4.410079,4.367260
252500,4136960000,7.808251e+16,4.437648,4.405749,4.365360
252600,4138598400,7.811343e+16,4.395029,4.407571,4.364022
252700,4140236800,7.814435e+16,4.400694,4.405511,4.362641
252800,4141875200,7.817528e+16,4.398602,4.408105,4.366015
252900,4143513600,7.820620e+16,4.418349,4.404860,4.363724
253000,4145152000,7.823712e+16,4.389137,4.406226,4.364549
253100,4146790400,7.826805e+16,4.408217,4.400635,4.360037
253200,4148428800,7.829897e+16,4.428641,4.397916,4.361051
253300,4150067200,7.832990e+16,4.418766,4.403863,4.363047
253400,4151705600,7.836082e+16,4.381636,4.399965,4.360950
253500,4153344000,7.839174e+16,4.372145,4.400836,4.359434
253600,4154982400,7.842267e+16,4.393465,4.401787,4.360321
253700,4156620800,7.845359e+16,4.419752,4.398067,4.358633
253800,4158259200,7.848451e+16,4.405947,4.400516,4.361533
253900,4159897600,7.851544e+16,4.418695,4.398733,4.359646
254000,4161536000,7.854636e+16,4.394859,4.396431,4.358777
254100,4163174400,7.857729e+16,4.419204,4.401674,4.358520
254200,4164812800,7.860821e+16,4.395709,4.403002,4.359366
254300,4166451200,7.863913e+16,4.407897,4.402473,4.358839
254400,4168089600,7.867006e+16,4.413013,4.398173,4.356156
254500,4169728000,7.870098e+16,4.429228,4.399552,4.359007
254600,4171366400,7.873190e+16,4.408428,4.404218,4.360417
254700,4173004800,7.876283e+16,4.396027,4.399310,4.358923
254800,4174643200,7.879375e+16,4.408920,4.399705,4.358620
254900,4176281600,7.882468e+16,4.415135,4.397114,4.358198
255000,4177920000,7.885560e+16,4.399397,4.400088,4.357849
255100,4179558400,7.888652e+16,4.417077,4.399876,4.358954
255200,4181196800,7.891745e+16,4.384413,4.399717,4.357546
255300,4182835200,7.894837e+16,4.398192,4.398297,4.359563
255400,4184473600,7.897929e+16,4.404464,4.392350,4.354687
255500,4186112000,7.901022e+16,4.401173,4.393240,4.354743
255600,4187750400,7.904114e+16,4.415114,4.402235,4.361447
255700,4189388800,7.907207e+16,4.413969,4.399632,4.356688
255800,4191027200,7.910299e+16,4.405134,4.398769,4.357384
255900,4192665600,7.913391e+16,4.401946,4.397130,4.355300
256000,4194304000,7.916484e+16,4.401714,4.398105,4.354446
256100,4195942400,7.919576e+16,4.409817,4.404449,4.358646
256200,4197580800,7.922668e+16,4.412096,4.399948,4.357508
256300,4199219200,7.925761e+16,4.407492,4.403690,4.359594
256400,4200857600,7.928853e+16,4.398484,4.400628,4.357371
256500,4202496000,7.931946e+16,4.418009,4.400854,4.354116
256600,4204134400,7.935038e+16,4.418781,4.396552,4.352647
256700,4205772800,7.938130e+16,4.394221,4.392749,4.352936
256800,4207411200,7.941223e+16,4.396936,4.392072,4.352453
256900,4209049600,7.944315e+16,4.390043,4.393606,4.351381
257000,4210688000,7.947407e+16,4.404650,4.394748,4.352200
257100,4212326400,7.950500e+16,4.387334,4.395400,4.355024
257200,4213964800,7.953592e+16,4.413777,4.395154,4.354602
257300,4215603200,7.956685e+16,4.414026,4.394088,4.352711
257400,4217241600,7.959777e+16,4.414382,4.389651,4.352275
257500,4218880000,7.962869e+16,4.388152,4.394855,4.353978
257600,4220518400,7.965962e+16,4.399176,4.398078,4.357098
257700,4222156800,7.969054e+16,4.402895,4.391140,4.353675
257800,4223795200,7.972146e+16,4.406919,4.392059,4.355090
257900,4225433600,7.975239e+16,4.410746,4.389870,4.350903
258000,4227072000,7.978331e+16,4.382292,4.389211,4.350981
258100,4228710400,7.981424e+16,4.388279,4.387909,4.349757
258200,4230348800,7.984516e+16,4.379618,4.390799,4.351421
258300,4231987200,7.987608e+16,4.415481,4.390141,4.353630
258400,4233625600,7.990701e+16,4.402747,4.393334,4.353149
258500,4235264000,7.993793e+16,4.411670,4.392754,4.353046
258600,4236902400,7.996886e+16,4.402116,4.395163,4.354166
258700,4238540800,7.999978e+16,4.397190,4.396377,4.352265
258800,4240179200,8.003070e+16,4.384541,4.395746,4.350974
258900,4241817600,8.006163e+16,4.378012,4.398872,4.351783
259000,4243456000,8.009255e+16,4.390654,4.401072,4.352477
259100,4245094400,8.012347e+16,4.410546,4.391995,4.348930
259200,4246732800,8.015440e+16,4.392468,4.390745,4.349663
259300,4248371200,8.018532e+16,4.412514,4.388937,4.348215
259400,4250009600,8.021625e+16,4.378727,4.392029,4.349698
259500,4251648000,8.024717e+16,4.411830,4.391557,4.352124
259600,4253286400,8.027809e+16,4.392663,4.392482,4.349278
259700,4254924800,8.030902e+16,4.385708,4.389004,4.349198
259800,4256563200,8.033994e+16,4.392770,4.387938,4.348595
259900,4258201600,8.037086e+16,4.381166,4.395634,4.348895
260000,4259840000,8.040179e+16,4.404203,4.396225,4.352692
260100,4261478400,8.043271e+16,4.376861,4.393947,4.351343
260200,4263116800,8.046364e+16,4.372068,4.394642,4.349021
260300,4264755200,8.049456e+16,4.394665,4.396483,4.349554
260400,4266393600,8.052548e+16,4.402296,4.395569,4.348265
260500,4268032000,8.055641e+16,4.408631,4.395574,4.347860
260600,4269670400,8.058733e+16,4.392335,4.400276,4.350387
260700,4271308800,8.061825e+16,4.389014,4.395109,4.347820
260800,4272947200,8.064918e+16,4.376147,4.394371,4.347003
260900,4274585600,8.068010e+16,4.376430,4.399519,4.346954
261000,4276224000,8.071103e+16,4.372683,4.398058,4.348871
261100,4277862400,8.074195e+16,4.373319,4.399135,4.348549
261200,4279500800,8.077287e+16,4.385862,4.394537,4.346218
261300,4281139200,8.080380e+16,4.388777,4.395541,4.347540
261400,4282777600,8.083472e+16,4.394270,4.391829,4.345043
261500,4284416000,8.086564e+16,4.382104,4.392083,4.344415
261600,4286054400,8.089657e+16,4.378764,4.391463,4.345320
261700,4287692800,8.092749e+16,4.406258,4.391438,4.345635
261800,4289331200,8.095842e+16,4.389722,4.389336,4.344445
261900,4290969600,8.098934e+16,4.372179,4.387178,4.345733
262000,4292608000,8.102026e+16,4.366476,4.389278,4.347638
262100,4294246400,8.105119e+16,4.392630,4.387079,4.345639
262200,4295884800,8.108211e+16,4.396156,4.386897,4.344489
262300,4297523200,8.111303e+16,4.395435,4.387151,4.347296
262400,4299161600,8.114396e+16,4.392173,4.387407,4.345917
262500,4300800000,8.117488e+16,4.400909,4.388688,4.344979
262600,4302438400,8.120581e+16,4.386638,4.388814,4.346049
262700,4304076800,8.123673e+16,4.373532,4.382061,4.341829
262800,4305715200,8.126765e+16,4.396691,4.384495,4.345592
262900,4307353600,8.129858e+16,4.398339,4.384970,4.343512
263000,4308992000,8.132950e+16,4.387751,4.386862,4.344556
263100,4310630400,8.136042e+16,4.390799,4.381270,4.340473
263200,4312268800,8.139135e+16,4.405649,4.387858,4.340928
263300,4313907200,8.142227e+16,4.381339,4.385318,4.339960
263400,4315545600,8.145320e+16,4.389832,4.390455,4.343931
263500,4317184000,8.148412e+16,4.379033,4.383709,4.340234
263600,4318822400,8.151504e+16,4.391082,4.388143,4.345121
263700,4320460800,8.154597e+16,4.409269,4.388824,4.342947
263800,4322099200,8.157689e+16,4.406040,4.383484,4.342373
263900,4323737600,8.160781e+16,4.389870,4.387602,4.345120
264000,4325376000,8.163874e+16,4.372435,4.385943,4.342511
264100,4327014400,8.166966e+16,4.393193,4.387411,4.344658
264200,4328652800,8.170059e+16,4.369875,4.381491,4.341549
264300,4330291200,8.173151e+16,4.387227,4.379684,4.340725
264400,4331929600,8.176243e+16,4.398328,4.380981,4.339890
264500,4333568000,8.179336e+16,4.398153,4.383635,4.341110
264600,4335206400,8.182428e+16,4.386873,4.382901,4.337782
264700,4336844800,8.185520e+16,4.380702,4.384339,4.338747
264800,4338483200,8.188613e+16,4.389372,4.381040,4.338800
264900,4340121600,8.191705e+16,4.360086,4.383692,4.339325
265000,4341760000,8.194798e+16,4.381091,4.379821,4.338570
265100,4343398400,8.197890e+16,4.407413,4.382254,4.339805
265200,4345036800,8.200982e+16,4.393195,4.384107,4.340730
265300,4346675200,8.204075e+16,4.395162,4.380019,4.338121
265400,4348313600,8.207167e+16,4.403688,4.381253,4.338629
265500,4349952000,8.210259e+16,4.382272,4.379675,4.336688
265600,4351590400,8.213352e+16,4.386736,4.378707,4.337957
265700,4353228800,8.216444e+16,4.393798,4.381458,4.340662
265800,4354867200,8.219537e+16,4.407993,4.380050,4.337512
265900,4356505600,8.222629e+16,4.415764,4.382391,4.339871
266000,4358144000,8.225721e+16,4.370319,4.383506,4.339933
266100,4359782400,8.228814e+16,4.381834,4.382457,4.337986
266200,4361420800,8.231906e+16,4.379642,4.378564,4.336956
266300,4363059200,8.234998e+16,4.365424,4.377087,4.339012
266400,4364697600,8.238091e+16,4.393981,4.381060,4.337606
266500,4366336000,8.241183e+16,4.366267,4.377223,4.335348
266600,4367974400,8.244276e+16,4.381856,4.376054,4.336773
266700,4369612800,8.247368e+16,4.395082,4.379362,4.337733
266800,4371251200,8.250460e+16,4.383185,4.374750,4.334997
266900,4372889600,8.253553e+16,4.379274,4.379565,4.337876
267000,4374528000,8.256645e+16,4.371995,4.378458,4.336587
267100,4376166400,8.259738e+16,4.377552,4.385859,4.341893
267200,4377804800,8.262830e+16,4.385130,4.380819,4.336467
267300,4379443200,8.265922e+16,4.392238,4.384653,4.339248
267400,4381081600,8.269015e+16,4.374373,4.383223,4.336433
267500,4382720000,8.272107e+16,4.372561,4.383443,4.337442
267600,4384358400,8.275199e+16,4.365027,4.387287,4.337097
267700,4385996800,8.278292e+16,4.387203,4.381060,4.336253
267800,4387635200,8.281384e+16,4.370464,4.386530,4.338431
267900,4389273600,8.284477e+16,4.388920,4.383930,4.337830
268000,4390912000,8.287569e+16,4.384974,4.384596,4.336835
268100,4392550400,8.290661e+16,4.374627,4.384676,4.338189
268200,4394188800,8.293754e+16,4.377961,4.378253,4.333297
268300,4395827200,8.296846e+16,4.388858,4.376289,4.331757
268400,4397465600,8.299938e+16,4.380180,4.379693,4.333509
268500,4399104000,8.303031e+16,4.372679,4.380240,4.333071
268600,4400742400,8.306123e+16,4.362380,4.379034,4.337763
268700,4402380800,8.309216e+16,4.372890,4.378643,4.335983
268800,4404019200,8.312308e+16,4.369128,4.379066,4.334827
268900,4405657600,8.315400e+16,4.376226,4.382742,4.338061
269000,4407296000,8.318493e+16,4.363986,4.379334,4.334111
269100,4408934400,8.321585e+16,4.389845,4.380194,4.335369
269200,4410572800,8.324677e+16,4.363148,4.377519,4.332881
269300,4412211200,8.327770e+16,4.406302,4.381905,4.337136
269400,4413849600,8.330862e+16,4.384245,4.375655,4.335269
269500,4415488000,8.333955e+16,4.389764,4.372040,4.332323
269600,4417126400,8.337047e+16,4.372544,4.374677,4.333376
269700,4418764800,8.340139e+16,4.380033,4.372760,4.333402
269800,4420403200,8.343232e+16,4.374918,4.373647,4.331070
269900,4422041600,8.346324e+16,4.368439,4.375483,4.334238
270000,4423680000,8.349416e+16,4.373375,4.373675,4.333337
270100,4425318400,8.352509e+16,4.392481,4.374878,4.333395
270200,4426956800,8.355601e+16,4.372583,4.372020,4.332740
270300,4428595200,8.358694e+16,4.380559,4.370906,4.331207
270400,4430233600,8.361786e+16,4.377859,4.377004,4.334306
270500,4431872000,8.364878e+16,4.384790,4.378748,4.336140
270600,4433510400,8.367971e+16,4.376482,4.380967,4.338233
270700,4435148800,8.371063e+16,4.383440,4.375374,4.331378
270800,4436787200,8.374155e+16,4.368406,4.376829,4.333179
270900,4438425600,8.377248e+16,4.367254,4.377239,4.335231
271000,4440064000,8.380340e+16,4.366839,4.377034,4.332311
271100,4441702400,8.383433e+16,4.344398,4.376403,4.333011
271200,4443340800,8.386525e+16,4.376758,4.373321,4.332018
271300,4444979200,8.389617e+16,4.389417,4.373197,4.330485
271400,4446617600,8.392710e+16,4.357861,4.374080,4.332706
271500,4448256000,8.395802e+16,4.389379,4.370384,4.332312
271600,4449894400,8.398894e+16,4.379816,4.372821,4.329161
271700,4451532800,8.401987e+16,4.373330,4.375903,4.331244
271800,4453171200,8.405079e+16,4.382659,4.377014,4.332297
271900,4454809600,8.408172e+16,4.363541,4.379088,4.332564
272000,4456448000,8.411264e+16,4.370705,4.376800,4.331704
272100,4458086400,8.414356e+16,4.372505,4.373970,4.330784
272200,4459724800,8.417449e+16,4.384507,4.372803,4.330977
272300,4461363200,8.420541e+16,4.377689,4.378240,4.332631
272400,4463001600,8.423633e+16,4.357173,4.375458,4.331855
272500,4464640000,8.426726e+16,4.373230,4.377359,4.331006
272600,4466278400,8.429818e+16,4.371450,4.373121,4.327539
272700,4467916800,8.432911e+16,4.360340,4.377196,4.332034
272800,4469555200,8.436003e+16,4.375430,4.372034,4.326466
272900,4471193600,8.439095e+16,4.371765,4.372886,4.329745
273000,4472832000,8.442188e+16,4.368373,4.373565,4.328201
273100,4474470400,8.445280e+16,4.359468,4.373631,4.330843
273200,4476108800,8.448372e+16,4.380233,4.373553,4.328334
273300,4477747200,8.451465e+16,4.375042,4.373594,4.329247
273400,4479385600,8.454557e+16,4.359503,4.369574,4.328361
273500,4481024000,8.457650e+16,4.378982,4.372352,4.326767
273600,4482662400,8.460742e+16,4.367339,4.372973,4.327850
273700,4484300800,8.463834e+16,4.396278,4.373053,4.328672
273800,4485939200,8.466927e+16,4.379209,4.368020,4.324386
273900,4487577600,8.470019e+16,4.366975,4.369593,4.327400
274000,4489216000,8.473111e+16,4.364173,4.369586,4.326077
274100,4490854400,8.476204e+16,4.361550,4.370027,4.327006
274200,4492492800,8.479296e+16,4.348103,4.371324,4.326467
274300,4494131200,8.482389e+16,4.366469,4.367745,4.325681
274400,4495769600,8.485481e+16,4.370874,4.367231,4.324272
274500,4497408000,8.488573e+16,4.362921,4.371736,4.326546
274600,4499046400,8.491666e+16,4.375494,4.373346,4.327506
274700,4500684800,8.494758e+16,4.384071,4.370641,4.324948
274800,4502323200,8.497850e+16,4.361187,4.369394,4.327834
274900,4503961600,8.500943e+16,4.365253,4.368574,4.325184
275000,4505600000,8.504035e+16,4.370676,4.367020,4.325071
275100,4507238400,8.507128e+16,4.355624,4.364687,4.324744
275200,4508876800,8.510220e+16,4.355188,4.372236,4.328671
275300,4510515200,8.513312e+16,4.380637,4.368552,4.323855
275400,4512153600,8.516405e+16,4.367968,4.369411,4.325017
275500,4513792000,8.519497e+16,4.370802,4.370149,4.324279
275600,4515430400,8.522590e+16,4.367434,4.371111,4.326126
275700,4517068800,8.525682e+16,4.366688,4.368541,4.328074
275800,4518707200,8.528774e+16,4.384782,4.371972,4.325783
275900,4520345600,8.531867e+16,4.369804,4.365180,4.324642
276000,4521984000,8.534959e+16,4.369921,4.364954,4.322676
276100,4523622400,8.538051e+16,4.374161,4.372552,4.327967
276200,4525260800,8.541144e+16,4.362478,4.371160,4.326093
276300,4526899200,8.544236e+16,4.363456,4.370762,4.324689
276400,4528537600,8.547329e+16,4.375737,4.367830,4.324306
276500,4530176000,8.550421e+16,4.378441,4.362658,4.321953
276600,4531814400,8.553513e+16,4.368998,4.367028,4.324196
276700,4533452800,8.556606e+16,4.379665,4.360749,4.319258
276800,4535091200,8.559698e+16,4.381642,4.364419,4.318093
276900,4536729600,8.562790e+16,4.375366,4.365766,4.320844
277000,4538368000,8.565883e+16,4.376667,4.367289,4.323034
277100,4540006400,8.568975e+16,4.373603,4.366856,4.324198
277200,4541644800,8.572068e+16,4.349410,4.361178,4.318655
277300,4543283200,8.575160e+16,4.378198,4.361010,4.320183
277400,4544921600,8.578252e+16,4.360658,4.358182,4.318201
277500,4546560000,8.581345e+16,4.337623,4.360589,4.319878
277600,4548198400,8.584437e+16,4.355012,4.362045,4.320481
277700,4549836800,8.587529e+16,4.369118,4.361082,4.320018
277800,4551475200,8.590622e+16,4.360158,4.364521,4.321520
277900,4553113600,8.593714e+16,4.350264,4.364786,4.319840
278000,4554752000,8.596807e+16,4.377001,4.363461,4.318685
278100,4556390400,8.599899e+16,4.351390,4.370680,4.321682
278200,4558028800,8.602991e+16,4.361351,4.361843,4.317151
278300,4559667200,8.606084e+16,4.359952,4.362123,4.316368
278400,4561305600,8.609176e+16,4.364570,4.362250,4.316546
278500,4562944000,8.612268e+16,4.360140,4.361163,4.319128
278600,4564582400,8.615361e+16,4.360739,4.359323,4.319616
278700,4566220800,8.618453e+16,4.367791,4.362585,4.319975
278800,4567859200,8.621546e+16,4.348168,4.358165,4.315882
278900,4569497600,8.624638e+16,4.360978,4.359877,4.318901
279000,4571136000,8.627730e+16,4.351828,4.360124,4.316426
279100,4572774400,8.630823e+16,4.350026,4.358512,4.315745
279200,4574412800,8.633915e+16,4.381970,4.360947,4.317671
279300,4576051200,8.637007e+16,4.372468,4.359996,4.316577
279400,4577689600,8.640100e+16,4.374962,4.357404,4.315557
279500,4579328000,8.643192e+16,4.345769,4.356578,4.315791
279600,4580966400,8.646285e+16,4.343463,4.353347,4.314189
279700,4582604800,8.649377e+16,4.366245,4.355871,4.315951
279800,4584243200,8.652469e+16,4.357388,4.353390,4.315449
279900,4585881600,8.655562e+16,4.350020,4.357414,4.315012
280000,4587520000,8.658654e+16,4.355087,4.354786,4.314124
280100,4589158400,8.661746e+16,4.350114,4.357850,4.315380
280200,4590796800,8.664839e+16,4.357406,4.354936,4.314913
280300,4592435200,8.667931e+16,4.357692,4.360478,4.314265
280400,4594073600,8.671024e+16,4.350038,4.359812,4.317021
280500,4595712000,8.674116e+16,4.356508,4.351637,4.313784
280600,4597350400,8.677208e+16,4.354930,4.357357,4.314117
280700,4598988800,8.680301e+16,4.359860,4.359589,4.316447
280800,4600627200,8.683393e+16,4.375866,4.356769,4.312876
280900,4602265600,8.686485e+16,4.378515,4.354755,4.311780
281000,4603904000,8.689578e+16,4.362099,4.353455,4.310877
281100,4605542400,8.692670e+16,4.347089,4.356246,4.314402
281200,4607180800,8.695763e+16,4.358881,4.354172,4.313867
281300,4608819200,8.698855e+16,4.360544,4.355965,4.315401
281400,4610457600,8.701947e+16,4.366658,4.357855,4.313220
281500,4612096000,8.705040e+16,4.364660,4.357140,4.314700
281600,4613734400,8.708132e+16,4.361949,4.356998,4.312697
281700,4615372800,8.711224e+16,4.355960,4.357444,4.313889
281800,4617011200,8.714317e+16,4.348413,4.357574,4.317650
281900,4618649600,8.717409e+16,4.338698,4.363301,4.316799
282000,4620288000,8.720502e+16,4.362410,4.358489,4.312334
282100,4621926400,8.723594e+16,4.355695,4.356827,4.314643
282200,4623564800,8.726686e+16,4.336317,4.355523,4.313238
282300,4625203200,8.729779e+16,4.364875,4.358193,4.314709
282400,4626841600,8.732871e+16,4.376641,4.356660,4.314622
282500,4628480000,8.735963e+16,4.349213,4.356049,4.313916
282600,4630118400,8.739056e+16,4.334462,4.352957,4.313792
282700,4631756800,8.742148e+16,4.359100,4.352111,4.311686
282800,4633395200,8.745241e+16,4.367095,4.353264,4.310785
282900,4635033600,8.748333e+16,4.357329,4.356500,4.310515
283000,4636672000,8.751425e+16,4.363449,4.360135,4.314301
283100,4638310400,8.754518e+16,4.342254,4.358437,4.312582
283200,4639948800,8.757610e+16,4.366467,4.361692,4.315639
283300,4641587200,8.760702e+16,4.363272,4.359171,4.313884
283400,4643225600,8.763795e+16,4.357195,4.359659,4.318056
283500,4644864000,8.766887e+16,4.341560,4.359154,4.312406
283600,4646502400,8.769980e+16,4.368700,4.359666,4.312970
283700,4648140800,8.773072e+16,4.365752,4.359039,4.312967
283800,4649779200,8.776164e+16,4.362044,4.362073,4.314073
283900,4651417600,8.779257e+16,4.350186,4.355834,4.313347
284000,4653056000,8.782349e+16,4.373116,4.353783,4.312485
284100,4654694400,8.785442e+16,4.382301,4.353651,4.309955
284200,4656332800,8.788534e+16,4.352312,4.354242,4.310517
284300,4657971200,8.791626e+16,4.347436,4.355984,4.314133
284400,4659609600,8.794719e+16,4.383456,4.354736,4.310194
284500,4661248000,8.797811e+16,4.367627,4.353027,4.310777
284600,4662886400,8.800903e+16,4.359085,4.346165,4.308796
284700,4664524800,8.803996e+16,4.358524,4.350463,4.308084
284800,4666163200,8.807088e+16,4.359849,4.352222,4.308294
284900,4667801600,8.810181e+16,4.346565,4.347753,4.307294
285000,4669440000,8.813273e+16,4.333372,4.352169,4.312160
285100,4671078400,8.816365e+16,4.356726,4.353655,4.311653
285200,4672716800,8.819458e+16,4.370546,4.351239,4.309821
285300,4674355200,8.822550e+16,4.348015,4.351679,4.308037
285400,4675993600,8.825642e+16,4.348540,4.350914,4.307067
285500,4677632000,8.828735e+16,4.354216,4.349856,4.306717
285600,4679270400,8.831827e+16,4.368464,4.351715,4.307450
285700,4680908800,8.834920e+16,4.352533,4.350291,4.306824
285800,4682547200,8.838012e+16,4.369855,4.349177,4.304583
285900,4684185600,8.841104e+16,4.353446,4.355727,4.308831
286000,4685824000,8.844197e+16,4.359002,4.352771,4.307495
286100,4687462400,8.847289e+16,4.350353,4.354400,4.305866
286200,4689100800,8.850381e+16,4.346684,4.353111,4.306066
286300,4690739200,8.853474e+16,4.363961,4.352617,4.304136
286400,4692377600,8.856566e+16,4.360628,4.350792,4.305400
286500,4694016000,8.859659e+16,4.349429,4.351862,4.304323
286600,4695654400,8.862751e+16,4.353436,4.351987,4.305599
286700,4697292800,8.865843e+16,4.357184,4.350320,4.306324
286800,4698931200,8.868936e+16,4.341680,4.355024,4.308793
286900,4700569600,8.872028e+16,4.356535,4.350548,4.304421
287000,4702208000,8.875120e+16,4.349986,4.355714,4.307912
287100,4703846400,8.878213e+16,4.332375,4.351712,4.306268
287200,4705484800,8.881305e+16,4.366656,4.351778,4.307676
287300,4707123200,8.884398e+16,4.351897,4.358469,4.310695
287400,4708761600,8.887490e+16,4.356339,4.353265,4.307531
287500,4710400000,8.890582e+16,4.357461,4.357927,4.308565
287600,4712038400,8.893675e+16,4.352125,4.358164,4.307120
287700,4713676800,8.896767e+16,4.367204,4.358251,4.309692
287800,4715315200,8.899859e+16,4.362900,4.354533,4.308249
287900,4716953600,8.902952e+16,4.359835,4.354157,4.305773
288000,4718592000,8.906044e+16,4.363695,4.353806,4.307877
288100,4720230400,8.909137e+16,4.364027,4.356783,4.309724
288200,4721868800,8.912229e+16,4.339434,4.356636,4.307295
288300,4723507200,8.915321e+16,4.358353,4.354014,4.306595
288400,4725145600,8.918414e+16,4.334616,4.350930,4.304949
288500,4726784000,8.921506e+16,4.341900,4.348227,4.304918
288600,4728422400,8.924598e+16,4.350109,4.346958,4.306211
288700,4730060800,8.927691e+16,4.345905,4.347905,4.305410
288800,4731699200,8.930783e+16,4.354199,4.348489,4.303533
288900,4733337600,8.933876e+16,4.358552,4.346883,4.301491
289000,4734976000,8.936968e+16,4.347651,4.351562,4.305828
289100,4736614400,8.940060e+16,4.347933,4.348553,4.305113
289200,4738252800,8.943153e+16,4.353510,4.343508,4.303132
289300,4739891200,8.946245e+16,4.361096,4.344639,4.302377
289400,4741529600,8.949337e+16,4.350461,4.346063,4.303860
289500,4743168000,8.952430e+16,4.329640,4.345169,4.302621
289600,4744806400,8.955522e+16,4.358859,4.342923,4.301422
289700,4746444800,8.958615e+16,4.333323,4.343974,4.301396
289800,4748083200,8.961707e+16,4.352457,4.342134,4.301546
289900,4749721600,8.964799e+16,4.346686,4.342391,4.301618
290000,4751360000,8.967892e+16,4.343188,4.340342,4.299840
290100,4752998400,8.970984e+16,4.342255,4.338340,4.299562
290200,4754636800,8.974076e+16,4.347199,4.337016,4.296200
290300,4756275200,8.977169e+16,4.334241,4.340060,4.299736
290400,4757913600,8.980261e+16,4.358657,4.340868,4.299018
290500,4759552000,8.983354e+16,4.350703,4.341108,4.298254
290600,4761190400,8.986446e+16,4.354622,4.342934,4.300831
290700,4762828800,8.989538e+16,4.353337,4.339701,4.298341
290800,4764467200,8.992631e+16,4.347838,4.342188,4.299355
290900,4766105600,8.995723e+16,4.332014,4.339820,4.295142
291000,4767744000,8.998815e+16,4.335698,4.340491,4.296252
291100,4769382400,9.001908e+16,4.308043,4.341443,4.296856
291200,4771020800,9.005000e+16,4.346463,4.338743,4.295699
291300,4772659200,9.008093e+16,4.342897,4.337095,4.295306
291400,4774297600,9.011185e+16,4.349975,4.342372,4.297403
291500,4775936000,9.014277e+16,4.335382,4.339442,4.295888
291600,4777574400,9.017370e+16,4.337361,4.337558,4.297454
291700,4779212800,9.020462e+16,4.372946,4.343021,4.298682
291800,4780851200,9.023554e+16,4.348957,4.337131,4.295099
291900,4782489600,9.026647e+16,4.346593,4.345505,4.300239
292000,4784128000,9.029739e+16,4.334094,4.343163,4.300823
292100,4785766400,9.032832e+16,4.371874,4.345150,4.300388
292200,4787404800,9.035924e+16,4.343112,4.345221,4.299374
292300,4789043200,9.039016e+16,4.338683,4.341468,4.297310
292400,4790681600,9.042109e+16,4.332109,4.338189,4.297613
292500,4792320000,9.045201e+16,4.351619,4.342232,4.298611
292600,4793958400,9.048294e+16,4.347526,4.345027,4.299297
292700,4795596800,9.051386e+16,4.346861,4.341089,4.296803
292800,4797235200,9.054478e+16,4.341601,4.343111,4.300540
292900,4798873600,9.057571e+16,4.346606,4.334748,4.295025
293000,4800512000,9.060663e+16,4.340247,4.339810,4.298044
293100,4802150400,9.063755e+16,4.357294,4.339569,4.298574
293200,4803788800,9.066848e+16,4.345576,4.336186,4.298226
293300,4805427200,9.069940e+16,4.330068,4.339734,4.297710
293400,4807065600,9.073033e+16,4.334779,4.340002,4.295951
293500,4808704000,9.076125e+16,4.336327,4.341240,4.296626
293600,4810342400,9.079217e+16,4.330894,4.342809,4.297716
293700,4811980800,9.082310e+16,4.354150,4.342844,4.297934
293800,4813619200,9.085402e+16,4.332343,4.342248,4.295404
293900,4815257600,9.088494e+16,4.343851,4.338821,4.293000
294000,4816896000,9.091587e+16,4.339721,4.338557,4.294116
294100,4818534400,9.094679e+16,4.341242,4.339643,4.293052
294200,4820172800,9.097772e+16,4.352761,4.338105,4.292894
294300,4821811200,9.100864e+16,4.353874,4.337628,4.293978
294400,4823449600,9.103956e+16,4.342788,4.340943,4.295786
294500,4825088000,9.107049e+16,4.349765,4.339744,4.293676
294600,4826726400,9.110141e+16,4.349405,4.333908,4.291731
294700,4828364800,9.113233e+16,4.337934,4.336150,4.293213
294800,4830003200,9.116326e+16,4.328124,4.336585,4.292871
294900,4831641600,9.119418e+16,4.348500,4.332977,4.291827
295000,4833280000,9.122511e+16,4.341264,4.333134,4.290654
295100,4834918400,9.125603e+16,4.343411,4.337921,4.294203
295200,4836556800,9.128695e+16,4.372694,4.339150,4.292678
295300,4838195200,9.131788e+16,4.334236,4.334987,4.292212
295400,4839833600,9.134880e+16,4.336352,4.333987,4.292998
295500,4841472000,9.137972e+16,4.338871,4.335292,4.291224
295600,4843110400,9.141065e+16,4.344387,4.334389,4.292334
295700,4844748800,9.144157e+16,4.348968,4.337460,4.293084
295800,4846387200,9.147250e+16,4.355439,4.336144,4.290250
295900,4848025600,9.150342e+16,4.354980,4.337930,4.295676
296000,4849664000,9.153434e+16,4.340209,4.333653,4.292539
296100,4851302400,9.156527e+16,4.322886,4.335230,4.295174
296200,4852940800,9.159619e+16,4.345953,4.335404,4.290425
296300,4854579200,9.162711e+16,4.315609,4.332279,4.289482
296400,4856217600,9.165804e+16,4.337630,4.339001,4.293762
296500,4857856000,9.168896e+16,4.334269,4.333852,4.289408
296600,4859494400,9.171989e+16,4.364065,4.337671,4.289909
296700,4861132800,9.175081e+16,4.341960,4.338857,4.290892
296800,4862771200,9.178173e+16,4.339877,4.334233,4.287666
296900,4864409600,9.181266e+16,4.331160,4.334094,4.288358
297000,4866048000,9.184358e+16,4.355331,4.335975,4.292554
297100,4867686400,9.187450e+16,4.342680,4.335867,4.290227
297200,4869324800,9.190543e+16,4.348057,4.332340,4.287828
297300,4870963200,9.193635e+16,4.341324,4.334778,4.289922
297400,4872601600,9.196728e+16,4.326751,4.333476,4.290332
297500,4874240000,9.199820e+16,4.341785,4.333913,4.289088
297600,4875878400,9.202912e+16,4.355672,4.338960,4.291392
297700,4877516800,9.206005e+16,4.331822,4.336717,4.290454
297800,4879155200,9.209097e+16,4.387685,4.335728,4.290255
297900,4880793600,9.212189e+16,4.334087,4.327256,4.284568
298000,4882432000,9.215282e+16,4.331244,4.334928,4.289905
298100,4884070400,9.218374e+16,4.320220,4.332985,4.287501
298200,4885708800,9.221467e+16,4.338811,4.333236,4.287007
298300,4887347200,9.224559e+16,4.327360,4.332046,4.288314
298400,4888985600,9.227651e+16,4.330935,4.338726,4.287969
298500,4890624000,9.230744e+16,4.330773,4.341777,4.288540
298600,4892262400,9.233836e+16,4.333740,4.338845,4.289270
298700,4893900800,9.236928e+16,4.321365,4.338237,4.288265
298800,4895539200,9.240021e+16,4.318474,4.337736,4.289599
298900,4897177600,9.243113e+16,4.324481,4.335194,4.287434
299000,4898816000,9.246206e+16,4.345258,4.332002,4.286956
299100,4900454400,9.249298e+16,4.337605,4.334185,4.287511
299200,4902092800,9.252390e+16,4.324825,4.330415,4.284310
299300,4903731200,9.255483e+16,4.320446,4.329588,4.285219
299400,4905369600,9.258575e+16,4.311415,4.331652,4.288772
299500,4907008000,9.261667e+16,4.308827,4.333489,4.287723
299600,4908646400,9.264760e+16,4.325027,4.332239,4.285436
299700,4910284800,9.267852e+16,4.310793,4.330331,4.284278
299800,4911923200,9.270945e+16,4.340272,4.331378,4.284028
299900,4913561600,9.274037e+16,4.297929,4.333640,4.286452
300000,4915200000,9.277129e+16,4.335736,4.332582,4.285485
300100,4916838400,9.280222e+16,4.324460,4.329804,4.285115
300200,4918476800,9.283314e+16,4.331567,4.331627,4.284177
300300,4920115200,9.286406e+16,4.336672,4.331014,4.284959
300400,4921753600,9.289499e+16,4.321159,4.332163,4.283044
300500,4923392000,9.292591e+16,4.318363,4.329320,4.281968
300600,4925030400,9.295684e+16,4.326253,4.327177,4.283706
300700,4926668800,9.298776e+16,4.341834,4.325833,4.284251
300800,4928307200,9.301868e+16,4.324796,4.324775,4.279221
300900,4929945600,9.304961e+16,4.323156,4.331642,4.284369
301000,4931584000,9.308053e+16,4.322244,4.335135,4.283874
301100,4933222400,9.311146e+16,4.322455,4.332020,4.283068
301200,4934860800,9.314238e+16,4.320236,4.330902,4.282295
301300,4936499200,9.317330e+16,4.319497,4.332890,4.283731
301400,4938137600,9.320423e+16,4.332632,4.330681,4.280999
301500,4939776000,9.323515e+16,4.341781,4.333217,4.283086
301600,4941414400,9.326607e+16,4.315625,4.332311,4.282413
301700,4943052800,9.329700e+16,4.325502,4.331643,4.282828
301800,4944691200,9.332792e+16,4.321926,4.332333,4.283564
301900,4946329600,9.335885e+16,4.330873,4.331870,4.281990
302000,4947968000,9.338977e+16,4.310486,4.331610,4.281686
302100,4949606400,9.342069e+16,4.313502,4.330210,4.281110
302200,4951244800,9.345162e+16,4.301340,4.328217,4.283359
302300,4952883200,9.348254e+16,4.332749,4.324752,4.279428
302400,4954521600,9.351346e+16,4.313198,4.325345,4.279593
302500,4956160000,9.354439e+16,4.341196,4.327318,4.280857
302600,4957798400,9.357531e+16,4.316454,4.328396,4.279647
302700,4959436800,9.360624e+16,4.313603,4.329850,4.282879
302800,4961075200,9.363716e+16,4.319354,4.328700,4.281526
302900,4962713600,9.366808e+16,4.338050,4.329924,4.281839
303000,4964352000,9.369901e+16,4.323771,4.331812,4.281330
303100,4965990400,9.372993e+16,4.331163,4.331786,4.281130
303200,4967628800,9.376085e+16,4.323874,4.328293,4.277647
303300,4969267200,9.379178e+16,4.335650,4.332052,4.280146
303400,4970905600,9.382270e+16,4.331368,4.330081,4.279433
303500,4972544000,9.385363e+16,4.348047,4.328173,4.276928
303600,4974182400,9.388455e+16,4.309171,4.326987,4.276633
303700,4975820800,9.391547e+16,4.326925,4.324303,4.277058
303800,4977459200,9.394640e+16,4.338222,4.326125,4.277487
303900,4979097600,9.397732e+16,4.329671,4.323854,4.276875
304000,4980736000,9.400824e+16,4.318453,4.324601,4.277072
304100,4982374400,9.403917e+16,4.312707,4.321375,4.277409
304200,4984012800,9.407009e+16,4.324814,4.318821,4.274618
304300,4985651200,9.410102e+16,4.314105,4.317643,4.272894
304400,4987289600,9.413194e+16,4.307124,4.320917,4.275073
304500,4988928000,9.416286e+16,4.323984,4.318648,4.272619
304600,4990566400,9.419379e+16,4.328606,4.321564,4.274957
304700,4992204800,9.422471e+16,4.316900,4.321574,4.275554
304800,4993843200,9.425563e+16,4.314902,4.321530,4.273739
304900,4995481600,9.428656e+16,4.341964,4.327883,4.275986
305000,4997120000,9.431748e+16,4.314477,4.322462,4.273598
305100,4998758400,9.434841e+16,4.317265,4.320856,4.276439
305200,5000396800,9.437933e+16,4.338553,4.322829,4.275377
305300,5002035200,9.441025e+16,4.337250,4.322546,4.274807
305400,5003673600,9.444118e+16,4.317657,4.321919,4.273849
305500,5005312000,9.447210e+16,4.287749,4.319973,4.274278
305600,5006950400,9.450302e+16,4.315247,4.321093,4.275534
305700,5008588800,9.453395e+16,4.341746,4.320468,4.273902
305800,5010227200,9.456487e+16,4.335053,4.316568,4.272289
305900,5011865600,9.459580e+16,4.312673,4.322259,4.276764
306000,5013504000,9.462672e+16,4.317597,4.321555,4.275453
306100,5015142400,9.465764e+16,4.317286,4.321972,4.273615
306200,5016780800,9.468857e+16,4.334563,4.323236,4.275663
306300,5018419200,9.471949e+16,4.332306,4.319325,4.272436
306400,5020057600,9.475041e+16,4.342733,4.320601,4.273732
306500,5021696000,9.478134e+16,4.318392,4.323834,4.276266
306600,5023334400,9.481226e+16,4.313931,4.318262,4.272674
306700,5024972800,9.484319e+16,4.323344,4.319523,4.274147
306800,5026611200,9.487411e+16,4.305902,4.322238,4.274028
306900,5028249600,9.490503e+16,4.312610,4.320666,4.276823
307000,5029888000,9.493596e+16,4.321398,4.319806,4.275679
307100,5031526400,9.496688e+16,4.312882,4.320072,4.274269
307200,5033164800,9.499780e+16,4.319776,4.317430,4.272811
307300,5034803200,9.502873e+16,4.341720,4.315258,4.270904
307400,5036441600,9.505965e+16,4.321682,4.318002,4.272545
307500,5038080000,9.509058e+16,4.317186,4.320870,4.274318
307600,5039718400,9.512150e+16,4.304347,4.317335,4.271715
307700,5041356800,9.515242e+16,4.316592,4.317480,4.272239
307800,5042995200,9.518335e+16,4.308196,4.320118,4.275216
307900,5044633600,9.521427e+16,4.309807,4.315039,4.272177
308000,5046272000,9.524519e+16,4.297143,4.317754,4.275801
308100,5047910400,9.527612e+16,4.306549,4.313312,4.269772
308200,5049548800,9.530704e+16,4.316683,4.320071,4.272885
308300,5051187200,9.533797e+16,4.314043,4.316809,4.271168
308400,5052825600,9.536889e+16,4.320023,4.318292,4.273749
308500,5054464000,9.539981e+16,4.320875,4.317275,4.273288
308600,5056102400,9.543074e+16,4.300203,4.316145,4.273100
308700,5057740800,9.546166e+16,4.312876,4.316293,4.274973
308800,5059379200,9.549258e+16,4.315287,4.314998,4.272394
308900,5061017600,9.552351e+16,4.319781,4.313897,4.274056
309000,5062656000,9.555443e+16,4.347147,4.312790,4.271017
309100,5064294400,9.558536e+16,4.342798,4.314305,4.270085
309200,5065932800,9.561628e+16,4.303956,4.317258,4.272131
309300,5067571200,9.564720e+16,4.325108,4.313029,4.269527
309400,5069209600,9.567813e+16,4.323226,4.313295,4.271798
309500,5070848000,9.570905e+16,4.299699,4.315800,4.272651
309600,5072486400,9.573997e+16,4.298408,4.315047,4.270660
309700,5074124800,9.577090e+16,4.309576,4.312719,4.269195
309800,5075763200,9.580182e+16,4.303877,4.315109,4.268152
309900,5077401600,9.583275e+16,4.311438,4.315503,4.269986
310000,5079040000,9.586367e+16,4.316648,4.316868,4.270496
310100,5080678400,9.589459e+16,4.308564,4.317921,4.271524
310200,5082316800,9.592552e+16,4.305717,4.316331,4.268468
310300,5083955200,9.595644e+16,4.310060,4.314340,4.268312
310400,5085593600,9.598737e+16,4.311116,4.310322,4.265822
310500,5087232000,9.601829e+16,4.314799,4.314924,4.268418
310600,5088870400,9.604921e+16,4.309063,4.314839,4.269300
310700,5090508800,9.608014e+16,4.301137,4.315418,4.268951
310800,5092147200,9.611106e+16,4.300598,4.315407,4.269174
310900,5093785600,9.614198e+16,4.295949,4.316060,4.266444
311000,5095424000,9.617291e+16,4.308530,4.315835,4.268743
311100,5097062400,9.620383e+16,4.317465,4.316078,4.268309
311200,5098700800,9.623476e+16,4.309833,4.315716,4.266612
311300,5100339200,9.626568e+16,4.329862,4.311499,4.266049
311400,5101977600,9.629660e+16,4.316480,4.312862,4.266044
311500,5103616000,9.632753e+16,4.298420,4.310291,4.265175
311600,5105254400,9.635845e+16,4.306338,4.314169,4.266806
311700,5106892800,9.638937e+16,4.324270,4.313590,4.268458
311800,5108531200,9.642030e+16,4.326891,4.314277,4.266751
311900,5110169600,9.645122e+16,4.305986,4.314183,4.267690
312000,5111808000,9.648215e+16,4.331742,4.312632,4.267520
312100,5113446400,9.651307e+16,4.329549,4.313497,4.265944
312200,5115084800,9.654399e+16,4.302649,4.313566,4.265709
312300,5116723200,9.657492e+16,4.300280,4.316435,4.267283
312400,5118361600,9.660584e+16,4.301651,4.316325,4.268110
312500,5120000000,9.663676e+16,4.296515,4.309134,4.265298
312600,5121638400,9.666769e+16,4.325034,4.308272,4.266048
312700,5123276800,9.669861e+16,4.307984,4.312772,4.270430
312800,5124915200,9.672954e+16,4.310452,4.315045,4.268936
312900,5126553600,9.676046e+16,4.328868,4.316817,4.269974
313000,5128192000,9.679138e+16,4.302185,4.314612,4.269453
313100,5129830400,9.682231e+16,4.293501,4.312507,4.267632
313200,5131468800,9.685323e+16,4.318241,4.311121,4.267481
313300,5133107200,9.688415e+16,4.315632,4.311976,4.268346
313400,5134745600,9.691508e+16,4.306345,4.309673,4.264312
313500,5136384000,9.694600e+16,4.300917,4.312747,4.265818
313600,5138022400,9.697693e+16,4.326966,4.312925,4.265158
313700,5139660800,9.700785e+16,4.305819,4.314225,4.263831
313800,5141299200,9.703877e+16,4.324094,4.313558,4.265881
313900,5142937600,9.706970e+16,4.315879,4.315794,4.267738
314000,5144576000,9.710062e+16,4.307503,4.311889,4.265016
314100,5146214400,9.713154e+16,4.307087,4.308936,4.264047
314200,5147852800,9.716247e+16,4.326679,4.309191,4.263163
314300,5149491200,9.719339e+16,4.296698,4.308468,4.264099
314400,5151129600,9.722432e+16,4.305659,4.308072,4.262174
314500,5152768000,9.725524e+16,4.324352,4.307348,4.263574
314600,5154406400,9.728616e+16,4.312058,4.305643,4.262988
314700,5156044800,9.731709e+16,4.311998,4.303854,4.264050
314800,5157683200,9.734801e+16,4.320514,4.307370,4.262351
314900,5159321600,9.737893e+16,4.306793,4.311148,4.263529
315000,5160960000,9.740986e+16,4.316619,4.311409,4.263456
315100,5162598400,9.744078e+16,4.305729,4.310057,4.264427
315200,5164236800,9.747171e+16,4.307441,4.309684,4.262242
315300,5165875200,9.750263e+16,4.307098,4.306394,4.259264
315400,5167513600,9.753355e+16,4.298912,4.312319,4.263232
315500,5169152000,9.756448e+16,4.306643,4.307264,4.260570
315600,5170790400,9.759540e+16,4.305687,4.310765,4.261887
315700,5172428800,9.762632e+16,4.302310,4.309538,4.263097
315800,5174067200,9.765725e+16,4.316966,4.312645,4.263665
315900,5175705600,9.768817e+16,4.304932,4.311176,4.259651
316000,5177344000,9.771910e+16,4.297709,4.309896,4.260191
316100,5178982400,9.775002e+16,4.318818,4.306791,4.261151
316200,5180620800,9.778094e+16,4.317394,4.310886,4.261221
316300,5182259200,9.781187e+16,4.306437,4.309644,4.261986
316400,5183897600,9.784279e+16,4.315483,4.306538,4.260829
316500,5185536000,9.787371e+16,4.298112,4.307517,4.260462
316600,5187174400,9.790464e+16,4.311059,4.306588,4.260323
316700,5188812800,9.793556e+16,4.310194,4.305872,4.260718
316800,5190451200,9.796649e+16,4.294334,4.307617,4.259807
316900,5192089600,9.799741e+16,4.302300,4.304236,4.259398
317000,5193728000,9.802833e+16,4.313448,4.302995,4.257813
317100,5195366400,9.805926e+16,4.317157,4.306520,4.259710
317200,5197004800,9.809018e+16,4.309561,4.307550,4.258604
317300,5198643200,9.812110e+16,4.317407,4.303472,4.259400
317400,5200281600,9.815203e+16,4.313202,4.303510,4.258220
317500,5201920000,9.818295e+16,4.293197,4.305030,4.259229
317600,5203558400,9.821388e+16,4.292263,4.305940,4.257838
317700,5205196800,9.824480e+16,4.292458,4.301588,4.254969
317800,5206835200,9.827572e+16,4.281087,4.305787,4.258029
317900,5208473600,9.830665e+16,4.311524,4.306559,4.257177
318000,5210112000,9.833757e+16,4.296726,4.303500,4.257861
318100,5211750400,9.836849e+16,4.311427,4.304801,4.257203
318200,5213388800,9.839942e+16,4.311112,4.306847,4.257198
318300,5215027200,9.843034e+16,4.305663,4.309548,4.258717
318400,5216665600,9.846127e+16,4.308944,4.303576,4.257442
318500,5218304000,9.849219e+16,4.299912,4.301323,4.255789
318600,5219942400,9.852311e+16,4.285910,4.301100,4.253511
318700,5221580800,9.855404e+16,4.279264,4.303486,4.255572
318800,5223219200,9.858496e+16,4.307437,4.301449,4.254506
318900,5224857600,9.861589e+16,4.297438,4.303246,4.255335
319000,5226496000,9.864681e+16,4.295516,4.298868,4.251708
319100,5228134400,9.867773e+16,4.293559,4.303263,4.256124
319200,5229772800,9.870866e+16,4.305185,4.304328,4.256465
319300,5231411200,9.873958e+16,4.310526,4.299734,4.251328
319400,5233049600,9.877050e+16,4.302793,4.301698,4.252704
319500,5234688000,9.880143e+16,4.286515,4.302774,4.254153
319600,5236326400,9.883235e+16,4.279387,4.299036,4.252485
319700,5237964800,9.886328e+16,4.302501,4.300908,4.252862
319800,5239603200,9.889420e+16,4.318570,4.302362,4.253932
319900,5241241600,9.892512e+16,4.310760,4.301171,4.252249
320000,5242880000,9.895605e+16,4.304193,4.299275,4.252635
320100,5244518400,9.898697e+16,4.291180,4.300350,4.252615
320200,5246156800,9.901789e+16,4.283143,4.299664,4.253147
320300,5247795200,9.904882e+16,4.295789,4.298671,4.251799
320400,5249433600,9.907974e+16,4.307838,4.297822,4.252598
320500,5251072000,9.911067e+16,4.286672,4.295218,4.250924
320600,5252710400,9.914159e+16,4.309064,4.295712,4.249317
320700,5254348800,9.917251e+16,4.305964,4.298404,4.251334
320800,5255987200,9.920344e+16,4.317363,4.298992,4.251464
320900,5257625600,9.923436e+16,4.293478,4.297005,4.251222
321000,5259264000,9.926528e+16,4.307300,4.297272,4.249934
321100,5260902400,9.929621e+16,4.299478,4.300065,4.251609
321200,5262540800,9.932713e+16,4.290460,4.299599,4.251045
321300,5264179200,9.935806e+16,4.322155,4.293996,4.248728
321400,5265817600,9.938898e+16,4.317772,4.298218,4.251056
321500,5267456000,9.941990e+16,4.287314,4.296934,4.249924
321600,5269094400,9.945083e+16,4.301952,4.299926,4.252854
321700,5270732800,9.948175e+16,4.298305,4.297455,4.251282
321800,5272371200,9.951267e+16,4.299182,4.294995,4.251642
321900,5274009600,9.954360e+16,4.283427,4.294871,4.249920
322000,5275648000,9.957452e+16,4.285597,4.296783,4.250157
322100,5277286400,9.960545e+16,4.275951,4.293260,4.247285
322200,5278924800,9.963637e+16,4.275571,4.296351,4.249179
322300,5280563200,9.966729e+16,4.329037,4.294661,4.250023
322400,5282201600,9.969822e+16,4.276035,4.294431,4.249843
322500,5283840000,9.972914e+16,4.317878,4.294012,4.249910
322600,5285478400,9.976006e+16,4.276864,4.290456,4.247122
322700,5287116800,9.979099e+16,4.293711,4.289922,4.246366
322800,5288755200,9.982191e+16,4.284672,4.292372,4.250104
322900,5290393600,9.985284e+16,4.286504,4.290343,4.247316
323000,5292032000,9.988376e+16,4.286639,4.290538,4.249444
323100,5293670400,9.991468e+16,4.303370,4.290202,4.246934
323200,5295308800,9.994561e+16,4.281823,4.283578,4.245662
323300,5296947200,9.997653e+16,4.305017,4.287527,4.247173
323400,5298585600,1.000075e+17,4.282967,4.286325,4.246496
323500,5300224000,1.000384e+17,4.297249,4.282286,4.245461
323600,5301862400,1.000693e+17,4.292238,4.282474,4.246571
323700,5303500800,1.001002e+17,4.279357,4.288222,4.247289
323800,5305139200,1.001311e+17,4.275334,4.288139,4.247646
323900,5306777600,1.001621e+17,4.300375,4.286949,4.246950
324000,5308416000,1.001930e+17,4.313861,4.291187,4.250044
324100,5310054400,1.002239e+17,4.296731,4.289081,4.246845
324200,5311692800,1.002548e+17,4.311390,4.285653,4.244941
324300,5313331200,1.002858e+17,4.299658,4.287831,4.247873
324400,5314969600,1.003167e+17,4.295352,4.289974,4.247050
324500,5316608000,1.003476e+17,4.304708,4.288759,4.244333
324600,5318246400,1.003785e+17,4.298622,4.286675,4.244804
324700,5319884800,1.004095e+17,4.286498,4.288782,4.243129
324800,5321523200,1.004404e+17,4.309700,4.288832,4.242587
324900,5323161600,1.004713e+17,4.308595,4.292861,4.244585
325000,5324800000,1.005022e+17,4.309662,4.289034,4.244883
325100,5326438400,1.005332e+17,4.292479,4.287575,4.244083
325200,5328076800,1.005641e+17,4.307613,4.289452,4.246022
325300,5329715200,1.005950e+17,4.304265,4.288976,4.245990
325400,5331353600,1.006259e+17,4.286870,4.289770,4.244690
325500,5332992000,1.006569e+17,4.281796,4.289850,4.244999
325600,5334630400,1.006878e+17,4.286477,4.288516,4.245274
325700,5336268800,1.007187e+17,4.295121,4.290789,4.246528
325800,5337907200,1.007496e+17,4.292223,4.290801,4.245263
325900,5339545600,1.007805e+17,4.285999,4.284361,4.241363
326000,5341184000,1.008115e+17,4.308895,4.285146,4.241976
326100,5342822400,1.008424e+17,4.284378,4.286947,4.244128
326200,5344460800,1.008733e+17,4.301730,4.288381,4.244027
326300,5346099200,1.009042e+17,4.282136,4.284549,4.243091
326400,5347737600,1.009352e+17,4.280792,4.286465,4.242292
326500,5349376000,1.009661e+17,4.283115,4.289294,4.245012
326600,5351014400,1.009970e+17,4.292916,4.288886,4.244977
326700,5352652800,1.010279e+17,4.286029,4.285048,4.242705
326800,5354291200,1.010589e+17,4.310653,4.287655,4.242674
326900,5355929600,1.010898e+17,4.294911,4.288451,4.243177
327000,5357568000,1.011207e+17,4.302999,4.284031,4.241608
327100,5359206400,1.011516e+17,4.276262,4.291024,4.245656
327200,5360844800,1.011826e+17,4.293144,4.284909,4.241929
327300,5362483200,1.012135e+17,4.289244,4.285830,4.242238
327400,5364121600,1.012444e+17,4.293544,4.288243,4.243144
327500,5365760000,1.012753e+17,4.288877,4.290553,4.244056
327600,5367398400,1.013063e+17,4.265830,4.287179,4.241788
327700,5369036800,1.013372e+17,4.284334,4.288337,4.242143
327800,5370675200,1.013681e+17,4.298007,4.286714,4.240117
327900,5372313600,1.013990e+17,4.306793,4.287919,4.242647
328000,5373952000,1.014299e+17,4.291442,4.285771,4.242283
328100,5375590400,1.014609e+17,4.313280,4.287325,4.241398
328200,5377228800,1.014918e+17,4.275045,4.285894,4.242187
328300,5378867200,1.015227e+17,4.284694,4.284939,4.240527
328400,5380505600,1.015536e+17,4.261228,4.289084,4.241399
328500,5382144000,1.015846e+17,4.279066,4.284809,4.238751
328600,5383782400,1.016155e+17,4.297557,4.283302,4.239343
328700,5385420800,1.016464e+17,4.290605,4.280693,4.237626
328800,5387059200,1.016773e+17,4.294483,4.282133,4.239067
328900,5388697600,1.017083e+17,4.289141,4.282924,4.237670
329000,5390336000,1.017392e+17,4.280147,4.281719,4.237454
329100,5391974400,1.017701e+17,4.268375,4.283332,4.240147
329200,5393612800,1.018010e+17,4.288815,4.284333,4.240406
329300,5395251200,1.018320e+17,4.297538,4.281218,4.237045
329400,5396889600,1.018629e+17,4.317842,4.286073,4.240322
329500,5398528000,1.018938e+17,4.293493,4.285714,4.237260
329600,5400166400,1.019247e+17,4.282782,4.282861,4.238269
329700,5401804800,1.019557e+17,4.284471,4.282897,4.238743
329800,5403443200,1.019866e+17,4.280097,4.283450,4.238855
329900,5405081600,1.020175e+17,4.282215,4.277826,4.235739
330000,5406720000,1.020484e+17,4.306635,4.279996,4.236939
330100,5408358400,1.020793e+17,4.290881,4.280756,4.235220
330200,5409996800,1.021103e+17,4.284772,4.278359,4.234814
330300,5411635200,1.021412e+17,4.281840,4.280975,4.236830
330400,5413273600,1.021721e+17,4.301673,4.283097,4.237088
330500,5414912000,1.022030e+17,4.291925,4.282630,4.235929
330600,5416550400,1.022340e+17,4.305706,4.280757,4.236859
330700,5418188800,1.022649e+17,4.310364,4.279623,4.237705
330800,5419827200,1.022958e+17,4.298839,4.275665,4.234012
330900,5421465600,1.023267e+17,4.269572,4.275396,4.235877
331000,5423104000,1.023577e+17,4.259525,4.278236,4.235701
331100,5424742400,1.023886e+17,4.297049,4.276126,4.235461
331200,5426380800,1.024195e+17,4.303211,4.278846,4.237868
331300,5428019200,1.024504e+17,4.305372,4.278848,4.235617
331400,5429657600,1.024814e+17,4.285778,4.277175,4.237212
331500,5431296000,1.025123e+17,4.285245,4.278632,4.234889
331600,5432934400,1.025432e+17,4.274429,4.278901,4.234378
331700,5434572800,1.025741e+17,4.287112,4.281541,4.236365
331800,5436211200,1.026051e+17,4.289418,4.280861,4.236244
331900,5437849600,1.026360e+17,4.288470,4.279677,4.234212
332000,5439488000,1.026669e+17,4.279627,4.281902,4.235435
332100,5441126400,1.026978e+17,4.290765,4.285257,4.237049
332200,5442764800,1.027287e+17,4.280080,4.283638,4.235808
332300,5444403200,1.027597e+17,4.288689,4.279729,4.234516
332400,5446041600,1.027906e+17,4.283583,4.276721,4.233403
332500,5447680000,1.028215e+17,4.273188,4.280040,4.236896
332600,5449318400,1.028524e+17,4.275875,4.275627,4.234763
332700,5450956800,1.028834e+17,4.278668,4.277444,4.235790
332800,5452595200,1.029143e+17,4.281212,4.280005,4.235502
332900,5454233600,1.029452e+17,4.275447,4.279220,4.235509
333000,5455872000,1.029761e+17,4.289044,4.274834,4.230155
333100,5457510400,1.030071e+17,4.272459,4.274453,4.230740
333200,5459148800,1.030380e+17,4.272875,4.279018,4.234984
333300,5460787200,1.030689e+17,4.266688,4.276118,4.232987
333400,5462425600,1.030998e+17,4.267270,4.279607,4.234100
333500,5464064000,1.031308e+17,4.286425,4.278017,4.233534
333600,5465702400,1.031617e+17,4.285780,4.278012,4.232070
333700,5467340800,1.031926e+17,4.294012,4.274548,4.230929
333800,5468979200,1.032235e+17,4.281546,4.278541,4.232071
333900,5470617600,1.032544e+17,4.297914,4.277103,4.231642
334000,5472256000,1.032854e+17,4.289899,4.275314,4.230959
334100,5473894400,1.033163e+17,4.292836,4.273134,4.228723
334200,5475532800,1.033472e+17,4.285759,4.273595,4.228893
334300,5477171200,1.033781e+17,4.264345,4.273436,4.229822
334400,5478809600,1.034091e+17,4.271782,4.272187,4.228701
334500,5480448000,1.034400e+17,4.268090,4.269482,4.226849
334600,5482086400,1.034709e+17,4.288760,4.268917,4.231357
334700,5483724800,1.035018e+17,4.283177,4.269342,4.230188
334800,5485363200,1.035328e+17,4.269140,4.269314,4.228799
334900,5487001600,1.035637e+17,4.254672,4.266616,4.227615
335000,5488640000,1.035946e+17,4.274937,4.268561,4.229990
335100,5490278400,1.036255e+17,4.288213,4.271033,4.228722
335200,5491916800,1.036565e+17,4.271658,4.267932,4.229499
335300,5493555200,1.036874e+17,4.274615,4.272491,4.229229
335400,5495193600,1.037183e+17,4.288370,4.274838,4.231995
335500,5496832000,1.037492e+17,4.287124,4.271235,4.228403
335600,5498470400,1.037802e+17,4.299377,4.274164,4.230623
335700,5500108800,1.038111e+17,4.276804,4.271989,4.229301
335800,5501747200,1.038420e+17,4.272841,4.270089,4.227057
335900,5503385600,1.038729e+17,4.274451,4.269931,4.228871
336000,5505024000,1.039038e+17,4.283465,4.272204,4.228971
336100,5506662400,1.039348e+17,4.282897,4.275085,4.229695
336200,5508300800,1.039657e+17,4.269630,4.272643,4.229599
336300,5509939200,1.039966e+17,4.269333,4.273111,4.230001
336400,5511577600,1.040275e+17,4.283587,4.271382,4.229464
336500,5513216000,1.040585e+17,4.274547,4.268351,4.226897
336600,5514854400,1.040894e+17,4.273026,4.273524,4.228673
336700,5516492800,1.041203e+17,4.262554,4.273271,4.228609
336800,5518131200,1.041512e+17,4.273623,4.272648,4.228928
336900,5519769600,1.041822e+17,4.286902,4.272233,4.227898
337000,5521408000,1.042131e+17,4.244142,4.271045,4.228213
337100,5523046400,1.042440e+17,4.264445,4.270996,4.228402
337200,5524684800,1.042749e+17,4.265025,4.270901,4.227103
337300,5526323200,1.043059e+17,4.261688,4.264047,4.224974
337400,5527961600,1.043368e+17,4.272127,4.269290,4.228131
337500,5529600000,1.043677e+17,4.270184,4.269525,4.227573
337600,5531238400,1.043986e+17,4.276128,4.266952,4.226017
337700,5532876800,1.044296e+17,4.258352,4.268119,4.228001
337800,5534515200,1.044605e+17,4.273281,4.271706,4.228570
337900,5536153600,1.044914e+17,4.268094,4.272433,4.227551
338000,5537792000,1.045223e+17,4.280603,4.271365,4.226214
338100,5539430400,1.045532e+17,4.253455,4.269967,4.226524
338200,5541068800,1.045842e+17,4.267685,4.269095,4.225045
338300,5542707200,1.046151e+17,4.262002,4.266584,4.224466
338400,5544345600,1.046460e+17,4.271051,4.268133,4.224253
338500,5545984000,1.046769e+17,4.259667,4.271611,4.224352
338600,5547622400,1.047079e+17,4.259705,4.268648,4.222758
338700,5549260800,1.047388e+17,4.250297,4.268753,4.223535
338800,5550899200,1.047697e+17,4.255156,4.269958,4.224880
338900,5552537600,1.048006e+17,4.262470,4.270011,4.225091
339000,5554176000,1.048316e+17,4.292559,4.268148,4.224326
339100,5555814400,1.048625e+17,4.267473,4.270308,4.223054
339200,5557452800,1.048934e+17,4.269711,4.268857,4.224223
339300,5559091200,1.049243e+17,4.273182,4.266701,4.223900
339400,5560729600,1.049553e+17,4.269176,4.265426,4.221186
339500,5562368000,1.049862e+17,4.294437,4.262969,4.220478
339600,5564006400,1.050171e+17,4.289572,4.266689,4.222186
339700,5565644800,1.050480e+17,4.272378,4.266850,4.223682
339800,5567283200,1.050790e+17,4.276095,4.268420,4.223353
339900,5568921600,1.051099e+17,4.281002,4.266161,4.219888
340000,5570560000,1.051408e+17,4.270715,4.265412,4.221908
340100,5572198400,1.051717e+17,4.279171,4.268007,4.222934
340200,5573836800,1.052026e+17,4.260999,4.263344,4.221296
340300,5575475200,1.052336e+17,4.258539,4.263589,4.220420
340400,5577113600,1.052645e+17,4.265029,4.267972,4.219871
340500,5578752000,1.052954e+17,4.269277,4.263430,4.219478
340600,5580390400,1.053263e+17,4.281972,4.269145,4.222947
340700,5582028800,1.053573e+17,4.274327,4.270024,4.222576
340800,5583667200,1.053882e+17,4.288494,4.266233,4.221033
340900,5585305600,1.054191e+17,4.253529,4.266026,4.221691
341000,5586944000,1.054500e+17,4.282400,4.264692,4.219671
341100,5588582400,1.054810e+17,4.274874,4.269471,4.222621
341200,5590220800,1.055119e+17,4.285636,4.269967,4.223097
341300,5591859200,1.055428e+17,4.264460,4.269263,4.222636
341400,5593497600,1.055737e+17,4.276630,4.268175,4.223294
341500,5595136000,1.056047e+17,4.280038,4.266392,4.222866
341600,5596774400,1.056356e+17,4.277918,4.266078,4.223108
341700,5598412800,1.056665e+17,4.263860,4.264571,4.219752
341800,5600051200,1.056974e+17,4.274296,4.263750,4.219470
341900,5601689600,1.057284e+17,4.256642,4.265989,4.219819
342000,5603328000,1.057593e+17,4.246557,4.262205,4.218415
342100,5604966400,1.057902e+17,4.256518,4.261180,4.219182
342200,5606604800,1.058211e+17,4.308689,4.262751,4.220092
342300,5608243200,1.058520e+17,4.256306,4.262270,4.218710
342400,5609881600,1.058830e+17,4.287420,4.264051,4.219749
342500,5611520000,1.059139e+17,4.258722,4.266368,4.219557
342600,5613158400,1.059448e+17,4.257779,4.266081,4.218754
342700,5614796800,1.059757e+17,4.264300,4.261882,4.218103
342800,5616435200,1.060067e+17,4.265447,4.262408,4.217731
342900,5618073600,1.060376e+17,4.264600,4.261482,4.216724
343000,5619712000,1.060685e+17,4.274456,4.261658,4.216695
343100,5621350400,1.060994e+17,4.276978,4.262746,4.217621
343200,5622988800,1.061304e+17,4.277647,4.265489,4.220365
343300,5624627200,1.061613e+17,4.266968,4.263127,4.217358
343400,5626265600,1.061922e+17,4.262437,4.262340,4.216820
343500,5627904000,1.062231e+17,4.284412,4.259386,4.215499
343600,5629542400,1.062541e+17,4.290010,4.263899,4.216977
343700,5631180800,1.062850e+17,4.258601,4.264212,4.218316
343800,5632819200,1.063159e+17,4.294398,4.261484,4.217255
343900,5634457600,1.063468e+17,4.255785,4.257112,4.215325
344000,5636096000,1.063777e+17,4.267637,4.259109,4.216912
344100,5637734400,1.064087e+17,4.263535,4.259616,4.215104
344200,5639372800,1.064396e+17,4.230827,4.263373,4.217789
344300,5641011200,1.064705e+17,4.245077,4.261692,4.216932
344400,5642649600,1.065014e+17,4.273869,4.264378,4.219313
344500,5644288000,1.065324e+17,4.276738,4.263891,4.219491
344600,5645926400,1.065633e+17,4.253262,4.260332,4.215858
344700,5647564800,1.065942e+17,4.256031,4.263107,4.215604
344800,5649203200,1.066251e+17,4.267741,4.261464,4.215524
344900,5650841600,1.066561e+17,4.249430,4.259425,4.214303
345000,5652480000,1.066870e+17,4.255070,4.259935,4.216553
345100,5654118400,1.067179e+17,4.275397,4.257448,4.215273
345200,5655756800,1.067488e+17,4.254797,4.260308,4.215378
345300,5657395200,1.067798e+17,4.269658,4.257333,4.214521
345400,5659033600,1.068107e+17,4.247714,4.259562,4.215312
345500,5660672000,1.068416e+17,4.247172,4.256735,4.213275
345600,5662310400,1.068725e+17,4.274255,4.258952,4.214093
345700,5663948800,1.069035e+17,4.265362,4.260441,4.214543
345800,5665587200,1.069344e+17,4.259640,4.261597,4.215066
345900,5667225600,1.069653e+17,4.276641,4.260594,4.214416
346000,5668864000,1.069962e+17,4.270415,4.257894,4.212403
346100,5670502400,1.070271e+17,4.268039,4.256469,4.212476
346200,5672140800,1.070581e+17,4.250268,4.257544,4.211879
346300,5673779200,1.070890e+17,4.273352,4.258620,4.213212
346400,5675417600,1.071199e+17,4.257046,4.258071,4.213933
346500,5677056000,1.071508e+17,4.251742,4.257965,4.212834
346600,5678694400,1.071818e+17,4.273279,4.257830,4.213655
346700,5680332800,1.072127e+17,4.275813,4.258635,4.212607
346800,5681971200,1.072436e+17,4.269172,4.257361,4.212205
346900,5683609600,1.072745e+17,4.243795,4.255753,4.212347
347000,5685248000,1.073055e+17,4.239616,4.255662,4.210697
347100,5686886400,1.073364e+17,4.278616,4.251958,4.210300
347200,5688524800,1.073673e+17,4.273813,4.258048,4.212055
347300,5690163200,1.073982e+17,4.267758,4.255399,4.211233
347400,5691801600,1.074292e+17,4.258424,4.257657,4.213965
347500,5693440000,1.074601e+17,4.256807,4.256441,4.211443
347600,5695078400,1.074910e+17,4.248294,4.262716,4.215104
347700,5696716800,1.075219e+17,4.253633,4.258710,4.211721
347800,5698355200,1.075529e+17,4.275045,4.259101,4.213929
347900,5699993600,1.075838e+17,4.257201,4.261955,4.213274
348000,5701632000,1.076147e+17,4.232860,4.262941,4.214996
348100,5703270400,1.076456e+17,4.270217,4.262886,4.215182
348200,5704908800,1.076765e+17,4.278251,4.258655,4.211893
348300,5706547200,1.077075e+17,4.236722,4.257437,4.213402
348400,5708185600,1.077384e+17,4.267436,4.254356,4.211401
348500,5709824000,1.077693e+17,4.262390,4.260359,4.215230
348600,5711462400,1.078002e+17,4.242823,4.255252,4.210898
348700,5713100800,1.078312e+17,4.245456,4.254681,4.208536
348800,5714739200,1.078621e+17,4.282036,4.254362,4.209430
348900,5716377600,1.078930e+17,4.273154,4.253973,4.209859
349000,5718016000,1.079239e+17,4.259605,4.255039,4.211193
349100,5719654400,1.079549e+17,4.245344,4.253240,4.212048
349200,5721292800,1.079858e+17,4.258837,4.253326,4.211596
349300,5722931200,1.080167e+17,4.251273,4.252744,4.213479
349400,5724569600,1.080476e+17,4.270555,4.255182,4.211844
349500,5726208000,1.080786e+17,4.247375,4.254290,4.212447
349600,5727846400,1.081095e+17,4.273680,4.251389,4.209197
349700,5729484800,1.081404e+17,4.240938,4.253845,4.212460
349800,5731123200,1.081713e+17,4.254874,4.253244,4.209520
349900,5732761600,1.082023e+17,4.260847,4.256066,4.210976
350000,5734400000,1.082332e+17,4.245591,4.259204,4.211941
350100,5736038400,1.082641e+17,4.245595,4.255824,4.210290
350200,5737676800,1.082950e+17,4.257950,4.255526,4.209720
350300,5739315200,1.083259e+17,4.237972,4.252154,4.208985
350400,5740953600,1.083569e+17,4.259182,4.251829,4.209866
350500,5742592000,1.083878e+17,4.242479,4.250084,4.207246
350600,5744230400,1.084187e+17,4.247868,4.247187,4.207952
350700,5745868800,1.084496e+17,4.277922,4.253724,4.208340
350800,5747507200,1.084806e+17,4.271643,4.251771,4.207213
350900,5749145600,1.085115e+17,4.254507,4.251126,4.209008
351000,5750784000,1.085424e+17,4.256233,4.249866,4.207017
351100,5752422400,1.085733e+17,4.270080,4.254575,4.210799
351200,5754060800,1.086043e+17,4.266060,4.249036,4.206902
351300,5755699200,1.086352e+17,4.257351,4.251764,4.207014
351400,5757337600,1.086661e+17,4.254748,4.249395,4.206925
351500,5758976000,1.086970e+17,4.254092,4.249922,4.206714
351600,5760614400,1.087280e+17,4.253335,4.250992,4.206388
351700,5762252800,1.087589e+17,4.250995,4.249964,4.206099
351800,5763891200,1.087898e+17,4.246046,4.252222,4.204920
351900,5765529600,1.088207e+17,4.251698,4.252904,4.207263
352000,5767168000,1.088517e+17,4.272014,4.252641,4.207014
352100,5768806400,1.088826e+17,4.261117,4.250116,4.205031
352200,5770444800,1.089135e+17,4.243985,4.250364,4.205118
352300,5772083200,1.089444e+17,4.254101,4.251518,4.206390
352400,5773721600,1.089753e+17,4.246000,4.248906,4.202953
352500,5775360000,1.090063e+17,4.233612,4.251592,4.205611
352600,5776998400,1.090372e+17,4.268454,4.247901,4.202628
352700,5778636800,1.090681e+17,4.264832,4.247318,4.203099
352800,5780275200,1.090990e+17,4.246899,4.247254,4.202778
352900,5781913600,1.091300e+17,4.267817,4.245867,4.202817
353000,5783552000,1.091609e+17,4.256100,4.246787,4.203006
353100,5785190400,1.091918e+17,4.273268,4.244763,4.202604
353200,5786828800,1.092227e+17,4.259418,4.245954,4.203934
353300,5788467200,1.092537e+17,4.233460,4.244498,4.202924
353400,5790105600,1.092846e+17,4.257151,4.243554,4.203425
353500,5791744000,1.093155e+17,4.246711,4.243337,4.202557
353600,5793382400,1.093464e+17,4.266957,4.242816,4.201526
353700,5795020800,1.093774e+17,4.247485,4.245295,4.203635
353800,5796659200,1.094083e+17,4.260315,4.246117,4.202786
353900,5798297600,1.094392e+17,4.242321,4.248826,4.203315
354000,5799936000,1.094701e+17,4.257063,4.247468,4.201105
354100,5801574400,1.095011e+17,4.258984,4.248987,4.200460
354200,5803212800,1.095320e+17,4.237450,4.250868,4.204472
354300,5804851200,1.095629e+17,4.241715,4.250962,4.203076
354400,5806489600,1.095938e+17,4.264868,4.247131,4.200919
354500,5808128000,1.096247e+17,4.269666,4.247299,4.203192
354600,5809766400,1.096557e+17,4.252915,4.247066,4.200687
354700,5811404800,1.096866e+17,4.244135,4.248702,4.202015
354800,5813043200,1.097175e+17,4.249915,4.249148,4.200838
354900,5814681600,1.097484e+17,4.272876,4.250162,4.201225
355000,5816320000,1.097794e+17,4.243386,4.246666,4.201102
355100,5817958400,1.098103e+17,4.248209,4.248800,4.202836
355200,5819596800,1.098412e+17,4.217515,4.248763,4.202301
355300,5821235200,1.098721e+17,4.227909,4.245379,4.198383
355400,5822873600,1.099031e+17,4.240451,4.244549,4.200028
355500,5824512000,1.099340e+17,4.263901,4.244685,4.200726
355600,5826150400,1.099649e+17,4.240116,4.241585,4.199293
355700,5827788800,1.099958e+17,4.233295,4.246009,4.201006
355800,5829427200,1.100268e+17,4.267598,4.246211,4.200227
355900,5831065600,1.100577e+17,4.247074,4.245520,4.198932
356000,5832704000,1.100886e+17,4.237962,4.244603,4.198783
356100,5834342400,1.101195e+17,4.240071,4.249882,4.202786
356200,5835980800,1.101504e+17,4.272022,4.248876,4.202001
356300,5837619200,1.101814e+17,4.241642,4.248385,4.200478
356400,5839257600,1.102123e+17,4.238861,4.248807,4.202969
356500,5840896000,1.102432e+17,4.243068,4.249974,4.203761
356600,5842534400,1.102741e+17,4.253884,4.249152,4.201481
356700,5844172800,1.103051e+17,4.258629,4.248411,4.199524
356800,5845811200,1.103360e+17,4.223938,4.247251,4.200511
356900,5847449600,1.103669e+17,4.259362,4.249174,4.200984
357000,5849088000,1.103978e+17,4.232937,4.243643,4.200098
357100,5850726400,1.104288e+17,4.240875,4.245284,4.200422
357200,5852364800,1.104597e+17,4.255156,4.244585,4.199088
357300,5854003200,1.104906e+17,4.239225,4.244424,4.198129
357400,5855641600,1.105215e+17,4.250883,4.241028,4.198250
357500,5857280000,1.105525e+17,4.237457,4.243740,4.199993
357600,5858918400,1.105834e+17,4.240836,4.242942,4.197055
357700,5860556800,1.106143e+17,4.240309,4.245284,4.198353
357800,5862195200,1.106452e+17,4.256429,4.241993,4.197475
357900,5863833600,1.106762e+17,4.235639,4.240683,4.196759
358000,5865472000,1.107071e+17,4.233509,4.239945,4.196389
358100,5867110400,1.107380e+17,4.264267,4.240949,4.197512
358200,5868748800,1.107689e+17,4.242131,4.238747,4.195128
358300,5870387200,1.107998e+17,4.266129,4.240566,4.196015
358400,5872025600,1.108308e+17,4.250916,4.243184,4.197038
358500,5873664000,1.108617e+17,4.272449,4.242057,4.196189
358600,5875302400,1.108926e+17,4.251016,4.241690,4.196138
358700,5876940800,1.109235e+17,4.245426,4.240885,4.196301
358800,5878579200,1.109545e+17,4.251352,4.245053,4.198053
358900,5880217600,1.109854e+17,4.233912,4.239563,4.195592
359000,5881856000,1.110163e+17,4.227635,4.241378,4.195574
359100,5883494400,1.110472e+17,4.273001,4.243071,4.198300
359200,5885132800,1.110782e+17,4.236918,4.245613,4.197896
359300,5886771200,1.111091e+17,4.257739,4.245427,4.198392
359400,5888409600,1.111400e+17,4.239969,4.244101,4.197562
359500,5890048000,1.111709e+17,4.221332,4.244913,4.197274
359600,5891686400,1.112019e+17,4.254279,4.242612,4.196490
359700,5893324800,1.112328e+17,4.246032,4.242293,4.195999
359800,5894963200,1.112637e+17,4.255108,4.246390,4.195618
359900,5896601600,1.112946e+17,4.246052,4.243618,4.196210
360000,5898240000,1.113256e+17,4.244292,4.242985,4.195674
360100,5899878400,1.113565e+17,4.250505,4.242251,4.195272
360200,5901516800,1.113874e+17,4.253733,4.239250,4.196712
360300,5903155200,1.114183e+17,4.266087,4.239434,4.196499
360400,5904793600,1.114492e+17,4.271959,4.238642,4.196750
360500,5906432000,1.114802e+17,4.230935,4.240053,4.196447
360600,5908070400,1.115111e+17,4.249812,4.237293,4.195516
360700,5909708800,1.115420e+17,4.230812,4.238278,4.194825
360800,5911347200,1.115729e+17,4.247979,4.236706,4.195097
360900,5912985600,1.116039e+17,4.260073,4.238150,4.194297
361000,5914624000,1.116348e+17,4.248642,4.236751,4.195406
361100,5916262400,1.116657e+17,4.237855,4.234772,4.194061
361200,5917900800,1.116966e+17,4.225182,4.234302,4.191833
361300,5919539200,1.117276e+17,4.241846,4.235692,4.193300
361400,5921177600,1.117585e+17,4.244719,4.234591,4.191304
361500,5922816000,1.117894e+17,4.252791,4.235056,4.192957
361600,5924454400,1.118203e+17,4.223356,4.235579,4.191601
361700,5926092800,1.118513e+17,4.238270,4.236582,4.194262
361800,5927731200,1.118822e+17,4.251682,4.234071,4.190225
361900,5929369600,1.119131e+17,4.229168,4.233923,4.191874
362000,5931008000,1.119440e+17,4.251761,4.233496,4.190845
362100,5932646400,1.119750e+17,4.237187,4.235832,4.189558
362200,5934284800,1.120059e+17,4.231795,4.235199,4.191619
362300,5935923200,1.120368e+17,4.250594,4.235528,4.192436
362400,5937561600,1.120677e+17,4.244545,4.232982,4.190932
362500,5939200000,1.120986e+17,4.245405,4.234561,4.190215
362600,5940838400,1.121296e+17,4.231209,4.231657,4.189395
362700,5942476800,1.121605e+17,4.229341,4.235412,4.190103
362800,5944115200,1.121914e+17,4.226183,4.236890,4.190842
362900,5945753600,1.122223e+17,4.223688,4.235920,4.191438
363000,5947392000,1.122533e+17,4.229951,4.233964,4.188476
363100,5949030400,1.122842e+17,4.220578,4.232849,4.189052
363200,5950668800,1.123151e+17,4.239776,4.232727,4.190483
363300,5952307200,1.123460e+17,4.224802,4.236097,4.191296
363400,5953945600,1.123770e+17,4.238946,4.236745,4.189864
363500,5955584000,1.124079e+17,4.223973,4.235536,4.189699
363600,5957222400,1.124388e+17,4.229959,4.235471,4.189985
363700,5958860800,1.124697e+17,4.254612,4.233870,4.189845
363800,5960499200,1.125007e+17,4.227884,4.233039,4.188080
363900,5962137600,1.125316e+17,4.234316,4.231717,4.189025
364000,5963776000,1.125625e+17,4.241817,4.233252,4.189747
364100,5965414400,1.125934e+17,4.248549,4.233562,4.187930
364200,5967052800,1.126244e+17,4.244479,4.234219,4.188700
364300,5968691200,1.126553e+17,4.221560,4.232449,4.187946
364400,5970329600,1.126862e+17,4.233746,4.234602,4.188957
364500,5971968000,1.127171e+17,4.237208,4.231611,4.187886
364600,5973606400,1.127480e+17,4.245462,4.231656,4.188478
364700,5975244800,1.127790e+17,4.233712,4.230547,4.187367
364800,5976883200,1.128099e+17,4.235442,4.233752,4.189874
364900,5978521600,1.128408e+17,4.242907,4.232995,4.189049
365000,5980160000,1.128717e+17,4.243051,4.231497,4.187645
365100,5981798400,1.129027e+17,4.226710,4.231653,4.186967
365200,5983436800,1.129336e+17,4.228791,4.230580,4.187892
365300,5985075200,1.129645e+17,4.233566,4.229057,4.186716
365400,5986713600,1.129954e+17,4.234118,4.230673,4.187341
365500,5988352000,1.130264e+17,4.223293,4.230498,4.187532
365600,5989990400,1.130573e+17,4.249055,4.230213,4.187518
365700,5991628800,1.130882e+17,4.219399,4.232960,4.186856
365800,5993267200,1.131191e+17,4.241674,4.231184,4.186884
365900,5994905600,1.131501e+17,4.246659,4.229590,4.186709
366000,5996544000,1.131810e+17,4.232066,4.229591,4.185374
366100,5998182400,1.132119e+17,4.231582,4.231307,4.187782
366200,5999820800,1.132428e+17,4.223483,4.228219,4.184577
366300,6001459200,1.132737e+17,4.219004,4.229787,4.185577
366400,6003097600,1.133047e+17,4.216245,4.229393,4.186082
366500,6004736000,1.133356e+17,4.239967,4.228340,4.184242
366600,6006374400,1.133665e+17,4.256052,4.230115,4.185123
366700,6008012800,1.133974e+17,4.242710,4.228398,4.185284
366800,6009651200,1.134284e+17,4.231142,4.225617,4.183236
366900,6011289600,1.134593e+17,4.232097,4.225439,4.184475
367000,6012928000,1.134902e+17,4.227749,4.224433,4.182523
367100,6014566400,1.135211e+17,4.220152,4.223888,4.182651
367200,6016204800,1.135521e+17,4.237462,4.224408,4.184555
367300,6017843200,1.135830e+17,4.230550,4.223469,4.182016
367400,6019481600,1.136139e+17,4.236905,4.226283,4.182537
367500,6021120000,1.136448e+17,4.228002,4.222891,4.181270
367600,6022758400,1.136758e+17,4.226397,4.223755,4.182268
367700,6024396800,1.137067e+17,4.219510,4.227374,4.182157
367800,6026035200,1.137376e+17,4.218280,4.225311,4.180165
367900,6027673600,1.137685e+17,4.221138,4.223616,4.181254
368000,6029312000,1.137995e+17,4.226542,4.220646,4.180785
368100,6030950400,1.138304e+17,4.200520,4.221478,4.180518
368200,6032588800,1.138613e+17,4.215663,4.223174,4.180726
368300,6034227200,1.138922e+17,4.225584,4.219209,4.179127
368400,6035865600,1.139231e+17,4.246082,4.224006,4.181414
368500,6037504000,1.139541e+17,4.256632,4.223908,4.181094
368600,6039142400,1.139850e+17,4.218883,4.220569,4.179847
368700,6040780800,1.140159e+17,4.244455,4.220604,4.179770
368800,6042419200,1.140468e+17,4.228104,4.221955,4.180958
368900,6044057600,1.140778e+17,4.236306,4.223598,4.178968
369000,6045696000,1.141087e+17,4.227737,4.222412,4.178920
369100,6047334400,1.141396e+17,4.247683,4.222810,4.180112
369200,6048972800,1.141705e+17,4.213848,4.225887,4.179215
369300,6050611200,1.142015e+17,4.231463,4.227099,4.179644
369400,6052249600,1.142324e+17,4.218620,4.224960,4.178568
369500,6053888000,1.142633e+17,4.227764,4.227246,4.181094
369600,6055526400,1.142942e+17,4.221594,4.225965,4.178920
369700,6057164800,1.143252e+17,4.243312,4.225193,4.177649
369800,6058803200,1.143561e+17,4.228605,4.223803,4.178803
369900,6060441600,1.143870e+17,4.231738,4.221045,4.177770
370000,6062080000,1.144179e+17,4.224432,4.223814,4.179107
370100,6063718400,1.144489e+17,4.256096,4.226327,4.179983
370200,6065356800,1.144798e+17,4.244444,4.223621,4.178523
370300,6066995200,1.145107e+17,4.237400,4.224240,4.178841
370400,6068633600,1.145416e+17,4.234390,4.223901,4.180347
370500,6070272000,1.145725e+17,4.208525,4.223144,4.179299
370600,6071910400,1.146035e+17,4.217847,4.219537,4.176872
370700,6073548800,1.146344e+17,4.216626,4.220413,4.177601
370800,6075187200,1.146653e+17,4.216337,4.222266,4.178720
370900,6076825600,1.146962e+17,4.217631,4.220924,4.178978
371000,6078464000,1.147272e+17,4.232096,4.222039,4.178692
371100,6080102400,1.147581e+17,4.237621,4.220016,4.178360
371200,6081740800,1.147890e+17,4.232178,4.221906,4.179308
371300,6083379200,1.148199e+17,4.225946,4.225114,4.178797
371400,6085017600,1.148509e+17,4.218392,4.225713,4.181759
371500,6086656000,1.148818e+17,4.196287,4.226504,4.179339
371600,6088294400,1.149127e+17,4.210973,4.227652,4.179322
371700,6089932800,1.149436e+17,4.215536,4.225714,4.177601
371800,6091571200,1.149746e+17,4.201269,4.225512,4.178669
371900,6093209600,1.150055e+17,4.241716,4.223504,4.177757
372000,6094848000,1.150364e+17,4.219007,4.225408,4.178870
372100,6096486400,1.150673e+17,4.227148,4.224582,4.177846
372200,6098124800,1.150983e+17,4.236723,4.225979,4.178200
372300,6099763200,1.151292e+17,4.227747,4.222348,4.176891
372400,6101401600,1.151601e+17,4.221377,4.225017,4.177621
372500,6103040000,1.151910e+17,4.231249,4.223355,4.176828
372600,6104678400,1.152219e+17,4.230872,4.221968,4.175979
372700,6106316800,1.152529e+17,4.221397,4.224194,4.176672
372800,6107955200,1.152838e+17,4.202737,4.224688,4.177726
372900,6109593600,1.153147e+17,4.210425,4.224186,4.176132
373000,6111232000,1.153456e+17,4.237070,4.227743,4.178459
373100,6112870400,1.153766e+17,4.234174,4.223892,4.175978
373200,6114508800,1.154075e+17,4.209477,4.223059,4.175276
373300,6116147200,1.154384e+17,4.230405,4.221503,4.176696
373400,6117785600,1.154693e+17,4.232617,4.221086,4.176223
373500,6119424000,1.155003e+17,4.212657,4.222735,4.175238
373600,6121062400,1.155312e+17,4.228454,4.223583,4.176784
373700,6122700800,1.155621e+17,4.235655,4.220952,4.175190
373800,6124339200,1.155930e+17,4.203598,4.222464,4.175550
373900,6125977600,1.156240e+17,4.209444,4.220290,4.175331
374000,6127616000,1.156549e+17,4.215290,4.219550,4.173646
374100,6129254400,1.156858e+17,4.218924,4.221799,4.174396
374200,6130892800,1.157167e+17,4.208013,4.220080,4.173499
374300,6132531200,1.157477e+17,4.207624,4.222938,4.176960
374400,6134169600,1.157786e+17,4.226803,4.217474,4.173960
374500,6135808000,1.158095e+17,4.232611,4.217692,4.173084
374600,6137446400,1.158404e+17,4.215865,4.219334,4.175511
374700,6139084800,1.158713e+17,4.219841,4.218477,4.173276
374800,6140723200,1.159023e+17,4.233933,4.217593,4.173089
374900,6142361600,1.159332e+17,4.217023,4.218676,4.172880
375000,6144000000,1.159641e+17,4.213422,4.220728,4.174671
375100,6145638400,1.159950e+17,4.224570,4.218620,4.171887
375200,6147276800,1.160260e+17,4.230090,4.219137,4.173951
375300,6148915200,1.160569e+17,4.186080,4.219318,4.173467
375400,6150553600,1.160878e+17,4.229937,4.219463,4.174169
375500,6152192000,1.161187e+17,4.230459,4.215299,4.172723
375600,6153830400,1.161497e+17,4.221786,4.216962,4.173321
375700,6155468800,1.161806e+17,4.217568,4.217580,4.173901
375800,6157107200,1.162115e+17,4.209657,4.217230,4.173053
375900,6158745600,1.162424e+17,4.236911,4.215584,4.173266
376000,6160384000,1.162734e+17,4.225832,4.216729,4.174121
376100,6162022400,1.163043e+17,4.228329,4.214047,4.171906
376200,6163660800,1.163352e+17,4.230821,4.214290,4.171620
376300,6165299200,1.163661e+17,4.210999,4.212974,4.169696
376400,6166937600,1.163970e+17,4.239634,4.214647,4.171646
376500,6168576000,1.164280e+17,4.229099,4.211976,4.170096
376600,6170214400,1.164589e+17,4.224091,4.216175,4.171774
376700,6171852800,1.164898e+17,4.215885,4.215561,4.171349
376800,6173491200,1.165207e+17,4.230269,4.216300,4.172901
376900,6175129600,1.165517e+17,4.238940,4.215645,4.171914
377000,6176768000,1.165826e+17,4.246172,4.213717,4.169393
377100,6178406400,1.166135e+17,4.240586,4.217345,4.170982
377200,6180044800,1.166444e+17,4.228645,4.218279,4.171781
377300,6181683200,1.166754e+17,4.222800,4.218179,4.171718
377400,6183321600,1.167063e+17,4.216301,4.214456,4.168236
377500,6184960000,1.167372e+17,4.215023,4.216759,4.170031
377600,6186598400,1.167681e+17,4.242216,4.217674,4.169673
377700,6188236800,1.167991e+17,4.226532,4.219467,4.172017
377800,6189875200,1.168300e+17,4.230911,4.217076,4.169354
377900,6191513600,1.168609e+17,4.234573,4.216956,4.170319
378000,6193152000,1.168918e+17,4.204309,4.217575,4.169327
378100,6194790400,1.169228e+17,4.221690,4.216955,4.170317
378200,6196428800,1.169537e+17,4.202632,4.215892,4.168405
378300,6198067200,1.169846e+17,4.222165,4.214272,4.169751
378400,6199705600,1.170155e+17,4.231602,4.212047,4.170236
378500,6201344000,1.170464e+17,4.227754,4.214339,4.170779
378600,6202982400,1.170774e+17,4.212661,4.217595,4.171709
378700,6204620800,1.171083e+17,4.197719,4.214392,4.168853
378800,6206259200,1.171392e+17,4.226089,4.217066,4.170680
378900,6207897600,1.171701e+17,4.208657,4.215517,4.169052
379000,6209536000,1.172011e+17,4.228631,4.214830,4.168331
379100,6211174400,1.172320e+17,4.210793,4.213070,4.168242
379200,6212812800,1.172629e+17,4.240553,4.215082,4.170173
379300,6214451200,1.172938e+17,4.220834,4.216489,4.169958
379400,6216089600,1.173248e+17,4.215032,4.213121,4.168376
379500,6217728000,1.173557e+17,4.227997,4.212970,4.168695
379600,6219366400,1.173866e+17,4.225008,4.214345,4.168479
379700,6221004800,1.174175e+17,4.221587,4.213807,4.169333
379800,6222643200,1.174485e+17,4.214898,4.213943,4.169421
379900,6224281600,1.174794e+17,4.225803,4.214897,4.170288
380000,6225920000,1.175103e+17,4.224573,4.216077,4.168591
380100,6227558400,1.175412e+17,4.232130,4.216023,4.168616
380200,6229196800,1.175722e+17,4.209339,4.212720,4.168101
380300,6230835200,1.176031e+17,4.217764,4.212546,4.169840
380400,6232473600,1.176340e+17,4.220984,4.211244,4.168652
380500,6234112000,1.176649e+17,4.206640,4.210731,4.166167
380600,6235750400,1.176958e+17,4.222968,4.210629,4.165283
380700,6237388800,1.177268e+17,4.208623,4.213265,4.167309
380800,6239027200,1.177577e+17,4.187167,4.211764,4.166546
380900,6240665600,1.177886e+17,4.231710,4.212022,4.166915
381000,6242304000,1.178195e+17,4.212805,4.211679,4.167316
381100,6243942400,1.178505e+17,4.226253,4.212645,4.168027
381200,6245580800,1.178814e+17,4.199188,4.213420,4.166809
381300,6247219200,1.179123e+17,4.207730,4.212716,4.167677
381400,6248857600,1.179432e+17,4.229331,4.209459,4.166923
381500,6250496000,1.179742e+17,4.208034,4.209331,4.166242
381600,6252134400,1.180051e+17,4.206290,4.211628,4.166927
381700,6253772800,1.180360e+17,4.208816,4.210601,4.165814
381800,6255411200,1.180669e+17,4.215580,4.208648,4.166823
381900,6257049600,1.180979e+17,4.202624,4.208957,4.165702
382000,6258688000,1.181288e+17,4.202423,4.208494,4.165201
382100,6260326400,1.181597e+17,4.212694,4.211122,4.166606
382200,6261964800,1.181906e+17,4.215033,4.209132,4.165093
382300,6263603200,1.182216e+17,4.205762,4.206890,4.164963
382400,6265241600,1.182525e+17,4.203636,4.209296,4.166999
382500,6266880000,1.182834e+17,4.209095,4.205905,4.164317
382600,6268518400,1.183143e+17,4.222791,4.208192,4.163840
382700,6270156800,1.183452e+17,4.224025,4.210020,4.164887
382800,6271795200,1.183762e+17,4.216101,4.206497,4.162998
382900,6273433600,1.184071e+17,4.216956,4.205387,4.162603
383000,6275072000,1.184380e+17,4.221988,4.209127,4.164719
383100,6276710400,1.184689e+17,4.229954,4.208708,4.163892
383200,6278348800,1.184999e+17,4.195954,4.204859,4.161706
383300,6279987200,1.185308e+17,4.203048,4.204977,4.163008
383400,6281625600,1.185617e+17,4.223701,4.207341,4.163748
383500,6283264000,1.185926e+17,4.188068,4.207416,4.162986
383600,6284902400,1.186236e+17,4.198156,4.204697,4.163175
383700,6286540800,1.186545e+17,4.206124,4.205359,4.163102
383800,6288179200,1.186854e+17,4.220542,4.206297,4.162998
383900,6289817600,1.187163e+17,4.215205,4.204123,4.160966
384000,6291456000,1.187473e+17,4.196565,4.204903,4.160619
384100,6293094400,1.187782e+17,4.209272,4.204914,4.161414
384200,6294732800,1.188091e+17,4.212301,4.208333,4.160723
384300,6296371200,1.188400e+17,4.178820,4.209079,4.162477
384400,6298009600,1.188710e+17,4.196774,4.205436,4.162097
384500,6299648000,1.189019e+17,4.215359,4.206302,4.163455
384600,6301286400,1.189328e+17,4.182944,4.205631,4.161598
384700,6302924800,1.189637e+17,4.189510,4.202439,4.160641
384800,6304563200,1.189946e+17,4.223316,4.202534,4.161534
384900,6306201600,1.190256e+17,4.197493,4.203305,4.160382
385000,6307840000,1.190565e+17,4.235698,4.201481,4.160389
385100,6309478400,1.190874e+17,4.226377,4.201602,4.159251
385200,6311116800,1.191183e+17,4.213233,4.202199,4.159115
385300,6312755200,1.191493e+17,4.200158,4.201262,4.160348
385400,6314393600,1.191802e+17,4.188141,4.203381,4.158973
385500,6316032000,1.192111e+17,4.212056,4.205302,4.161792
385600,6317670400,1.192420e+17,4.213748,4.204670,4.160137
385700,6319308800,1.192730e+17,4.207052,4.204597,4.158775
385800,6320947200,1.193039e+17,4.216261,4.205556,4.159128
385900,6322585600,1.193348e+17,4.229899,4.207019,4.161141
386000,6324224000,1.193657e+17,4.199643,4.206425,4.161005
386100,6325862400,1.193967e+17,4.223694,4.206045,4.161638
386200,6327500800,1.194276e+17,4.203937,4.205323,4.160922
386300,6329139200,1.194585e+17,4.193359,4.203563,4.160114
386400,6330777600,1.194894e+17,4.212604,4.203277,4.161070
386500,6332416000,1.195203e+17,4.193513,4.204917,4.161220
386600,6334054400,1.195513e+17,4.205917,4.206213,4.161236
386700,6335692800,1.195822e+17,4.184095,4.204104,4.160610
386800,6337331200,1.196131e+17,4.194678,4.202920,4.159602
386900,6338969600,1.196440e+17,4.199043,4.203521,4.159051
387000,6340608000,1.196750e+17,4.226004,4.204552,4.159506
387100,6342246400,1.197059e+17,4.200120,4.203325,4.158033
387200,6343884800,1.197368e+17,4.210842,4.202434,4.157602
387300,6345523200,1.197677e+17,4.196430,4.200874,4.158050
387400,6347161600,1.197987e+17,4.196374,4.201400,4.158449
387500,6348800000,1.198296e+17,4.223755,4.202342,4.158395
387600,6350438400,1.198605e+17,4.199534,4.204210,4.158144
387700,6352076800,1.198914e+17,4.199267,4.201995,4.156928
387800,6353715200,1.199224e+17,4.206050,4.203175,4.158068
387900,6355353600,1.199533e+17,4.201541,4.199666,4.157555
388000,6356992000,1.199842e+17,4.197175,4.199196,4.156306
388100,6358630400,1.200151e+17,4.191141,4.197506,4.155930
388200,6360268800,1.200461e+17,4.206213,4.199295,4.153779
388300,6361907200,1.200770e+17,4.197143,4.201745,4.155510
388400,6363545600,1.201079e+17,4.199119,4.201598,4.155734
388500,6365184000,1.201388e+17,4.193532,4.201574,4.155467
388600,6366822400,1.201697e+17,4.188808,4.199860,4.153435
388700,6368460800,1.202007e+17,4.192803,4.199347,4.153939
388800,6370099200,1.202316e+17,4.205490,4.201571,4.157562
388900,6371737600,1.202625e+17,4.188585,4.201453,4.155414
389000,6373376000,1.202934e+17,4.210409,4.199600,4.155198
389100,6375014400,1.203244e+17,4.212787,4.198097,4.154533
389200,6376652800,1.203553e+17,4.200496,4.199503,4.154651
389300,6378291200,1.203862e+17,4.170753,4.197952,4.153448
389400,6379929600,1.204171e+17,4.199791,4.201612,4.155400
389500,6381568000,1.204481e+17,4.210783,4.200454,4.154426
389600,6383206400,1.204790e+17,4.210027,4.202677,4.158293
389700,6384844800,1.205099e+17,4.198387,4.195075,4.155070
389800,6386483200,1.205408e+17,4.190176,4.197733,4.155061
389900,6388121600,1.205718e+17,4.181563,4.200138,4.155304
390000,6389760000,1.206027e+17,4.212831,4.199265,4.153045
390100,6391398400,1.206336e+17,4.195462,4.199023,4.155194
390200,6393036800,1.206645e+17,4.195389,4.200537,4.155233
390300,6394675200,1.206955e+17,4.197587,4.203033,4.155542
390400,6396313600,1.207264e+17,4.193939,4.201811,4.154787
390500,6397952000,1.207573e+17,4.195271,4.201279,4.154092
390600,6399590400,1.207882e+17,4.208368,4.199490,4.154048
390700,6401228800,1.208191e+17,4.211798,4.202546,4.154625
390800,6402867200,1.208501e+17,4.210420,4.201284,4.154313
390900,6404505600,1.208810e+17,4.212776,4.203852,4.154071
391000,6406144000,1.209119e+17,4.204283,4.199689,4.152999
391100,6407782400,1.209428e+17,4.209324,4.198924,4.152895
391200,6409420800,1.209738e+17,4.210101,4.199053,4.152857
391300,6411059200,1.210047e+17,4.178511,4.200231,4.152960
391400,6412697600,1.210356e+17,4.213862,4.198378,4.153376
391500,6414336000,1.210665e+17,4.208339,4.199931,4.151989
391600,6415974400,1.210975e+17,4.192829,4.197634,4.150964
391700,6417612800,1.211284e+17,4.205481,4.194408,4.150296
391800,6419251200,1.211593e+17,4.195354,4.194793,4.150010
391900,6420889600,1.211902e+17,4.192058,4.194226,4.149324
392000,6422528000,1.212212e+17,4.209995,4.192552,4.148856
392100,6424166400,1.212521e+17,4.191750,4.196018,4.150778
392200,6425804800,1.212830e+17,4.214940,4.194533,4.150401
392300,6427443200,1.213139e+17,4.210795,4.195768,4.150353
392400,6429081600,1.213449e+17,4.210219,4.194710,4.150311
392500,6430720000,1.213758e+17,4.197905,4.195935,4.150623
392600,6432358400,1.214067e+17,4.200925,4.194699,4.149515
392700,6433996800,1.214376e+17,4.197563,4.194894,4.149924
392800,6435635200,1.214685e+17,4.212097,4.195331,4.148581
392900,6437273600,1.214995e+17,4.203874,4.196246,4.150541
393000,6438912000,1.215304e+17,4.182713,4.193139,4.148299
393100,6440550400,1.215613e+17,4.194860,4.193590,4.147826
393200,6442188800,1.215922e+17,4.205142,4.195928,4.148932
393300,6443827200,1.216232e+17,4.208158,4.190963,4.147311
393400,6445465600,1.216541e+17,4.176764,4.193653,4.148181
393500,6447104000,1.216850e+17,4.200245,4.193289,4.148141
393600,6448742400,1.217159e+17,4.189818,4.195898,4.147995
393700,6450380800,1.217469e+17,4.179116,4.194690,4.148450
393800,6452019200,1.217778e+17,4.178217,4.194291,4.148155
393900,6453657600,1.218087e+17,4.189783,4.192435,4.148291
394000,6455296000,1.218396e+17,4.180110,4.190524,4.147658
394100,6456934400,1.218706e+17,4.182568,4.191944,4.148803
394200,6458572800,1.219015e+17,4.209993,4.195474,4.149567
394300,6460211200,1.219324e+17,4.200631,4.194503,4.149159
394400,6461849600,1.219633e+17,4.199212,4.191828,4.148077
394500,6463488000,1.219943e+17,4.196081,4.190494,4.148495
394600,6465126400,1.220252e+17,4.178308,4.191600,4.149175
394700,6466764800,1.220561e+17,4.190783,4.191412,4.147491
394800,6468403200,1.220870e+17,4.193339,4.193266,4.148996
394900,6470041600,1.221179e+17,4.193597,4.191639,4.147295
395000,6471680000,1.221489e+17,4.184902,4.186956,4.145140
395100,6473318400,1.221798e+17,4.174119,4.189149,4.144187
395200,6474956800,1.222107e+17,4.189874,4.189390,4.145881
395300,6476595200,1.222416e+17,4.197062,4.188955,4.146602
395400,6478233600,1.222726e+17,4.178335,4.187513,4.145068
395500,6479872000,1.223035e+17,4.181696,4.186632,4.143165
395600,6481510400,1.223344e+17,4.187728,4.188761,4.144989
395700,6483148800,1.223653e+17,4.184200,4.189257,4.144421
395800,6484787200,1.223963e+17,4.175279,4.192680,4.146806
395900,6486425600,1.224272e+17,4.179380,4.193171,4.144827
396000,6488064000,1.224581e+17,4.207121,4.192493,4.145354
396100,6489702400,1.224890e+17,4.209616,4.195534,4.144971
396200,6491340800,1.225200e+17,4.194766,4.190571,4.144530
396300,6492979200,1.225509e+17,4.198249,4.193009,4.145148
396400,6494617600,1.225818e+17,4.174175,4.194636,4.146797
396500,6496256000,1.226127e+17,4.216065,4.190947,4.145193
396600,6497894400,1.226437e+17,4.193927,4.190531,4.143900
396700,6499532800,1.226746e+17,4.202776,4.189049,4.144440
396800,6501171200,1.227055e+17,4.182562,4.186605,4.142755
396900,6502809600,1.227364e+17,4.186838,4.188446,4.143600
397000,6504448000,1.227673e+17,4.202766,4.189899,4.143340
397100,6506086400,1.227983e+17,4.183964,4.188957,4.142967
397200,6507724800,1.228292e+17,4.207608,4.188332,4.143069
397300,6509363200,1.228601e+17,4.196257,4.189646,4.144604
397400,6511001600,1.228910e+17,4.195495,4.188160,4.141960
397500,6512640000,1.229220e+17,4.193990,4.187971,4.142085
397600,6514278400,1.229529e+17,4.196329,4.188088,4.140653
397700,6515916800,1.229838e+17,4.185545,4.188609,4.139907
397800,6517555200,1.230147e+17,4.179739,4.188108,4.140145
397900,6519193600,1.230457e+17,4.189585,4.189048,4.141473
398000,6520832000,1.230766e+17,4.185391,4.191005,4.142292
398100,6522470400,1.231075e+17,4.183294,4.191173,4.142793
398200,6524108800,1.231384e+17,4.195139,4.190495,4.143239
398300,6525747200,1.231694e+17,4.203800,4.189217,4.140885
398400,6527385600,1.232003e+17,4.187641,4.191162,4.140907
398500,6529024000,1.232312e+17,4.221484,4.190270,4.141711
398600,6530662400,1.232621e+17,4.207226,4.187651,4.140947
398700,6532300800,1.232930e+17,4.196826,4.190191,4.141981
398800,6533939200,1.233240e+17,4.199996,4.188197,4.140807
398900,6535577600,1.233549e+17,4.172487,4.190075,4.142400
399000,6537216000,1.233858e+17,4.179657,4.186874,4.139909
399100,6538854400,1.234167e+17,4.202991,4.185381,4.138938
399200,6540492800,1.234477e+17,4.188314,4.186461,4.139712
399300,6542131200,1.234786e+17,4.182456,4.183610,4.138752
399400,6543769600,1.235095e+17,4.205490,4.186501,4.138933
399500,6545408000,1.235404e+17,4.190050,4.184621,4.137155
399600,6547046400,1.235714e+17,4.177073,4.186226,4.138267
399700,6548684800,1.236023e+17,4.188864,4.185556,4.139000
399800,6550323200,1.236332e+17,4.194051,4.186320,4.139526
399900,6551961600,1.236641e+17,4.178087,4.186374,4.138981
400000,6553600000,1.236951e+17,4.193149,4.185862,4.138790
400100,6555238400,1.237260e+17,4.181252,4.186203,4.139991
400200,6556876800,1.237569e+17,4.180141,4.187267,4.139069
400300,6558515200,1.237878e+17,4.185443,4.187287,4.140099
400400,6560153600,1.238188e+17,4.179780,4.183465,4.138194
400500,6561792000,1.238497e+17,4.171981,4.186229,4.139353
400600,6563430400,1.238806e+17,4.192471,4.187863,4.139517
400700,6565068800,1.239115e+17,4.166900,4.188558,4.139855
400800,6566707200,1.239424e+17,4.189579,4.186073,4.138926
400900,6568345600,1.239734e+17,4.185923,4.186706,4.138740
401000,6569984000,1.240043e+17,4.193079,4.184994,4.137388
401100,6571622400,1.240352e+17,4.185396,4.184171,4.138114
401200,6573260800,1.240661e+17,4.184716,4.182437,4.137801
401300,6574899200,1.240971e+17,4.194262,4.187229,4.139622
401400,6576537600,1.241280e+17,4.174004,4.183612,4.137753
401500,6578176000,1.241589e+17,4.210231,4.185606,4.139501
401600,6579814400,1.241898e+17,4.184847,4.186753,4.138123
401700,6581452800,1.242208e+17,4.171092,4.185970,4.138011
401800,6583091200,1.242517e+17,4.179697,4.186995,4.138433
401900,6584729600,1.242826e+17,4.210881,4.185776,4.137112
402000,6586368000,1.243135e+17,4.205022,4.185895,4.137899
402100,6588006400,1.243445e+17,4.191218,4.185995,4.137709
402200,6589644800,1.243754e+17,4.202229,4.182868,4.136482
402300,6591283200,1.244063e+17,4.184715,4.183523,4.136900
402400,6592921600,1.244372e+17,4.189217,4.184121,4.137468
402500,6594560000,1.244682e+17,4.170937,4.183192,4.137948
402600,6596198400,1.244991e+17,4.165703,4.182009,4.135959
402700,6597836800,1.245300e+17,4.178800,4.177960,4.134621
402800,6599475200,1.245609e+17,4.186500,4.182572,4.135507
402900,6601113600,1.245918e+17,4.194684,4.181799,4.136521
403000,6602752000,1.246228e+17,4.189454,4.179575,4.135607
403100,6604390400,1.246537e+17,4.180326,4.180400,4.135703
403200,6606028800,1.246846e+17,4.181721,4.177775,4.135008
403300,6607667200,1.247155e+17,4.172335,4.178304,4.136019
403400,6609305600,1.247465e+17,4.177380,4.180632,4.134632
403500,6610944000,1.247774e+17,4.192278,4.180201,4.134401
403600,6612582400,1.248083e+17,4.193344,4.179066,4.135062
403700,6614220800,1.248392e+17,4.188856,4.180186,4.135303
403800,6615859200,1.248702e+17,4.197574,4.179831,4.134587
403900,6617497600,1.249011e+17,4.179328,4.176682,4.134741
404000,6619136000,1.249320e+17,4.190582,4.178858,4.135685
404100,6620774400,1.249629e+17,4.168535,4.181764,4.135851
404200,6622412800,1.249939e+17,4.193377,4.180686,4.135804
404300,6624051200,1.250248e+17,4.185775,4.180848,4.133778
404400,6625689600,1.250557e+17,4.190635,4.183321,4.135395
404500,6627328000,1.250866e+17,4.157101,4.182598,4.134952
404600,6628966400,1.251176e+17,4.197211,4.184751,4.135545
404700,6630604800,1.251485e+17,4.171388,4.181217,4.133701
404800,6632243200,1.251794e+17,4.192576,4.182854,4.135333
404900,6633881600,1.252103e+17,4.195971,4.181204,4.134627
405000,6635520000,1.252412e+17,4.182971,4.181438,4.134984
405100,6637158400,1.252722e+17,4.196881,4.179000,4.133432
405200,6638796800,1.253031e+17,4.183066,4.178742,4.134528
405300,6640435200,1.253340e+17,4.189265,4.177732,4.133150
405400,6642073600,1.253649e+17,4.186472,4.180923,4.135732
405500,6643712000,1.253959e+17,4.147474,4.179102,4.133726
405600,6645350400,1.254268e+17,4.183846,4.179419,4.134105
405700,6646988800,1.254577e+17,4.163850,4.179783,4.134361
405800,6648627200,1.254886e+17,4.180169,4.179171,4.132490
405900,6650265600,1.255196e+17,4.179536,4.180420,4.133243
406000,6651904000,1.255505e+17,4.175050,4.183553,4.132463
406100,6653542400,1.255814e+17,4.176911,4.182068,4.132610
406200,6655180800,1.256123e+17,4.190681,4.181609,4.132461
406300,6656819200,1.256433e+17,4.202006,4.178734,4.132392
406400,6658457600,1.256742e+17,4.188804,4.180099,4.132103
406500,6660096000,1.257051e+17,4.175697,4.179832,4.132669
406600,6661734400,1.257360e+17,4.162652,4.179220,4.133192
406700,6663372800,1.257670e+17,4.186364,4.178448,4.131237
406800,6665011200,1.257979e+17,4.151885,4.179075,4.131693
406900,6666649600,1.258288e+17,4.196934,4.178506,4.129701
407000,6668288000,1.258597e+17,4.189116,4.178763,4.130642
407100,6669926400,1.258906e+17,4.175664,4.176861,4.131559
407200,6671564800,1.259216e+17,4.208885,4.178040,4.131909
407300,6673203200,1.259525e+17,4.178741,4.175825,4.130423
407400,6674841600,1.259834e+17,4.174835,4.174271,4.129408
407500,6676480000,1.260143e+17,4.187449,4.177316,4.131672
407600,6678118400,1.260453e+17,4.167416,4.177569,4.131146
407700,6679756800,1.260762e+17,4.177368,4.180029,4.132108
407800,6681395200,1.261071e+17,4.201475,4.180792,4.130806
407900,6683033600,1.261380e+17,4.184052,4.178128,4.129930
408000,6684672000,1.261690e+17,4.184050,4.176247,4.130751
408100,6686310400,1.261999e+17,4.184899,4.174563,4.130447
408200,6687948800,1.262308e+17,4.158494,4.174874,4.130303
408300,6689587200,1.262617e+17,4.185857,4.176662,4.128480
408400,6691225600,1.262927e+17,4.189564,4.177294,4.129352
408500,6692864000,1.263236e+17,4.176368,4.174038,4.128257
408600,6694502400,1.263545e+17,4.203788,4.177012,4.130969
408700,6696140800,1.263854e+17,4.180795,4.172718,4.128079
408800,6697779200,1.264163e+17,4.181731,4.175420,4.129461
408900,6699417600,1.264473e+17,4.171566,4.172132,4.127086
409000,6701056000,1.264782e+17,4.187912,4.173822,4.127456
409100,6702694400,1.265091e+17,4.171569,4.174546,4.127861
409200,6704332800,1.265400e+17,4.171658,4.172313,4.127696
409300,6705971200,1.265710e+17,4.176184,4.173035,4.126572
409400,6707609600,1.266019e+17,4.172186,4.172111,4.127853
409500,6709248000,1.266328e+17,4.155932,4.174605,4.128833
409600,6710886400,1.266637e+17,4.169707,4.174875,4.128333
409700,6712524800,1.266947e+17,4.173672,4.176391,4.130035
409800,6714163200,1.267256e+17,4.163796,4.172988,4.127836
409900,6715801600,1.267565e+17,4.171885,4.172455,4.126561
410000,6717440000,1.267874e+17,4.178599,4.171847,4.126745
410100,6719078400,1.268184e+17,4.185482,4.171851,4.126328
410200,6720716800,1.268493e+17,4.184464,4.171647,4.126091
410300,6722355200,1.268802e+17,4.172775,4.171748,4.126188
410400,6723993600,1.269111e+17,4.185670,4.169751,4.125367
410500,6725632000,1.269421e+17,4.172627,4.172250,4.126835
410600,6727270400,1.269730e+17,4.166456,4.170181,4.127088
410700,6728908800,1.270039e+17,4.167079,4.167360,4.126499
410800,6730547200,1.270348e+17,4.144351,4.166332,4.126188
410900,6732185600,1.270657e+17,4.169411,4.167272,4.125747
411000,6733824000,1.270967e+17,4.151824,4.166858,4.126456
411100,6735462400,1.271276e+17,4.175702,4.170297,4.125893
411200,6737100800,1.271585e+17,4.163862,4.170552,4.126160
411300,6738739200,1.271894e+17,4.169090,4.171398,4.126728
411400,6740377600,1.272204e+17,4.188494,4.171750,4.126542
411500,6742016000,1.272513e+17,4.182906,4.170700,4.125728
411600,6743654400,1.272822e+17,4.173626,4.174420,4.128900
411700,6745292800,1.273131e+17,4.194433,4.171705,4.125212
411800,6746931200,1.273441e+17,4.183875,4.173516,4.125488
411900,6748569600,1.273750e+17,4.161704,4.172484,4.125205
412000,6750208000,1.274059e+17,4.169213,4.171175,4.125053
412100,6751846400,1.274368e+17,4.159801,4.172043,4.126586
412200,6753484800,1.274678e+17,4.174260,4.170874,4.124820
412300,6755123200,1.274987e+17,4.184159,4.169695,4.124856
412400,6756761600,1.275296e+17,4.189026,4.174696,4.128628
412500,6758400000,1.275605e+17,4.151163,4.174401,4.126223
412600,6760038400,1.275915e+17,4.139492,4.174090,4.127074
412700,6761676800,1.276224e+17,4.172172,4.169845,4.126688
412800,6763315200,1.276533e+17,4.153648,4.170330,4.125735
412900,6764953600,1.276842e+17,4.182626,4.168927,4.125923
413000,6766592000,1.277151e+17,4.175007,4.170365,4.126169
413100,6768230400,1.277461e+17,4.178549,4.169959,4.125142
413200,6769868800,1.277770e+17,4.198475,4.170629,4.124730
413300,6771507200,1.278079e+17,4.179636,4.171164,4.123765
413400,6773145600,1.278388e+17,4.193005,4.171808,4.125222
413500,6774784000,1.278698e+17,4.186401,4.169630,4.124609
413600,6776422400,1.279007e+17,4.167835,4.170898,4.125718
413700,6778060800,1.279316e+17,4.149565,4.170573,4.124864
413800,6779699200,1.279625e+17,4.177809,4.172424,4.125668
413900,6781337600,1.279935e+17,4.179948,4.171255,4.125317
414000,6782976000,1.280244e+17,4.167788,4.170663,4.124960
414100,6784614400,1.280553e+17,4.206090,4.172259,4.126703
414200,6786252800,1.280862e+17,4.191030,4.171158,4.125401
414300,6787891200,1.281172e+17,4.177907,4.170836,4.124961
414400,6789529600,1.281481e+17,4.195972,4.172340,4.126767
414500,6791168000,1.281790e+17,4.174968,4.169789,4.125755
414600,6792806400,1.282099e+17,4.176118,4.172046,4.126653
414700,6794444800,1.282409e+17,4.184626,4.172138,4.127545
414800,6796083200,1.282718e+17,4.163277,4.168257,4.125228
414900,6797721600,1.283027e+17,4.174225,4.169367,4.123492
415000,6799360000,1.283336e+17,4.169231,4.169660,4.124665
415100,6800998400,1.283645e+17,4.177826,4.169604,4.125115
415200,6802636800,1.283955e+17,4.173815,4.169913,4.123712
415300,6804275200,1.284264e+17,4.178954,4.169889,4.123723
415400,6805913600,1.284573e+17,4.171929,4.172673,4.125862
415500,6807552000,1.284882e+17,4.174922,4.169870,4.124851
415600,6809190400,1.285192e+17,4.176128,4.173277,4.124727
415700,6810828800,1.285501e+17,4.167501,4.169867,4.123382
415800,6812467200,1.285810e+17,4.176859,4.167018,4.121404
415900,6814105600,1.286119e+17,4.169209,4.168911,4.122720
416000,6815744000,1.286429e+17,4.168070,4.169268,4.123237
416100,6817382400,1.286738e+17,4.162616,4.170430,4.124672
416200,6819020800,1.287047e+17,4.143862,4.170059,4.124248
416300,6820659200,1.287356e+17,4.169395,4.168086,4.122386
416400,6822297600,1.287666e+17,4.159393,4.167075,4.122611
416500,6823936000,1.287975e+17,4.155709,4.169801,4.122212
416600,6825574400,1.288284e+17,4.181732,4.168445,4.120621
416700,6827212800,1.288593e+17,4.195272,4.168336,4.123164
416800,6828851200,1.288903e+17,4.186154,4.165219,4.121400
416900,6830489600,1.289212e+17,4.186717,4.164806,4.121019
417000,6832128000,1.289521e+17,4.177491,4.163513,4.121628
417100,6833766400,1.289830e+17,4.163706,4.164095,4.120500
417200,6835404800,1.290139e+17,4.181914,4.166786,4.122300
417300,6837043200,1.290449e+17,4.166902,4.162150,4.120403
417400,6838681600,1.290758e+17,4.190455,4.165049,4.120108
417500,6840320000,1.291067e+17,4.166996,4.165378,4.119804
417600,6841958400,1.291376e+17,4.169011,4.164345,4.119428
417700,6843596800,1.291686e+17,4.186339,4.166225,4.120992
417800,6845235200,1.291995e+17,4.157353,4.166514,4.119440
417900,6846873600,1.292304e+17,4.161860,4.166135,4.119940
418000,6848512000,1.292613e+17,4.180004,4.166645,4.121519
418100,6850150400,1.292923e+17,4.184158,4.163762,4.117908
418200,6851788800,1.293232e+17,4.179458,4.167133,4.120928
418300,6853427200,1.293541e+17,4.163066,4.165609,4.119338
418400,6855065600,1.293850e+17,4.166008,4.163803,4.119224
418500,6856704000,1.294160e+17,4.171402,4.162460,4.119263
418600,6858342400,1.294469e+17,4.154979,4.162621,4.117815
418700,6859980800,1.294778e+17,4.165109,4.165056,4.120298
418800,6861619200,1.295087e+17,4.150172,4.166642,4.120223
418900,6863257600,1.295396e+17,4.161285,4.165505,4.119238
419000,6864896000,1.295706e+17,4.159576,4.166132,4.120297
419100,6866534400,1.296015e+17,4.160819,4.167277,4.120377
419200,6868172800,1.296324e+17,4.155416,4.166918,4.120582
419300,6869811200,1.296633e+17,4.160929,4.165830,4.120001
419400,6871449600,1.296943e+17,4.178557,4.166025,4.120432
419500,6873088000,1.297252e+17,4.150107,4.165502,4.119088
419600,6874726400,1.297561e+17,4.159686,4.163271,4.118100
419700,6876364800,1.297870e+17,4.165432,4.162952,4.118283
419800,6878003200,1.298180e+17,4.169012,4.164142,4.119172
419900,6879641600,1.298489e+17,4.140472,4.167234,4.120376
420000,6881280000,1.298798e+17,4.167439,4.164540,4.118451
420100,6882918400,1.299107e+17,4.161297,4.165283,4.119950
420200,6884556800,1.299417e+17,4.166263,4.163738,4.119919
420300,6886195200,1.299726e+17,4.160430,4.165303,4.118967
420400,6887833600,1.300035e+17,4.151106,4.164668,4.118897
420500,6889472000,1.300344e+17,4.167325,4.164150,4.117044
420600,6891110400,1.300654e+17,4.162708,4.165433,4.118593
420700,6892748800,1.300963e+17,4.160701,4.162645,4.118036
420800,6894387200,1.301272e+17,4.169466,4.160424,4.117136
420900,6896025600,1.301581e+17,4.171406,4.161807,4.116849
421000,6897664000,1.301890e+17,4.186637,4.162690,4.117993
421100,6899302400,1.302200e+17,4.189266,4.164596,4.117060
421200,6900940800,1.302509e+17,4.178782,4.164008,4.117810
421300,6902579200,1.302818e+17,4.157571,4.163728,4.118707
421400,6904217600,1.303127e+17,4.166232,4.161637,4.116990
421500,6905856000,1.303437e+17,4.152525,4.162731,4.117824
421600,6907494400,1.303746e+17,4.149050,4.160507,4.117445
421700,6909132800,1.304055e+17,4.165528,4.162827,4.116696
421800,6910771200,1.304364e+17,4.161798,4.160084,4.116006
421900,6912409600,1.304674e+17,4.150216,4.162334,4.116906
422000,6914048000,1.304983e+17,4.166130,4.160931,4.115236
422100,6915686400,1.305292e+17,4.160531,4.158302,4.115217
422200,6917324800,1.305601e+17,4.148468,4.160414,4.116625
422300,6918963200,1.305911e+17,4.151541,4.164125,4.117611
422400,6920601600,1.306220e+17,4.176348,4.159969,4.115377
422500,6922240000,1.306529e+17,4.153890,4.161760,4.115755
422600,6923878400,1.306838e+17,4.151022,4.161082,4.115533
422700,6925516800,1.307148e+17,4.162991,4.161101,4.115199
422800,6927155200,1.307457e+17,4.151336,4.161998,4.116999
422900,6928793600,1.307766e+17,4.147334,4.160402,4.116101
423000,6930432000,1.308075e+17,4.166401,4.162366,4.117449
423100,6932070400,1.308384e+17,4.171782,4.161517,4.116062
423200,6933708800,1.308694e+17,4.178611,4.161799,4.117204
423300,6935347200,1.309003e+17,4.150359,4.160708,4.115334
423400,6936985600,1.309312e+17,4.159363,4.159084,4.114279
423500,6938624000,1.309621e+17,4.164614,4.160329,4.115485
423600,6940262400,1.309931e+17,4.146186,4.158552,4.114448
423700,6941900800,1.310240e+17,4.178576,4.159814,4.115893
423800,6943539200,1.310549e+17,4.150228,4.160030,4.115848
423900,6945177600,1.310858e+17,4.161539,4.157893,4.114672
424000,6946816000,1.311168e+17,4.165504,4.159038,4.114663
424100,6948454400,1.311477e+17,4.162521,4.157629,4.114395
424200,6950092800,1.311786e+17,4.156041,4.158028,4.114888
424300,6951731200,1.312095e+17,4.144625,4.156660,4.112884
424400,6953369600,1.312405e+17,4.173669,4.155330,4.113011
424500,6955008000,1.312714e+17,4.169087,4.156568,4.113643
424600,6956646400,1.313023e+17,4.162648,4.155130,4.112999
424700,6958284800,1.313332e+17,4.160921,4.154588,4.113462
424800,6959923200,1.313642e+17,4.150793,4.156012,4.113747
424900,6961561600,1.313951e+17,4.132258,4.153595,4.111724
425000,6963200000,1.314260e+17,4.168209,4.154295,4.112828
425100,6964838400,1.314569e+17,4.153070,4.154106,4.111989
425200,6966476800,1.314878e+17,4.145572,4.155013,4.111738
425300,6968115200,1.315188e+17,4.157755,4.150945,4.110130
425400,6969753600,1.315497e+17,4.152338,4.152280,4.110108
425500,6971392000,1.315806e+17,4.145440,4.156577,4.111840
425600,6973030400,1.316115e+17,4.167219,4.155601,4.111691
425700,6974668800,1.316425e+17,4.155434,4.153432,4.111094
425800,6976307200,1.316734e+17,4.170789,4.149964,4.108847
425900,6977945600,1.317043e+17,4.156927,4.153914,4.112067
426000,6979584000,1.317352e+17,4.172826,4.150120,4.108439
426100,6981222400,1.317662e+17,4.178811,4.155954,4.111187
426200,6982860800,1.317971e+17,4.152775,4.154620,4.110687
426300,6984499200,1.318280e+17,4.168706,4.156434,4.113227
426400,6986137600,1.318589e+17,4.173118,4.154967,4.111093
426500,6987776000,1.318899e+17,4.147020,4.155535,4.111031
426600,6989414400,1.319208e+17,4.141806,4.155490,4.110972
426700,6991052800,1.319517e+17,4.154968,4.155018,4.112024
426800,6992691200,1.319826e+17,4.136932,4.156027,4.112212
426900,6994329600,1.320136e+17,4.152209,4.154575,4.111137
427000,6995968000,1.320445e+17,4.169744,4.155211,4.111471
427100,6997606400,1.320754e+17,4.163112,4.154109,4.111628
427200,6999244800,1.321063e+17,4.147973,4.154852,4.110725
427300,7000883200,1.321372e+17,4.163127,4.153328,4.110463
427400,7002521600,1.321682e+17,4.156629,4.152324,4.110651
427500,7004160000,1.321991e+17,4.141937,4.153075,4.111799
427600,7005798400,1.322300e+17,4.148000,4.152023,4.109601
427700,7007436800,1.322609e+17,4.147591,4.152134,4.111314
427800,7009075200,1.322919e+17,4.160290,4.152972,4.111393
427900,7010713600,1.323228e+17,4.162601,4.151616,4.109156
428000,7012352000,1.323537e+17,4.173398,4.150607,4.108969
428100,7013990400,1.323846e+17,4.170702,4.149412,4.109004
428200,7015628800,1.324156e+17,4.158152,4.147879,4.108187
428300,7017267200,1.324465e+17,4.171881,4.150026,4.108652
428400,7018905600,1.324774e+17,4.154444,4.148252,4.107614
428500,7020544000,1.325083e+17,4.129953,4.148566,4.108656
428600,7022182400,1.325393e+17,4.123932,4.149766,4.108481
428700,7023820800,1.325702e+17,4.150039,4.148996,4.107405
428800,7025459200,1.326011e+17,4.147585,4.148838,4.106699
428900,7027097600,1.326320e+17,4.145570,4.151309,4.107906
429000,7028736000,1.326629e+17,4.156641,4.150322,4.108660
429100,7030374400,1.326939e+17,4.163170,4.151502,4.107240
429200,7032012800,1.327248e+17,4.169149,4.153348,4.107990
429300,7033651200,1.327557e+17,4.149024,4.153968,4.108790
429400,7035289600,1.327866e+17,4.149214,4.153805,4.107778
429500,7036928000,1.328176e+17,4.154738,4.152522,4.107309
429600,7038566400,1.328485e+17,4.165427,4.153492,4.107482
429700,7040204800,1.328794e+17,4.185747,4.152573,4.107814
429800,7041843200,1.329103e+17,4.143910,4.151614,4.107013
429900,7043481600,1.329413e+17,4.168270,4.152168,4.105908
430000,7045120000,1.329722e+17,4.152032,4.150431,4.106013
430100,7046758400,1.330031e+17,4.144567,4.152132,4.106374
430200,7048396800,1.330340e+17,4.148725,4.154990,4.108955
430300,7050035200,1.330650e+17,4.168601,4.153419,4.107547
430400,7051673600,1.330959e+17,4.148486,4.153143,4.107357
430500,7053312000,1.331268e+17,4.151731,4.151290,4.106701
430600,7054950400,1.331577e+17,4.148049,4.149890,4.105474
430700,7056588800,1.331887e+17,4.154401,4.153199,4.107977
430800,7058227200,1.332196e+17,4.161107,4.152241,4.106610
430900,7059865600,1.332505e+17,4.158591,4.154164,4.107614
431000,7061504000,1.332814e+17,4.155340,4.150382,4.104605
431100,7063142400,1.333123e+17,4.153986,4.153947,4.108592
431200,7064780800,1.333433e+17,4.175379,4.153394,4.107798
431300,7066419200,1.333742e+17,4.146918,4.152212,4.106102
431400,7068057600,1.334051e+17,4.152432,4.152934,4.107033
431500,7069696000,1.334360e+17,4.154276,4.153728,4.106573
431600,7071334400,1.334670e+17,4.156062,4.153727,4.106501
431700,7072972800,1.334979e+17,4.151698,4.154632,4.106278
431800,7074611200,1.335288e+17,4.184928,4.150092,4.104975
431900,7076249600,1.335597e+17,4.138094,4.151077,4.105246
432000,7077888000,1.335907e+17,4.139386,4.153479,4.105923
432100,7079526400,1.336216e+17,4.161771,4.154529,4.106844
432200,7081164800,1.336525e+17,4.154965,4.153136,4.105029
432300,7082803200,1.336834e+17,4.158054,4.151642,4.105685
432400,7084441600,1.337144e+17,4.165204,4.149719,4.103549
432500,7086080000,1.337453e+17,4.147034,4.149130,4.104571
432600,7087718400,1.337762e+17,4.147403,4.150162,4.105211
432700,7089356800,1.338071e+17,4.161178,4.152546,4.105548
432800,7090995200,1.338381e+17,4.136875,4.150061,4.104402
432900,7092633600,1.338690e+17,4.139568,4.152162,4.106317
433000,7094272000,1.338999e+17,4.140560,4.149104,4.105394
433100,7095910400,1.339308e+17,4.169560,4.149353,4.105648
433200,7097548800,1.339617e+17,4.146086,4.149154,4.103815
433300,7099187200,1.339927e+17,4.158876,4.151212,4.105897
433400,7100825600,1.340236e+17,4.161159,4.150522,4.105404
433500,7102464000,1.340545e+17,4.161404,4.150354,4.104351
433600,7104102400,1.340854e+17,4.163760,4.147771,4.104840
433700,7105740800,1.341164e+17,4.153817,4.148634,4.105900
433800,7107379200,1.341473e+17,4.136471,4.148013,4.103375
433900,7109017600,1.341782e+17,4.134367,4.150600,4.105786
434000,7110656000,1.342091e+17,4.140927,4.148795,4.104003
434100,7112294400,1.342401e+17,4.154404,4.150572,4.104662
434200,7113932800,1.342710e+17,4.168876,4.150184,4.104084
434300,7115571200,1.343019e+17,4.174862,4.150441,4.105121
434400,7117209600,1.343328e+17,4.166012,4.150534,4.102989
434500,7118848000,1.343638e+17,4.131496,4.149580,4.103069
434600,7120486400,1.343947e+17,4.152827,4.149413,4.102451
434700,7122124800,1.344256e+17,4.164345,4.151139,4.102935
434800,7123763200,1.344565e+17,4.148701,4.149332,4.102740
434900,7125401600,1.344875e+17,4.137767,4.148258,4.101518
435000,7127040000,1.345184e+17,4.138227,4.149107,4.102609
435100,7128678400,1.345493e+17,4.140790,4.146617,4.102580
435200,7130316800,1.345802e+17,4.139787,4.148169,4.102231
435300,7131955200,1.346111e+17,4.171853,4.149536,4.102745
435400,7133593600,1.346421e+17,4.159566,4.149667,4.102801
435500,7135232000,1.346730e+17,4.154091,4.149134,4.102080
435600,7136870400,1.347039e+17,4.139305,4.148876,4.102800
435700,7138508800,1.347348e+17,4.142581,4.148145,4.102040
435800,7140147200,1.347658e+17,4.139221,4.147055,4.101971
435900,7141785600,1.347967e+17,4.115722,4.148664,4.101877
436000,7143424000,1.348276e+17,4.156535,4.148038,4.101756
436100,7145062400,1.348585e+17,4.148512,4.146189,4.101735
436200,7146700800,1.348895e+17,4.156180,4.148438,4.103581
436300,7148339200,1.349204e+17,4.156729,4.146118,4.101512
436400,7149977600,1.349513e+17,4.162133,4.145980,4.101670
436500,7151616000,1.349822e+17,4.160984,4.145882,4.099834
436600,7153254400,1.350132e+17,4.165504,4.146506,4.101066
436700,7154892800,1.350441e+17,4.179603,4.145983,4.101084
436800,7156531200,1.350750e+17,4.168838,4.148804,4.101974
436900,7158169600,1.351059e+17,4.172165,4.144874,4.099500
437000,7159808000,1.351369e+17,4.161037,4.151650,4.102110
437100,7161446400,1.351678e+17,4.139765,4.149708,4.100752
437200,7163084800,1.351987e+17,4.147663,4.146548,4.100952
437300,7164723200,1.352296e+17,4.156346,4.146517,4.100794
437400,7166361600,1.352605e+17,4.161088,4.147941,4.100679
437500,7168000000,1.352915e+17,4.148009,4.148648,4.100564
437600,7169638400,1.353224e+17,4.178720,4.146166,4.100337
437700,7171276800,1.353533e+17,4.167915,4.145603,4.099250
437800,7172915200,1.353842e+17,4.143136,4.146514,4.100594
437900,7174553600,1.354152e+17,4.168704,4.145333,4.100774
438000,7176192000,1.354461e+17,4.140919,4.144727,4.099985
438100,7177830400,1.354770e+17,4.164082,4.144993,4.099159
438200,7179468800,1.355079e+17,4.132322,4.144303,4.099310
438300,7181107200,1.355389e+17,4.145296,4.143901,4.098646
438400,7182745600,1.355698e+17,4.165539,4.145781,4.099572
438500,7184384000,1.356007e+17,4.136700,4.148201,4.100443
438600,7186022400,1.356316e+17,4.153013,4.146927,4.100175
438700,7187660800,1.356626e+17,4.146512,4.145395,4.099408
438800,7189299200,1.356935e+17,4.139579,4.145535,4.099550
438900,7190937600,1.357244e+17,4.137788,4.146201,4.099697
439000,7192576000,1.357553e+17,4.170000,4.143979,4.097891
439100,7194214400,1.357863e+17,4.145240,4.143496,4.097570
439200,7195852800,1.358172e+17,4.140089,4.143158,4.097044
439300,7197491200,1.358481e+17,4.142621,4.139384,4.096167
439400,7199129600,1.358790e+17,4.148619,4.143414,4.097480
439500,7200768000,1.359099e+17,4.137270,4.144523,4.098513
439600,7202406400,1.359409e+17,4.172884,4.142891,4.097994
439700,7204044800,1.359718e+17,4.138422,4.139943,4.096919
439800,7205683200,1.360027e+17,4.136542,4.142177,4.097072
439900,7207321600,1.360336e+17,4.143707,4.142905,4.098728
440000,7208960000,1.360646e+17,4.161909,4.141656,4.096987
440100,7210598400,1.360955e+17,4.154625,4.142798,4.097273
440200,7212236800,1.361264e+17,4.135195,4.142186,4.097270
440300,7213875200,1.361573e+17,4.132751,4.144766,4.099112
440400,7215513600,1.361883e+17,4.128410,4.140722,4.096455
440500,7217152000,1.362192e+17,4.152486,4.143485,4.099201
440600,7218790400,1.362501e+17,4.149539,4.142675,4.098144
440700,7220428800,1.362810e+17,4.146115,4.140422,4.097177
440800,7222067200,1.363120e+17,4.149045,4.141573,4.098201
440900,7223705600,1.363429e+17,4.156609,4.142850,4.098914
441000,7225344000,1.363738e+17,4.147315,4.142351,4.097028
441100,7226982400,1.364047e+17,4.140201,4.143760,4.098086
441200,7228620800,1.364356e+17,4.145699,4.144347,4.098236
441300,7230259200,1.364666e+17,4.137313,4.144368,4.097957
441400,7231897600,1.364975e+17,4.126958,4.141397,4.096100
441500,7233536000,1.365284e+17,4.157343,4.141132,4.095492
441600,7235174400,1.365593e+17,4.146634,4.141729,4.095340
441700,7236812800,1.365903e+17,4.147302,4.142442,4.096236
441800,7238451200,1.366212e+17,4.124018,4.143786,4.097969
441900,7240089600,1.366521e+17,4.146867,4.142179,4.096549
442000,7241728000,1.366830e+17,4.144058,4.141931,4.097413
442100,7243366400,1.367140e+17,4.163203,4.141068,4.094763
442200,7245004800,1.367449e+17,4.137519,4.141293,4.095544
442300,7246643200,1.367758e+17,4.145529,4.142727,4.096076
442400,7248281600,1.368067e+17,4.139965,4.141530,4.095193
442500,7249920000,1.368377e+17,4.136604,4.143181,4.095160
442600,7251558400,1.368686e+17,4.132332,4.143592,4.095657
442700,7253196800,1.368995e+17,4.178902,4.140934,4.094317
442800,7254835200,1.369304e+17,4.141443,4.141382,4.095447
442900,7256473600,1.369614e+17,4.138548,4.140855,4.094721
443000,7258112000,1.369923e+17,4.139633,4.141306,4.094988
443100,7259750400,1.370232e+17,4.139026,4.138581,4.093937
443200,7261388800,1.370541e+17,4.150002,4.139382,4.095719
443300,7263027200,1.370850e+17,4.118679,4.139716,4.095052
443400,7264665600,1.371160e+17,4.129524,4.139451,4.094887
443500,7266304000,1.371469e+17,4.150149,4.137467,4.094152
443600,7267942400,1.371778e+17,4.134971,4.136840,4.094030
443700,7269580800,1.372087e+17,4.150432,4.138363,4.095099
443800,7271219200,1.372397e+17,4.137017,4.137510,4.094219
443900,7272857600,1.372706e+17,4.136934,4.138779,4.094660
444000,7274496000,1.373015e+17,4.149561,4.139093,4.095347
444100,7276134400,1.373324e+17,4.151873,4.138980,4.094899
444200,7277772800,1.373634e+17,4.153819,4.139036,4.094812
444300,7279411200,1.373943e+17,4.127957,4.138487,4.095998
444400,7281049600,1.374252e+17,4.140336,4.139131,4.095221
444500,7282688000,1.374561e+17,4.143682,4.141020,4.095613
444600,7284326400,1.374871e+17,4.149561,4.137141,4.094376
444700,7285964800,1.375180e+17,4.139054,4.136807,4.093743
444800,7287603200,1.375489e+17,4.127547,4.138726,4.094798
444900,7289241600,1.375798e+17,4.116910,4.139958,4.093727
445000,7290880000,1.376108e+17,4.132639,4.140402,4.095175
445100,7292518400,1.376417e+17,4.125503,4.137791,4.093454
445200,7294156800,1.376726e+17,4.145960,4.138971,4.094447
445300,7295795200,1.377035e+17,4.142914,4.137932,4.093609
445400,7297433600,1.377344e+17,4.139022,4.135861,4.092775
445500,7299072000,1.377654e+17,4.145953,4.134618,4.091343
445600,7300710400,1.377963e+17,4.136310,4.137376,4.093468
445700,7302348800,1.378272e+17,4.142108,4.137468,4.094271
445800,7303987200,1.378581e+17,4.134489,4.135624,4.093795
445900,7305625600,1.378891e+17,4.148131,4.134737,4.094113
446000,7307264000,1.379200e+17,4.136468,4.133738,4.094709
446100,7308902400,1.379509e+17,4.142798,4.132826,4.092413
446200,7310540800,1.379818e+17,4.142204,4.133549,4.091926
446300,7312179200,1.380128e+17,4.140372,4.133139,4.091990
446400,7313817600,1.380437e+17,4.151784,4.136602,4.093497
446500,7315456000,1.380746e+17,4.138145,4.134579,4.092459
446600,7317094400,1.381055e+17,4.142307,4.134047,4.091496
446700,7318732800,1.381365e+17,4.158254,4.134976,4.091717
446800,7320371200,1.381674e+17,4.130219,4.132619,4.091083
446900,7322009600,1.381983e+17,4.134240,4.131756,4.089659
447000,7323648000,1.382292e+17,4.142412,4.134532,4.091458
447100,7325286400,1.382602e+17,4.148512,4.134951,4.090374
447200,7326924800,1.382911e+17,4.146624,4.136775,4.091079
447300,7328563200,1.383220e+17,4.134201,4.132925,4.090337
447400,7330201600,1.383529e+17,4.137680,4.134985,4.090730
447500,7331840000,1.383838e+17,4.127902,4.134705,4.090561
447600,7333478400,1.384148e+17,4.127536,4.134742,4.090374
447700,7335116800,1.384457e+17,4.149400,4.135427,4.090658
447800,7336755200,1.384766e+17,4.158099,4.136794,4.092085
447900,7338393600,1.385075e+17,4.160779,4.135742,4.090320
448000,7340032000,1.385385e+17,4.147371,4.135062,4.089723
448100,7341670400,1.385694e+17,4.148001,4.135073,4.090505
448200,7343308800,1.386003e+17,4.149877,4.134687,4.090704
448300,7344947200,1.386312e+17,4.139564,4.133328,4.088959
448400,7346585600,1.386622e+17,4.138911,4.135910,4.091099
448500,7348224000,1.386931e+17,4.138470,4.133570,4.089604
448600,7349862400,1.387240e+17,4.130697,4.133129,4.089261
448700,7351500800,1.387549e+17,4.141265,4.134229,4.089847
448800,7353139200,1.387859e+17,4.131543,4.133294,4.089717
448900,7354777600,1.388168e+17,4.128434,4.132589,4.089422
449000,7356416000,1.388477e+17,4.124438,4.133842,4.089185
449100,7358054400,1.388786e+17,4.124466,4.134074,4.089032
449200,7359692800,1.389096e+17,4.122559,4.133866,4.090016
449300,7361331200,1.389405e+17,4.127689,4.136007,4.091026
449400,7362969600,1.389714e+17,4.159606,4.134178,4.089686
449500,7364608000,1.390023e+17,4.137970,4.135271,4.090348
449600,7366246400,1.390332e+17,4.142496,4.132848,4.089034
449700,7367884800,1.390642e+17,4.140938,4.132884,4.089049
449800,7369523200,1.390951e+17,4.142813,4.133199,4.088918
449900,7371161600,1.391260e+17,4.136065,4.132689,4.088568
450000,7372800000,1.391569e+17,4.146168,4.133187,4.088586
450100,7374438400,1.391879e+17,4.136542,4.132409,4.087744
450200,7376076800,1.392188e+17,4.133937,4.131883,4.087250
450300,7377715200,1.392497e+17,4.115360,4.131141,4.087264
450400,7379353600,1.392806e+17,4.142335,4.130617,4.086803
450500,7380992000,1.393116e+17,4.117506,4.130797,4.086512
450600,7382630400,1.393425e+17,4.120289,4.131281,4.086994
450700,7384268800,1.393734e+17,4.142879,4.129475,4.085924
450800,7385907200,1.394043e+17,4.137540,4.131051,4.086233
450900,7387545600,1.394353e+17,4.130972,4.131087,4.086636
451000,7389184000,1.394662e+17,4.104727,4.129640,4.086158
451100,7390822400,1.394971e+17,4.123306,4.131175,4.087842
451200,7392460800,1.395280e+17,4.135071,4.131613,4.087860
451300,7394099200,1.395589e+17,4.120961,4.132459,4.087579
451400,7395737600,1.395899e+17,4.136379,4.132034,4.087825
451500,7397376000,1.396208e+17,4.133640,4.130495,4.086758
451600,7399014400,1.396517e+17,4.150966,4.129086,4.086541
451700,7400652800,1.396826e+17,4.138337,4.129160,4.086445
451800,7402291200,1.397136e+17,4.145011,4.128590,4.087459
451900,7403929600,1.397445e+17,4.139361,4.127791,4.086220
452000,7405568000,1.397754e+17,4.121713,4.130568,4.086902
452100,7407206400,1.398063e+17,4.116989,4.129111,4.086988
452200,7408844800,1.398373e+17,4.131336,4.129959,4.087544
452300,7410483200,1.398682e+17,4.143794,4.130064,4.086909
452400,7412121600,1.398991e+17,4.118752,4.129672,4.086053
452500,7413760000,1.399300e+17,4.107973,4.127726,4.086499
452600,7415398400,1.399610e+17,4.127746,4.127815,4.085470
452700,7417036800,1.399919e+17,4.148883,4.130604,4.086065
452800,7418675200,1.400228e+17,4.128071,4.128812,4.085587
452900,7420313600,1.400537e+17,4.159961,4.129226,4.085593
453000,7421952000,1.400847e+17,4.146894,4.130787,4.086388
453100,7423590400,1.401156e+17,4.147881,4.131342,4.087555
453200,7425228800,1.401465e+17,4.134020,4.131002,4.088014
453300,7426867200,1.401774e+17,4.162887,4.129630,4.086226
453400,7428505600,1.402083e+17,4.132309,4.127917,4.085720
453500,7430144000,1.402393e+17,4.138400,4.128331,4.086395
453600,7431782400,1.402702e+17,4.114361,4.129932,4.087326
453700,7433420800,1.403011e+17,4.125437,4.127830,4.085907
453800,7435059200,1.403320e+17,4.118793,4.130030,4.086505
453900,7436697600,1.403630e+17,4.121366,4.131261,4.087549
454000,7438336000,1.403939e+17,4.128235,4.130561,4.086772
454100,7439974400,1.404248e+17,4.129454,4.130270,4.087475
454200,7441612800,1.404557e+17,4.141304,4.130968,4.087626
454300,7443251200,1.404867e+17,4.126826,4.130377,4.086933
454400,7444889600,1.405176e+17,4.120654,4.129524,4.085506
454500,7446528000,1.405485e+17,4.142522,4.130494,4.086736
454600,7448166400,1.405794e+17,4.139659,4.129597,4.085850
454700,7449804800,1.406104e+17,4.144031,4.129031,4.085243
454800,7451443200,1.406413e+17,4.149212,4.128461,4.084412
454900,7453081600,1.406722e+17,4.142180,4.128933,4.084483
455000,7454720000,1.407031e+17,4.139335,4.130731,4.085371
455100,7456358400,1.407341e+17,4.125432,4.130360,4.085176
455200,7457996800,1.407650e+17,4.134565,4.127426,4.084499
455300,7459635200,1.407959e+17,4.114979,4.127741,4.084291
455400,7461273600,1.408268e+17,4.137391,4.130144,4.085975
455500,7462912000,1.408577e+17,4.110505,4.129154,4.084159
455600,7464550400,1.408887e+17,4.134120,4.130736,4.085022
455700,7466188800,1.409196e+17,4.120126,4.130247,4.085609
455800,7467827200,1.409505e+17,4.136782,4.127802,4.084289
455900,7469465600,1.409814e+17,4.132089,4.131059,4.085482
456000,7471104000,1.410124e+17,4.121862,4.130910,4.085591
456100,7472742400,1.410433e+17,4.122472,4.128857,4.085082
456200,7474380800,1.410742e+17,4.131602,4.130733,4.087093
456300,7476019200,1.411051e+17,4.140705,4.127570,4.085785
456400,7477657600,1.411361e+17,4.152452,4.124299,4.082671
456500,7479296000,1.411670e+17,4.132107,4.128498,4.084891
456600,7480934400,1.411979e+17,4.139976,4.126219,4.084343
456700,7482572800,1.412288e+17,4.140719,4.129069,4.084617
456800,7484211200,1.412598e+17,4.146573,4.128274,4.084797
456900,7485849600,1.412907e+17,4.135380,4.128867,4.086126
457000,7487488000,1.413216e+17,4.126854,4.126627,4.084863
457100,7489126400,1.413525e+17,4.135325,4.128135,4.084839
457200,7490764800,1.413835e+17,4.139818,4.128888,4.085200
457300,7492403200,1.414144e+17,4.148893,4.126807,4.083992
457400,7494041600,1.414453e+17,4.129448,4.125617,4.082761
457500,7495680000,1.414762e+17,4.131885,4.125025,4.081377
457600,7497318400,1.415071e+17,4.126740,4.127169,4.081842
457700,7498956800,1.415381e+17,4.124083,4.127541,4.082794
457800,7500595200,1.415690e+17,4.132582,4.130126,4.082992
457900,7502233600,1.415999e+17,4.113555,4.130196,4.082935
458000,7503872000,1.416308e+17,4.132214,4.129124,4.081788
458100,7505510400,1.416618e+17,4.137373,4.130077,4.083393
458200,7507148800,1.416927e+17,4.120538,4.127381,4.081454
458300,7508787200,1.417236e+17,4.111390,4.127932,4.080669
458400,7510425600,1.417545e+17,4.149545,4.128357,4.082546
458500,7512064000,1.417855e+17,4.137757,4.129028,4.082505
458600,7513702400,1.418164e+17,4.142467,4.127685,4.081924
458700,7515340800,1.418473e+17,4.131653,4.127741,4.082651
458800,7516979200,1.418782e+17,4.115943,4.128279,4.082761
458900,7518617600,1.419092e+17,4.117739,4.126897,4.081285
459000,7520256000,1.419401e+17,4.119918,4.129767,4.083813
459100,7521894400,1.419710e+17,4.123348,4.127647,4.082548
459200,7523532800,1.420019e+17,4.108719,4.128762,4.081654
459300,7525171200,1.420329e+17,4.135857,4.128181,4.081560
459400,7526809600,1.420638e+17,4.136247,4.126991,4.081091
459500,7528448000,1.420947e+17,4.138672,4.125799,4.080737
459600,7530086400,1.421256e+17,4.128221,4.126748,4.081443
459700,7531724800,1.421565e+17,4.120169,4.125089,4.081022
459800,7533363200,1.421875e+17,4.134899,4.125941,4.081208
459900,7535001600,1.422184e+17,4.113984,4.126511,4.081173
460000,7536640000,1.422493e+17,4.139041,4.126404,4.081970
460100,7538278400,1.422802e+17,4.107690,4.125053,4.080059
460200,7539916800,1.423112e+17,4.128351,4.125437,4.081100
460300,7541555200,1.423421e+17,4.118689,4.123895,4.079766
460400,7543193600,1.423730e+17,4.130898,4.126112,4.081589
460500,7544832000,1.424039e+17,4.125984,4.124517,4.081294
460600,7546470400,1.424349e+17,4.125825,4.125767,4.080704
460700,7548108800,1.424658e+17,4.141646,4.125855,4.080753
460800,7549747200,1.424967e+17,4.148233,4.124600,4.079651
460900,7551385600,1.425276e+17,4.156945,4.123861,4.079662
461000,7553024000,1.425586e+17,4.132943,4.124774,4.079487
461100,7554662400,1.425895e+17,4.139796,4.125259,4.079787
461200,7556300800,1.426204e+17,4.134847,4.126989,4.080618
461300,7557939200,1.426513e+17,4.106921,4.125070,4.079632
461400,7559577600,1.426822e+17,4.126077,4.127570,4.080464
461500,7561216000,1.427132e+17,4.122777,4.127594,4.081024
461600,7562854400,1.427441e+17,4.129543,4.125959,4.081246
461700,7564492800,1.427750e+17,4.118652,4.125483,4.080543
461800,7566131200,1.428059e+17,4.135059,4.124707,4.079641
461900,7567769600,1.428369e+17,4.114619,4.126753,4.080393
462000,7569408000,1.428678e+17,4.135664,4.125718,4.079803
462100,7571046400,1.428987e+17,4.118477,4.126153,4.079501
462200,7572684800,1.429296e+17,4.123467,4.126643,4.080007
462300,7574323200,1.429606e+17,4.123680,4.126091,4.080367
462400,7575961600,1.429915e+17,4.127623,4.124504,4.079112
462500,7577600000,1.430224e+17,4.134616,4.125849,4.080733
462600,7579238400,1.430533e+17,4.139733,4.125336,4.080293
462700,7580876800,1.430843e+17,4.132009,4.124699,4.080206
462800,7582515200,1.431152e+17,4.147048,4.122596,4.079080
462900,7584153600,1.431461e+17,4.140192,4.122437,4.079710
463000,7585792000,1.431770e+17,4.141421,4.123431,4.078858
463100,7587430400,1.432080e+17,4.124139,4.124925,4.079868
463200,7589068800,1.432389e+17,4.121320,4.125345,4.079352
463300,7590707200,1.432698e+17,4.116065,4.125051,4.079943
463400,7592345600,1.433007e+17,4.121132,4.125642,4.079444
463500,7593984000,1.433316e+17,4.126175,4.124838,4.079068
463600,7595622400,1.433626e+17,4.143258,4.123252,4.079182
463700,7597260800,1.433935e+17,4.106126,4.123099,4.078586
463800,7598899200,1.434244e+17,4.129849,4.124244,4.079513
463900,7600537600,1.434553e+17,4.135276,4.123447,4.078954
464000,7602176000,1.434863e+17,4.140733,4.124986,4.080252
464100,7603814400,1.435172e+17,4.129605,4.122605,4.077923
464200,7605452800,1.435481e+17,4.146963,4.122453,4.077402
464300,7607091200,1.435790e+17,4.126128,4.124238,4.078500
464400,7608729600,1.436100e+17,4.126829,4.123214,4.078974
464500,7610368000,1.436409e+17,4.119059,4.122345,4.078901
464600,7612006400,1.436718e+17,4.127403,4.123122,4.078347
464700,7613644800,1.437027e+17,4.121911,4.121672,4.078737
464800,7615283200,1.437337e+17,4.126547,4.122335,4.078795
464900,7616921600,1.437646e+17,4.130956,4.125462,4.079758
465000,7618560000,1.437955e+17,4.121194,4.124756,4.078468
465100,7620198400,1.438264e+17,4.114279,4.123778,4.078398
465200,7621836800,1.438574e+17,4.139367,4.122135,4.079252
465300,7623475200,1.438883e+17,4.142082,4.122462,4.079001
465400,7625113600,1.439192e+17,4.124981,4.121698,4.078102
465500,7626752000,1.439501e+17,4.113703,4.123858,4.078693
465600,7628390400,1.439810e+17,4.110992,4.122187,4.078276
465700,7630028800,1.440120e+17,4.126430,4.126236,4.079714
465800,7631667200,1.440429e+17,4.123445,4.127247,4.080256
465900,7633305600,1.440738e+17,4.142516,4.123868,4.078579
466000,7634944000,1.441047e+17,4.120416,4.122435,4.078573
466100,7636582400,1.441357e+17,4.132392,4.122993,4.077626
466200,7638220800,1.441666e+17,4.121547,4.125428,4.079401
466300,7639859200,1.441975e+17,4.127437,4.126149,4.079071
466400,7641497600,1.442284e+17,4.130337,4.125738,4.079460
466500,7643136000,1.442594e+17,4.120084,4.124268,4.078357
466600,7644774400,1.442903e+17,4.131949,4.122943,4.077899
466700,7646412800,1.443212e+17,4.130114,4.123243,4.078764
466800,7648051200,1.443521e+17,4.118945,4.122438,4.077802
466900,7649689600,1.443831e+17,4.132593,4.125278,4.079075
467000,7651328000,1.444140e+17,4.138892,4.126063,4.079006
467100,7652966400,1.444449e+17,4.137494,4.122508,4.077283
467200,7654604800,1.444758e+17,4.107251,4.123425,4.077639
467300,7656243200,1.445068e+17,4.110840,4.124652,4.077574
467400,7657881600,1.445377e+17,4.139692,4.125477,4.078498
467500,7659520000,1.445686e+17,4.134812,4.125750,4.079237
467600,7661158400,1.445995e+17,4.130201,4.125569,4.077845
467700,7662796800,1.446304e+17,4.127747,4.124729,4.077884
467800,7664435200,1.446614e+17,4.114911,4.125512,4.077714
467900,7666073600,1.446923e+17,4.124630,4.122303,4.076140
468000,7667712000,1.447232e+17,4.118289,4.125703,4.077419
468100,7669350400,1.447541e+17,4.110222,4.122531,4.076052
468200,7670988800,1.447851e+17,4.117461,4.125193,4.077857
468300,7672627200,1.448160e+17,4.125656,4.123198,4.075168
468400,7674265600,1.448469e+17,4.105343,4.123514,4.076654
468500,7675904000,1.448778e+17,4.153919,4.122043,4.075889
468600,7677542400,1.449088e+17,4.141331,4.120689,4.075181
468700,7679180800,1.449397e+17,4.143321,4.121906,4.076473
468800,7680819200,1.449706e+17,4.105180,4.120852,4.076350
468900,7682457600,1.450015e+17,4.131765,4.119989,4.075290
469000,7684096000,1.450325e+17,4.118078,4.120874,4.076500
469100,7685734400,1.450634e+17,4.132468,4.121912,4.076174
469200,7687372800,1.450943e+17,4.120234,4.121588,4.075941
469300,7689011200,1.451252e+17,4.127188,4.117718,4.074905
469400,7690649600,1.451562e+17,4.119012,4.117902,4.074896
469500,7692288000,1.451871e+17,4.133105,4.117908,4.073310
469600,7693926400,1.452180e+17,4.126296,4.119372,4.073926
469700,7695564800,1.452489e+17,4.119388,4.119897,4.074306
469800,7697203200,1.452798e+17,4.104948,4.120943,4.075306
469900,7698841600,1.453108e+17,4.099102,4.123067,4.076087
470000,7700480000,1.453417e+17,4.122269,4.120918,4.074980
470100,7702118400,1.453726e+17,4.135311,4.122746,4.075655
470200,7703756800,1.454035e+17,4.117540,4.123655,4.076164
470300,7705395200,1.454345e+17,4.111814,4.124009,4.075369
470400,7707033600,1.454654e+17,4.119925,4.122889,4.075245
470500,7708672000,1.454963e+17,4.122641,4.123821,4.075278
470600,7710310400,1.455272e+17,4.101396,4.124224,4.075480
470700,7711948800,1.455582e+17,4.119844,4.121438,4.074752
470800,7713587200,1.455891e+17,4.125635,4.120844,4.073784
470900,7715225600,1.456200e+17,4.120812,4.118615,4.074036
471000,7716864000,1.456509e+17,4.120084,4.119963,4.074621
471100,7718502400,1.456819e+17,4.141550,4.119578,4.074769
471200,7720140800,1.457128e+17,4.139540,4.119913,4.074452
471300,7721779200,1.457437e+17,4.123311,4.119628,4.074675
471400,7723417600,1.457746e+17,4.122332,4.118736,4.074549
471500,7725056000,1.458055e+17,4.128775,4.119648,4.074291
471600,7726694400,1.458365e+17,4.125388,4.122164,4.075014
471700,7728332800,1.458674e+17,4.107306,4.122595,4.075529
471800,7729971200,1.458983e+17,4.111580,4.122396,4.074934
471900,7731609600,1.459292e+17,4.136598,4.122952,4.073724
472000,7733248000,1.459602e+17,4.127767,4.122980,4.074976
472100,7734886400,1.459911e+17,4.107481,4.122091,4.075254
472200,7736524800,1.460220e+17,4.098785,4.125025,4.074724
472300,7738163200,1.460529e+17,4.112117,4.125443,4.075775
472400,7739801600,1.460839e+17,4.108372,4.123405,4.074263
472500,7741440000,1.461148e+17,4.109639,4.123196,4.074942
472600,7743078400,1.461457e+17,4.120321,4.122763,4.073828
472700,7744716800,1.461766e+17,4.121375,4.125251,4.073931
472800,7746355200,1.462076e+17,4.138162,4.121845,4.072618
472900,7747993600,1.462385e+17,4.120758,4.123505,4.074334
473000,7749632000,1.462694e+17,4.131078,4.123459,4.074341
473100,7751270400,1.463003e+17,4.127688,4.124033,4.075029
473200,7752908800,1.463313e+17,4.112389,4.123782,4.074373
473300,7754547200,1.463622e+17,4.120665,4.122166,4.074234
473400,7756185600,1.463931e+17,4.119122,4.123004,4.073692
473500,7757824000,1.464240e+17,4.097788,4.120801,4.073663
473600,7759462400,1.464549e+17,4.124537,4.118564,4.071187
473700,7761100800,1.464859e+17,4.128758,4.119513,4.072369
473800,7762739200,1.465168e+17,4.109212,4.119432,4.072335
473900,7764377600,1.465477e+17,4.111093,4.121859,4.073005
474000,7766016000,1.465786e+17,4.129318,4.120909,4.073612
474100,7767654400,1.466096e+17,4.121613,4.120800,4.073439
474200,7769292800,1.466405e+17,4.130177,4.121248,4.072748
474300,7770931200,1.466714e+17,4.110471,4.120198,4.073275
474400,7772569600,1.467023e+17,4.116106,4.120650,4.073144
474500,7774208000,1.467333e+17,4.134746,4.121241,4.074240
474600,7775846400,1.467642e+17,4.132109,4.119944,4.073033
474700,7777484800,1.467951e+17,4.094426,4.120734,4.073049
474800,7779123200,1.468260e+17,4.129725,4.121009,4.072377
474900,7780761600,1.468570e+17,4.138103,4.118873,4.071606
475000,7782400000,1.468879e+17,4.141772,4.121151,4.073032
475100,7784038400,1.469188e+17,4.137250,4.121495,4.073751
475200,7785676800,1.469497e+17,4.131141,4.123268,4.074575
475300,7787315200,1.469807e+17,4.121894,4.121569,4.072963
475400,7788953600,1.470116e+17,4.138965,4.122476,4.073468
475500,7790592000,1.470425e+17,4.116358,4.124325,4.073376
475600,7792230400,1.470734e+17,4.090161,4.121505,4.071078
475700,7793868800,1.471043e+17,4.111758,4.123040,4.072712
475800,7795507200,1.471353e+17,4.138114,4.122317,4.072721
475900,7797145600,1.471662e+17,4.124008,4.119468,4.070894
476000,7798784000,1.471971e+17,4.108584,4.122446,4.073192
476100,7800422400,1.472280e+17,4.114285,4.119662,4.072309
476200,7802060800,1.472590e+17,4.133782,4.121267,4.071792
476300,7803699200,1.472899e+17,4.113957,4.120684,4.072094
476400,7805337600,1.473208e+17,4.129945,4.118630,4.071548
476500,7806976000,1.473517e+17,4.095749,4.118626,4.071778
476600,7808614400,1.473827e+17,4.105432,4.121611,4.073026
476700,7810252800,1.474136e+17,4.129417,4.121789,4.072398
476800,7811891200,1.474445e+17,4.123494,4.120964,4.071953
476900,7813529600,1.474754e+17,4.120129,4.121288,4.072042
477000,7815168000,1.475064e+17,4.143876,4.119363,4.071015
477100,7816806400,1.475373e+17,4.115409,4.121119,4.071856
477200,7818444800,1.475682e+17,4.134114,4.120411,4.072273
477300,7820083200,1.475991e+17,4.103059,4.120196,4.071527
477400,7821721600,1.476301e+17,4.124407,4.119116,4.070697
477500,7823360000,1.476610e+17,4.117038,4.120029,4.072592
477600,7824998400,1.476919e+17,4.128826,4.119639,4.071930
477700,7826636800,1.477228e+17,4.137271,4.120288,4.071366
477800,7828275200,1.477537e+17,4.130035,4.118966,4.070699
477900,7829913600,1.477847e+17,4.121406,4.118009,4.070902
478000,7831552000,1.478156e+17,4.128365,4.117392,4.069917
478100,7833190400,1.478465e+17,4.123281,4.118241,4.071305
478200,7834828800,1.478774e+17,4.126795,4.115635,4.069891
478300,7836467200,1.479084e+17,4.115646,4.115983,4.070778
478400,7838105600,1.479393e+17,4.111156,4.119233,4.071836
478500,7839744000,1.479702e+17,4.128987,4.117443,4.070959
478600,7841382400,1.480011e+17,4.121634,4.116367,4.071379
478700,7843020800,1.480321e+17,4.131699,4.117110,4.071571
478800,7844659200,1.480630e+17,4.117090,4.117639,4.071647
478900,7846297600,1.480939e+17,4.124489,4.117773,4.071075
479000,7847936000,1.481248e+17,4.116973,4.117236,4.070426
479100,7849574400,1.481558e+17,4.129001,4.118453,4.071630
479200,7851212800,1.481867e+17,4.132398,4.118529,4.071253
479300,7852851200,1.482176e+17,4.117382,4.118417,4.070858
479400,7854489600,1.482485e+17,4.118227,4.117698,4.069797
479500,7856128000,1.482795e+17,4.101360,4.117365,4.071112
479600,7857766400,1.483104e+17,4.094252,4.116000,4.070743
479700,7859404800,1.483413e+17,4.096083,4.116331,4.071721
479800,7861043200,1.483722e+17,4.127695,4.117304,4.070132
479900,7862681600,1.484031e+17,4.103634,4.116558,4.069612
480000,7864320000,1.484341e+17,4.096576,4.116909,4.070295
480100,7865958400,1.484650e+17,4.110486,4.117233,4.071085
480200,7867596800,1.484959e+17,4.115633,4.117484,4.070035
480300,7869235200,1.485268e+17,4.142281,4.115304,4.069385
480400,7870873600,1.485578e+17,4.133984,4.116850,4.069988
480500,7872512000,1.485887e+17,4.127357,4.117662,4.069610
480600,7874150400,1.486196e+17,4.135305,4.119888,4.070470
480700,7875788800,1.486505e+17,4.110764,4.116652,4.070062
480800,7877427200,1.486815e+17,4.112090,4.117174,4.070368
480900,7879065600,1.487124e+17,4.121799,4.115596,4.070007
481000,7880704000,1.487433e+17,4.109417,4.115366,4.068679
481100,7882342400,1.487742e+17,4.111132,4.116006,4.068687
481200,7883980800,1.488052e+17,4.113062,4.117127,4.068245
481300,7885619200,1.488361e+17,4.137625,4.118428,4.068885
481400,7887257600,1.488670e+17,4.137144,4.117615,4.068958
481500,7888896000,1.488979e+17,4.129317,4.117128,4.068628
481600,7890534400,1.489288e+17,4.104687,4.114669,4.068295
481700,7892172800,1.489598e+17,4.113814,4.115450,4.068557
481800,7893811200,1.489907e+17,4.121446,4.115652,4.069222
481900,7895449600,1.490216e+17,4.130299,4.115436,4.068045
482000,7897088000,1.490525e+17,4.106711,4.115176,4.068050
482100,7898726400,1.490835e+17,4.126461,4.115266,4.067806
482200,7900364800,1.491144e+17,4.128589,4.116841,4.069053
482300,7902003200,1.491453e+17,4.115946,4.116181,4.068481
482400,7903641600,1.491762e+17,4.122261,4.117464,4.069681
482500,7905280000,1.492072e+17,4.134659,4.117724,4.069625
482600,7906918400,1.492381e+17,4.126889,4.114409,4.068633
482700,7908556800,1.492690e+17,4.132027,4.113892,4.068218
482800,7910195200,1.492999e+17,4.127998,4.115788,4.069439
482900,7911833600,1.493309e+17,4.133988,4.115371,4.069119
483000,7913472000,1.493618e+17,4.128865,4.116457,4.069269
483100,7915110400,1.493927e+17,4.125256,4.115614,4.068332
483200,7916748800,1.494236e+17,4.129310,4.115914,4.068806
483300,7918387200,1.494546e+17,4.117088,4.116229,4.068781
483400,7920025600,1.494855e+17,4.133255,4.117807,4.069765
483500,7921664000,1.495164e+17,4.115955,4.117487,4.069268
483600,7923302400,1.495473e+17,4.110648,4.115527,4.068029
483700,7924940800,1.495782e+17,4.155216,4.115224,4.067678
483800,7926579200,1.496092e+17,4.108832,4.116225,4.068367
483900,7928217600,1.496401e+17,4.106364,4.116345,4.069294
484000,7929856000,1.496710e+17,4.120443,4.115464,4.068084
484100,7931494400,1.497019e+17,4.137119,4.116734,4.069101
484200,7933132800,1.497329e+17,4.108928,4.118081,4.068811
484300,7934771200,1.497638e+17,4.126987,4.115962,4.068375
484400,7936409600,1.497947e+17,4.121224,4.117388,4.068955
484500,7938048000,1.498256e+17,4.116096,4.116505,4.068123
484600,7939686400,1.498566e+17,4.107971,4.115721,4.068797
484700,7941324800,1.498875e+17,4.110146,4.115261,4.067830
484800,7942963200,1.499184e+17,4.119742,4.115829,4.068253
484900,7944601600,1.499493e+17,4.106355,4.115474,4.067904
485000,7946240000,1.499803e+17,4.121106,4.115433,4.066692
485100,7947878400,1.500112e+17,4.124244,4.116077,4.067141
485200,7949516800,1.500421e+17,4.124553,4.116379,4.067960
485300,7951155200,1.500730e+17,4.126018,4.117105,4.067274
485400,7952793600,1.501040e+17,4.112578,4.114894,4.066896
485500,7954432000,1.501349e+17,4.112306,4.114913,4.066441
485600,7956070400,1.501658e+17,4.124031,4.114544,4.065968
485700,7957708800,1.501967e+17,4.120762,4.115053,4.067138
485800,7959347200,1.502276e+17,4.137463,4.112777,4.064921
485900,7960985600,1.502586e+17,4.122180,4.115235,4.066283
486000,7962624000,1.502895e+17,4.130290,4.114195,4.066326
486100,7964262400,1.503204e+17,4.111216,4.116361,4.066409
486200,7965900800,1.503513e+17,4.110466,4.113453,4.065498
486300,7967539200,1.503823e+17,4.119117,4.114986,4.066499
486400,7969177600,1.504132e+17,4.109573,4.111788,4.065973
486500,7970816000,1.504441e+17,4.096350,4.112040,4.065623
486600,7972454400,1.504750e+17,4.114133,4.112348,4.065909
486700,7974092800,1.505060e+17,4.109241,4.112837,4.066363
486800,7975731200,1.505369e+17,4.104621,4.113903,4.067350
486900,7977369600,1.505678e+17,4.122037,4.112994,4.066193
487000,7979008000,1.505987e+17,4.118749,4.112555,4.066462
487100,7980646400,1.506297e+17,4.109190,4.115507,4.066980
487200,7982284800,1.506606e+17,4.131092,4.117205,4.069643
487300,7983923200,1.506915e+17,4.103027,4.113818,4.067440
487400,7985561600,1.507224e+17,4.085403,4.112806,4.066581
487500,7987200000,1.507534e+17,4.108194,4.112671,4.066542
487600,7988838400,1.507843e+17,4.121761,4.113588,4.067867
487700,7990476800,1.508152e+17,4.108293,4.115081,4.068369
487800,7992115200,1.508461e+17,4.109457,4.111982,4.066649
487900,7993753600,1.508770e+17,4.111588,4.111810,4.065679
488000,7995392000,1.509080e+17,4.116814,4.112592,4.068024
488100,7997030400,1.509389e+17,4.119040,4.114640,4.067920
488200,7998668800,1.509698e+17,4.114062,4.112015,4.066655
488300,8000307200,1.510007e+17,4.132715,4.111758,4.066627
488400,8001945600,1.510317e+17,4.125891,4.113617,4.067149
488500,8003584000,1.510626e+17,4.099229,4.112442,4.066145
488600,8005222400,1.510935e+17,4.115838,4.112878,4.065732
488700,8006860800,1.511244e+17,4.133902,4.113166,4.066391
488800,8008499200,1.511554e+17,4.114240,4.112553,4.065486
488900,8010137600,1.511863e+17,4.121007,4.114138,4.065786
489000,8011776000,1.512172e+17,4.121511,4.112321,4.064580
489100,8013414400,1.512481e+17,4.120216,4.110912,4.065373
489200,8015052800,1.512791e+17,4.111686,4.112085,4.064952
489300,8016691200,1.513100e+17,4.097609,4.113870,4.066095
489400,8018329600,1.513409e+17,4.089736,4.111553,4.065220
489500,8019968000,1.513718e+17,4.146929,4.113094,4.066142
489600,8021606400,1.514028e+17,4.123079,4.111575,4.065442
489700,8023244800,1.514337e+17,4.125899,4.113380,4.065236
489800,8024883200,1.514646e+17,4.100842,4.112807,4.063985
489900,8026521600,1.514955e+17,4.127749,4.111261,4.064687
490000,8028160000,1.515264e+17,4.122379,4.112453,4.065125
490100,8029798400,1.515574e+17,4.100892,4.111701,4.066078
490200,8031436800,1.515883e+17,4.120384,4.112450,4.064701
490300,8033075200,1.516192e+17,4.096994,4.110047,4.063225
490400,8034713600,1.516501e+17,4.122077,4.109909,4.064553
490500,8036352000,1.516811e+17,4.122331,4.112543,4.065723
490600,8037990400,1.517120e+17,4.118962,4.110859,4.064307
490700,8039628800,1.517429e+17,4.109953,4.111922,4.065040
490800,8041267200,1.517738e+17,4.101683,4.112312,4.065221
490900,8042905600,1.518048e+17,4.109745,4.112729,4.065440
491000,8044544000,1.518357e+17,4.114594,4.113959,4.065949
491100,8046182400,1.518666e+17,4.117020,4.113795,4.064891
491200,8047820800,1.518975e+17,4.117454,4.112947,4.065435
491300,8049459200,1.519285e+17,4.131388,4.111610,4.064033
491400,8051097600,1.519594e+17,4.099009,4.113389,4.065822
491500,8052736000,1.519903e+17,4.106623,4.112619,4.064387
491600,8054374400,1.520212e+17,4.108921,4.110382,4.064367
491700,8056012800,1.520522e+17,4.099406,4.111934,4.064833
491800,8057651200,1.520831e+17,4.107384,4.113823,4.066610
491900,8059289600,1.521140e+17,4.110018,4.111894,4.064513
492000,8060928000,1.521449e+17,4.105121,4.110031,4.063112
492100,8062566400,1.521758e+17,4.130838,4.109642,4.063895
492200,8064204800,1.522068e+17,4.116152,4.109476,4.062992
492300,8065843200,1.522377e+17,4.118140,4.110779,4.064690
492400,8067481600,1.522686e+17,4.130489,4.110377,4.064615
492500,8069120000,1.522995e+17,4.105484,4.108596,4.063255
492600,8070758400,1.523305e+17,4.112578,4.111047,4.064056
492700,8072396800,1.523614e+17,4.111581,4.111202,4.064772
492800,8074035200,1.523923e+17,4.114717,4.112494,4.064998
492900,8075673600,1.524232e+17,4.121221,4.112271,4.064361
493000,8077312000,1.524542e+17,4.090731,4.111939,4.064511
493100,8078950400,1.524851e+17,4.124275,4.112942,4.064540
493200,8080588800,1.525160e+17,4.114208,4.112367,4.063606
493300,8082227200,1.525469e+17,4.097062,4.111724,4.065207
493400,8083865600,1.525779e+17,4.103543,4.112422,4.064339
493500,8085504000,1.526088e+17,4.112336,4.114130,4.064798
493600,8087142400,1.526397e+17,4.129493,4.112149,4.064834
493700,8088780800,1.526706e+17,4.100939,4.112185,4.064255
493800,8090419200,1.527015e+17,4.132478,4.110160,4.063250
493900,8092057600,1.527325e+17,4.112240,4.111562,4.063460
494000,8093696000,1.527634e+17,4.124988,4.110883,4.063770
494100,8095334400,1.527943e+17,4.099573,4.113226,4.065605
494200,8096972800,1.528252e+17,4.107121,4.111623,4.064967
494300,8098611200,1.528562e+17,4.127000,4.110294,4.065014
494400,8100249600,1.528871e+17,4.112275,4.112002,4.064612
494500,8101888000,1.529180e+17,4.106400,4.109477,4.064710
494600,8103526400,1.529489e+17,4.109827,4.108865,4.063390
494700,8105164800,1.529799e+17,4.086810,4.111324,4.064114
494800,8106803200,1.530108e+17,4.088248,4.109584,4.063600
494900,8108441600,1.530417e+17,4.117416,4.109551,4.063881
495000,8110080000,1.530726e+17,4.092486,4.108530,4.064329
495100,8111718400,1.531036e+17,4.124531,4.108774,4.063918
495200,8113356800,1.531345e+17,4.111955,4.110517,4.065058
495300,8114995200,1.531654e+17,4.117710,4.108523,4.063684
495400,8116633600,1.531963e+17,4.107372,4.107497,4.063838
495500,8118272000,1.532273e+17,4.118695,4.110680,4.065256
495600,8119910400,1.532582e+17,4.115533,4.108890,4.063633
495700,8121548800,1.532891e+17,4.090035,4.108603,4.063161
495800,8123187200,1.533200e+17,4.122538,4.110704,4.065342
495900,8124825600,1.533509e+17,4.112807,4.109855,4.063828
496000,8126464000,1.533819e+17,4.109441,4.110050,4.062376
496100,8128102400,1.534128e+17,4.102597,4.111817,4.063283
496200,8129740800,1.534437e+17,4.118318,4.110770,4.064315
496300,8131379200,1.534746e+17,4.131222,4.110707,4.063891
496400,8133017600,1.535056e+17,4.119662,4.111153,4.063291
496500,8134656000,1.535365e+17,4.103163,4.109522,4.063987
496600,8136294400,1.535674e+17,4.088742,4.109523,4.062762
496700,8137932800,1.535983e+17,4.105124,4.110868,4.063349
496800,8139571200,1.536293e+17,4.112437,4.113398,4.065403
496900,8141209600,1.536602e+17,4.104213,4.112655,4.064794
497000,8142848000,1.536911e+17,4.089377,4.111044,4.063326
497071,8144011264,1.537131e+17,4.089377,4.125395,4.098654
