method,layer,strategy,label,pattern,variance_shrinkage_factor,variance_reduction,norm_shrinkage_factor,norm_reduction,info_retention_ratio,info_loss,spectral_total_energy_loss_pct,spectral_high_freq_loss_pct,effective_rank_original,effective_rank_averaged,rank_reduction,k_min,k_max,seed,high_sim_threshold
dynamic,embedding,alternating,alternating_2_3,"[2, 3]",0.4433994507303773,0.5566005492696227,0.7317750453948975,0.26822495460510254,1.0131178368981466,-0.01844518464638778,92.23773170930988,57.95817991595682,759,733,26,,,,
dynamic,embedding,random,random_2_4,,0.3794124904078755,0.6205875095921245,0.689202606678009,0.31079739332199097,1.0030262719306375,-0.004255285759702909,95.47676167960554,59.76724657096032,759,723,36,2.0,4.0,42.0,
dynamic,embedding,random,random_2_8,,0.24695274112550852,0.7530472588744914,0.5900542140007019,0.4099457859992981,0.9729380556405385,0.03805220056296488,98.89901835171237,61.59086206130864,759,689,70,2.0,8.0,42.0,
dynamic,embedding,adaptive,adaptive_sim75,,0.7704362712735173,0.22956372872648267,1.0525649785995483,-0.05256497859954834,1.4273895381897495,-0.6009587563143186,93.3253751585809,58.358716623227494,759,743,16,2.0,6.0,,0.75
dynamic,embedding,adaptive,adaptive_sim85,,0.7704362712735173,0.22956372872648267,1.0525649785995483,-0.05256497859954834,1.4273895381897495,-0.6009587563143186,93.3253751585809,58.358716623227494,759,743,16,2.0,6.0,,0.85
dynamic,embedding,adaptive,adaptive_sim95,,0.7704362712735173,0.22956372872648267,1.0525649785995483,-0.05256497859954834,1.4273895381897495,-0.6009587563143186,93.3253751585809,58.358716623227494,759,743,16,2.0,6.0,,0.95
