step,tokens_seen,cumulative_flops,train_loss,eval_loss,eval_loss_all_pos
100,1638400,3.092376e+13,167.062943,80.446502,80.335764
200,3276800,6.184753e+13,64.977036,42.485006,42.390233
300,4915200,9.277129e+13,41.785416,36.822564,36.745363
400,6553600,1.236951e+14,35.133003,33.292667,33.246681
500,8192000,1.546188e+14,31.657743,30.449594,30.409886
600,9830400,1.855426e+14,28.753067,27.339822,27.298564
700,11468800,2.164664e+14,25.677740,24.430835,24.384704
800,13107200,2.473901e+14,23.020243,21.915073,21.872367
900,14745600,2.783139e+14,20.622282,19.521256,19.471371
1000,16384000,3.092376e+14,18.425316,17.456493,17.403526
1100,18022400,3.401614e+14,16.420967,15.780321,15.701738
1200,19660800,3.710852e+14,15.011606,14.410269,14.333745
1300,21299200,4.020089e+14,13.742340,13.343747,13.243661
1400,22937600,4.329327e+14,12.573736,12.276872,12.174768
1500,24576000,4.638565e+14,11.727287,11.456422,11.353354
1600,26214400,4.947802e+14,11.002502,10.825649,10.713108
1700,27852800,5.257040e+14,10.353240,10.231680,10.123600
1800,29491200,5.566278e+14,9.874684,9.760092,9.652167
1900,31129600,5.875515e+14,9.386676,9.379958,9.283475
2000,32768000,6.184753e+14,9.074370,9.059621,8.967746
2100,34406400,6.493991e+14,8.821639,8.784255,8.694077
2200,36044800,6.803228e+14,8.501060,8.546580,8.461219
2300,37683200,7.112466e+14,8.281924,8.353509,8.274743
2400,39321600,7.421703e+14,8.139988,8.173504,8.108061
2500,40960000,7.730941e+14,7.985506,8.054444,7.989628
2600,42598400,8.040179e+14,7.869349,7.943301,7.876009
2700,44236800,8.349416e+14,7.720013,7.854849,7.794339
2800,45875200,8.658654e+14,7.673539,7.758089,7.694165
2900,47513600,8.967892e+14,7.593278,7.685136,7.621387
3000,49152000,9.277129e+14,7.534643,7.620685,7.556666
3100,50790400,9.586367e+14,7.436833,7.547157,7.483080
3200,52428800,9.895605e+14,7.453609,7.521882,7.459112
3300,54067200,1.020484e+15,7.368408,7.461757,7.407294
3400,55705600,1.051408e+15,7.348582,7.409646,7.346090
3500,57344000,1.082332e+15,7.272062,7.374677,7.318345
3600,58982400,1.113256e+15,7.238827,7.337628,7.282690
3700,60620800,1.144179e+15,7.219459,7.297980,7.242234
3800,62259200,1.175103e+15,7.188894,7.270829,7.214813
3900,63897600,1.206027e+15,7.219344,7.247900,7.188101
4000,65536000,1.236951e+15,7.156464,7.225297,7.166035
4100,67174400,1.267874e+15,7.092422,7.181729,7.123333
4200,68812800,1.298798e+15,7.070858,7.161833,7.106735
4300,70451200,1.329722e+15,7.048564,7.120266,7.067803
4400,72089600,1.360646e+15,7.031909,7.122654,7.064527
4500,73728000,1.391569e+15,7.013865,7.113156,7.056146
4600,75366400,1.422493e+15,7.000531,7.076455,7.015814
4700,77004800,1.453417e+15,6.963752,7.069958,7.013246
4800,78643200,1.484341e+15,6.985531,7.044269,6.990368
4900,80281600,1.515264e+15,6.947446,7.016884,6.965357
5000,81920000,1.546188e+15,6.900712,7.000736,6.950055
5100,83558400,1.577112e+15,6.947484,6.998532,6.941502
5200,85196800,1.608036e+15,6.937684,6.977383,6.920952
5300,86835200,1.638960e+15,6.883801,6.955285,6.905821
5400,88473600,1.669883e+15,6.859818,6.956042,6.901225
5500,90112000,1.700807e+15,6.867931,6.956971,6.899556
5600,91750400,1.731731e+15,6.864257,6.937665,6.885380
5700,93388800,1.762655e+15,6.861370,6.910552,6.861178
5800,95027200,1.793578e+15,6.836864,6.912571,6.864441
5900,96665600,1.824502e+15,6.820720,6.890165,6.839346
6000,98304000,1.855426e+15,6.827324,6.890611,6.839744
6100,99942400,1.886350e+15,6.808935,6.881327,6.835251
6200,101580800,1.917273e+15,6.799740,6.859612,6.810082
6300,103219200,1.948197e+15,6.773623,6.834723,6.784960
6400,104857600,1.979121e+15,6.805733,6.830634,6.778791
6500,106496000,2.010045e+15,6.762451,6.829437,6.781974
6600,108134400,2.040968e+15,6.744743,6.822831,6.773721
6700,109772800,2.071892e+15,6.744059,6.802828,6.755315
6800,111411200,2.102816e+15,6.747150,6.797427,6.752477
6900,113049600,2.133740e+15,6.710437,6.792263,6.752512
7000,114688000,2.164664e+15,6.707112,6.776596,6.733846
7100,116326400,2.195587e+15,6.713952,6.785109,6.739023
7200,117964800,2.226511e+15,6.721207,6.779225,6.726753
7300,119603200,2.257435e+15,6.703147,6.756003,6.716018
7400,121241600,2.288359e+15,6.700518,6.752329,6.708414
7500,122880000,2.319282e+15,6.674873,6.746971,6.701870
7600,124518400,2.350206e+15,6.651972,6.733220,6.685973
7700,126156800,2.381130e+15,6.652160,6.732072,6.684179
7800,127795200,2.412054e+15,6.640916,6.711169,6.668077
7900,129433600,2.442977e+15,6.661762,6.706624,6.664824
8000,131072000,2.473901e+15,6.621901,6.700211,6.656060
8100,132710400,2.504825e+15,6.625007,6.692785,6.644857
8200,134348800,2.535749e+15,6.607396,6.700380,6.651799
8300,135987200,2.566672e+15,6.621708,6.686858,6.637414
8400,137625600,2.597596e+15,6.654779,6.678267,6.626502
8500,139264000,2.628520e+15,6.655832,6.668214,6.623956
8600,140902400,2.659444e+15,6.594291,6.661515,6.613925
8700,142540800,2.690368e+15,6.592411,6.652907,6.606057
8800,144179200,2.721291e+15,6.595385,6.642989,6.591662
8900,145817600,2.752215e+15,6.579738,6.638841,6.587943
9000,147456000,2.783139e+15,6.578338,6.628275,6.577742
9100,149094400,2.814063e+15,6.563688,6.620110,6.570055
9200,150732800,2.844986e+15,6.543088,6.608814,6.558783
9300,152371200,2.875910e+15,6.546754,6.627046,6.573578
9400,154009600,2.906834e+15,6.545869,6.604281,6.554616
9500,155648000,2.937758e+15,6.528021,6.595984,6.547887
9600,157286400,2.968681e+15,6.526116,6.574982,6.532057
9700,158924800,2.999605e+15,6.548257,6.574153,6.532055
9800,160563200,3.030529e+15,6.517740,6.572638,6.523296
9900,162201600,3.061453e+15,6.513985,6.552409,6.508236
10000,163840000,3.092376e+15,6.498408,6.563668,6.509379
10100,165478400,3.123300e+15,6.508366,6.552296,6.501134
10200,167116800,3.154224e+15,6.527677,6.563866,6.511689
10300,168755200,3.185148e+15,6.461766,6.538431,6.489944
10400,170393600,3.216072e+15,6.484563,6.532977,6.484827
10500,172032000,3.246995e+15,6.469352,6.532972,6.485512
10600,173670400,3.277919e+15,6.472579,6.520865,6.471325
10700,175308800,3.308843e+15,6.444880,6.509897,6.466647
10800,176947200,3.339767e+15,6.447632,6.504766,6.454506
10900,178585600,3.370690e+15,6.434695,6.502734,6.453973
11000,180224000,3.401614e+15,6.431511,6.499022,6.452759
11100,181862400,3.432538e+15,6.456992,6.486351,6.444587
11200,183500800,3.463462e+15,6.440662,6.483388,6.433917
11300,185139200,3.494385e+15,6.440531,6.473997,6.424621
11400,186777600,3.525309e+15,6.438478,6.467913,6.421383
11500,188416000,3.556233e+15,6.413833,6.460212,6.413573
11600,190054400,3.587157e+15,6.405397,6.447992,6.402793
11700,191692800,3.618080e+15,6.405961,6.441554,6.398546
11800,193331200,3.649004e+15,6.392107,6.435882,6.390884
11900,194969600,3.679928e+15,6.372934,6.437709,6.392216
12000,196608000,3.710852e+15,6.372562,6.430640,6.382337
12100,198246400,3.741776e+15,6.387603,6.424431,6.372337
12200,199884800,3.772699e+15,6.377406,6.414337,6.365174
12300,201523200,3.803623e+15,6.349977,6.404498,6.357523
12400,203161600,3.834547e+15,6.353152,6.407837,6.357802
12500,204800000,3.865471e+15,6.358198,6.399196,6.355499
12600,206438400,3.896394e+15,6.351000,6.393574,6.352201
12700,208076800,3.927318e+15,6.343947,6.390377,6.345052
12800,209715200,3.958242e+15,6.336617,6.386818,6.341277
12900,211353600,3.989166e+15,6.354524,6.371094,6.328849
13000,212992000,4.020089e+15,6.351768,6.367943,6.323013
13100,214630400,4.051013e+15,6.357663,6.359862,6.316943
13200,216268800,4.081937e+15,6.300206,6.358463,6.316333
13300,217907200,4.112861e+15,6.314088,6.346832,6.307243
13400,219545600,4.143784e+15,6.282269,6.341039,6.300879
13500,221184000,4.174708e+15,6.306837,6.337880,6.292391
13600,222822400,4.205632e+15,6.266058,6.335484,6.293039
13700,224460800,4.236556e+15,6.273530,6.331551,6.291114
13800,226099200,4.267480e+15,6.273483,6.314924,6.272420
13900,227737600,4.298403e+15,6.272369,6.310563,6.267450
14000,229376000,4.329327e+15,6.263276,6.317901,6.274089
14100,231014400,4.360251e+15,6.255286,6.305919,6.260033
14200,232652800,4.391175e+15,6.264793,6.305956,6.260655
14300,234291200,4.422098e+15,6.269794,6.293135,6.249501
14400,235929600,4.453022e+15,6.248268,6.290788,6.245154
14500,237568000,4.483946e+15,6.273488,6.283930,6.243416
14600,239206400,4.514870e+15,6.238822,6.278176,6.238219
14700,240844800,4.545793e+15,6.232368,6.285025,6.242373
14800,242483200,4.576717e+15,6.218392,6.270594,6.232373
14900,244121600,4.607641e+15,6.209198,6.267412,6.226354
15000,245760000,4.638565e+15,6.211105,6.261012,6.215040
15100,247398400,4.669488e+15,6.232382,6.260288,6.216456
15200,249036800,4.700412e+15,6.208566,6.244210,6.201069
15300,250675200,4.731336e+15,6.199999,6.243922,6.198977
15400,252313600,4.762260e+15,6.216986,6.242318,6.199186
15500,253952000,4.793184e+15,6.199729,6.242099,6.196978
15600,255590400,4.824107e+15,6.185963,6.227065,6.186508
15700,257228800,4.855031e+15,6.181598,6.231665,6.186087
15800,258867200,4.885955e+15,6.190548,6.231767,6.184087
15900,260505600,4.916879e+15,6.208863,6.221172,6.180923
16000,262144000,4.947802e+15,6.164871,6.213020,6.172313
16100,263782400,4.978726e+15,6.179867,6.219117,6.175124
16200,265420800,5.009650e+15,6.173579,6.215358,6.169397
16300,267059200,5.040574e+15,6.165372,6.206154,6.159146
16400,268697600,5.071497e+15,6.154170,6.196270,6.150028
16500,270336000,5.102421e+15,6.146686,6.192853,6.151377
16600,271974400,5.133345e+15,6.143564,6.195353,6.151737
16700,273612800,5.164269e+15,6.172353,6.185300,6.140280
16800,275251200,5.195192e+15,6.105876,6.181973,6.136850
16900,276889600,5.226116e+15,6.142608,6.165706,6.127510
17000,278528000,5.257040e+15,6.128447,6.161761,6.124778
17100,280166400,5.287964e+15,6.119864,6.166897,6.122791
17200,281804800,5.318887e+15,6.101634,6.162522,6.121675
17300,283443200,5.349811e+15,6.132764,6.154222,6.109936
17400,285081600,5.380735e+15,6.130048,6.160537,6.112741
17500,286720000,5.411659e+15,6.108764,6.150186,6.101926
17600,288358400,5.442583e+15,6.104853,6.149602,6.102347
17700,289996800,5.473506e+15,6.116129,6.148268,6.098918
17800,291635200,5.504430e+15,6.098097,6.145068,6.096271
17900,293273600,5.535354e+15,6.103193,6.142056,6.096495
18000,294912000,5.566278e+15,6.115592,6.122048,6.076502
18100,296550400,5.597201e+15,6.102334,6.115665,6.072604
18200,298188800,5.628125e+15,6.070681,6.118045,6.073487
18300,299827200,5.659049e+15,6.092625,6.122550,6.073700
18400,301465600,5.689973e+15,6.096449,6.117003,6.072768
18500,303104000,5.720896e+15,6.061514,6.111369,6.064075
18600,304742400,5.751820e+15,6.071740,6.103120,6.059858
18700,306380800,5.782744e+15,6.080437,6.098424,6.057631
18800,308019200,5.813668e+15,6.060735,6.094545,6.053952
18900,309657600,5.844591e+15,6.058775,6.100686,6.057846
19000,311296000,5.875515e+15,6.072626,6.094530,6.051648
19100,312934400,5.906439e+15,6.040250,6.084296,6.043608
19200,314572800,5.937363e+15,6.052892,6.080988,6.038370
19300,316211200,5.968287e+15,6.035247,6.084957,6.042565
19400,317849600,5.999210e+15,6.023476,6.072959,6.032239
19500,319488000,6.030134e+15,6.048510,6.075371,6.034210
19600,321126400,6.061058e+15,6.025410,6.061496,6.019333
19700,322764800,6.091982e+15,6.032231,6.071218,6.024045
19800,324403200,6.122905e+15,6.012771,6.059112,6.019233
19900,326041600,6.153829e+15,6.025212,6.062709,6.015092
20000,327680000,6.184753e+15,6.036882,6.062024,6.018005
20100,329318400,6.215677e+15,6.016258,6.053657,6.011496
20200,330956800,6.246600e+15,6.010678,6.048086,6.005769
20300,332595200,6.277524e+15,6.011974,6.047550,6.004193
20400,334233600,6.308448e+15,6.006657,6.043177,5.996187
20500,335872000,6.339372e+15,6.004170,6.038121,5.993815
20600,337510400,6.370295e+15,6.000092,6.037508,5.991868
20700,339148800,6.401219e+15,6.014767,6.033162,5.991537
20800,340787200,6.432143e+15,6.006523,6.030676,5.987714
20900,342425600,6.463067e+15,6.010685,6.030262,5.987651
21000,344064000,6.493991e+15,6.008502,6.028599,5.985818
21100,345702400,6.524914e+15,5.945905,6.014867,5.973208
21200,347340800,6.555838e+15,5.980645,6.011849,5.974424
21300,348979200,6.586762e+15,5.957466,6.013618,5.971086
21400,350617600,6.617686e+15,5.983969,6.009984,5.962537
21500,352256000,6.648609e+15,5.977614,6.003533,5.964008
21600,353894400,6.679533e+15,5.986794,6.004390,5.962972
21700,355532800,6.710457e+15,5.977138,5.997099,5.953464
21800,357171200,6.741381e+15,5.993494,5.998198,5.953222
21900,358809600,6.772304e+15,5.971402,5.983828,5.940274
22000,360448000,6.803228e+15,5.952212,5.984121,5.944205
22100,362086400,6.834152e+15,5.971141,5.988227,5.948852
22200,363724800,6.865076e+15,5.970763,5.983582,5.946307
22300,365363200,6.895999e+15,5.936670,5.978375,5.938462
22400,367001600,6.926923e+15,5.935554,5.976238,5.935634
22500,368640000,6.957847e+15,5.953228,5.968290,5.929284
22600,370278400,6.988771e+15,5.962476,5.957741,5.918442
22700,371916800,7.019695e+15,5.929292,5.957503,5.920184
22800,373555200,7.050618e+15,5.952138,5.963388,5.926486
22900,375193600,7.081542e+15,5.947257,5.960051,5.924137
23000,376832000,7.112466e+15,5.920353,5.955066,5.919690
23100,378470400,7.143390e+15,5.916162,5.951666,5.918555
23200,380108800,7.174313e+15,5.939325,5.956663,5.915057
23300,381747200,7.205237e+15,5.907331,5.951619,5.913210
23400,383385600,7.236161e+15,5.921814,5.938091,5.902640
23500,385024000,7.267085e+15,5.940817,5.937671,5.897683
23600,386662400,7.298008e+15,5.931801,5.941719,5.904497
23700,388300800,7.328932e+15,5.918084,5.933158,5.897776
23800,389939200,7.359856e+15,5.903853,5.928131,5.895215
23900,391577600,7.390780e+15,5.889872,5.933871,5.891908
24000,393216000,7.421703e+15,5.904917,5.931382,5.892264
24100,394854400,7.452627e+15,5.915036,5.929008,5.889649
24200,396492800,7.483551e+15,5.920483,5.929250,5.887194
24300,398131200,7.514475e+15,5.903282,5.919264,5.878279
24400,399769600,7.545399e+15,5.913115,5.920089,5.878123
24500,401408000,7.576322e+15,5.901018,5.920097,5.876574
24600,403046400,7.607246e+15,5.893778,5.911708,5.871062
24700,404684800,7.638170e+15,5.892578,5.915317,5.875275
24800,406323200,7.669094e+15,5.898769,5.913979,5.874220
24900,407961600,7.700017e+15,5.890982,5.910351,5.866709
25000,409600000,7.730941e+15,5.918148,5.909277,5.870052
25100,411238400,7.761865e+15,5.880807,5.913215,5.878119
25200,412876800,7.792789e+15,5.873755,5.897681,5.854311
25300,414515200,7.823712e+15,5.877323,5.898029,5.859121
25400,416153600,7.854636e+15,5.856199,5.901577,5.857276
25500,417792000,7.885560e+15,5.846941,5.885949,5.842290
25600,419430400,7.916484e+15,5.866099,5.888110,5.843633
25700,421068800,7.947407e+15,5.903407,5.886307,5.843792
25800,422707200,7.978331e+15,5.859472,5.883195,5.838209
25900,424345600,8.009255e+15,5.853355,5.884001,5.845395
26000,425984000,8.040179e+15,5.866993,5.882296,5.838214
26100,427622400,8.071103e+15,5.840608,5.874309,5.837141
26200,429260800,8.102026e+15,5.838045,5.866685,5.831816
26300,430899200,8.132950e+15,5.839138,5.870952,5.829169
26400,432537600,8.163874e+15,5.846889,5.865268,5.826509
26500,434176000,8.194798e+15,5.849489,5.865561,5.818607
26600,435814400,8.225721e+15,5.810856,5.867284,5.818842
26700,437452800,8.256645e+15,5.849364,5.866798,5.820728
26800,439091200,8.287569e+15,5.843638,5.861341,5.814401
26900,440729600,8.318493e+15,5.834467,5.852990,5.814656
27000,442368000,8.349416e+15,5.849307,5.854295,5.812908
27100,444006400,8.380340e+15,5.823550,5.850684,5.806213
27200,445644800,8.411264e+15,5.824833,5.844026,5.804634
27300,447283200,8.442188e+15,5.800595,5.846772,5.803336
27400,448921600,8.473111e+15,5.827761,5.844469,5.802421
27500,450560000,8.504035e+15,5.824075,5.850066,5.806564
27600,452198400,8.534959e+15,5.831662,5.842870,5.797524
27700,453836800,8.565883e+15,5.798431,5.844955,5.804410
27800,455475200,8.596807e+15,5.816706,5.837762,5.800748
27900,457113600,8.627730e+15,5.837792,5.834281,5.796221
28000,458752000,8.658654e+15,5.828367,5.827294,5.787044
28100,460390400,8.689578e+15,5.810545,5.831403,5.785087
28200,462028800,8.720502e+15,5.812490,5.827876,5.784456
28300,463667200,8.751425e+15,5.819768,5.824442,5.775798
28400,465305600,8.782349e+15,5.801909,5.812899,5.770101
28500,466944000,8.813273e+15,5.810675,5.814821,5.773004
28600,468582400,8.844197e+15,5.812426,5.815295,5.772777
28700,470220800,8.875120e+15,5.795171,5.812679,5.769208
28800,471859200,8.906044e+15,5.824042,5.816050,5.769608
28900,473497600,8.936968e+15,5.811496,5.812207,5.765251
29000,475136000,8.967892e+15,5.776801,5.806043,5.760366
29100,476774400,8.998815e+15,5.806220,5.808766,5.768617
29200,478412800,9.029739e+15,5.812637,5.805470,5.764070
29300,480051200,9.060663e+15,5.796478,5.800908,5.755039
29400,481689600,9.091587e+15,5.782209,5.798895,5.756951
29500,483328000,9.122511e+15,5.803856,5.798313,5.754307
29600,484966400,9.153434e+15,5.778558,5.792146,5.755914
29700,486604800,9.184358e+15,5.772167,5.794496,5.757756
29800,488243200,9.215282e+15,5.797412,5.788641,5.751432
29900,489881600,9.246206e+15,5.770906,5.790063,5.750361
30000,491520000,9.277129e+15,5.781429,5.786684,5.745909
30100,493158400,9.308053e+15,5.751929,5.786118,5.739731
30200,494796800,9.338977e+15,5.774434,5.781310,5.736704
30300,496435200,9.369901e+15,5.759699,5.781097,5.737117
30400,498073600,9.400824e+15,5.762562,5.773677,5.730497
30500,499712000,9.431748e+15,5.754070,5.770718,5.729375
30600,501350400,9.462672e+15,5.764502,5.775177,5.730281
30700,502988800,9.493596e+15,5.769844,5.775560,5.734948
30800,504627200,9.524519e+15,5.753838,5.765119,5.724445
30900,506265600,9.555443e+15,5.755937,5.771015,5.728422
31000,507904000,9.586367e+15,5.756052,5.761434,5.716994
31100,509542400,9.617291e+15,5.741575,5.761200,5.723147
31200,511180800,9.648215e+15,5.769382,5.757339,5.719948
31300,512819200,9.679138e+15,5.763213,5.762296,5.723625
31400,514457600,9.710062e+15,5.739601,5.751008,5.716830
31500,516096000,9.740986e+15,5.747389,5.757014,5.715894
31600,517734400,9.771910e+15,5.722931,5.750813,5.711341
31700,519372800,9.802833e+15,5.723115,5.744354,5.702240
31800,521011200,9.833757e+15,5.731645,5.748795,5.706039
31900,522649600,9.864681e+15,5.748465,5.742797,5.701721
32000,524288000,9.895605e+15,5.754048,5.743279,5.703035
32100,525926400,9.926528e+15,5.717904,5.748468,5.703925
32200,527564800,9.957452e+15,5.703093,5.739238,5.696567
32300,529203200,9.988376e+15,5.732872,5.745248,5.696723
32400,530841600,1.001930e+16,5.715562,5.738814,5.694389
32500,532480000,1.005022e+16,5.732574,5.741192,5.697656
32600,534118400,1.008115e+16,5.740701,5.732383,5.693765
32700,535756800,1.011207e+16,5.717188,5.733652,5.690949
32800,537395200,1.014299e+16,5.718505,5.736667,5.691618
32900,539033600,1.017392e+16,5.721375,5.723199,5.682230
33000,540672000,1.020484e+16,5.713542,5.717473,5.678211
33100,542310400,1.023577e+16,5.703739,5.722907,5.679882
33200,543948800,1.026669e+16,5.703796,5.715414,5.676573
33300,545587200,1.029761e+16,5.720788,5.724679,5.682542
33400,547225600,1.032854e+16,5.742857,5.718444,5.673916
33500,548864000,1.035946e+16,5.712315,5.717091,5.676095
33600,550502400,1.039038e+16,5.711969,5.716281,5.674390
33700,552140800,1.042131e+16,5.700363,5.714418,5.675659
33800,553779200,1.045223e+16,5.702368,5.708666,5.670496
33900,555417600,1.048316e+16,5.693854,5.709434,5.668304
34000,557056000,1.051408e+16,5.699267,5.708783,5.668043
34100,558694400,1.054500e+16,5.705975,5.706300,5.662212
34200,560332800,1.057593e+16,5.668059,5.700795,5.658367
34300,561971200,1.060685e+16,5.682618,5.704519,5.660465
34400,563609600,1.063777e+16,5.698862,5.697430,5.656480
34500,565248000,1.066870e+16,5.710894,5.699202,5.654833
34600,566886400,1.069962e+16,5.681094,5.698253,5.655348
34700,568524800,1.073055e+16,5.683819,5.695198,5.651226
34800,570163200,1.076147e+16,5.677496,5.695591,5.651809
34900,571801600,1.079239e+16,5.688927,5.699658,5.656436
35000,573440000,1.082332e+16,5.683910,5.697126,5.652254
35100,575078400,1.085424e+16,5.697804,5.696154,5.650014
35200,576716800,1.088517e+16,5.690733,5.689970,5.645229
35300,578355200,1.091609e+16,5.694748,5.683597,5.638501
35400,579993600,1.094701e+16,5.666699,5.689972,5.642684
35500,581632000,1.097794e+16,5.666094,5.683866,5.639677
35600,583270400,1.100886e+16,5.677627,5.684089,5.640271
35700,584908800,1.103978e+16,5.636729,5.678466,5.636792
35800,586547200,1.107071e+16,5.685765,5.683960,5.638963
35900,588185600,1.110163e+16,5.661091,5.680656,5.637974
36000,589824000,1.113256e+16,5.658247,5.681196,5.635748
36100,591462400,1.116348e+16,5.666337,5.674577,5.629747
36200,593100800,1.119440e+16,5.645969,5.679807,5.633236
36300,594739200,1.122533e+16,5.644336,5.671127,5.626969
36400,596377600,1.125625e+16,5.649428,5.674022,5.626939
36500,598016000,1.128717e+16,5.664869,5.664684,5.622709
36600,599654400,1.131810e+16,5.650878,5.670706,5.629346
36700,601292800,1.134902e+16,5.656584,5.663486,5.619089
36800,602931200,1.137995e+16,5.643670,5.665873,5.621568
36900,604569600,1.141087e+16,5.664495,5.663638,5.619120
37000,606208000,1.144179e+16,5.612981,5.651295,5.613676
37100,607846400,1.147272e+16,5.651401,5.664778,5.623012
37200,609484800,1.150364e+16,5.634112,5.653366,5.609472
37300,611123200,1.153456e+16,5.655662,5.655687,5.613613
37400,612761600,1.156549e+16,5.622962,5.653088,5.607391
37500,614400000,1.159641e+16,5.672048,5.653720,5.610666
37600,616038400,1.162734e+16,5.634074,5.654924,5.610704
37700,617676800,1.165826e+16,5.631948,5.648382,5.602015
37800,619315200,1.168918e+16,5.639300,5.652126,5.606050
37900,620953600,1.172011e+16,5.652812,5.649927,5.603360
38000,622592000,1.175103e+16,5.634912,5.649925,5.602674
38100,624230400,1.178195e+16,5.629813,5.645178,5.593897
38200,625868800,1.181288e+16,5.606119,5.652851,5.600442
38300,627507200,1.184380e+16,5.626194,5.647910,5.598822
38400,629145600,1.187473e+16,5.623616,5.641763,5.591390
38500,630784000,1.190565e+16,5.635246,5.639078,5.591688
38600,632422400,1.193657e+16,5.611279,5.630462,5.588298
38700,634060800,1.196750e+16,5.605470,5.636485,5.593802
38800,635699200,1.199842e+16,5.631295,5.629224,5.589476
38900,637337600,1.202934e+16,5.600354,5.628715,5.585341
39000,638976000,1.206027e+16,5.629929,5.630201,5.587989
39100,640614400,1.209119e+16,5.594244,5.623990,5.579959
39200,642252800,1.212212e+16,5.611888,5.620372,5.576266
39300,643891200,1.215304e+16,5.615281,5.629212,5.581817
39400,645529600,1.218396e+16,5.588054,5.622744,5.578628
39500,647168000,1.221489e+16,5.604698,5.610819,5.565786
39600,648806400,1.224581e+16,5.595961,5.624213,5.573881
39700,650444800,1.227673e+16,5.565126,5.622285,5.576443
39800,652083200,1.230766e+16,5.600409,5.625290,5.577133
39900,653721600,1.233858e+16,5.605903,5.612434,5.567566
40000,655360000,1.236951e+16,5.592017,5.617535,5.566439
40100,656998400,1.240043e+16,5.590169,5.621632,5.570294
40200,658636800,1.243135e+16,5.595088,5.613101,5.564800
40300,660275200,1.246228e+16,5.595684,5.610751,5.565146
40400,661913600,1.249320e+16,5.597415,5.616823,5.568841
40500,663552000,1.252412e+16,5.571105,5.599485,5.557023
40600,665190400,1.255505e+16,5.586727,5.601724,5.556371
40700,666828800,1.258597e+16,5.589271,5.597739,5.551195
40800,668467200,1.261690e+16,5.570382,5.596517,5.550766
40900,670105600,1.264782e+16,5.602696,5.594399,5.550210
41000,671744000,1.267874e+16,5.589510,5.599067,5.548884
41100,673382400,1.270967e+16,5.582480,5.596133,5.546099
41200,675020800,1.274059e+16,5.570222,5.589530,5.542377
41300,676659200,1.277151e+16,5.598503,5.596190,5.545439
41400,678297600,1.280244e+16,5.587742,5.590842,5.543794
41500,679936000,1.283336e+16,5.581145,5.598493,5.551015
41600,681574400,1.286429e+16,5.588806,5.589538,5.545019
41700,683212800,1.289521e+16,5.568048,5.587591,5.543972
41800,684851200,1.292613e+16,5.570498,5.588448,5.539881
41900,686489600,1.295706e+16,5.594667,5.590292,5.536092
42000,688128000,1.298798e+16,5.579491,5.592142,5.539711
42100,689766400,1.301890e+16,5.561781,5.588135,5.538841
42200,691404800,1.304983e+16,5.570332,5.586842,5.537239
42300,693043200,1.308075e+16,5.557169,5.574588,5.526458
42400,694681600,1.311168e+16,5.578156,5.576860,5.528164
42500,696320000,1.314260e+16,5.551672,5.572801,5.523276
42600,697958400,1.317352e+16,5.544793,5.573955,5.524171
42700,699596800,1.320445e+16,5.537579,5.571858,5.524585
42800,701235200,1.323537e+16,5.546664,5.581186,5.533301
42900,702873600,1.326629e+16,5.553886,5.566317,5.521875
43000,704512000,1.329722e+16,5.576568,5.561560,5.516029
43100,706150400,1.332814e+16,5.561357,5.566937,5.518384
43200,707788800,1.335907e+16,5.559762,5.564421,5.520098
43300,709427200,1.338999e+16,5.533857,5.558533,5.512065
43400,711065600,1.342091e+16,5.542520,5.566381,5.519711
43500,712704000,1.345184e+16,5.533835,5.560103,5.514108
43600,714342400,1.348276e+16,5.569769,5.554255,5.511161
43700,715980800,1.351369e+16,5.544435,5.554989,5.512973
43800,717619200,1.354461e+16,5.550790,5.545093,5.504355
43900,719257600,1.357553e+16,5.560895,5.540837,5.500711
44000,720896000,1.360646e+16,5.533324,5.546227,5.501469
44100,722534400,1.363738e+16,5.518001,5.542265,5.499841
44200,724172800,1.366830e+16,5.509834,5.535414,5.494867
44300,725811200,1.369923e+16,5.519979,5.534443,5.493908
44400,727449600,1.373015e+16,5.527996,5.543604,5.497995
44500,729088000,1.376108e+16,5.538711,5.539408,5.494483
44600,730726400,1.379200e+16,5.519002,5.537945,5.493671
44700,732364800,1.382292e+16,5.529443,5.539492,5.493375
44800,734003200,1.385385e+16,5.503469,5.537701,5.492186
44900,735641600,1.388477e+16,5.510941,5.525930,5.482591
45000,737280000,1.391569e+16,5.510961,5.528668,5.485488
45100,738918400,1.394662e+16,5.530856,5.524474,5.483404
45200,740556800,1.397754e+16,5.536979,5.526627,5.483574
45300,742195200,1.400847e+16,5.521376,5.527961,5.481648
45400,743833600,1.403939e+16,5.512169,5.527157,5.483894
45500,745472000,1.407031e+16,5.487964,5.527329,5.484178
45600,747110400,1.410124e+16,5.497034,5.525066,5.479906
45700,748748800,1.413216e+16,5.506478,5.523593,5.481186
45800,750387200,1.416308e+16,5.503698,5.517726,5.477621
45900,752025600,1.419401e+16,5.496861,5.516674,5.472877
46000,753664000,1.422493e+16,5.510139,5.514374,5.472667
46100,755302400,1.425586e+16,5.536168,5.505704,5.469540
46200,756940800,1.428678e+16,5.498667,5.506732,5.468382
46300,758579200,1.431770e+16,5.499009,5.497834,5.458327
46400,760217600,1.434863e+16,5.491782,5.504823,5.465972
46500,761856000,1.437955e+16,5.500851,5.502424,5.460844
46600,763494400,1.441047e+16,5.503297,5.505899,5.467439
46700,765132800,1.444140e+16,5.498876,5.502368,5.461536
46800,766771200,1.447232e+16,5.479644,5.496649,5.459390
46900,768409600,1.450325e+16,5.483867,5.490309,5.451723
47000,770048000,1.453417e+16,5.488396,5.495753,5.452552
47100,771686400,1.456509e+16,5.481066,5.497526,5.452275
47200,773324800,1.459602e+16,5.495466,5.495728,5.450812
47300,774963200,1.462694e+16,5.497500,5.488380,5.449395
47400,776601600,1.465786e+16,5.491670,5.493697,5.449912
47500,778240000,1.468879e+16,5.479640,5.489080,5.446799
47600,779878400,1.471971e+16,5.480985,5.485813,5.445405
47700,781516800,1.475064e+16,5.468904,5.485355,5.444231
47800,783155200,1.478156e+16,5.467847,5.481167,5.439719
47900,784793600,1.481248e+16,5.485785,5.486862,5.444527
48000,786432000,1.484341e+16,5.487762,5.475458,5.433107
48100,788070400,1.487433e+16,5.489419,5.485971,5.436059
48200,789708800,1.490525e+16,5.473485,5.484835,5.433702
48300,791347200,1.493618e+16,5.488759,5.473714,5.430079
48400,792985600,1.496710e+16,5.459352,5.477872,5.433214
48500,794624000,1.499803e+16,5.461758,5.469305,5.427867
48600,796262400,1.502895e+16,5.485266,5.471432,5.429515
48700,797900800,1.505987e+16,5.474935,5.471490,5.426865
48800,799539200,1.509080e+16,5.475371,5.466262,5.423338
48900,801177600,1.512172e+16,5.472237,5.466727,5.423786
49000,802816000,1.515264e+16,5.465897,5.466276,5.420375
49100,804454400,1.518357e+16,5.472294,5.465991,5.424261
49200,806092800,1.521449e+16,5.439207,5.461513,5.419519
49300,807731200,1.524542e+16,5.477502,5.462272,5.414346
49400,809369600,1.527634e+16,5.457213,5.458373,5.416369
49500,811008000,1.530726e+16,5.436971,5.462893,5.413590
49600,812646400,1.533819e+16,5.433053,5.460420,5.416266
49700,814284800,1.536911e+16,5.441856,5.457367,5.410624
49800,815923200,1.540003e+16,5.457200,5.458940,5.412349
49900,817561600,1.543096e+16,5.464101,5.453567,5.407193
50000,819200000,1.546188e+16,5.458778,5.458699,5.414203
50100,820838400,1.549281e+16,5.429665,5.456943,5.410198
50200,822476800,1.552373e+16,5.441679,5.450498,5.404082
50300,824115200,1.555465e+16,5.452232,5.452669,5.407994
50400,825753600,1.558558e+16,5.437097,5.446968,5.403571
50500,827392000,1.561650e+16,5.435802,5.441157,5.399057
50600,829030400,1.564742e+16,5.424440,5.441437,5.398885
50700,830668800,1.567835e+16,5.431248,5.444902,5.399288
50800,832307200,1.570927e+16,5.458313,5.450115,5.404199
50900,833945600,1.574020e+16,5.431158,5.443658,5.395781
51000,835584000,1.577112e+16,5.431577,5.441249,5.396582
51100,837222400,1.580204e+16,5.446686,5.445915,5.398819
51200,838860800,1.583297e+16,5.435452,5.436753,5.395501
51300,840499200,1.586389e+16,5.426241,5.433491,5.390331
51400,842137600,1.589481e+16,5.435090,5.439077,5.392736
51500,843776000,1.592574e+16,5.416975,5.434129,5.387180
51600,845414400,1.595666e+16,5.432450,5.440627,5.388629
51700,847052800,1.598759e+16,5.396430,5.434604,5.384853
51800,848691200,1.601851e+16,5.430223,5.434975,5.384269
51900,850329600,1.604943e+16,5.404310,5.432339,5.386711
52000,851968000,1.608036e+16,5.429583,5.425618,5.380877
52100,853606400,1.611128e+16,5.414847,5.425109,5.378492
52200,855244800,1.614221e+16,5.392318,5.429127,5.383027
52300,856883200,1.617313e+16,5.385415,5.423739,5.376303
52400,858521600,1.620405e+16,5.411475,5.419733,5.371351
52500,860160000,1.623498e+16,5.417027,5.419643,5.376566
52600,861798400,1.626590e+16,5.412034,5.413152,5.369973
52700,863436800,1.629682e+16,5.424026,5.417313,5.375142
52800,865075200,1.632775e+16,5.394966,5.409680,5.368247
52900,866713600,1.635867e+16,5.393876,5.414963,5.372569
53000,868352000,1.638960e+16,5.397418,5.415321,5.369629
53100,869990400,1.642052e+16,5.405179,5.415564,5.366365
53200,871628800,1.645144e+16,5.411683,5.408164,5.360585
53300,873267200,1.648237e+16,5.394125,5.406050,5.362106
53400,874905600,1.651329e+16,5.398088,5.409651,5.361903
53500,876544000,1.654421e+16,5.408755,5.402004,5.352298
53600,878182400,1.657514e+16,5.432498,5.411420,5.358863
53700,879820800,1.660606e+16,5.417710,5.410124,5.359466
53800,881459200,1.663699e+16,5.385067,5.400862,5.355360
53900,883097600,1.666791e+16,5.412252,5.399359,5.354685
54000,884736000,1.669883e+16,5.407276,5.395728,5.350209
54100,886374400,1.672976e+16,5.413980,5.395121,5.353657
54200,888012800,1.676068e+16,5.388879,5.398526,5.350565
54300,889651200,1.679160e+16,5.379245,5.395011,5.351283
54400,891289600,1.682253e+16,5.381014,5.395026,5.347022
54500,892928000,1.685345e+16,5.391715,5.386379,5.342729
54600,894566400,1.688438e+16,5.400395,5.384269,5.342182
54700,896204800,1.691530e+16,5.374481,5.388673,5.342001
54800,897843200,1.694622e+16,5.381363,5.388619,5.341480
54900,899481600,1.697715e+16,5.375624,5.380924,5.335483
55000,901120000,1.700807e+16,5.369182,5.380490,5.332153
55100,902758400,1.703899e+16,5.352382,5.383686,5.334693
55200,904396800,1.706992e+16,5.375400,5.377359,5.330013
55300,906035200,1.710084e+16,5.371759,5.379334,5.332260
55400,907673600,1.713177e+16,5.372460,5.378174,5.331769
55500,909312000,1.716269e+16,5.370327,5.374068,5.331671
55600,910950400,1.719361e+16,5.365755,5.372643,5.328866
55700,912588800,1.722454e+16,5.359355,5.374898,5.330043
55800,914227200,1.725546e+16,5.369151,5.380471,5.329984
55900,915865600,1.728638e+16,5.358273,5.373232,5.327105
56000,917504000,1.731731e+16,5.393253,5.382370,5.333108
56100,919142400,1.734823e+16,5.362055,5.370325,5.325829
56200,920780800,1.737916e+16,5.368751,5.376984,5.331257
56300,922419200,1.741008e+16,5.354883,5.375751,5.329250
56400,924057600,1.744100e+16,5.364503,5.363253,5.323907
56500,925696000,1.747193e+16,5.359188,5.359571,5.318690
56600,927334400,1.750285e+16,5.356283,5.359813,5.318402
56700,928972800,1.753377e+16,5.358043,5.357937,5.314780
56800,930611200,1.756470e+16,5.347028,5.360475,5.314765
56900,932249600,1.759562e+16,5.385698,5.358615,5.314808
57000,933888000,1.762655e+16,5.366548,5.359364,5.316484
57100,935526400,1.765747e+16,5.359965,5.357358,5.311744
57200,937164800,1.768839e+16,5.350590,5.355601,5.313262
57300,938803200,1.771932e+16,5.369958,5.356783,5.308110
57400,940441600,1.775024e+16,5.354491,5.354328,5.311771
57500,942080000,1.778116e+16,5.363635,5.354550,5.312320
57600,943718400,1.781209e+16,5.361630,5.355161,5.313282
57700,945356800,1.784301e+16,5.348099,5.350054,5.307612
57800,946995200,1.787394e+16,5.351353,5.351174,5.307471
57900,948633600,1.790486e+16,5.328616,5.347509,5.303019
58000,950272000,1.793578e+16,5.342215,5.348956,5.303115
58100,951910400,1.796671e+16,5.347468,5.350896,5.306644
58200,953548800,1.799763e+16,5.346200,5.343945,5.298993
58300,955187200,1.802855e+16,5.356882,5.341723,5.299249
58400,956825600,1.805948e+16,5.310227,5.339216,5.296404
58500,958464000,1.809040e+16,5.302866,5.341149,5.294201
58600,960102400,1.812133e+16,5.318264,5.339051,5.294390
58700,961740800,1.815225e+16,5.325727,5.341500,5.297018
58800,963379200,1.818317e+16,5.299226,5.345753,5.295924
58900,965017600,1.821410e+16,5.321935,5.340157,5.294168
59000,966656000,1.824502e+16,5.337962,5.337455,5.290048
59100,968294400,1.827594e+16,5.315197,5.336431,5.293709
59200,969932800,1.830687e+16,5.318789,5.332569,5.286082
59300,971571200,1.833779e+16,5.334526,5.337049,5.289161
59400,973209600,1.836872e+16,5.312022,5.338401,5.290231
59500,974848000,1.839964e+16,5.321879,5.329866,5.281551
59600,976486400,1.843056e+16,5.323617,5.331727,5.281809
59700,978124800,1.846149e+16,5.317758,5.328134,5.285433
59800,979763200,1.849241e+16,5.298911,5.321430,5.278390
59900,981401600,1.852333e+16,5.310893,5.323325,5.278240
60000,983040000,1.855426e+16,5.318020,5.318443,5.276462
60100,984678400,1.858518e+16,5.287180,5.318102,5.276043
60200,986316800,1.861611e+16,5.315911,5.317552,5.274860
60300,987955200,1.864703e+16,5.314219,5.320289,5.273543
60400,989593600,1.867795e+16,5.316944,5.316347,5.273871
60500,991232000,1.870888e+16,5.325757,5.315162,5.274152
60600,992870400,1.873980e+16,5.302424,5.311901,5.270426
60700,994508800,1.877073e+16,5.315459,5.311244,5.267275
60800,996147200,1.880165e+16,5.311897,5.315109,5.272078
60900,997785600,1.883257e+16,5.324715,5.311833,5.268585
61000,999424000,1.886350e+16,5.290680,5.309605,5.265916
61100,1001062400,1.889442e+16,5.296851,5.307943,5.263543
61200,1002700800,1.892534e+16,5.317931,5.301947,5.261411
61300,1004339200,1.895627e+16,5.305693,5.309927,5.263383
61400,1005977600,1.898719e+16,5.293882,5.297644,5.255264
61500,1007616000,1.901812e+16,5.307209,5.311074,5.265951
61600,1009254400,1.904904e+16,5.294173,5.303376,5.261220
61700,1010892800,1.907996e+16,5.280135,5.296334,5.256450
61800,1012531200,1.911089e+16,5.275589,5.298068,5.256266
61900,1014169600,1.914181e+16,5.273834,5.300058,5.254826
62000,1015808000,1.917273e+16,5.276371,5.299099,5.255429
62100,1017446400,1.920366e+16,5.285323,5.296455,5.252360
62200,1019084800,1.923458e+16,5.288271,5.303512,5.255149
62300,1020723200,1.926551e+16,5.289497,5.302738,5.254221
62400,1022361600,1.929643e+16,5.264894,5.298118,5.247570
62500,1024000000,1.932735e+16,5.252934,5.295876,5.248711
62600,1025638400,1.935828e+16,5.280870,5.297933,5.251829
62700,1027276800,1.938920e+16,5.312876,5.289708,5.243504
62800,1028915200,1.942012e+16,5.288250,5.292264,5.247568
62900,1030553600,1.945105e+16,5.274394,5.290182,5.246144
63000,1032192000,1.948197e+16,5.296383,5.293495,5.245203
63100,1033830400,1.951290e+16,5.276199,5.289329,5.243047
63200,1035468800,1.954382e+16,5.282772,5.287539,5.238785
63300,1037107200,1.957474e+16,5.281567,5.285536,5.238002
63400,1038745600,1.960567e+16,5.269720,5.283456,5.241194
63500,1040384000,1.963659e+16,5.269070,5.282625,5.236407
63600,1042022400,1.966751e+16,5.287966,5.288714,5.241797
63700,1043660800,1.969844e+16,5.260907,5.285293,5.237463
63800,1045299200,1.972936e+16,5.265070,5.283387,5.233904
63900,1046937600,1.976029e+16,5.288999,5.283175,5.232905
64000,1048576000,1.979121e+16,5.252978,5.281216,5.230060
64100,1050214400,1.982213e+16,5.260708,5.271412,5.226108
64200,1051852800,1.985306e+16,5.271572,5.273491,5.227510
64300,1053491200,1.988398e+16,5.281758,5.269515,5.224015
64400,1055129600,1.991490e+16,5.260984,5.276226,5.226470
64500,1056768000,1.994583e+16,5.264812,5.273887,5.225026
64600,1058406400,1.997675e+16,5.291613,5.272816,5.224260
64700,1060044800,2.000768e+16,5.277044,5.272412,5.225358
64800,1061683200,2.003860e+16,5.248328,5.275816,5.225357
64900,1063321600,2.006952e+16,5.255658,5.270277,5.221616
65000,1064960000,2.010045e+16,5.252879,5.267628,5.220252
65100,1066598400,2.013137e+16,5.256729,5.267700,5.217742
65200,1068236800,2.016229e+16,5.262766,5.271915,5.220944
65300,1069875200,2.019322e+16,5.268713,5.268452,5.219624
65400,1071513600,2.022414e+16,5.259721,5.269284,5.219427
65500,1073152000,2.025507e+16,5.253351,5.264380,5.216124
65600,1074790400,2.028599e+16,5.220075,5.259572,5.211803
65700,1076428800,2.031691e+16,5.254642,5.265455,5.214713
65800,1078067200,2.034784e+16,5.251683,5.261268,5.212673
65900,1079705600,2.037876e+16,5.252745,5.254338,5.208200
66000,1081344000,2.040968e+16,5.251330,5.258499,5.209187
66100,1082982400,2.044061e+16,5.245769,5.262442,5.211464
66200,1084620800,2.047153e+16,5.246559,5.249307,5.203242
66300,1086259200,2.050246e+16,5.248536,5.253967,5.209025
66400,1087897600,2.053338e+16,5.240638,5.250419,5.201184
66500,1089536000,2.056430e+16,5.236582,5.248585,5.201167
66600,1091174400,2.059523e+16,5.232522,5.252072,5.199615
66700,1092812800,2.062615e+16,5.224668,5.248648,5.200904
66800,1094451200,2.065707e+16,5.227638,5.247713,5.201282
66900,1096089600,2.068800e+16,5.238825,5.249718,5.201897
67000,1097728000,2.071892e+16,5.243924,5.253690,5.198908
67100,1099366400,2.074985e+16,5.249784,5.251850,5.196923
67200,1101004800,2.078077e+16,5.237518,5.249475,5.195839
67300,1102643200,2.081169e+16,5.228966,5.245623,5.194749
67400,1104281600,2.084262e+16,5.245840,5.249080,5.196007
67500,1105920000,2.087354e+16,5.235504,5.241745,5.193053
67600,1107558400,2.090446e+16,5.214430,5.244399,5.193521
67700,1109196800,2.093539e+16,5.210367,5.242263,5.191742
67800,1110835200,2.096631e+16,5.215464,5.234510,5.185265
67900,1112473600,2.099724e+16,5.213082,5.242192,5.191064
68000,1114112000,2.102816e+16,5.243786,5.237242,5.188273
68100,1115750400,2.105908e+16,5.203601,5.237703,5.185784
68200,1117388800,2.109001e+16,5.218846,5.236690,5.181785
68300,1119027200,2.112093e+16,5.245579,5.234976,5.183419
68400,1120665600,2.115185e+16,5.208884,5.239078,5.189933
68500,1122304000,2.118278e+16,5.233441,5.232315,5.182847
68600,1123942400,2.121370e+16,5.234721,5.232404,5.180920
68700,1125580800,2.124463e+16,5.222852,5.222829,5.177693
68800,1127219200,2.127555e+16,5.220987,5.227466,5.181152
68900,1128857600,2.130647e+16,5.219442,5.227078,5.176938
69000,1130496000,2.133740e+16,5.231622,5.227317,5.180038
69100,1132134400,2.136832e+16,5.218072,5.221384,5.173946
69200,1133772800,2.139925e+16,5.213620,5.226561,5.173151
69300,1135411200,2.143017e+16,5.226810,5.226832,5.172657
69400,1137049600,2.146109e+16,5.215042,5.222209,5.168536
69500,1138688000,2.149202e+16,5.211588,5.225585,5.171011
69600,1140326400,2.152294e+16,5.215464,5.217357,5.164024
69700,1141964800,2.155386e+16,5.205152,5.222110,5.168119
69800,1143603200,2.158479e+16,5.204854,5.221484,5.169496
69900,1145241600,2.161571e+16,5.211296,5.218570,5.164995
70000,1146880000,2.164664e+16,5.219872,5.214241,5.163479
70100,1148518400,2.167756e+16,5.213617,5.211028,5.161660
70200,1150156800,2.170848e+16,5.179616,5.211791,5.158711
70300,1151795200,2.173941e+16,5.190133,5.213373,5.159781
70400,1153433600,2.177033e+16,5.202343,5.210027,5.161240
70500,1155072000,2.180125e+16,5.207391,5.211773,5.162355
70600,1156710400,2.183218e+16,5.214681,5.208803,5.159464
70700,1158348800,2.186310e+16,5.205419,5.209845,5.163015
70800,1159987200,2.189403e+16,5.195968,5.212917,5.164530
70900,1161625600,2.192495e+16,5.161955,5.207643,5.159359
71000,1163264000,2.195587e+16,5.182775,5.207453,5.155149
71100,1164902400,2.198680e+16,5.179676,5.203886,5.156800
71200,1166540800,2.201772e+16,5.207444,5.203689,5.152840
71300,1168179200,2.204864e+16,5.182518,5.201435,5.156152
71400,1169817600,2.207957e+16,5.210827,5.193375,5.150497
71500,1171456000,2.211049e+16,5.176656,5.191362,5.146004
71600,1173094400,2.214142e+16,5.169235,5.190780,5.146850
71700,1174732800,2.217234e+16,5.188691,5.193709,5.146166
71800,1176371200,2.220326e+16,5.168941,5.193981,5.143103
71900,1178009600,2.223419e+16,5.209945,5.193086,5.147321
72000,1179648000,2.226511e+16,5.212341,5.199025,5.149157
72100,1181286400,2.229603e+16,5.211857,5.192412,5.144782
72200,1182924800,2.232696e+16,5.198509,5.191193,5.144908
72300,1184563200,2.235788e+16,5.176173,5.190645,5.139770
72400,1186201600,2.238881e+16,5.161910,5.196067,5.146068
72500,1187840000,2.241973e+16,5.168188,5.191525,5.139905
72600,1189478400,2.245065e+16,5.172544,5.194432,5.144220
72700,1191116800,2.248158e+16,5.189683,5.191884,5.138954
72800,1192755200,2.251250e+16,5.158226,5.189471,5.138301
72900,1194393600,2.254342e+16,5.168207,5.188173,5.136408
73000,1196032000,2.257435e+16,5.181967,5.184266,5.134337
73100,1197670400,2.260527e+16,5.168986,5.186207,5.133612
73200,1199308800,2.263620e+16,5.183403,5.185580,5.133987
73300,1200947200,2.266712e+16,5.153427,5.185358,5.133276
73400,1202585600,2.269804e+16,5.166017,5.181304,5.128287
73500,1204224000,2.272897e+16,5.165023,5.181583,5.127355
73600,1205862400,2.275989e+16,5.161965,5.186813,5.130616
73700,1207500800,2.279081e+16,5.160272,5.179945,5.128766
73800,1209139200,2.282174e+16,5.160898,5.179960,5.128374
73900,1210777600,2.285266e+16,5.165808,5.178611,5.128543
74000,1212416000,2.288359e+16,5.166773,5.175756,5.125988
74100,1214054400,2.291451e+16,5.169693,5.173309,5.123804
74200,1215692800,2.294543e+16,5.159933,5.173653,5.124233
74300,1217331200,2.297636e+16,5.163410,5.177987,5.126915
74400,1218969600,2.300728e+16,5.161511,5.171259,5.121142
74500,1220608000,2.303820e+16,5.132387,5.170878,5.120480
74600,1222246400,2.306913e+16,5.153520,5.168889,5.119991
74700,1223884800,2.310005e+16,5.173521,5.172057,5.120977
74800,1225523200,2.313098e+16,5.146796,5.172757,5.120181
74900,1227161600,2.316190e+16,5.174080,5.171562,5.119755
75000,1228800000,2.319282e+16,5.155633,5.167674,5.115920
75100,1230438400,2.322375e+16,5.171211,5.169078,5.115111
75200,1232076800,2.325467e+16,5.143591,5.167467,5.111674
75300,1233715200,2.328559e+16,5.154049,5.161669,5.109748
75400,1235353600,2.331652e+16,5.164568,5.164437,5.110503
75500,1236992000,2.334744e+16,5.165893,5.161983,5.109788
75600,1238630400,2.337837e+16,5.145831,5.159533,5.106221
75700,1240268800,2.340929e+16,5.155255,5.160665,5.108949
75800,1241907200,2.344021e+16,5.139741,5.159546,5.108830
75900,1243545600,2.347114e+16,5.136713,5.154724,5.105944
76000,1245184000,2.350206e+16,5.148326,5.159415,5.107554
76100,1246822400,2.353298e+16,5.154177,5.163009,5.111373
76200,1248460800,2.356391e+16,5.113332,5.156865,5.107371
76300,1250099200,2.359483e+16,5.139371,5.155948,5.104306
76400,1251737600,2.362576e+16,5.134834,5.153510,5.102624
76500,1253376000,2.365668e+16,5.138840,5.149562,5.100151
76600,1255014400,2.368760e+16,5.150852,5.149873,5.101401
76700,1256652800,2.371853e+16,5.123711,5.150904,5.102874
76800,1258291200,2.374945e+16,5.114173,5.154162,5.101914
76900,1259929600,2.378037e+16,5.104557,5.147285,5.097139
77000,1261568000,2.381130e+16,5.138334,5.144370,5.093717
77100,1263206400,2.384222e+16,5.134002,5.150280,5.099042
77200,1264844800,2.387315e+16,5.131733,5.143509,5.093579
77300,1266483200,2.390407e+16,5.129858,5.136503,5.093266
77400,1268121600,2.393499e+16,5.114262,5.144455,5.096977
77500,1269760000,2.396592e+16,5.129858,5.140987,5.094408
77600,1271398400,2.399684e+16,5.109670,5.142854,5.095049
77700,1273036800,2.402777e+16,5.141401,5.139069,5.092264
77800,1274675200,2.405869e+16,5.116632,5.135075,5.091686
77900,1276313600,2.408961e+16,5.099091,5.136648,5.090111
78000,1277952000,2.412054e+16,5.126835,5.132466,5.083949
78100,1279590400,2.415146e+16,5.136677,5.137394,5.089473
78200,1281228800,2.418238e+16,5.113737,5.137331,5.090492
78300,1282867200,2.421331e+16,5.125782,5.137080,5.084071
78400,1284505600,2.424423e+16,5.110386,5.137833,5.088273
78500,1286144000,2.427516e+16,5.117677,5.136463,5.085515
78600,1287782400,2.430608e+16,5.113713,5.130990,5.082605
78700,1289420800,2.433700e+16,5.126889,5.131919,5.083003
78800,1291059200,2.436793e+16,5.141936,5.134815,5.083167
78900,1292697600,2.439885e+16,5.126783,5.134496,5.081395
79000,1294336000,2.442977e+16,5.116518,5.133244,5.081432
79100,1295974400,2.446070e+16,5.130280,5.132169,5.082498
79200,1297612800,2.449162e+16,5.120735,5.128051,5.076687
79300,1299251200,2.452255e+16,5.132905,5.126606,5.076491
79400,1300889600,2.455347e+16,5.141153,5.128588,5.072863
79500,1302528000,2.458439e+16,5.103779,5.121006,5.070438
79600,1304166400,2.461532e+16,5.113258,5.117595,5.068283
79700,1305804800,2.464624e+16,5.106646,5.117086,5.070204
79800,1307443200,2.467716e+16,5.128475,5.122281,5.069621
79900,1309081600,2.470809e+16,5.084529,5.119783,5.069253
80000,1310720000,2.473901e+16,5.089939,5.122025,5.070111
80100,1312358400,2.476994e+16,5.100821,5.115499,5.069827
80200,1313996800,2.480086e+16,5.106166,5.115133,5.067595
80300,1315635200,2.483178e+16,5.103375,5.107433,5.064497
80400,1317273600,2.486271e+16,5.106366,5.106995,5.065125
80500,1318912000,2.489363e+16,5.121891,5.110023,5.064783
80600,1320550400,2.492455e+16,5.109188,5.113316,5.066891
80700,1322188800,2.495548e+16,5.088643,5.114283,5.064766
80800,1323827200,2.498640e+16,5.103438,5.108834,5.061182
80900,1325465600,2.501733e+16,5.083749,5.107927,5.060412
81000,1327104000,2.504825e+16,5.111110,5.109607,5.058869
81100,1328742400,2.507917e+16,5.094464,5.111212,5.059596
81200,1330380800,2.511010e+16,5.103905,5.107551,5.057063
81300,1332019200,2.514102e+16,5.103604,5.111646,5.060572
81400,1333657600,2.517194e+16,5.096904,5.111490,5.059547
81500,1335296000,2.520287e+16,5.086892,5.112656,5.057992
81600,1336934400,2.523379e+16,5.074700,5.109372,5.056123
81700,1338572800,2.526472e+16,5.105521,5.109409,5.059815
81800,1340211200,2.529564e+16,5.093264,5.102192,5.057028
81900,1341849600,2.532656e+16,5.087007,5.104302,5.057943
82000,1343488000,2.535749e+16,5.072772,5.099470,5.052847
82100,1345126400,2.538841e+16,5.078423,5.100316,5.053677
82200,1346764800,2.541933e+16,5.074364,5.101632,5.053271
82300,1348403200,2.545026e+16,5.078177,5.098657,5.050585
82400,1350041600,2.548118e+16,5.062709,5.096845,5.050277
82500,1351680000,2.551211e+16,5.078211,5.094038,5.049322
82600,1353318400,2.554303e+16,5.073243,5.093223,5.051512
82700,1354956800,2.557395e+16,5.074431,5.094119,5.048440
82800,1356595200,2.560488e+16,5.068631,5.087481,5.045221
82900,1358233600,2.563580e+16,5.087521,5.089702,5.045255
83000,1359872000,2.566672e+16,5.092623,5.089108,5.043871
83100,1361510400,2.569765e+16,5.081360,5.085534,5.041141
83200,1363148800,2.572857e+16,5.080169,5.083864,5.040274
83300,1364787200,2.575950e+16,5.086405,5.081085,5.037727
83400,1366425600,2.579042e+16,5.088941,5.083796,5.038702
83500,1368064000,2.582134e+16,5.097634,5.086789,5.040304
83600,1369702400,2.585227e+16,5.092701,5.084721,5.039749
83700,1371340800,2.588319e+16,5.068902,5.084930,5.039197
83800,1372979200,2.591411e+16,5.071568,5.082087,5.034801
83900,1374617600,2.594504e+16,5.066941,5.085007,5.034990
84000,1376256000,2.597596e+16,5.053118,5.076571,5.031872
84100,1377894400,2.600689e+16,5.051140,5.075945,5.029028
84200,1379532800,2.603781e+16,5.069231,5.077779,5.031662
84300,1381171200,2.606873e+16,5.064551,5.076291,5.032137
84400,1382809600,2.609966e+16,5.052214,5.079520,5.034327
84500,1384448000,2.613058e+16,5.065579,5.080810,5.036511
84600,1386086400,2.616150e+16,5.076884,5.074144,5.031952
84700,1387724800,2.619243e+16,5.062234,5.068710,5.028227
84800,1389363200,2.622335e+16,5.045967,5.070697,5.031691
84900,1391001600,2.625428e+16,5.040907,5.073058,5.029198
85000,1392640000,2.628520e+16,5.049092,5.071229,5.029373
85100,1394278400,2.631612e+16,5.042266,5.071349,5.030629
85200,1395916800,2.634705e+16,5.057124,5.064182,5.025721
85300,1397555200,2.637797e+16,5.050053,5.070237,5.027867
85400,1399193600,2.640889e+16,5.056409,5.067379,5.024030
85500,1400832000,2.643982e+16,5.057865,5.071388,5.023267
85600,1402470400,2.647074e+16,5.054783,5.072590,5.023711
85700,1404108800,2.650167e+16,5.057072,5.070124,5.021314
85800,1405747200,2.653259e+16,5.039804,5.068551,5.020289
85900,1407385600,2.656351e+16,5.045274,5.068135,5.020649
86000,1409024000,2.659444e+16,5.024479,5.064716,5.022111
86100,1410662400,2.662536e+16,5.047919,5.067224,5.024553
86200,1412300800,2.665629e+16,5.040383,5.061670,5.021586
86300,1413939200,2.668721e+16,5.033292,5.064691,5.020164
86400,1415577600,2.671813e+16,5.036863,5.063822,5.018444
86500,1417216000,2.674906e+16,5.067644,5.058278,5.016460
86600,1418854400,2.677998e+16,5.031698,5.049411,5.009836
86700,1420492800,2.681090e+16,5.039641,5.055977,5.011220
86800,1422131200,2.684183e+16,5.049383,5.051794,5.011083
86900,1423769600,2.687275e+16,5.058910,5.053459,5.007779
87000,1425408000,2.690368e+16,5.049963,5.054623,5.009716
87100,1427046400,2.693460e+16,5.050057,5.058116,5.012685
87200,1428684800,2.696552e+16,5.062884,5.056958,5.014152
87300,1430323200,2.699645e+16,5.043933,5.057910,5.011366
87400,1431961600,2.702737e+16,5.064421,5.055476,5.011415
87500,1433600000,2.705829e+16,5.056229,5.055284,5.010821
87600,1435238400,2.708922e+16,5.064327,5.054460,5.008128
87700,1436876800,2.712014e+16,5.026594,5.050012,5.006205
87800,1438515200,2.715107e+16,5.041254,5.052913,5.006116
87900,1440153600,2.718199e+16,5.044163,5.045377,5.001978
88000,1441792000,2.721291e+16,5.040938,5.046325,5.002550
88100,1443430400,2.724384e+16,5.024414,5.046632,5.001146
88200,1445068800,2.727476e+16,5.041828,5.043315,4.999768
88300,1446707200,2.730568e+16,5.029023,5.046383,4.999585
88400,1448345600,2.733661e+16,5.036658,5.049882,5.001298
88500,1449984000,2.736753e+16,5.031175,5.043268,4.999680
88600,1451622400,2.739846e+16,5.018815,5.046109,4.997450
88700,1453260800,2.742938e+16,5.022160,5.044241,4.998915
88800,1454899200,2.746030e+16,5.037911,5.048424,5.000693
88900,1456537600,2.749123e+16,5.016109,5.038366,4.992771
89000,1458176000,2.752215e+16,5.045260,5.046569,4.997992
89100,1459814400,2.755307e+16,5.054917,5.049081,4.995449
89200,1461452800,2.758400e+16,5.036325,5.045365,4.994503
89300,1463091200,2.761492e+16,5.049674,5.042096,4.992879
89400,1464729600,2.764585e+16,5.018497,5.038145,4.988100
89500,1466368000,2.767677e+16,5.001040,5.040883,4.992334
89600,1468006400,2.770769e+16,5.025432,5.037911,4.989001
89700,1469644800,2.773862e+16,5.019640,5.035348,4.987648
89800,1471283200,2.776954e+16,5.014324,5.032875,4.986336
89900,1472921600,2.780046e+16,5.019167,5.028035,4.985953
90000,1474560000,2.783139e+16,5.032021,5.025024,4.985450
90100,1476198400,2.786231e+16,5.053766,5.031352,4.987399
90200,1477836800,2.789324e+16,5.016391,5.031143,4.983891
90300,1479475200,2.792416e+16,5.031544,5.031432,4.985463
90400,1481113600,2.795508e+16,5.014940,5.031520,4.985137
90500,1482752000,2.798601e+16,4.989794,5.030839,4.985494
90600,1484390400,2.801693e+16,4.988489,5.027871,4.982855
90700,1486028800,2.804785e+16,5.003946,5.035198,4.989374
90800,1487667200,2.807878e+16,5.011456,5.030831,4.983841
90900,1489305600,2.810970e+16,5.014604,5.025458,4.978105
91000,1490944000,2.814063e+16,5.012360,5.030761,4.980800
91100,1492582400,2.817155e+16,5.011990,5.024761,4.983228
91200,1494220800,2.820247e+16,4.987800,5.021533,4.977904
91300,1495859200,2.823340e+16,5.010103,5.019927,4.977114
91400,1497497600,2.826432e+16,5.039156,5.023005,4.977106
91500,1499136000,2.829524e+16,5.022749,5.022630,4.977383
91600,1500774400,2.832617e+16,4.999441,5.016957,4.974085
91700,1502412800,2.835709e+16,5.022571,5.021994,4.974974
91800,1504051200,2.838802e+16,5.026973,5.019905,4.972240
91900,1505689600,2.841894e+16,5.018359,5.029801,4.980313
92000,1507328000,2.844986e+16,5.006728,5.021355,4.972718
92100,1508966400,2.848079e+16,5.020625,5.017961,4.970946
92200,1510604800,2.851171e+16,4.987208,5.017924,4.969453
92300,1512243200,2.854263e+16,5.026739,5.016489,4.969920
92400,1513881600,2.857356e+16,4.995893,5.011108,4.968875
92500,1515520000,2.860448e+16,4.990121,5.016463,4.966455
92600,1517158400,2.863541e+16,5.008831,5.015951,4.967039
92700,1518796800,2.866633e+16,4.990726,5.012620,4.966424
92800,1520435200,2.869725e+16,5.003878,5.016364,4.967171
92900,1522073600,2.872818e+16,5.007730,5.013073,4.964331
93000,1523712000,2.875910e+16,5.002238,5.013949,4.962507
93100,1525350400,2.879002e+16,5.019993,5.010786,4.963665
93200,1526988800,2.882095e+16,4.997169,5.009097,4.962204
93300,1528627200,2.885187e+16,5.013529,5.005078,4.961065
93400,1530265600,2.888280e+16,4.970735,5.008741,4.961500
93500,1531904000,2.891372e+16,5.011414,5.004829,4.959169
93600,1533542400,2.894464e+16,5.026186,5.009374,4.962297
93700,1535180800,2.897557e+16,5.001727,5.005330,4.957342
93800,1536819200,2.900649e+16,4.997291,5.001047,4.956891
93900,1538457600,2.903741e+16,5.011702,5.006148,4.957774
94000,1540096000,2.906834e+16,4.984720,5.002617,4.954302
94100,1541734400,2.909926e+16,4.992116,5.006522,4.952556
94200,1543372800,2.913019e+16,5.016311,5.001824,4.955029
94300,1545011200,2.916111e+16,4.985796,4.998492,4.950114
94400,1546649600,2.919203e+16,5.000294,4.997622,4.954528
94500,1548288000,2.922296e+16,4.988936,4.997388,4.954861
94600,1549926400,2.925388e+16,5.017879,4.992279,4.946159
94700,1551564800,2.928481e+16,5.004168,4.994443,4.949081
94800,1553203200,2.931573e+16,5.000143,5.000003,4.950047
94900,1554841600,2.934665e+16,4.977690,4.995498,4.944169
95000,1556480000,2.937758e+16,4.997638,4.996535,4.944870
95100,1558118400,2.940850e+16,4.973243,4.994347,4.945952
95200,1559756800,2.943942e+16,4.970676,4.998136,4.947173
95300,1561395200,2.947035e+16,4.975046,4.990863,4.942241
95400,1563033600,2.950127e+16,4.982156,4.999543,4.947992
95500,1564672000,2.953220e+16,4.974278,4.998631,4.947183
95600,1566310400,2.956312e+16,4.989369,5.000175,4.943980
95700,1567948800,2.959404e+16,4.981276,4.997467,4.943702
95800,1569587200,2.962497e+16,5.010389,4.992232,4.939011
95900,1571225600,2.965589e+16,4.995894,4.991187,4.941351
96000,1572864000,2.968681e+16,5.000311,4.990028,4.942488
96100,1574502400,2.971774e+16,4.973702,4.995488,4.941735
96200,1576140800,2.974866e+16,4.956306,4.990224,4.941412
96300,1577779200,2.977959e+16,4.980698,4.989196,4.939043
96400,1579417600,2.981051e+16,5.010529,4.986392,4.933818
96500,1581056000,2.984143e+16,4.996373,4.990983,4.938065
96600,1582694400,2.987236e+16,4.968434,4.987756,4.933319
96700,1584332800,2.990328e+16,4.972887,4.984843,4.932814
96800,1585971200,2.993420e+16,4.970776,4.980571,4.933556
96900,1587609600,2.996513e+16,4.948545,4.976527,4.931444
97000,1589248000,2.999605e+16,5.008197,4.984737,4.934688
97100,1590886400,3.002698e+16,4.964479,4.979075,4.932289
97200,1592524800,3.005790e+16,4.962614,4.979428,4.932167
97300,1594163200,3.008882e+16,4.945541,4.975576,4.930994
97400,1595801600,3.011975e+16,4.958774,4.975628,4.928904
97500,1597440000,3.015067e+16,4.961435,4.979865,4.931750
97600,1599078400,3.018159e+16,4.975805,4.974962,4.931217
97700,1600716800,3.021252e+16,4.966055,4.977526,4.928571
97800,1602355200,3.024344e+16,4.962212,4.975039,4.929403
97900,1603993600,3.027437e+16,4.969946,4.969778,4.925975
98000,1605632000,3.030529e+16,4.967886,4.971192,4.925924
98100,1607270400,3.033621e+16,4.978292,4.971266,4.926555
98200,1608908800,3.036714e+16,4.981367,4.968718,4.925150
98300,1610547200,3.039806e+16,4.973665,4.964477,4.920209
98400,1612185600,3.042898e+16,4.962433,4.970713,4.925654
98500,1613824000,3.045991e+16,4.957744,4.975938,4.928782
98600,1615462400,3.049083e+16,4.956944,4.973597,4.926053
98700,1617100800,3.052176e+16,4.966419,4.969606,4.923102
98800,1618739200,3.055268e+16,4.982790,4.969598,4.922208
98900,1620377600,3.058360e+16,4.961143,4.966875,4.924237
99000,1622016000,3.061453e+16,4.949458,4.966933,4.920459
99100,1623654400,3.064545e+16,4.970828,4.966485,4.919194
99200,1625292800,3.067637e+16,4.950428,4.965424,4.920486
99300,1626931200,3.070730e+16,4.942727,4.965360,4.919824
99400,1628569600,3.073822e+16,4.966136,4.963182,4.921778
99500,1630208000,3.076915e+16,4.958466,4.966292,4.918724
99600,1631846400,3.080007e+16,4.933694,4.963537,4.917294
99700,1633484800,3.083099e+16,4.965458,4.967391,4.920610
99800,1635123200,3.086192e+16,4.938954,4.962728,4.916474
99900,1636761600,3.089284e+16,4.957972,4.961770,4.914237
100000,1638400000,3.092376e+16,4.926998,4.960123,4.914240
100100,1640038400,3.095469e+16,4.940405,4.961898,4.914789
100200,1641676800,3.098561e+16,4.957406,4.959193,4.913472
100300,1643315200,3.101654e+16,4.946610,4.961963,4.915995
100400,1644953600,3.104746e+16,4.934941,4.956103,4.910055
100500,1646592000,3.107838e+16,4.941314,4.958073,4.910367
100600,1648230400,3.110931e+16,4.938622,4.951661,4.907351
100700,1649868800,3.114023e+16,4.941470,4.956607,4.910901
100800,1651507200,3.117115e+16,4.935528,4.954278,4.908516
100900,1653145600,3.120208e+16,4.933372,4.947049,4.904094
101000,1654784000,3.123300e+16,4.936757,4.949691,4.907119
101100,1656422400,3.126393e+16,4.933965,4.954090,4.908550
101200,1658060800,3.129485e+16,4.910389,4.949896,4.903305
101300,1659699200,3.132577e+16,4.925621,4.956824,4.905550
101400,1661337600,3.135670e+16,4.947767,4.950725,4.905137
101500,1662976000,3.138762e+16,4.950638,4.951782,4.905244
101600,1664614400,3.141854e+16,4.911650,4.953409,4.905115
101700,1666252800,3.144947e+16,4.931361,4.951449,4.905297
101800,1667891200,3.148039e+16,4.930391,4.949079,4.901832
101900,1669529600,3.151132e+16,4.938473,4.946382,4.898968
102000,1671168000,3.154224e+16,4.942454,4.944814,4.900279
102100,1672806400,3.157316e+16,4.948322,4.947363,4.899208
102200,1674444800,3.160409e+16,4.937321,4.944177,4.901402
102300,1676083200,3.163501e+16,4.934686,4.943592,4.899446
102400,1677721600,3.166593e+16,4.952784,4.946560,4.898568
102500,1679360000,3.169686e+16,4.943452,4.945513,4.896658
102600,1680998400,3.172778e+16,4.954090,4.941713,4.897514
102700,1682636800,3.175871e+16,4.946077,4.940460,4.893433
102800,1684275200,3.178963e+16,4.900730,4.939951,4.892435
102900,1685913600,3.182055e+16,4.904027,4.946994,4.896276
103000,1687552000,3.185148e+16,4.921259,4.939181,4.891529
103100,1689190400,3.188240e+16,4.924944,4.938992,4.892379
103200,1690828800,3.191332e+16,4.919620,4.937177,4.888204
103300,1692467200,3.194425e+16,4.968259,4.940728,4.891475
103400,1694105600,3.197517e+16,4.933528,4.934029,4.889241
103500,1695744000,3.200610e+16,4.932824,4.931161,4.886448
103600,1697382400,3.203702e+16,4.932513,4.929560,4.883607
103700,1699020800,3.206794e+16,4.907548,4.936241,4.888114
103800,1700659200,3.209887e+16,4.930112,4.934749,4.885589
103900,1702297600,3.212979e+16,4.936255,4.930986,4.884967
104000,1703936000,3.216072e+16,4.907154,4.932356,4.887293
104100,1705574400,3.219164e+16,4.924208,4.936797,4.886478
104200,1707212800,3.222256e+16,4.932305,4.934372,4.886557
104300,1708851200,3.225349e+16,4.941357,4.923661,4.878859
104400,1710489600,3.228441e+16,4.908673,4.927505,4.883506
104500,1712128000,3.231533e+16,4.915112,4.926996,4.881908
104600,1713766400,3.234626e+16,4.909359,4.930514,4.884501
104700,1715404800,3.237718e+16,4.911088,4.923186,4.878165
104800,1717043200,3.240811e+16,4.913260,4.923113,4.880954
104900,1718681600,3.243903e+16,4.924076,4.916765,4.878163
105000,1720320000,3.246995e+16,4.919940,4.921631,4.877055
105100,1721958400,3.250088e+16,4.914839,4.920829,4.876023
105200,1723596800,3.253180e+16,4.890520,4.919905,4.876075
105300,1725235200,3.256272e+16,4.903904,4.921150,4.877904
105400,1726873600,3.259365e+16,4.916991,4.922216,4.875888
105500,1728512000,3.262457e+16,4.928869,4.922567,4.875937
105600,1730150400,3.265550e+16,4.920115,4.917519,4.871323
105700,1731788800,3.268642e+16,4.929536,4.915478,4.874500
105800,1733427200,3.271734e+16,4.915312,4.916255,4.872604
105900,1735065600,3.274827e+16,4.912071,4.917143,4.870674
106000,1736704000,3.277919e+16,4.903273,4.917895,4.874396
106100,1738342400,3.281011e+16,4.899422,4.918833,4.875313
106200,1739980800,3.284104e+16,4.924981,4.917399,4.874329
106300,1741619200,3.287196e+16,4.912929,4.916366,4.872166
106400,1743257600,3.290289e+16,4.911149,4.913737,4.869947
106500,1744896000,3.293381e+16,4.917614,4.909834,4.865899
106600,1746534400,3.296473e+16,4.895870,4.904357,4.864852
106700,1748172800,3.299566e+16,4.917024,4.907390,4.864993
106800,1749811200,3.302658e+16,4.922738,4.912165,4.866546
106900,1751449600,3.305750e+16,4.900028,4.907484,4.864945
107000,1753088000,3.308843e+16,4.898102,4.910876,4.868444
107100,1754726400,3.311935e+16,4.905070,4.904523,4.863171
107200,1756364800,3.315028e+16,4.912390,4.906827,4.863791
107300,1758003200,3.318120e+16,4.883340,4.907128,4.861415
107400,1759641600,3.321212e+16,4.916647,4.911142,4.864498
107500,1761280000,3.324305e+16,4.900282,4.907153,4.860473
107600,1762918400,3.327397e+16,4.907739,4.908541,4.861232
107700,1764556800,3.330489e+16,4.904910,4.906425,4.864271
107800,1766195200,3.333582e+16,4.903415,4.906378,4.859731
107900,1767833600,3.336674e+16,4.909244,4.906530,4.857252
108000,1769472000,3.339767e+16,4.901381,4.901168,4.856476
108100,1771110400,3.342859e+16,4.881681,4.903838,4.857089
108200,1772748800,3.345951e+16,4.875377,4.898425,4.856659
108300,1774387200,3.349044e+16,4.887661,4.897722,4.853904
108400,1776025600,3.352136e+16,4.894790,4.895906,4.855863
108500,1777664000,3.355228e+16,4.897507,4.898254,4.852507
108600,1779302400,3.358321e+16,4.920365,4.901362,4.853762
108700,1780940800,3.361413e+16,4.903213,4.900371,4.853663
108800,1782579200,3.364506e+16,4.901946,4.900322,4.855514
108900,1784217600,3.367598e+16,4.907831,4.897965,4.852758
109000,1785856000,3.370690e+16,4.885756,4.897468,4.852207
109100,1787494400,3.373783e+16,4.880055,4.897361,4.852473
109200,1789132800,3.376875e+16,4.886203,4.899938,4.855372
109300,1790771200,3.379967e+16,4.873563,4.895318,4.851011
109400,1792409600,3.383060e+16,4.900803,4.898120,4.851621
109500,1794048000,3.386152e+16,4.869878,4.893141,4.849817
109600,1795686400,3.389245e+16,4.898012,4.896630,4.850473
109700,1797324800,3.392337e+16,4.875554,4.889340,4.849536
109800,1798963200,3.395429e+16,4.900176,4.885562,4.842806
109900,1800601600,3.398522e+16,4.897526,4.887901,4.842785
110000,1802240000,3.401614e+16,4.879478,4.884151,4.838909
110100,1803878400,3.404706e+16,4.882442,4.888005,4.841807
110200,1805516800,3.407799e+16,4.854579,4.890694,4.844897
110300,1807155200,3.410891e+16,4.857609,4.891353,4.844912
110400,1808793600,3.413984e+16,4.867152,4.887390,4.842366
110500,1810432000,3.417076e+16,4.886033,4.892380,4.841326
110600,1812070400,3.420168e+16,4.891490,4.892127,4.841541
110700,1813708800,3.423261e+16,4.897317,4.893421,4.842971
110800,1815347200,3.426353e+16,4.866164,4.889575,4.841492
110900,1816985600,3.429445e+16,4.872892,4.889321,4.841534
111000,1818624000,3.432538e+16,4.868278,4.880501,4.834988
111100,1820262400,3.435630e+16,4.869965,4.881106,4.834443
111200,1821900800,3.438723e+16,4.870631,4.876849,4.833064
111300,1823539200,3.441815e+16,4.871152,4.876776,4.831609
111400,1825177600,3.444907e+16,4.876155,4.884496,4.832992
111500,1826816000,3.448000e+16,4.872712,4.877840,4.830572
111600,1828454400,3.451092e+16,4.873130,4.883874,4.834662
111700,1830092800,3.454184e+16,4.871445,4.882883,4.835197
111800,1831731200,3.457277e+16,4.875334,4.878536,4.831875
111900,1833369600,3.460369e+16,4.856581,4.877294,4.830609
112000,1835008000,3.463462e+16,4.865462,4.885389,4.831878
112100,1836646400,3.466554e+16,4.879271,4.884037,4.831945
112200,1838284800,3.469646e+16,4.866660,4.878993,4.832400
112300,1839923200,3.472739e+16,4.886217,4.873519,4.829920
112400,1841561600,3.475831e+16,4.877623,4.874158,4.830339
112500,1843200000,3.478924e+16,4.884356,4.876510,4.829204
112600,1844838400,3.482016e+16,4.862788,4.871751,4.826982
112700,1846476800,3.485108e+16,4.872255,4.873584,4.828049
112800,1848115200,3.488201e+16,4.869729,4.877935,4.826682
112900,1849753600,3.491293e+16,4.858696,4.882748,4.833981
113000,1851392000,3.494385e+16,4.863839,4.878916,4.829051
113100,1853030400,3.497478e+16,4.848388,4.879067,4.828605
113200,1854668800,3.500570e+16,4.860406,4.881887,4.827090
113300,1856307200,3.503663e+16,4.865217,4.876871,4.825021
113400,1857945600,3.506755e+16,4.855200,4.873989,4.823430
113500,1859584000,3.509847e+16,4.868032,4.875730,4.826893
113600,1861222400,3.512940e+16,4.854351,4.873766,4.824528
113700,1862860800,3.516032e+16,4.883109,4.873789,4.828371
113800,1864499200,3.519124e+16,4.857431,4.868959,4.823759
113900,1866137600,3.522217e+16,4.882188,4.868176,4.822472
114000,1867776000,3.525309e+16,4.864280,4.870390,4.825616
114100,1869414400,3.528402e+16,4.874341,4.870391,4.825715
114200,1871052800,3.531494e+16,4.864917,4.867885,4.823045
114300,1872691200,3.534586e+16,4.873649,4.866962,4.823844
114400,1874329600,3.537679e+16,4.868315,4.866936,4.821282
114500,1875968000,3.540771e+16,4.868578,4.862770,4.818397
114600,1877606400,3.543863e+16,4.846246,4.864313,4.820700
114700,1879244800,3.546956e+16,4.855566,4.863045,4.819411
114800,1880883200,3.550048e+16,4.833364,4.858969,4.818223
114900,1882521600,3.553141e+16,4.881148,4.860471,4.816245
115000,1884160000,3.556233e+16,4.845893,4.859944,4.813431
115100,1885798400,3.559325e+16,4.867059,4.861868,4.815193
115200,1887436800,3.562418e+16,4.825584,4.860193,4.810303
115300,1889075200,3.565510e+16,4.842217,4.859572,4.812329
115400,1890713600,3.568602e+16,4.871610,4.861213,4.813183
115500,1892352000,3.571695e+16,4.860308,4.854878,4.810777
115600,1893990400,3.574787e+16,4.860888,4.850825,4.810242
115700,1895628800,3.577880e+16,4.861042,4.857319,4.810081
115800,1897267200,3.580972e+16,4.862153,4.856574,4.809444
115900,1898905600,3.584064e+16,4.860981,4.859256,4.810008
116000,1900544000,3.587157e+16,4.847930,4.861216,4.813008
116100,1902182400,3.590249e+16,4.833560,4.858792,4.808932
116200,1903820800,3.593341e+16,4.861942,4.858608,4.809363
116300,1905459200,3.596434e+16,4.866998,4.855719,4.810478
116400,1907097600,3.599526e+16,4.840396,4.850620,4.804752
116500,1908736000,3.602619e+16,4.841072,4.856646,4.804422
116600,1910374400,3.605711e+16,4.852436,4.855178,4.804979
116700,1912012800,3.608803e+16,4.850040,4.853867,4.805957
116800,1913651200,3.611896e+16,4.840617,4.860995,4.808890
116900,1915289600,3.614988e+16,4.847529,4.857945,4.809744
117000,1916928000,3.618080e+16,4.865464,4.859640,4.806838
117100,1918566400,3.621173e+16,4.831173,4.858604,4.805169
117200,1920204800,3.624265e+16,4.827487,4.853827,4.802863
117300,1921843200,3.627358e+16,4.830517,4.854895,4.802400
117400,1923481600,3.630450e+16,4.842988,4.850249,4.801040
117500,1925120000,3.633542e+16,4.845793,4.853297,4.799831
117600,1926758400,3.636635e+16,4.864143,4.850032,4.798884
117700,1928396800,3.639727e+16,4.846006,4.847498,4.798609
117800,1930035200,3.642819e+16,4.850787,4.845399,4.796180
117900,1931673600,3.645912e+16,4.809124,4.847072,4.799924
118000,1933312000,3.649004e+16,4.836034,4.843446,4.795271
118100,1934950400,3.652097e+16,4.833867,4.842075,4.794877
118200,1936588800,3.655189e+16,4.840493,4.844453,4.795297
118300,1938227200,3.658281e+16,4.831106,4.847683,4.797141
118400,1939865600,3.661374e+16,4.821663,4.848636,4.796335
118500,1941504000,3.664466e+16,4.829034,4.848889,4.796190
118600,1943142400,3.667558e+16,4.830303,4.845681,4.794133
118700,1944780800,3.670651e+16,4.822013,4.845268,4.793945
118800,1946419200,3.673743e+16,4.850947,4.837431,4.789362
118900,1948057600,3.676836e+16,4.840320,4.841356,4.791574
119000,1949696000,3.679928e+16,4.843543,4.839648,4.790239
119100,1951334400,3.683020e+16,4.842124,4.837698,4.788992
119200,1952972800,3.686113e+16,4.816796,4.834019,4.787193
119300,1954611200,3.689205e+16,4.819752,4.836355,4.788358
119400,1956249600,3.692297e+16,4.815931,4.837584,4.789092
119500,1957888000,3.695390e+16,4.824835,4.829639,4.785939
119600,1959526400,3.698482e+16,4.821667,4.837915,4.789454
119700,1961164800,3.701575e+16,4.842857,4.834678,4.786214
119800,1962803200,3.704667e+16,4.828356,4.834340,4.784300
119900,1964441600,3.707759e+16,4.844250,4.828167,4.781552
120000,1966080000,3.710852e+16,4.832860,4.836116,4.787029
120100,1967718400,3.713944e+16,4.815886,4.833006,4.782205
120200,1969356800,3.717036e+16,4.825608,4.835222,4.783961
120300,1970995200,3.720129e+16,4.828116,4.830283,4.783960
120400,1972633600,3.723221e+16,4.818532,4.827140,4.782654
120500,1974272000,3.726314e+16,4.813830,4.829258,4.783283
120600,1975910400,3.729406e+16,4.830082,4.827505,4.781099
120700,1977548800,3.732498e+16,4.815911,4.828681,4.783580
120800,1979187200,3.735591e+16,4.821626,4.828937,4.782108
120900,1980825600,3.738683e+16,4.817805,4.827395,4.779400
121000,1982464000,3.741776e+16,4.806980,4.825088,4.777372
121100,1984102400,3.744868e+16,4.812645,4.822521,4.775935
121200,1985740800,3.747960e+16,4.813459,4.827216,4.781406
121300,1987379200,3.751053e+16,4.824554,4.822258,4.775758
121400,1989017600,3.754145e+16,4.816817,4.826989,4.780203
121500,1990656000,3.757237e+16,4.831079,4.819736,4.777451
121600,1992294400,3.760330e+16,4.825983,4.817614,4.775120
121700,1993932800,3.763422e+16,4.824381,4.819022,4.775327
121800,1995571200,3.766515e+16,4.825192,4.824526,4.775614
121900,1997209600,3.769607e+16,4.811128,4.822547,4.773686
122000,1998848000,3.772699e+16,4.846404,4.825814,4.774442
122100,2000486400,3.775792e+16,4.818660,4.823737,4.773649
122200,2002124800,3.778884e+16,4.835743,4.816525,4.770821
122300,2003763200,3.781976e+16,4.819523,4.818112,4.769493
122400,2005401600,3.785069e+16,4.806119,4.824022,4.774739
122500,2007040000,3.788161e+16,4.810258,4.819723,4.770792
122600,2008678400,3.791254e+16,4.802829,4.817137,4.769537
122700,2010316800,3.794346e+16,4.818490,4.817867,4.768808
122800,2011955200,3.797438e+16,4.805643,4.812308,4.767445
122900,2013593600,3.800531e+16,4.815019,4.814079,4.768610
123000,2015232000,3.803623e+16,4.817096,4.818177,4.772828
123100,2016870400,3.806715e+16,4.805568,4.809348,4.765676
123200,2018508800,3.809808e+16,4.814967,4.815714,4.766391
123300,2020147200,3.812900e+16,4.805571,4.810260,4.765086
123400,2021785600,3.815993e+16,4.807761,4.810896,4.765761
123500,2023424000,3.819085e+16,4.791539,4.806451,4.764333
123600,2025062400,3.822177e+16,4.806775,4.812891,4.768591
123700,2026700800,3.825270e+16,4.784389,4.812349,4.763285
123800,2028339200,3.828362e+16,4.804072,4.811133,4.763543
123900,2029977600,3.831454e+16,4.802735,4.807862,4.764070
124000,2031616000,3.834547e+16,4.810699,4.801634,4.761912
124100,2033254400,3.837639e+16,4.804830,4.806189,4.761671
124200,2034892800,3.840732e+16,4.826887,4.808135,4.761893
124300,2036531200,3.843824e+16,4.817007,4.804170,4.759695
124400,2038169600,3.846916e+16,4.816454,4.803205,4.762087
124500,2039808000,3.850009e+16,4.802161,4.811243,4.760816
124600,2041446400,3.853101e+16,4.803819,4.810197,4.760233
124700,2043084800,3.856193e+16,4.789721,4.808229,4.760542
124800,2044723200,3.859286e+16,4.808950,4.806807,4.760746
124900,2046361600,3.862378e+16,4.813358,4.810823,4.759843
125000,2048000000,3.865471e+16,4.782524,4.807101,4.762800
125100,2049638400,3.868563e+16,4.808886,4.805248,4.761412
125200,2051276800,3.871655e+16,4.782639,4.805344,4.757560
125300,2052915200,3.874748e+16,4.790771,4.808171,4.758151
125400,2054553600,3.877840e+16,4.827443,4.804217,4.754399
125500,2056192000,3.880932e+16,4.795732,4.806734,4.756571
125600,2057830400,3.884025e+16,4.785566,4.802657,4.755268
125700,2059468800,3.887117e+16,4.796595,4.798650,4.754619
125800,2061107200,3.890210e+16,4.796180,4.797602,4.751890
125900,2062745600,3.893302e+16,4.780347,4.798598,4.750928
126000,2064384000,3.896394e+16,4.801376,4.802935,4.754655
126100,2066022400,3.899487e+16,4.773034,4.800354,4.752075
126200,2067660800,3.902579e+16,4.794591,4.803975,4.757434
126300,2069299200,3.905671e+16,4.775336,4.796869,4.751753
126400,2070937600,3.908764e+16,4.784569,4.799342,4.752179
126500,2072576000,3.911856e+16,4.795737,4.799679,4.754040
126600,2074214400,3.914949e+16,4.785770,4.797009,4.752977
126700,2075852800,3.918041e+16,4.811746,4.798318,4.754477
126800,2077491200,3.921133e+16,4.792479,4.795019,4.749840
126900,2079129600,3.924226e+16,4.800480,4.793323,4.749080
127000,2080768000,3.927318e+16,4.796920,4.794407,4.749465
127100,2082406400,3.930410e+16,4.781969,4.796658,4.749750
127200,2084044800,3.933503e+16,4.800932,4.795299,4.748302
127300,2085683200,3.936595e+16,4.783576,4.793067,4.745445
127400,2087321600,3.939688e+16,4.808890,4.793264,4.744088
127500,2088960000,3.942780e+16,4.786535,4.793354,4.745450
127600,2090598400,3.945872e+16,4.801379,4.785005,4.741783
127700,2092236800,3.948965e+16,4.763057,4.785473,4.741511
127800,2093875200,3.952057e+16,4.759190,4.786409,4.741294
127900,2095513600,3.955149e+16,4.764104,4.790884,4.746048
128000,2097152000,3.958242e+16,4.793340,4.791935,4.747824
128100,2098790400,3.961334e+16,4.777905,4.787663,4.744770
128200,2100428800,3.964427e+16,4.782744,4.784626,4.741369
128300,2102067200,3.967519e+16,4.763783,4.781053,4.738534
128400,2103705600,3.970611e+16,4.802166,4.783268,4.740711
128500,2105344000,3.973704e+16,4.799927,4.786916,4.742645
128600,2106982400,3.976796e+16,4.765251,4.779244,4.737390
128700,2108620800,3.979888e+16,4.777373,4.781089,4.735987
128800,2110259200,3.982981e+16,4.782102,4.783306,4.738894
128900,2111897600,3.986073e+16,4.773077,4.779484,4.737753
129000,2113536000,3.989166e+16,4.789773,4.778336,4.734413
129100,2115174400,3.992258e+16,4.752383,4.775478,4.735057
129200,2116812800,3.995350e+16,4.768598,4.774859,4.735857
129300,2118451200,3.998443e+16,4.770185,4.776002,4.732188
129400,2120089600,4.001535e+16,4.762419,4.775920,4.732551
129500,2121728000,4.004628e+16,4.771260,4.778873,4.734551
129600,2123366400,4.007720e+16,4.775694,4.775379,4.729201
129700,2125004800,4.010812e+16,4.772131,4.775693,4.731630
129800,2126643200,4.013905e+16,4.786615,4.783708,4.736723
129900,2128281600,4.016997e+16,4.782358,4.776203,4.730861
130000,2129920000,4.020089e+16,4.756964,4.775770,4.732109
130100,2131558400,4.023182e+16,4.777747,4.775641,4.733171
130200,2133196800,4.026274e+16,4.767166,4.781931,4.735303
130300,2134835200,4.029367e+16,4.764200,4.778983,4.734296
130400,2136473600,4.032459e+16,4.791513,4.777507,4.734615
130500,2138112000,4.035551e+16,4.781080,4.778280,4.730365
130600,2139750400,4.038644e+16,4.784914,4.780259,4.730126
130700,2141388800,4.041736e+16,4.763274,4.780123,4.732783
130800,2143027200,4.044828e+16,4.770294,4.780558,4.732978
130900,2144665600,4.047921e+16,4.776128,4.776902,4.729577
131000,2146304000,4.051013e+16,4.779675,4.773987,4.730676
131100,2147942400,4.054106e+16,4.773457,4.770175,4.727143
131200,2149580800,4.057198e+16,4.776433,4.771940,4.725496
131300,2151219200,4.060290e+16,4.755102,4.773570,4.725868
131400,2152857600,4.063383e+16,4.746252,4.775738,4.727928
131500,2154496000,4.066475e+16,4.760938,4.771216,4.728670
131600,2156134400,4.069567e+16,4.775157,4.773958,4.725964
131700,2157772800,4.072660e+16,4.761716,4.772303,4.725722
131800,2159411200,4.075752e+16,4.757961,4.772546,4.726163
131900,2161049600,4.078845e+16,4.746965,4.775215,4.724105
132000,2162688000,4.081937e+16,4.735390,4.774617,4.724350
132100,2164326400,4.085029e+16,4.750718,4.774012,4.725518
132200,2165964800,4.088122e+16,4.757535,4.772508,4.724000
132300,2167603200,4.091214e+16,4.777335,4.772586,4.721555
132400,2169241600,4.094306e+16,4.763154,4.770971,4.719751
132500,2170880000,4.097399e+16,4.770537,4.771745,4.718285
132600,2172518400,4.100491e+16,4.763063,4.770379,4.718817
132700,2174156800,4.103584e+16,4.744125,4.767788,4.718435
132800,2175795200,4.106676e+16,4.737625,4.770275,4.720396
132900,2177433600,4.109768e+16,4.738315,4.766622,4.718862
133000,2179072000,4.112861e+16,4.734180,4.765535,4.714644
133100,2180710400,4.115953e+16,4.764225,4.764407,4.716115
133200,2182348800,4.119045e+16,4.773860,4.766894,4.717117
133300,2183987200,4.122138e+16,4.744190,4.764465,4.715562
133400,2185625600,4.125230e+16,4.745492,4.769586,4.719533
133500,2187264000,4.128323e+16,4.735327,4.767870,4.720919
133600,2188902400,4.131415e+16,4.778054,4.765607,4.715638
133700,2190540800,4.134507e+16,4.744985,4.764553,4.716230
133800,2192179200,4.137600e+16,4.763121,4.763815,4.715412
133900,2193817600,4.140692e+16,4.747939,4.763027,4.714932
134000,2195456000,4.143784e+16,4.756646,4.756161,4.709416
134100,2197094400,4.146877e+16,4.732239,4.755353,4.710810
134200,2198732800,4.149969e+16,4.745085,4.753069,4.709795
134300,2200371200,4.153062e+16,4.758733,4.757867,4.711892
134400,2202009600,4.156154e+16,4.740746,4.757405,4.709297
134500,2203648000,4.159246e+16,4.743043,4.760150,4.712142
134600,2205286400,4.162339e+16,4.767040,4.757363,4.708075
134700,2206924800,4.165431e+16,4.738532,4.752725,4.703826
134800,2208563200,4.168523e+16,4.745221,4.750063,4.705520
134900,2210201600,4.171616e+16,4.757460,4.750311,4.705973
135000,2211840000,4.174708e+16,4.751271,4.750323,4.706369
135100,2213478400,4.177801e+16,4.736246,4.756271,4.709584
135200,2215116800,4.180893e+16,4.763811,4.754894,4.705753
135300,2216755200,4.183985e+16,4.763183,4.754313,4.706723
135400,2218393600,4.187078e+16,4.739662,4.753727,4.708403
135500,2220032000,4.190170e+16,4.761091,4.757444,4.706193
135600,2221670400,4.193262e+16,4.744688,4.753664,4.704982
135700,2223308800,4.196355e+16,4.729632,4.753828,4.704727
135800,2224947200,4.199447e+16,4.764071,4.749868,4.702138
135900,2226585600,4.202540e+16,4.743680,4.753170,4.705481
136000,2228224000,4.205632e+16,4.742643,4.749168,4.702483
136100,2229862400,4.208724e+16,4.736707,4.756251,4.707803
136200,2231500800,4.211817e+16,4.735805,4.751735,4.704089
136300,2233139200,4.214909e+16,4.726139,4.750466,4.704385
136400,2234777600,4.218001e+16,4.723676,4.742192,4.701408
136500,2236416000,4.221094e+16,4.752733,4.748614,4.706786
136600,2238054400,4.224186e+16,4.755340,4.746160,4.701344
136700,2239692800,4.227279e+16,4.754075,4.744030,4.699624
136800,2241331200,4.230371e+16,4.734782,4.745388,4.699838
136900,2242969600,4.233463e+16,4.736112,4.746358,4.700073
137000,2244608000,4.236556e+16,4.730023,4.744044,4.699184
137100,2246246400,4.239648e+16,4.753812,4.741826,4.698173
137200,2247884800,4.242740e+16,4.731045,4.740194,4.698980
137300,2249523200,4.245833e+16,4.756333,4.740175,4.693378
137400,2251161600,4.248925e+16,4.725744,4.747362,4.698297
137500,2252800000,4.252018e+16,4.718623,4.738499,4.697447
137600,2254438400,4.255110e+16,4.741465,4.742184,4.696089
137700,2256076800,4.258202e+16,4.738426,4.743957,4.696518
137800,2257715200,4.261295e+16,4.737967,4.745663,4.698036
137900,2259353600,4.264387e+16,4.723688,4.740297,4.692169
138000,2260992000,4.267480e+16,4.729221,4.730399,4.685919
138100,2262630400,4.270572e+16,4.745929,4.745897,4.693240
138200,2264268800,4.273664e+16,4.720797,4.734179,4.687365
138300,2265907200,4.276757e+16,4.722531,4.740640,4.692034
138400,2267545600,4.279849e+16,4.708095,4.731458,4.688083
138500,2269184000,4.282941e+16,4.743443,4.732158,4.685984
138600,2270822400,4.286034e+16,4.739987,4.735740,4.689964
138700,2272460800,4.289126e+16,4.715267,4.740097,4.690651
138800,2274099200,4.292219e+16,4.721222,4.738870,4.693373
138900,2275737600,4.295311e+16,4.751873,4.736955,4.690037
139000,2277376000,4.298403e+16,4.735574,4.738248,4.693781
139100,2279014400,4.301496e+16,4.722512,4.733604,4.685838
139200,2280652800,4.304588e+16,4.721669,4.734585,4.688666
139300,2282291200,4.307680e+16,4.709487,4.731125,4.684101
139400,2283929600,4.310773e+16,4.721877,4.732275,4.685453
139500,2285568000,4.313865e+16,4.704848,4.734725,4.686035
139600,2287206400,4.316958e+16,4.725285,4.727688,4.686645
139700,2288844800,4.320050e+16,4.722043,4.734662,4.686900
139800,2290483200,4.323142e+16,4.733140,4.732247,4.682488
139900,2292121600,4.326235e+16,4.717049,4.730983,4.682987
140000,2293760000,4.329327e+16,4.708591,4.729886,4.683577
140100,2295398400,4.332419e+16,4.701897,4.726990,4.680940
140200,2297036800,4.335512e+16,4.719450,4.726154,4.679741
140300,2298675200,4.338604e+16,4.735464,4.733357,4.684360
140400,2300313600,4.341697e+16,4.732542,4.734340,4.682088
140500,2301952000,4.344789e+16,4.741088,4.725230,4.679972
140600,2303590400,4.347881e+16,4.723542,4.729604,4.679959
140700,2305228800,4.350974e+16,4.696290,4.729532,4.679262
140800,2306867200,4.354066e+16,4.722294,4.731353,4.678546
140900,2308505600,4.357158e+16,4.704989,4.723425,4.678928
141000,2310144000,4.360251e+16,4.732235,4.726999,4.678386
141100,2311782400,4.363343e+16,4.716405,4.722926,4.676867
141200,2313420800,4.366436e+16,4.724434,4.730064,4.677947
141300,2315059200,4.369528e+16,4.717528,4.727096,4.676442
141400,2316697600,4.372620e+16,4.739535,4.728305,4.677839
141500,2318336000,4.375713e+16,4.732421,4.721494,4.673678
141600,2319974400,4.378805e+16,4.714853,4.723141,4.674925
141700,2321612800,4.381897e+16,4.701756,4.724230,4.675936
141800,2323251200,4.384990e+16,4.713813,4.722709,4.673033
141900,2324889600,4.388082e+16,4.724540,4.720789,4.671368
142000,2326528000,4.391175e+16,4.712180,4.718023,4.673189
142100,2328166400,4.394267e+16,4.703630,4.721753,4.673319
142200,2329804800,4.397359e+16,4.713630,4.721352,4.673995
142300,2331443200,4.400452e+16,4.718963,4.720638,4.672081
142400,2333081600,4.403544e+16,4.710152,4.723276,4.672055
142500,2334720000,4.406636e+16,4.713310,4.719960,4.667716
142600,2336358400,4.409729e+16,4.713969,4.720517,4.668996
142700,2337996800,4.412821e+16,4.699242,4.717363,4.668743
142800,2339635200,4.415914e+16,4.703201,4.713513,4.668048
142900,2341273600,4.419006e+16,4.708300,4.717309,4.670634
143000,2342912000,4.422098e+16,4.718350,4.721902,4.673137
143100,2344550400,4.425191e+16,4.704215,4.710191,4.666537
143200,2346188800,4.428283e+16,4.710668,4.715348,4.666644
143300,2347827200,4.431375e+16,4.714554,4.716835,4.667123
143400,2349465600,4.434468e+16,4.715806,4.715331,4.668401
143500,2351104000,4.437560e+16,4.719123,4.716522,4.668257
143600,2352742400,4.440653e+16,4.705940,4.716110,4.667856
143700,2354380800,4.443745e+16,4.701272,4.712301,4.664811
143800,2356019200,4.446837e+16,4.723889,4.711954,4.665794
143900,2357657600,4.449930e+16,4.717530,4.707872,4.664191
144000,2359296000,4.453022e+16,4.713837,4.715815,4.668185
144100,2360934400,4.456114e+16,4.701341,4.710430,4.662617
144200,2362572800,4.459207e+16,4.689157,4.709290,4.663977
144300,2364211200,4.462299e+16,4.716505,4.710275,4.662353
144400,2365849600,4.465392e+16,4.680470,4.713910,4.669329
144500,2367488000,4.468484e+16,4.712770,4.719794,4.669791
144600,2369126400,4.471576e+16,4.720260,4.712020,4.666008
144700,2370764800,4.474669e+16,4.715408,4.710382,4.663919
144800,2372403200,4.477761e+16,4.695772,4.714884,4.664536
144900,2374041600,4.480853e+16,4.688175,4.709572,4.659482
145000,2375680000,4.483946e+16,4.700193,4.720360,4.664246
145100,2377318400,4.487038e+16,4.702135,4.712805,4.659582
145200,2378956800,4.490131e+16,4.707565,4.710684,4.657483
145300,2380595200,4.493223e+16,4.706429,4.706417,4.657700
145400,2382233600,4.496315e+16,4.700758,4.709137,4.659013
145500,2383872000,4.499408e+16,4.704276,4.707925,4.661547
145600,2385510400,4.502500e+16,4.702782,4.703708,4.656084
145700,2387148800,4.505592e+16,4.699037,4.708274,4.659462
145800,2388787200,4.508685e+16,4.688909,4.707565,4.659520
145900,2390425600,4.511777e+16,4.687667,4.706398,4.657202
146000,2392064000,4.514870e+16,4.709498,4.706244,4.658847
146100,2393702400,4.517962e+16,4.704956,4.710396,4.657418
146200,2395340800,4.521054e+16,4.680017,4.703016,4.653998
146300,2396979200,4.524147e+16,4.700053,4.714868,4.660729
146400,2398617600,4.527239e+16,4.691922,4.708548,4.656697
146500,2400256000,4.530332e+16,4.681562,4.704058,4.655140
146600,2401894400,4.533424e+16,4.697309,4.701840,4.653859
146700,2403532800,4.536516e+16,4.702433,4.699848,4.654551
146800,2405171200,4.539609e+16,4.682692,4.698456,4.651671
146900,2406809600,4.542701e+16,4.695202,4.698564,4.653590
147000,2408448000,4.545793e+16,4.707493,4.698733,4.653435
147100,2410086400,4.548886e+16,4.699855,4.693565,4.650586
147200,2411724800,4.551978e+16,4.696671,4.696125,4.651390
147300,2413363200,4.555071e+16,4.707331,4.696357,4.651101
147400,2415001600,4.558163e+16,4.712605,4.698376,4.650451
147500,2416640000,4.561255e+16,4.695374,4.701548,4.651745
147600,2418278400,4.564348e+16,4.704148,4.700481,4.650233
147700,2419916800,4.567440e+16,4.698319,4.696648,4.649615
147800,2421555200,4.570532e+16,4.692955,4.698977,4.650049
147900,2423193600,4.573625e+16,4.672780,4.698682,4.651043
148000,2424832000,4.576717e+16,4.694618,4.695467,4.650342
148100,2426470400,4.579810e+16,4.687225,4.698642,4.650421
148200,2428108800,4.582902e+16,4.684639,4.697914,4.648949
148300,2429747200,4.585994e+16,4.694974,4.697057,4.649791
148400,2431385600,4.589087e+16,4.674096,4.694759,4.650530
148500,2433024000,4.592179e+16,4.679324,4.691842,4.649559
148600,2434662400,4.595271e+16,4.659070,4.691807,4.649390
148700,2436300800,4.598364e+16,4.670342,4.692101,4.648002
148800,2437939200,4.601456e+16,4.705505,4.687821,4.646381
148900,2439577600,4.604549e+16,4.679259,4.687422,4.645913
149000,2441216000,4.607641e+16,4.661813,4.689124,4.646073
149100,2442854400,4.610733e+16,4.670202,4.691716,4.645679
149200,2444492800,4.613826e+16,4.703279,4.691623,4.646348
149300,2446131200,4.616918e+16,4.699149,4.694324,4.645463
149400,2447769600,4.620010e+16,4.701573,4.688882,4.644459
149500,2449408000,4.623103e+16,4.681441,4.689603,4.644339
149600,2451046400,4.626195e+16,4.690367,4.692025,4.644529
149700,2452684800,4.629288e+16,4.694995,4.693293,4.644609
149800,2454323200,4.632380e+16,4.694379,4.692059,4.642777
149900,2455961600,4.635472e+16,4.684757,4.690405,4.643161
150000,2457600000,4.638565e+16,4.680284,4.686413,4.640903
150100,2459238400,4.641657e+16,4.679775,4.685718,4.640959
150200,2460876800,4.644749e+16,4.683590,4.682918,4.640845
150300,2462515200,4.647842e+16,4.692093,4.684595,4.638629
150400,2464153600,4.650934e+16,4.696579,4.682127,4.636733
150500,2465792000,4.654027e+16,4.689647,4.677547,4.637190
150600,2467430400,4.657119e+16,4.655042,4.680779,4.637794
150700,2469068800,4.660211e+16,4.698433,4.681846,4.637784
150800,2470707200,4.663304e+16,4.670320,4.677820,4.635614
150900,2472345600,4.666396e+16,4.665324,4.678225,4.638587
151000,2473984000,4.669488e+16,4.682528,4.677724,4.635643
151100,2475622400,4.672581e+16,4.689122,4.680134,4.635515
151200,2477260800,4.675673e+16,4.673709,4.684582,4.639247
151300,2478899200,4.678766e+16,4.674406,4.681364,4.635748
151400,2480537600,4.681858e+16,4.677370,4.680670,4.633991
151500,2482176000,4.684950e+16,4.670340,4.679569,4.631851
151600,2483814400,4.688043e+16,4.686186,4.681532,4.630208
151700,2485452800,4.691135e+16,4.682518,4.679406,4.630073
151800,2487091200,4.694227e+16,4.693948,4.682285,4.633495
151900,2488729600,4.697320e+16,4.685520,4.676024,4.630233
152000,2490368000,4.700412e+16,4.658166,4.673391,4.627202
152100,2492006400,4.703505e+16,4.660069,4.681236,4.631751
152200,2493644800,4.706597e+16,4.671016,4.678450,4.631476
152300,2495283200,4.709689e+16,4.690115,4.681669,4.632388
152400,2496921600,4.712782e+16,4.685559,4.677627,4.629698
152500,2498560000,4.715874e+16,4.670245,4.677729,4.628721
152600,2500198400,4.718966e+16,4.671494,4.682280,4.631373
152700,2501836800,4.722059e+16,4.659335,4.678414,4.627473
152800,2503475200,4.725151e+16,4.658550,4.677533,4.628612
152900,2505113600,4.728244e+16,4.685792,4.681713,4.632436
153000,2506752000,4.731336e+16,4.656883,4.676220,4.628618
153100,2508390400,4.734428e+16,4.688869,4.677326,4.627076
153200,2510028800,4.737521e+16,4.656622,4.674086,4.628439
153300,2511667200,4.740613e+16,4.664846,4.672252,4.625350
153400,2513305600,4.743705e+16,4.682932,4.676085,4.629789
153500,2514944000,4.746798e+16,4.652459,4.671193,4.625342
153600,2516582400,4.749890e+16,4.659085,4.669167,4.623393
153700,2518220800,4.752983e+16,4.669809,4.671759,4.624048
153800,2519859200,4.756075e+16,4.654364,4.676232,4.626931
153900,2521497600,4.759167e+16,4.660262,4.676399,4.628148
154000,2523136000,4.762260e+16,4.689059,4.677353,4.627111
154100,2524774400,4.765352e+16,4.670752,4.678883,4.628311
154200,2526412800,4.768444e+16,4.654929,4.667899,4.622228
154300,2528051200,4.771537e+16,4.674077,4.669859,4.622332
154400,2529689600,4.774629e+16,4.667043,4.673118,4.626369
154500,2531328000,4.777722e+16,4.683183,4.673140,4.625326
154600,2532966400,4.780814e+16,4.670708,4.668921,4.623909
154700,2534604800,4.783906e+16,4.671059,4.668069,4.621686
154800,2536243200,4.786999e+16,4.649841,4.669867,4.624208
154900,2537881600,4.790091e+16,4.652547,4.665825,4.622293
155000,2539520000,4.793184e+16,4.664757,4.671984,4.624392
155100,2541158400,4.796276e+16,4.671675,4.668220,4.622048
155200,2542796800,4.799368e+16,4.675531,4.668454,4.623171
155300,2544435200,4.802461e+16,4.671919,4.665302,4.619911
155400,2546073600,4.805553e+16,4.655321,4.664369,4.620848
155500,2547712000,4.808645e+16,4.666389,4.667105,4.621736
155600,2549350400,4.811738e+16,4.659965,4.673557,4.625838
155700,2550988800,4.814830e+16,4.679132,4.670886,4.623597
155800,2552627200,4.817923e+16,4.667419,4.663431,4.615740
155900,2554265600,4.821015e+16,4.649947,4.666174,4.617280
156000,2555904000,4.824107e+16,4.646225,4.668253,4.618807
156100,2557542400,4.827200e+16,4.665013,4.670007,4.623113
156200,2559180800,4.830292e+16,4.683609,4.664088,4.617329
156300,2560819200,4.833384e+16,4.653754,4.664588,4.618691
156400,2562457600,4.836477e+16,4.661174,4.662741,4.617772
156500,2564096000,4.839569e+16,4.672839,4.668873,4.622919
156600,2565734400,4.842662e+16,4.658471,4.663440,4.616647
156700,2567372800,4.845754e+16,4.656206,4.655858,4.616103
156800,2569011200,4.848846e+16,4.652514,4.656487,4.617044
156900,2570649600,4.851939e+16,4.668084,4.655798,4.616239
157000,2572288000,4.855031e+16,4.649878,4.656852,4.616614
157100,2573926400,4.858123e+16,4.645148,4.657904,4.614226
157200,2575564800,4.861216e+16,4.636876,4.658277,4.613885
157300,2577203200,4.864308e+16,4.648623,4.659863,4.614388
157400,2578841600,4.867401e+16,4.651570,4.648519,4.608354
157500,2580480000,4.870493e+16,4.664484,4.656947,4.612978
157600,2582118400,4.873585e+16,4.670699,4.657546,4.610481
157700,2583756800,4.876678e+16,4.651314,4.656382,4.609605
157800,2585395200,4.879770e+16,4.658044,4.659029,4.612231
157900,2587033600,4.882862e+16,4.648163,4.661629,4.613331
158000,2588672000,4.885955e+16,4.618119,4.656529,4.609683
158100,2590310400,4.889047e+16,4.644193,4.657489,4.610276
158200,2591948800,4.892140e+16,4.632955,4.660636,4.611637
158300,2593587200,4.895232e+16,4.652306,4.652239,4.607228
158400,2595225600,4.898324e+16,4.655572,4.657794,4.608987
158500,2596864000,4.901417e+16,4.642502,4.651726,4.606375
158600,2598502400,4.904509e+16,4.671989,4.651302,4.606726
158700,2600140800,4.907601e+16,4.642465,4.654006,4.607837
158800,2601779200,4.910694e+16,4.632710,4.647763,4.606530
158900,2603417600,4.913786e+16,4.642055,4.645738,4.605955
159000,2605056000,4.916879e+16,4.665159,4.656042,4.610067
159100,2606694400,4.919971e+16,4.652555,4.650754,4.607737
159200,2608332800,4.923063e+16,4.651323,4.650656,4.604835
159300,2609971200,4.926156e+16,4.661693,4.650418,4.603884
159400,2611609600,4.929248e+16,4.666740,4.657441,4.605880
159500,2613248000,4.932340e+16,4.646518,4.653149,4.602998
159600,2614886400,4.935433e+16,4.643560,4.649709,4.604459
159700,2616524800,4.938525e+16,4.665768,4.651721,4.604789
159800,2618163200,4.941618e+16,4.661405,4.646869,4.603195
159900,2619801600,4.944710e+16,4.643185,4.643885,4.599115
160000,2621440000,4.947802e+16,4.651533,4.649455,4.601062
160100,2623078400,4.950895e+16,4.639789,4.649827,4.602354
160200,2624716800,4.953987e+16,4.649407,4.645213,4.598595
160300,2626355200,4.957079e+16,4.621738,4.649901,4.602409
160400,2627993600,4.960172e+16,4.635764,4.651980,4.603039
160500,2629632000,4.963264e+16,4.644557,4.647703,4.598163
160600,2631270400,4.966357e+16,4.636168,4.641983,4.596992
160700,2632908800,4.969449e+16,4.615073,4.643773,4.594915
160800,2634547200,4.972541e+16,4.632363,4.641774,4.595873
160900,2636185600,4.975634e+16,4.631562,4.644923,4.596632
161000,2637824000,4.978726e+16,4.639381,4.646504,4.596739
161100,2639462400,4.981818e+16,4.639983,4.642940,4.595866
161200,2641100800,4.984911e+16,4.641654,4.642171,4.593760
161300,2642739200,4.988003e+16,4.644073,4.647567,4.599892
161400,2644377600,4.991096e+16,4.658550,4.643621,4.598466
161500,2646016000,4.994188e+16,4.633551,4.638378,4.593653
161600,2647654400,4.997280e+16,4.615521,4.639212,4.594702
161700,2649292800,5.000373e+16,4.634280,4.637803,4.594521
161800,2650931200,5.003465e+16,4.652679,4.639182,4.593084
161900,2652569600,5.006557e+16,4.654463,4.641020,4.592312
162000,2654208000,5.009650e+16,4.635141,4.642704,4.593756
162100,2655846400,5.012742e+16,4.647317,4.642388,4.594377
162200,2657484800,5.015835e+16,4.667329,4.638823,4.593521
162300,2659123200,5.018927e+16,4.645900,4.634152,4.590403
162400,2660761600,5.022019e+16,4.656680,4.636522,4.593901
162500,2662400000,5.025112e+16,4.634669,4.634146,4.589525
162600,2664038400,5.028204e+16,4.621897,4.633236,4.593089
162700,2665676800,5.031296e+16,4.624922,4.635959,4.594025
162800,2667315200,5.034389e+16,4.622565,4.634026,4.593477
162900,2668953600,5.037481e+16,4.641428,4.631728,4.591705
163000,2670592000,5.040574e+16,4.631908,4.631200,4.593103
163100,2672230400,5.043666e+16,4.631785,4.636288,4.589964
163200,2673868800,5.046758e+16,4.637410,4.634766,4.590069
163300,2675507200,5.049851e+16,4.655954,4.630647,4.589006
163400,2677145600,5.052943e+16,4.629526,4.633270,4.588974
163500,2678784000,5.056036e+16,4.641799,4.632883,4.592793
163600,2680422400,5.059128e+16,4.637763,4.635700,4.592139
163700,2682060800,5.062220e+16,4.620668,4.632487,4.588071
163800,2683699200,5.065313e+16,4.626853,4.627076,4.586210
163900,2685337600,5.068405e+16,4.625560,4.632782,4.589865
164000,2686976000,5.071497e+16,4.655664,4.633790,4.589385
164100,2688614400,5.074590e+16,4.628281,4.629281,4.585890
164200,2690252800,5.077682e+16,4.628372,4.628394,4.588610
164300,2691891200,5.080775e+16,4.643732,4.626899,4.585195
164400,2693529600,5.083867e+16,4.618924,4.625301,4.585637
164500,2695168000,5.086959e+16,4.622372,4.629776,4.586037
164600,2696806400,5.090052e+16,4.609490,4.626102,4.585129
164700,2698444800,5.093144e+16,4.653130,4.622206,4.583326
164800,2700083200,5.096236e+16,4.629025,4.624502,4.583954
164900,2701721600,5.099329e+16,4.633281,4.625913,4.583429
165000,2703360000,5.102421e+16,4.633424,4.626974,4.583919
165100,2704998400,5.105514e+16,4.628383,4.624321,4.584399
165200,2706636800,5.108606e+16,4.627756,4.622117,4.584054
165300,2708275200,5.111698e+16,4.636209,4.622850,4.583047
165400,2709913600,5.114791e+16,4.634001,4.624577,4.582451
165500,2711552000,5.117883e+16,4.613415,4.618016,4.579736
165600,2713190400,5.120975e+16,4.599009,4.624258,4.584090
165700,2714828800,5.124068e+16,4.611493,4.623408,4.582353
165800,2716467200,5.127160e+16,4.623857,4.624831,4.583085
165900,2718105600,5.130253e+16,4.627244,4.616782,4.579490
166000,2719744000,5.133345e+16,4.624595,4.624418,4.584956
166100,2721382400,5.136437e+16,4.615961,4.621291,4.584417
166200,2723020800,5.139530e+16,4.617561,4.619910,4.580093
166300,2724659200,5.142622e+16,4.627944,4.621259,4.580777
166400,2726297600,5.145714e+16,4.621844,4.619897,4.578695
166500,2727936000,5.148807e+16,4.627043,4.620402,4.576643
166600,2729574400,5.151899e+16,4.626692,4.623789,4.578462
166700,2731212800,5.154992e+16,4.609156,4.615090,4.575559
166800,2732851200,5.158084e+16,4.621512,4.624630,4.582312
166900,2734489600,5.161176e+16,4.617756,4.625997,4.579985
167000,2736128000,5.164269e+16,4.602605,4.619773,4.578223
167100,2737766400,5.167361e+16,4.609759,4.621306,4.578010
167200,2739404800,5.170453e+16,4.618718,4.617924,4.576206
167300,2741043200,5.173546e+16,4.616653,4.621112,4.576313
167400,2742681600,5.176638e+16,4.626462,4.616611,4.576169
167500,2744320000,5.179731e+16,4.618838,4.622401,4.580327
167600,2745958400,5.182823e+16,4.614847,4.617264,4.576188
167700,2747596800,5.185915e+16,4.620718,4.615197,4.574934
167800,2749235200,5.189008e+16,4.629776,4.620466,4.579756
167900,2750873600,5.192100e+16,4.623394,4.617976,4.579590
168000,2752512000,5.195192e+16,4.635471,4.612870,4.574394
168100,2754150400,5.198285e+16,4.632133,4.617269,4.574121
168200,2755788800,5.201377e+16,4.631073,4.620224,4.574897
168300,2757427200,5.204470e+16,4.608528,4.621815,4.578835
168400,2759065600,5.207562e+16,4.595728,4.618360,4.573699
168500,2760704000,5.210654e+16,4.606294,4.612752,4.570010
168600,2762342400,5.213747e+16,4.602186,4.615199,4.572517
168700,2763980800,5.216839e+16,4.612649,4.619049,4.574404
168800,2765619200,5.219931e+16,4.622614,4.616044,4.572824
168900,2767257600,5.223024e+16,4.621692,4.613386,4.574613
169000,2768896000,5.226116e+16,4.601473,4.613876,4.574645
169100,2770534400,5.229209e+16,4.614205,4.610030,4.569306
169200,2772172800,5.232301e+16,4.606358,4.611206,4.571207
169300,2773811200,5.235393e+16,4.611778,4.615595,4.569200
169400,2775449600,5.238486e+16,4.607249,4.611808,4.566283
169500,2777088000,5.241578e+16,4.611029,4.610738,4.569367
169600,2778726400,5.244670e+16,4.609931,4.608511,4.568146
169700,2780364800,5.247763e+16,4.621955,4.607026,4.565661
169800,2782003200,5.250855e+16,4.596061,4.615129,4.570865
169900,2783641600,5.253948e+16,4.605666,4.607450,4.564657
170000,2785280000,5.257040e+16,4.612706,4.610298,4.565310
170100,2786918400,5.260132e+16,4.620799,4.611684,4.567123
170200,2788556800,5.263225e+16,4.596120,4.613004,4.567121
170300,2790195200,5.266317e+16,4.602430,4.608249,4.563708
170400,2791833600,5.269409e+16,4.600447,4.605835,4.562862
170500,2793472000,5.272502e+16,4.600918,4.608401,4.566626
170600,2795110400,5.275594e+16,4.603620,4.602121,4.564154
170700,2796748800,5.278687e+16,4.586452,4.604466,4.564428
170800,2798387200,5.281779e+16,4.617750,4.602522,4.563436
170900,2800025600,5.284871e+16,4.613344,4.606590,4.562437
171000,2801664000,5.287964e+16,4.601879,4.606462,4.564564
171100,2803302400,5.291056e+16,4.619795,4.602936,4.563090
171200,2804940800,5.294148e+16,4.591403,4.606734,4.562840
171300,2806579200,5.297241e+16,4.599569,4.606549,4.562782
171400,2808217600,5.300333e+16,4.602516,4.601227,4.559007
171500,2809856000,5.303426e+16,4.599215,4.603450,4.558681
171600,2811494400,5.306518e+16,4.612665,4.599364,4.558862
171700,2813132800,5.309610e+16,4.603476,4.606337,4.559974
171800,2814771200,5.312703e+16,4.604530,4.606770,4.562823
171900,2816409600,5.315795e+16,4.611892,4.603813,4.561081
172000,2818048000,5.318887e+16,4.586369,4.608834,4.563786
172100,2819686400,5.321980e+16,4.600587,4.608859,4.561470
172200,2821324800,5.325072e+16,4.610561,4.605596,4.562458
172300,2822963200,5.328165e+16,4.600667,4.609987,4.563415
172400,2824601600,5.331257e+16,4.607787,4.606928,4.559192
172500,2826240000,5.334349e+16,4.584583,4.604761,4.559647
172600,2827878400,5.337442e+16,4.620693,4.611261,4.562594
172700,2829516800,5.340534e+16,4.598671,4.606648,4.558158
172800,2831155200,5.343627e+16,4.595850,4.609250,4.562920
172900,2832793600,5.346719e+16,4.607642,4.608572,4.560123
173000,2834432000,5.349811e+16,4.599035,4.606425,4.559680
173100,2836070400,5.352904e+16,4.592430,4.604735,4.557560
173200,2837708800,5.355996e+16,4.594683,4.602365,4.556053
173300,2839347200,5.359088e+16,4.594174,4.602186,4.557410
173400,2840985600,5.362181e+16,4.601371,4.601301,4.557389
173500,2842624000,5.365273e+16,4.617086,4.599391,4.555200
173600,2844262400,5.368366e+16,4.592757,4.600966,4.555926
173700,2845900800,5.371458e+16,4.595288,4.603666,4.556734
173800,2847539200,5.374550e+16,4.615806,4.601767,4.553720
173900,2849177600,5.377643e+16,4.594893,4.601489,4.555750
174000,2850816000,5.380735e+16,4.604056,4.598309,4.554010
174100,2852454400,5.383827e+16,4.608714,4.603365,4.556091
174200,2854092800,5.386920e+16,4.597610,4.600789,4.554046
174300,2855731200,5.390012e+16,4.594693,4.601064,4.553197
174400,2857369600,5.393105e+16,4.605106,4.594591,4.550179
174500,2859008000,5.396197e+16,4.600642,4.597281,4.553207
174600,2860646400,5.399289e+16,4.600794,4.597760,4.552661
174700,2862284800,5.402382e+16,4.598022,4.597968,4.554893
174800,2863923200,5.405474e+16,4.599990,4.591680,4.549346
174900,2865561600,5.408566e+16,4.578578,4.590837,4.550386
175000,2867200000,5.411659e+16,4.592470,4.591398,4.550344
175100,2868838400,5.414751e+16,4.590936,4.592196,4.549868
175200,2870476800,5.417844e+16,4.596041,4.596492,4.551445
175300,2872115200,5.420936e+16,4.578621,4.593514,4.552112
175400,2873753600,5.424028e+16,4.612002,4.596506,4.552042
175500,2875392000,5.427121e+16,4.591778,4.598250,4.551324
175600,2877030400,5.430213e+16,4.591131,4.594672,4.547978
175700,2878668800,5.433305e+16,4.573438,4.596582,4.549131
175800,2880307200,5.436398e+16,4.590508,4.589795,4.547344
175900,2881945600,5.439490e+16,4.585439,4.587874,4.544521
176000,2883584000,5.442583e+16,4.592160,4.590389,4.547087
176100,2885222400,5.445675e+16,4.580373,4.592230,4.545943
176200,2886860800,5.448767e+16,4.580786,4.596381,4.547607
176300,2888499200,5.451860e+16,4.605758,4.594592,4.547823
176400,2890137600,5.454952e+16,4.605140,4.593276,4.546284
176500,2891776000,5.458044e+16,4.595742,4.591483,4.546662
176600,2893414400,5.461137e+16,4.581696,4.593985,4.550452
176700,2895052800,5.464229e+16,4.576928,4.589785,4.542750
176800,2896691200,5.467322e+16,4.580800,4.589442,4.546108
176900,2898329600,5.470414e+16,4.592812,4.591455,4.543277
177000,2899968000,5.473506e+16,4.589260,4.589779,4.543472
177100,2901606400,5.476599e+16,4.566798,4.592194,4.545885
177200,2903244800,5.479691e+16,4.575042,4.589423,4.543991
177300,2904883200,5.482783e+16,4.584620,4.592751,4.547930
177400,2906521600,5.485876e+16,4.591564,4.590806,4.546790
177500,2908160000,5.488968e+16,4.596144,4.587551,4.544135
177600,2909798400,5.492061e+16,4.590971,4.586578,4.542762
177700,2911436800,5.495153e+16,4.574861,4.584279,4.542952
177800,2913075200,5.498245e+16,4.581886,4.583069,4.541954
177900,2914713600,5.501338e+16,4.602431,4.590567,4.544064
178000,2916352000,5.504430e+16,4.589838,4.589806,4.543993
178100,2917990400,5.507522e+16,4.575284,4.591339,4.544824
178200,2919628800,5.510615e+16,4.589506,4.585969,4.541933
178300,2921267200,5.513707e+16,4.593393,4.587892,4.541950
178400,2922905600,5.516800e+16,4.591301,4.587445,4.539856
178500,2924544000,5.519892e+16,4.581502,4.585735,4.538344
178600,2926182400,5.522984e+16,4.570632,4.584764,4.539999
178700,2927820800,5.526077e+16,4.591576,4.587840,4.541568
178800,2929459200,5.529169e+16,4.606797,4.587808,4.537131
178900,2931097600,5.532261e+16,4.575100,4.587945,4.539903
179000,2932736000,5.535354e+16,4.579787,4.588901,4.539576
179100,2934374400,5.538446e+16,4.580912,4.577438,4.534907
179200,2936012800,5.541539e+16,4.589592,4.578794,4.535377
179300,2937651200,5.544631e+16,4.578225,4.582753,4.535519
179400,2939289600,5.547723e+16,4.584252,4.584921,4.538398
179500,2940928000,5.550816e+16,4.598188,4.581961,4.535970
179600,2942566400,5.553908e+16,4.575653,4.588157,4.538897
179700,2944204800,5.557000e+16,4.587252,4.583212,4.534401
179800,2945843200,5.560093e+16,4.570483,4.581018,4.534357
179900,2947481600,5.563185e+16,4.579412,4.587555,4.538643
180000,2949120000,5.566278e+16,4.567469,4.586731,4.537866
180100,2950758400,5.569370e+16,4.584040,4.585834,4.539368
180200,2952396800,5.572462e+16,4.590492,4.581402,4.533223
180300,2954035200,5.575555e+16,4.562679,4.584148,4.537715
180400,2955673600,5.578647e+16,4.576180,4.583304,4.538167
180500,2957312000,5.581739e+16,4.555479,4.577285,4.533842
180600,2958950400,5.584832e+16,4.586243,4.578653,4.535380
180700,2960588800,5.587924e+16,4.577981,4.575857,4.532846
180800,2962227200,5.591017e+16,4.574564,4.578611,4.536728
180900,2963865600,5.594109e+16,4.556484,4.585142,4.535988
181000,2965504000,5.597201e+16,4.566022,4.579998,4.533968
181100,2967142400,5.600294e+16,4.561730,4.587987,4.538336
181200,2968780800,5.603386e+16,4.585517,4.586972,4.538373
181300,2970419200,5.606479e+16,4.574021,4.580764,4.534693
181400,2972057600,5.609571e+16,4.583913,4.581492,4.535466
181500,2973696000,5.612663e+16,4.568034,4.583752,4.538231
181600,2975334400,5.615756e+16,4.579083,4.579490,4.533381
181700,2976972800,5.618848e+16,4.558943,4.579907,4.535660
181800,2978611200,5.621940e+16,4.599521,4.580744,4.535699
181900,2980249600,5.625033e+16,4.569442,4.578161,4.534282
182000,2981888000,5.628125e+16,4.590573,4.574785,4.533070
182100,2983526400,5.631218e+16,4.578691,4.576104,4.531477
182200,2985164800,5.634310e+16,4.587941,4.577983,4.532606
182300,2986803200,5.637402e+16,4.555453,4.578001,4.536036
182400,2988441600,5.640495e+16,4.558729,4.576189,4.534063
182500,2990080000,5.643587e+16,4.572940,4.577798,4.532092
182600,2991718400,5.646679e+16,4.555662,4.576796,4.531548
182700,2993356800,5.649772e+16,4.561730,4.576154,4.530952
182800,2994995200,5.652864e+16,4.581693,4.576390,4.532130
182900,2996633600,5.655957e+16,4.569323,4.574179,4.529773
183000,2998272000,5.659049e+16,4.576542,4.569978,4.528227
183100,2999910400,5.662141e+16,4.594381,4.574151,4.529860
183200,3001548800,5.665234e+16,4.581304,4.572219,4.529517
183300,3003187200,5.668326e+16,4.576375,4.573260,4.529577
183400,3004825600,5.671418e+16,4.586155,4.578407,4.531260
183500,3006464000,5.674511e+16,4.571203,4.568960,4.529572
183600,3008102400,5.677603e+16,4.573426,4.564723,4.528535
183700,3009740800,5.680696e+16,4.586019,4.570153,4.529645
183800,3011379200,5.683788e+16,4.579147,4.578294,4.533368
183900,3013017600,5.686880e+16,4.576167,4.566652,4.525494
184000,3014656000,5.689973e+16,4.590498,4.572642,4.528807
184100,3016294400,5.693065e+16,4.582688,4.574802,4.527942
184200,3017932800,5.696157e+16,4.549478,4.565775,4.525640
184300,3019571200,5.699250e+16,4.551575,4.568688,4.527901
184400,3021209600,5.702342e+16,4.558899,4.568814,4.527537
184500,3022848000,5.705435e+16,4.575144,4.564938,4.527144
184600,3024486400,5.708527e+16,4.553668,4.565227,4.529814
184700,3026124800,5.711619e+16,4.548981,4.571018,4.527195
184800,3027763200,5.714712e+16,4.542123,4.569242,4.526460
184900,3029401600,5.717804e+16,4.566852,4.566641,4.525140
185000,3031040000,5.720896e+16,4.552286,4.570115,4.526114
185100,3032678400,5.723989e+16,4.561345,4.568359,4.526094
185200,3034316800,5.727081e+16,4.569664,4.566860,4.523154
185300,3035955200,5.730174e+16,4.578072,4.566750,4.523545
185400,3037593600,5.733266e+16,4.550129,4.568962,4.526290
185500,3039232000,5.736358e+16,4.563596,4.571451,4.525659
185600,3040870400,5.739451e+16,4.562684,4.565749,4.523184
185700,3042508800,5.742543e+16,4.553858,4.564818,4.522128
185800,3044147200,5.745635e+16,4.571007,4.569635,4.522294
185900,3045785600,5.748728e+16,4.556969,4.564228,4.522158
186000,3047424000,5.751820e+16,4.554609,4.569740,4.520404
186100,3049062400,5.754913e+16,4.554047,4.567304,4.520446
186200,3050700800,5.758005e+16,4.560515,4.569311,4.521699
186300,3052339200,5.761097e+16,4.560714,4.570428,4.520789
186400,3053977600,5.764190e+16,4.559289,4.570834,4.524534
186500,3055616000,5.767282e+16,4.555066,4.564483,4.518276
186600,3057254400,5.770374e+16,4.567914,4.571384,4.522747
186700,3058892800,5.773467e+16,4.540138,4.563177,4.515232
186800,3060531200,5.776559e+16,4.537307,4.562307,4.516504
186900,3062169600,5.779652e+16,4.552552,4.564963,4.519808
187000,3063808000,5.782744e+16,4.555949,4.565998,4.519884
187100,3065446400,5.785836e+16,4.544403,4.566750,4.519265
187200,3067084800,5.788929e+16,4.553992,4.560133,4.517348
187300,3068723200,5.792021e+16,4.547635,4.560036,4.516956
187400,3070361600,5.795113e+16,4.557142,4.561978,4.514779
187500,3072000000,5.798206e+16,4.571325,4.558882,4.514638
187600,3073638400,5.801298e+16,4.571066,4.560863,4.514807
187700,3075276800,5.804391e+16,4.557506,4.563952,4.517913
187800,3076915200,5.807483e+16,4.575893,4.559581,4.514948
187900,3078553600,5.810575e+16,4.552915,4.556484,4.516538
188000,3080192000,5.813668e+16,4.566307,4.559702,4.515582
188100,3081830400,5.816760e+16,4.571008,4.560433,4.517006
188200,3083468800,5.819852e+16,4.543746,4.559834,4.515494
188300,3085107200,5.822945e+16,4.560166,4.561699,4.519012
188400,3086745600,5.826037e+16,4.565917,4.558151,4.514044
188500,3088384000,5.829130e+16,4.554417,4.561280,4.517972
188600,3090022400,5.832222e+16,4.534931,4.560493,4.513367
188700,3091660800,5.835314e+16,4.557278,4.559691,4.515338
188800,3093299200,5.838407e+16,4.536779,4.558146,4.514720
188900,3094937600,5.841499e+16,4.559643,4.560294,4.514331
189000,3096576000,5.844591e+16,4.544601,4.559290,4.514010
189100,3098214400,5.847684e+16,4.579960,4.559007,4.512330
189200,3099852800,5.850776e+16,4.552369,4.558121,4.512277
189300,3101491200,5.853869e+16,4.544779,4.555060,4.510919
189400,3103129600,5.856961e+16,4.564990,4.562892,4.513806
189500,3104768000,5.860053e+16,4.557093,4.559050,4.513006
189600,3106406400,5.863146e+16,4.589432,4.562244,4.516698
189700,3108044800,5.866238e+16,4.572454,4.555321,4.512250
189800,3109683200,5.869331e+16,4.549938,4.557778,4.513303
189900,3111321600,5.872423e+16,4.544314,4.562202,4.513946
190000,3112960000,5.875515e+16,4.557463,4.565988,4.515817
190100,3114598400,5.878608e+16,4.560331,4.557174,4.507581
190200,3116236800,5.881700e+16,4.554508,4.554958,4.506607
190300,3117875200,5.884792e+16,4.549634,4.556216,4.507261
190400,3119513600,5.887885e+16,4.557365,4.556785,4.508459
190500,3121152000,5.890977e+16,4.548780,4.557743,4.511559
190600,3122790400,5.894070e+16,4.557611,4.552670,4.508743
190700,3124428800,5.897162e+16,4.544705,4.555447,4.509095
190800,3126067200,5.900254e+16,4.554685,4.562588,4.513312
190900,3127705600,5.903347e+16,4.534902,4.555681,4.507624
191000,3129344000,5.906439e+16,4.543934,4.557095,4.512928
191100,3130982400,5.909531e+16,4.534014,4.556267,4.510320
191200,3132620800,5.912624e+16,4.564523,4.549500,4.510001
191300,3134259200,5.915716e+16,4.546529,4.552738,4.510312
191400,3135897600,5.918809e+16,4.544253,4.552915,4.505171
191500,3137536000,5.921901e+16,4.561030,4.550074,4.507277
191600,3139174400,5.924993e+16,4.533606,4.550672,4.508698
191700,3140812800,5.928086e+16,4.537893,4.553147,4.508384
191800,3142451200,5.931178e+16,4.542994,4.553304,4.508954
191900,3144089600,5.934270e+16,4.555421,4.548395,4.504037
192000,3145728000,5.937363e+16,4.544217,4.551581,4.508517
192100,3147366400,5.940455e+16,4.550110,4.555107,4.508219
192200,3149004800,5.943548e+16,4.545031,4.552534,4.508361
192300,3150643200,5.946640e+16,4.543718,4.553794,4.508808
192400,3152281600,5.949732e+16,4.546226,4.552888,4.507079
192500,3153920000,5.952825e+16,4.544205,4.549086,4.504713
192600,3155558400,5.955917e+16,4.552822,4.549418,4.508646
192700,3157196800,5.959009e+16,4.541725,4.546429,4.506034
192800,3158835200,5.962102e+16,4.545953,4.551686,4.508656
192900,3160473600,5.965194e+16,4.547129,4.549071,4.508739
193000,3162112000,5.968287e+16,4.552957,4.546383,4.503268
193100,3163750400,5.971379e+16,4.560456,4.548018,4.506140
193200,3165388800,5.974471e+16,4.566511,4.544480,4.500449
193300,3167027200,5.977564e+16,4.569995,4.540820,4.499683
193400,3168665600,5.980656e+16,4.559892,4.545090,4.500200
193500,3170304000,5.983748e+16,4.555516,4.542341,4.499090
193600,3171942400,5.986841e+16,4.535893,4.547823,4.504214
193700,3173580800,5.989933e+16,4.547235,4.547628,4.501925
193800,3175219200,5.993026e+16,4.539905,4.541205,4.502269
193900,3176857600,5.996118e+16,4.544269,4.546298,4.503139
194000,3178496000,5.999210e+16,4.540623,4.544498,4.501295
194100,3180134400,6.002303e+16,4.534764,4.549928,4.501133
194200,3181772800,6.005395e+16,4.542468,4.546499,4.502577
194300,3183411200,6.008487e+16,4.548936,4.549069,4.504030
194400,3185049600,6.011580e+16,4.552372,4.545930,4.500441
194500,3186688000,6.014672e+16,4.532584,4.545883,4.498099
194600,3188326400,6.017765e+16,4.523224,4.544779,4.498258
194700,3189964800,6.020857e+16,4.548386,4.549275,4.503368
194800,3191603200,6.023949e+16,4.529562,4.552491,4.507093
194900,3193241600,6.027042e+16,4.535819,4.544954,4.500430
195000,3194880000,6.030134e+16,4.542772,4.548001,4.498475
195100,3196518400,6.033226e+16,4.541977,4.546619,4.499523
195200,3198156800,6.036319e+16,4.544312,4.538943,4.493981
195300,3199795200,6.039411e+16,4.538020,4.543741,4.496427
195400,3201433600,6.042504e+16,4.555293,4.543994,4.497924
195500,3203072000,6.045596e+16,4.536230,4.547773,4.498596
195600,3204710400,6.048688e+16,4.517536,4.542856,4.495752
195700,3206348800,6.051781e+16,4.554890,4.541832,4.496883
195800,3207987200,6.054873e+16,4.537446,4.545379,4.497694
195900,3209625600,6.057965e+16,4.526149,4.541631,4.494380
196000,3211264000,6.061058e+16,4.539494,4.544432,4.498314
196100,3212902400,6.064150e+16,4.524378,4.540446,4.493806
196200,3214540800,6.067243e+16,4.536561,4.537299,4.495078
196300,3216179200,6.070335e+16,4.537199,4.534309,4.492692
196400,3217817600,6.073427e+16,4.537444,4.540428,4.496197
196500,3219456000,6.076520e+16,4.519763,4.543871,4.498680
196600,3221094400,6.079612e+16,4.528439,4.543022,4.496891
196700,3222732800,6.082704e+16,4.537060,4.535360,4.491842
196800,3224371200,6.085797e+16,4.548438,4.540165,4.494429
196900,3226009600,6.088889e+16,4.552567,4.542457,4.493433
197000,3227648000,6.091982e+16,4.546385,4.541941,4.496662
197100,3229286400,6.095074e+16,4.521248,4.540545,4.494924
197200,3230924800,6.098166e+16,4.533989,4.538387,4.492609
197300,3232563200,6.101259e+16,4.536412,4.533840,4.491680
197400,3234201600,6.104351e+16,4.543410,4.534091,4.491865
197500,3235840000,6.107443e+16,4.535013,4.535799,4.492754
197600,3237478400,6.110536e+16,4.523779,4.533007,4.491095
197700,3239116800,6.113628e+16,4.531952,4.535819,4.491145
197800,3240755200,6.116721e+16,4.559316,4.531737,4.490887
197900,3242393600,6.119813e+16,4.527297,4.531506,4.489080
198000,3244032000,6.122905e+16,4.541251,4.529035,4.486593
198100,3245670400,6.125998e+16,4.528691,4.527835,4.486156
198200,3247308800,6.129090e+16,4.546303,4.533527,4.490497
198300,3248947200,6.132183e+16,4.547493,4.532277,4.489750
198400,3250585600,6.135275e+16,4.527288,4.532896,4.489514
198500,3252224000,6.138367e+16,4.524816,4.530239,4.490547
198600,3253862400,6.141460e+16,4.519171,4.534917,4.491093
198700,3255500800,6.144552e+16,4.520916,4.529863,4.488880
198800,3257139200,6.147644e+16,4.540344,4.527170,4.485628
198900,3258777600,6.150737e+16,4.528796,4.534027,4.487864
199000,3260416000,6.153829e+16,4.541058,4.529393,4.490869
199100,3262054400,6.156922e+16,4.528209,4.529760,4.485986
199200,3263692800,6.160014e+16,4.531530,4.530049,4.488169
199300,3265331200,6.163106e+16,4.533870,4.529512,4.487741
199400,3266969600,6.166199e+16,4.517135,4.531154,4.487254
199500,3268608000,6.169291e+16,4.527584,4.522683,4.482830
199600,3270246400,6.172383e+16,4.526960,4.525154,4.483769
199700,3271884800,6.175476e+16,4.542057,4.524639,4.485969
199800,3273523200,6.178568e+16,4.515086,4.527413,4.487385
199900,3275161600,6.181661e+16,4.537405,4.527402,4.484498
200000,3276800000,6.184753e+16,4.550431,4.526709,4.487480
200100,3278438400,6.187845e+16,4.532526,4.521184,4.482380
200200,3280076800,6.190938e+16,4.530458,4.527315,4.486050
200300,3281715200,6.194030e+16,4.529234,4.530046,4.485694
200400,3283353600,6.197122e+16,4.536692,4.526284,4.486204
200500,3284992000,6.200215e+16,4.500185,4.530995,4.486818
200600,3286630400,6.203307e+16,4.553188,4.529109,4.485882
200700,3288268800,6.206400e+16,4.524159,4.527618,4.485602
200800,3289907200,6.209492e+16,4.543824,4.525900,4.487906
200900,3291545600,6.212584e+16,4.514541,4.528456,4.487441
201000,3293184000,6.215677e+16,4.539078,4.524140,4.484579
201100,3294822400,6.218769e+16,4.535797,4.526565,4.486895
201200,3296460800,6.221861e+16,4.537439,4.525541,4.486321
201300,3298099200,6.224954e+16,4.527265,4.527502,4.487530
201400,3299737600,6.228046e+16,4.550744,4.523401,4.486524
201500,3301376000,6.231139e+16,4.518379,4.521137,4.481322
201600,3303014400,6.234231e+16,4.515906,4.523904,4.481894
201700,3304652800,6.237323e+16,4.520146,4.517081,4.478965
201800,3306291200,6.240416e+16,4.525889,4.518846,4.480503
201900,3307929600,6.243508e+16,4.518516,4.515173,4.476881
202000,3309568000,6.246600e+16,4.512478,4.519284,4.478924
202100,3311206400,6.249693e+16,4.514125,4.520356,4.478255
202200,3312844800,6.252785e+16,4.496079,4.526528,4.483054
202300,3314483200,6.255878e+16,4.521513,4.524922,4.481778
202400,3316121600,6.258970e+16,4.522645,4.526356,4.485267
202500,3317760000,6.262062e+16,4.531684,4.525362,4.480936
202600,3319398400,6.265155e+16,4.512733,4.528622,4.478714
202700,3321036800,6.268247e+16,4.535621,4.529304,4.478254
202800,3322675200,6.271339e+16,4.512416,4.527196,4.481464
202900,3324313600,6.274432e+16,4.529556,4.521133,4.475200
203000,3325952000,6.277524e+16,4.535046,4.526434,4.478778
203100,3327590400,6.280617e+16,4.533919,4.529374,4.480204
203200,3329228800,6.283709e+16,4.516346,4.530335,4.478496
203300,3330867200,6.286801e+16,4.518746,4.526609,4.477877
203400,3332505600,6.289894e+16,4.517486,4.522947,4.472654
203500,3334144000,6.292986e+16,4.510828,4.523145,4.473555
203600,3335782400,6.296078e+16,4.506310,4.526788,4.478106
203700,3337420800,6.299171e+16,4.541111,4.526196,4.478159
203800,3339059200,6.302263e+16,4.525653,4.523512,4.476087
203900,3340697600,6.305356e+16,4.512383,4.525538,4.475636
204000,3342336000,6.308448e+16,4.511421,4.525793,4.476630
204100,3343974400,6.311540e+16,4.519882,4.521741,4.473659
204200,3345612800,6.314633e+16,4.529366,4.521976,4.475493
204300,3347251200,6.317725e+16,4.509049,4.526080,4.475076
204400,3348889600,6.320817e+16,4.528607,4.530303,4.479277
204500,3350528000,6.323910e+16,4.551084,4.523853,4.474178
204600,3352166400,6.327002e+16,4.498792,4.522652,4.478383
204700,3353804800,6.330095e+16,4.506671,4.523575,4.477200
204800,3355443200,6.333187e+16,4.531532,4.521775,4.475761
204900,3357081600,6.336279e+16,4.520224,4.521849,4.476365
205000,3358720000,6.339372e+16,4.503494,4.519555,4.475087
205100,3360358400,6.342464e+16,4.519083,4.515819,4.473534
205200,3361996800,6.345556e+16,4.514602,4.520205,4.474249
205300,3363635200,6.348649e+16,4.500382,4.517970,4.473022
205400,3365273600,6.351741e+16,4.516614,4.518324,4.473197
205500,3366912000,6.354834e+16,4.493903,4.521233,4.472389
205600,3368550400,6.357926e+16,4.499608,4.520584,4.472971
205700,3370188800,6.361018e+16,4.514835,4.522442,4.472892
205800,3371827200,6.364111e+16,4.527132,4.521525,4.472308
205900,3373465600,6.367203e+16,4.531685,4.525435,4.474410
206000,3375104000,6.370295e+16,4.535849,4.515705,4.472979
206100,3376742400,6.373388e+16,4.521826,4.515702,4.472255
206200,3378380800,6.376480e+16,4.521569,4.512314,4.471084
206300,3380019200,6.379573e+16,4.517234,4.512138,4.469438
206400,3381657600,6.382665e+16,4.501806,4.511774,4.468741
206500,3383296000,6.385757e+16,4.511844,4.514801,4.471731
206600,3384934400,6.388850e+16,4.510410,4.515523,4.472723
206700,3386572800,6.391942e+16,4.528029,4.512377,4.469192
206800,3388211200,6.395035e+16,4.505496,4.508125,4.467934
206900,3389849600,6.398127e+16,4.524673,4.510079,4.467969
207000,3391488000,6.401219e+16,4.519261,4.512973,4.471602
207100,3393126400,6.404312e+16,4.525595,4.508671,4.465632
207200,3394764800,6.407404e+16,4.516913,4.518779,4.471631
207300,3396403200,6.410496e+16,4.488907,4.512168,4.467619
207400,3398041600,6.413589e+16,4.522633,4.514057,4.469744
207500,3399680000,6.416681e+16,4.524222,4.510758,4.470491
207600,3401318400,6.419774e+16,4.531220,4.515023,4.470071
207700,3402956800,6.422866e+16,4.482270,4.512692,4.470262
207800,3404595200,6.425958e+16,4.517251,4.517997,4.473800
207900,3406233600,6.429051e+16,4.509620,4.517982,4.472222
208000,3407872000,6.432143e+16,4.504819,4.517727,4.469040
208100,3409510400,6.435235e+16,4.486558,4.513701,4.469870
208200,3411148800,6.438328e+16,4.512535,4.509437,4.466872
208300,3412787200,6.441420e+16,4.500144,4.508525,4.464421
208400,3414425600,6.444513e+16,4.506973,4.510238,4.465876
208500,3416064000,6.447605e+16,4.492880,4.507909,4.465515
208600,3417702400,6.450697e+16,4.489148,4.510829,4.467050
208700,3419340800,6.453790e+16,4.499219,4.511109,4.465455
208800,3420979200,6.456882e+16,4.483385,4.514929,4.466830
208900,3422617600,6.459974e+16,4.506957,4.515491,4.467331
209000,3424256000,6.463067e+16,4.518476,4.519370,4.470207
209100,3425894400,6.466159e+16,4.504675,4.511757,4.462688
209200,3427532800,6.469252e+16,4.476184,4.514858,4.466305
209300,3429171200,6.472344e+16,4.494839,4.512719,4.464529
209400,3430809600,6.475436e+16,4.513290,4.512838,4.466068
209500,3432448000,6.478529e+16,4.496955,4.511599,4.465186
209600,3434086400,6.481621e+16,4.506970,4.510559,4.463814
209700,3435724800,6.484713e+16,4.496433,4.514188,4.465684
209800,3437363200,6.487806e+16,4.508485,4.513689,4.465625
209900,3439001600,6.490898e+16,4.485471,4.513793,4.466361
210000,3440640000,6.493991e+16,4.513991,4.513373,4.465420
210100,3442278400,6.497083e+16,4.530747,4.510870,4.461713
210200,3443916800,6.500175e+16,4.516418,4.514681,4.466673
210300,3445555200,6.503268e+16,4.497689,4.510421,4.462593
210400,3447193600,6.506360e+16,4.508557,4.502382,4.458874
210500,3448832000,6.509452e+16,4.488936,4.507363,4.461436
210600,3450470400,6.512545e+16,4.512142,4.509718,4.462513
210700,3452108800,6.515637e+16,4.513237,4.508420,4.462685
210800,3453747200,6.518730e+16,4.520507,4.507257,4.460407
210900,3455385600,6.521822e+16,4.498194,4.507034,4.458318
211000,3457024000,6.524914e+16,4.495755,4.511555,4.463709
211100,3458662400,6.528007e+16,4.506649,4.504981,4.458612
211200,3460300800,6.531099e+16,4.524129,4.511793,4.460883
211300,3461939200,6.534191e+16,4.505613,4.511631,4.459154
211400,3463577600,6.537284e+16,4.511642,4.511741,4.463686
211500,3465216000,6.540376e+16,4.507102,4.507444,4.464365
211600,3466854400,6.543469e+16,4.518264,4.511514,4.464630
211700,3468492800,6.546561e+16,4.490044,4.502471,4.460413
211800,3470131200,6.549653e+16,4.508411,4.510623,4.463668
211900,3471769600,6.552746e+16,4.523540,4.505679,4.461728
212000,3473408000,6.555838e+16,4.504196,4.503350,4.459103
212100,3475046400,6.558930e+16,4.503993,4.507596,4.459463
212200,3476684800,6.562023e+16,4.508574,4.503880,4.458538
212300,3478323200,6.565115e+16,4.499890,4.505562,4.458123
212400,3479961600,6.568208e+16,4.494954,4.504392,4.455416
212500,3481600000,6.571300e+16,4.504222,4.501890,4.457974
212600,3483238400,6.574392e+16,4.506270,4.506523,4.460263
212700,3484876800,6.577485e+16,4.494613,4.506629,4.456708
212800,3486515200,6.580577e+16,4.511078,4.505981,4.458676
212900,3488153600,6.583669e+16,4.513128,4.506490,4.458684
213000,3489792000,6.586762e+16,4.483081,4.505420,4.456672
213100,3491430400,6.589854e+16,4.511673,4.507287,4.459751
213200,3493068800,6.592947e+16,4.492014,4.500564,4.454945
213300,3494707200,6.596039e+16,4.499620,4.497572,4.453796
213400,3496345600,6.599131e+16,4.515449,4.501480,4.456229
213500,3497984000,6.602224e+16,4.519386,4.500527,4.456021
213600,3499622400,6.605316e+16,4.490818,4.502478,4.455512
213700,3501260800,6.608408e+16,4.514446,4.500480,4.454236
213800,3502899200,6.611501e+16,4.521743,4.501686,4.453684
213900,3504537600,6.614593e+16,4.505438,4.504068,4.456737
214000,3506176000,6.617686e+16,4.489361,4.505444,4.453255
214100,3507814400,6.620778e+16,4.481897,4.500479,4.451748
214200,3509452800,6.623870e+16,4.486122,4.499383,4.451675
214300,3511091200,6.626963e+16,4.501819,4.501441,4.450946
214400,3512729600,6.630055e+16,4.503181,4.500973,4.452519
214500,3514368000,6.633147e+16,4.506270,4.500526,4.454982
214600,3516006400,6.636240e+16,4.526871,4.498569,4.453716
214700,3517644800,6.639332e+16,4.515283,4.503980,4.455762
214800,3519283200,6.642425e+16,4.500674,4.503196,4.454284
214900,3520921600,6.645517e+16,4.496124,4.497696,4.452295
215000,3522560000,6.648609e+16,4.516223,4.498248,4.452057
215100,3524198400,6.651702e+16,4.492663,4.500215,4.453772
215200,3525836800,6.654794e+16,4.511985,4.501589,4.454401
215300,3527475200,6.657887e+16,4.478835,4.499242,4.455063
215400,3529113600,6.660979e+16,4.490118,4.493668,4.452781
215500,3530752000,6.664071e+16,4.482078,4.492859,4.453967
215600,3532390400,6.667164e+16,4.511503,4.494487,4.454237
215700,3534028800,6.670256e+16,4.534873,4.489742,4.449417
215800,3535667200,6.673348e+16,4.501947,4.491782,4.453279
215900,3537305600,6.676441e+16,4.495336,4.484565,4.444778
216000,3538944000,6.679533e+16,4.487391,4.493926,4.451688
216100,3540582400,6.682626e+16,4.494879,4.494662,4.450014
216200,3542220800,6.685718e+16,4.503720,4.498874,4.450498
216300,3543859200,6.688810e+16,4.496955,4.495151,4.450403
216400,3545497600,6.691903e+16,4.484742,4.494903,4.449109
216500,3547136000,6.694995e+16,4.497070,4.496636,4.450277
216600,3548774400,6.698087e+16,4.486486,4.496979,4.450237
216700,3550412800,6.701180e+16,4.475712,4.492000,4.448020
216800,3552051200,6.704272e+16,4.491060,4.494725,4.449801
216900,3553689600,6.707365e+16,4.504679,4.494165,4.449272
217000,3555328000,6.710457e+16,4.517747,4.498979,4.450912
217100,3556966400,6.713549e+16,4.469642,4.494126,4.447759
217200,3558604800,6.716642e+16,4.500098,4.493388,4.449244
217300,3560243200,6.719734e+16,4.513478,4.492028,4.446637
217400,3561881600,6.722826e+16,4.489429,4.489517,4.446860
217500,3563520000,6.725919e+16,4.503641,4.486261,4.444881
217600,3565158400,6.729011e+16,4.505778,4.490753,4.447414
217700,3566796800,6.732104e+16,4.489237,4.491958,4.446990
217800,3568435200,6.735196e+16,4.507692,4.491470,4.448107
217900,3570073600,6.738288e+16,4.510516,4.492842,4.450731
218000,3571712000,6.741381e+16,4.470323,4.489129,4.447000
218100,3573350400,6.744473e+16,4.475208,4.491255,4.448829
218200,3574988800,6.747565e+16,4.482695,4.489356,4.446238
218300,3576627200,6.750658e+16,4.497066,4.487878,4.446259
218400,3578265600,6.753750e+16,4.492173,4.487921,4.445240
218500,3579904000,6.756843e+16,4.504599,4.484640,4.443526
218600,3581542400,6.759935e+16,4.499000,4.488836,4.445808
218700,3583180800,6.763027e+16,4.512404,4.493255,4.449231
218800,3584819200,6.766120e+16,4.491057,4.490479,4.446506
218900,3586457600,6.769212e+16,4.482011,4.486176,4.446864
219000,3588096000,6.772304e+16,4.494520,4.488062,4.446264
219100,3589734400,6.775397e+16,4.508382,4.488265,4.447581
219200,3591372800,6.778489e+16,4.496707,4.484238,4.444400
219300,3593011200,6.781582e+16,4.487453,4.486771,4.446438
219400,3594649600,6.784674e+16,4.475652,4.487752,4.444085
219500,3596288000,6.787766e+16,4.504651,4.485912,4.445480
219600,3597926400,6.790859e+16,4.504121,4.490625,4.447263
219700,3599564800,6.793951e+16,4.484516,4.489675,4.445863
219800,3601203200,6.797043e+16,4.489517,4.489543,4.445396
219900,3602841600,6.800136e+16,4.516880,4.489322,4.445883
220000,3604480000,6.803228e+16,4.481352,4.490396,4.444759
220100,3606118400,6.806321e+16,4.456780,4.484878,4.441225
220200,3607756800,6.809413e+16,4.488027,4.486030,4.444116
220300,3609395200,6.812505e+16,4.497415,4.485396,4.442163
220400,3611033600,6.815598e+16,4.500532,4.482969,4.443982
220500,3612672000,6.818690e+16,4.478878,4.483097,4.442849
220600,3614310400,6.821782e+16,4.484582,4.489774,4.445504
220700,3615948800,6.824875e+16,4.487173,4.486271,4.445328
220800,3617587200,6.827967e+16,4.484471,4.487826,4.444760
220900,3619225600,6.831060e+16,4.460595,4.485709,4.443705
221000,3620864000,6.834152e+16,4.471696,4.480155,4.440493
221100,3622502400,6.837244e+16,4.480719,4.485508,4.446276
221200,3624140800,6.840337e+16,4.482493,4.480990,4.443724
221300,3625779200,6.843429e+16,4.477780,4.477780,4.438170
221400,3627417600,6.846521e+16,4.490627,4.481628,4.444270
221500,3629056000,6.849614e+16,4.512912,4.483143,4.444607
221600,3630694400,6.852706e+16,4.479554,4.479728,4.441557
221700,3632332800,6.855799e+16,4.507821,4.480235,4.442612
221800,3633971200,6.858891e+16,4.498970,4.486845,4.445902
221900,3635609600,6.861983e+16,4.495043,4.485891,4.443897
222000,3637248000,6.865076e+16,4.486968,4.483028,4.443317
222100,3638886400,6.868168e+16,4.477242,4.482429,4.442998
222200,3640524800,6.871260e+16,4.496544,4.480021,4.442972
222300,3642163200,6.874353e+16,4.479251,4.489630,4.445315
222400,3643801600,6.877445e+16,4.482540,4.479666,4.441517
222500,3645440000,6.880538e+16,4.500150,4.480609,4.438819
222600,3647078400,6.883630e+16,4.490109,4.485597,4.441474
222700,3648716800,6.886722e+16,4.481709,4.480697,4.440669
222800,3650355200,6.889815e+16,4.495305,4.478925,4.439150
222900,3651993600,6.892907e+16,4.474082,4.477278,4.435941
223000,3653632000,6.895999e+16,4.459226,4.486631,4.440291
223100,3655270400,6.899092e+16,4.476363,4.485600,4.440134
223200,3656908800,6.902184e+16,4.479654,4.481613,4.438385
223300,3658547200,6.905277e+16,4.492777,4.483026,4.438070
223400,3660185600,6.908369e+16,4.462510,4.473324,4.433948
223500,3661824000,6.911461e+16,4.490555,4.479110,4.435014
223600,3663462400,6.914554e+16,4.479855,4.477095,4.435886
223700,3665100800,6.917646e+16,4.464217,4.477895,4.438579
223800,3666739200,6.920739e+16,4.500659,4.477304,4.439000
223900,3668377600,6.923831e+16,4.489502,4.475062,4.438096
224000,3670016000,6.926923e+16,4.499790,4.478576,4.439808
224100,3671654400,6.930016e+16,4.489291,4.479630,4.435369
224200,3673292800,6.933108e+16,4.472520,4.473890,4.432043
224300,3674931200,6.936200e+16,4.473728,4.475040,4.434144
224400,3676569600,6.939293e+16,4.467683,4.470558,4.429728
224500,3678208000,6.942385e+16,4.483128,4.473934,4.432707
224600,3679846400,6.945478e+16,4.493229,4.473632,4.432664
224700,3681484800,6.948570e+16,4.482327,4.473845,4.432778
224800,3683123200,6.951662e+16,4.498348,4.480035,4.436377
224900,3684761600,6.954755e+16,4.506247,4.472750,4.432348
225000,3686400000,6.957847e+16,4.496640,4.473992,4.432979
225100,3688038400,6.960939e+16,4.480334,4.477733,4.433954
225200,3689676800,6.964032e+16,4.467885,4.477192,4.433790
225300,3691315200,6.967124e+16,4.479087,4.476319,4.431987
225400,3692953600,6.970217e+16,4.486732,4.478589,4.432327
225500,3694592000,6.973309e+16,4.470647,4.474394,4.434788
225600,3696230400,6.976401e+16,4.459363,4.479072,4.433803
225700,3697868800,6.979494e+16,4.477180,4.477214,4.434540
225800,3699507200,6.982586e+16,4.455868,4.477816,4.434474
225900,3701145600,6.985678e+16,4.446750,4.472912,4.432627
226000,3702784000,6.988771e+16,4.489069,4.476518,4.431835
226100,3704422400,6.991863e+16,4.474228,4.473179,4.432229
226200,3706060800,6.994956e+16,4.466242,4.477494,4.433640
226300,3707699200,6.998048e+16,4.490187,4.470498,4.431320
226400,3709337600,7.001140e+16,4.490619,4.470693,4.430188
226500,3710976000,7.004233e+16,4.485884,4.474179,4.430970
226600,3712614400,7.007325e+16,4.484048,4.473688,4.431783
226700,3714252800,7.010417e+16,4.484790,4.471606,4.428963
226800,3715891200,7.013510e+16,4.485618,4.469976,4.428730
226900,3717529600,7.016602e+16,4.467830,4.469203,4.426023
227000,3719168000,7.019695e+16,4.463503,4.469856,4.426258
227100,3720806400,7.022787e+16,4.472070,4.474059,4.430722
227200,3722444800,7.025879e+16,4.497283,4.469416,4.425577
227300,3724083200,7.028972e+16,4.468776,4.471397,4.427313
227400,3725721600,7.032064e+16,4.486658,4.470347,4.428439
227500,3727360000,7.035156e+16,4.488018,4.464999,4.425411
227600,3728998400,7.038249e+16,4.490902,4.467990,4.426381
227700,3730636800,7.041341e+16,4.480137,4.470183,4.424756
227800,3732275200,7.044434e+16,4.485312,4.469598,4.426021
227900,3733913600,7.047526e+16,4.472581,4.468415,4.425926
228000,3735552000,7.050618e+16,4.490923,4.464550,4.423068
228100,3737190400,7.053711e+16,4.456092,4.464488,4.423909
228200,3738828800,7.056803e+16,4.470963,4.461692,4.425223
228300,3740467200,7.059895e+16,4.466436,4.466414,4.427989
228400,3742105600,7.062988e+16,4.458243,4.464148,4.422712
228500,3743744000,7.066080e+16,4.462596,4.468337,4.428426
228600,3745382400,7.069173e+16,4.482075,4.464575,4.425803
228700,3747020800,7.072265e+16,4.471327,4.466506,4.426371
228800,3748659200,7.075357e+16,4.468552,4.470539,4.426908
228900,3750297600,7.078450e+16,4.485541,4.472264,4.428467
229000,3751936000,7.081542e+16,4.479276,4.471986,4.428279
229100,3753574400,7.084634e+16,4.482972,4.472159,4.427812
229200,3755212800,7.087727e+16,4.496623,4.466567,4.423288
229300,3756851200,7.090819e+16,4.470181,4.469444,4.424551
229400,3758489600,7.093912e+16,4.485025,4.471498,4.424572
229500,3760128000,7.097004e+16,4.477549,4.470233,4.425347
229600,3761766400,7.100096e+16,4.488862,4.469060,4.422928
229700,3763404800,7.103189e+16,4.459363,4.469408,4.423235
229800,3765043200,7.106281e+16,4.469994,4.470321,4.425386
229900,3766681600,7.109373e+16,4.453210,4.471232,4.427320
230000,3768320000,7.112466e+16,4.442385,4.465901,4.422415
230100,3769958400,7.115558e+16,4.458997,4.462691,4.419589
230200,3771596800,7.118651e+16,4.460660,4.464883,4.421726
230300,3773235200,7.121743e+16,4.478018,4.467532,4.425717
230400,3774873600,7.124835e+16,4.468517,4.469970,4.421309
230500,3776512000,7.127928e+16,4.458032,4.468413,4.424731
230600,3778150400,7.131020e+16,4.489654,4.466503,4.423917
230700,3779788800,7.134112e+16,4.460728,4.463901,4.421615
230800,3781427200,7.137205e+16,4.467359,4.465583,4.422817
230900,3783065600,7.140297e+16,4.463327,4.465991,4.425397
231000,3784704000,7.143390e+16,4.496696,4.466692,4.424417
231100,3786342400,7.146482e+16,4.467557,4.465849,4.422632
231200,3787980800,7.149574e+16,4.504066,4.462883,4.421457
231300,3789619200,7.152667e+16,4.456496,4.466400,4.423662
231400,3791257600,7.155759e+16,4.448442,4.464770,4.421570
231500,3792896000,7.158851e+16,4.459784,4.462363,4.421225
231600,3794534400,7.161944e+16,4.480945,4.463766,4.417464
231700,3796172800,7.165036e+16,4.462910,4.464856,4.419872
231800,3797811200,7.168129e+16,4.479752,4.465555,4.422619
231900,3799449600,7.171221e+16,4.477622,4.464640,4.421804
232000,3801088000,7.174313e+16,4.460695,4.464963,4.424818
232100,3802726400,7.177406e+16,4.475204,4.464509,4.421230
232200,3804364800,7.180498e+16,4.466464,4.458248,4.417116
232300,3806003200,7.183591e+16,4.469286,4.457735,4.414982
232400,3807641600,7.186683e+16,4.466087,4.464690,4.418952
232500,3809280000,7.189775e+16,4.488377,4.466344,4.419816
232600,3810918400,7.192868e+16,4.476524,4.461034,4.417750
232700,3812556800,7.195960e+16,4.471057,4.466081,4.417453
232800,3814195200,7.199052e+16,4.454573,4.469339,4.418943
232900,3815833600,7.202145e+16,4.468020,4.467299,4.418644
233000,3817472000,7.205237e+16,4.481590,4.465716,4.415888
233100,3819110400,7.208330e+16,4.467104,4.465918,4.415647
233200,3820748800,7.211422e+16,4.473338,4.466507,4.416801
233300,3822387200,7.214514e+16,4.476571,4.467371,4.418829
233400,3824025600,7.217607e+16,4.460973,4.467869,4.416458
233500,3825664000,7.220699e+16,4.470032,4.460122,4.412350
233600,3827302400,7.223791e+16,4.456421,4.463635,4.418453
233700,3828940800,7.226884e+16,4.441809,4.463230,4.419228
233800,3830579200,7.229976e+16,4.473442,4.461935,4.418134
233900,3832217600,7.233069e+16,4.472443,4.460591,4.417673
234000,3833856000,7.236161e+16,4.454175,4.461878,4.419278
234100,3835494400,7.239253e+16,4.478542,4.462599,4.419747
234200,3837132800,7.242346e+16,4.438380,4.460305,4.416133
234300,3838771200,7.245438e+16,4.451847,4.460680,4.419138
234400,3840409600,7.248530e+16,4.468691,4.459568,4.417588
234500,3842048000,7.251623e+16,4.453439,4.459504,4.416353
234600,3843686400,7.254715e+16,4.471442,4.459772,4.414920
234700,3845324800,7.257808e+16,4.455085,4.461059,4.415468
234800,3846963200,7.260900e+16,4.451682,4.465002,4.420196
234900,3848601600,7.263992e+16,4.443368,4.456934,4.413721
235000,3850240000,7.267085e+16,4.456899,4.463536,4.417259
235100,3851878400,7.270177e+16,4.462245,4.463850,4.414505
235200,3853516800,7.273269e+16,4.451008,4.461102,4.415561
235300,3855155200,7.276362e+16,4.465225,4.461519,4.413336
235400,3856793600,7.279454e+16,4.442731,4.464070,4.418483
235500,3858432000,7.282547e+16,4.469675,4.462408,4.419562
235600,3860070400,7.285639e+16,4.448240,4.461434,4.417208
235700,3861708800,7.288731e+16,4.445295,4.462207,4.415038
235800,3863347200,7.291824e+16,4.447526,4.459826,4.413555
235900,3864985600,7.294916e+16,4.460802,4.461954,4.414463
236000,3866624000,7.298008e+16,4.473320,4.463973,4.415170
236100,3868262400,7.301101e+16,4.473570,4.460373,4.411280
236200,3869900800,7.304193e+16,4.472442,4.460554,4.411346
236300,3871539200,7.307286e+16,4.468424,4.459408,4.410462
236400,3873177600,7.310378e+16,4.438178,4.466072,4.416608
236500,3874816000,7.313470e+16,4.481117,4.465062,4.414581
236600,3876454400,7.316563e+16,4.468793,4.461747,4.415384
236700,3878092800,7.319655e+16,4.451221,4.464578,4.414806
236800,3879731200,7.322747e+16,4.451997,4.458897,4.412650
236900,3881369600,7.325840e+16,4.461904,4.468211,4.419103
237000,3883008000,7.328932e+16,4.459704,4.467663,4.414381
237100,3884646400,7.332025e+16,4.443325,4.465021,4.413337
237200,3886284800,7.335117e+16,4.455598,4.465034,4.414482
237300,3887923200,7.338209e+16,4.449116,4.467128,4.415829
237400,3889561600,7.341302e+16,4.449948,4.458111,4.410457
237500,3891200000,7.344394e+16,4.461570,4.463494,4.412542
237600,3892838400,7.347486e+16,4.437705,4.459656,4.410387
237700,3894476800,7.350579e+16,4.470922,4.459040,4.412726
237800,3896115200,7.353671e+16,4.460544,4.458414,4.411328
237900,3897753600,7.356764e+16,4.466445,4.457463,4.411290
238000,3899392000,7.359856e+16,4.442882,4.460649,4.414034
238100,3901030400,7.362948e+16,4.440227,4.461993,4.412676
238200,3902668800,7.366041e+16,4.460199,4.463084,4.412453
238300,3904307200,7.369133e+16,4.462320,4.465349,4.413083
238400,3905945600,7.372225e+16,4.462581,4.461583,4.413686
238500,3907584000,7.375318e+16,4.459504,4.460455,4.414503
238600,3909222400,7.378410e+16,4.439919,4.465082,4.413462
238700,3910860800,7.381503e+16,4.470161,4.460370,4.412790
238800,3912499200,7.384595e+16,4.466001,4.462956,4.412331
238900,3914137600,7.387687e+16,4.449251,4.464168,4.414212
239000,3915776000,7.390780e+16,4.460522,4.463700,4.411433
239100,3917414400,7.393872e+16,4.474336,4.459569,4.408821
239200,3919052800,7.396964e+16,4.453370,4.462032,4.409566
239300,3920691200,7.400057e+16,4.470881,4.456917,4.409849
239400,3922329600,7.403149e+16,4.440248,4.460644,4.408741
239500,3923968000,7.406242e+16,4.442799,4.458895,4.409374
239600,3925606400,7.409334e+16,4.475634,4.456509,4.407711
239700,3927244800,7.412426e+16,4.459994,4.454332,4.407621
239800,3928883200,7.415519e+16,4.473518,4.456601,4.408975
239900,3930521600,7.418611e+16,4.445566,4.458231,4.409484
240000,3932160000,7.421703e+16,4.451894,4.459568,4.412056
240100,3933798400,7.424796e+16,4.456916,4.456599,4.406307
240200,3935436800,7.427888e+16,4.459410,4.456896,4.408218
240300,3937075200,7.430981e+16,4.462629,4.460031,4.410514
240400,3938713600,7.434073e+16,4.442067,4.456685,4.411398
240500,3940352000,7.437165e+16,4.424764,4.458667,4.413616
240600,3941990400,7.440258e+16,4.442068,4.459107,4.413822
240700,3943628800,7.443350e+16,4.438323,4.456389,4.410046
240800,3945267200,7.446442e+16,4.455086,4.456447,4.408673
240900,3946905600,7.449535e+16,4.453880,4.454360,4.410798
241000,3948544000,7.452627e+16,4.469441,4.450467,4.407818
241100,3950182400,7.455720e+16,4.434404,4.454558,4.411198
241200,3951820800,7.458812e+16,4.439516,4.449520,4.406774
241300,3953459200,7.461904e+16,4.459747,4.449243,4.404881
241400,3955097600,7.464997e+16,4.460401,4.451528,4.407594
241500,3956736000,7.468089e+16,4.453341,4.451532,4.406682
241600,3958374400,7.471182e+16,4.457819,4.451287,4.403249
241700,3960012800,7.474274e+16,4.444898,4.452460,4.405135
241800,3961651200,7.477366e+16,4.456851,4.455054,4.407226
241900,3963289600,7.480459e+16,4.447576,4.450541,4.404705
242000,3964928000,7.483551e+16,4.454663,4.452505,4.403190
242100,3966566400,7.486643e+16,4.447461,4.447669,4.403354
242200,3968204800,7.489736e+16,4.434633,4.450140,4.404240
242300,3969843200,7.492828e+16,4.438908,4.449417,4.403470
242400,3971481600,7.495921e+16,4.453157,4.445962,4.401710
242500,3973120000,7.499013e+16,4.467812,4.451355,4.405830
242600,3974758400,7.502105e+16,4.457966,4.452979,4.406929
242700,3976396800,7.505198e+16,4.446196,4.448183,4.402460
242800,3978035200,7.508290e+16,4.429982,4.446996,4.401097
242900,3979673600,7.511382e+16,4.451456,4.446734,4.400484
243000,3981312000,7.514475e+16,4.428945,4.448833,4.403309
243100,3982950400,7.517567e+16,4.447185,4.449112,4.401833
243200,3984588800,7.520660e+16,4.435461,4.452673,4.400826
243300,3986227200,7.523752e+16,4.425271,4.448087,4.400850
243400,3987865600,7.526844e+16,4.440792,4.445383,4.399331
243500,3989504000,7.529937e+16,4.457191,4.447804,4.404796
243600,3991142400,7.533029e+16,4.439488,4.441236,4.399522
243700,3992780800,7.536121e+16,4.446069,4.443114,4.403980
243800,3994419200,7.539214e+16,4.450696,4.441284,4.400633
243900,3996057600,7.542306e+16,4.442332,4.437091,4.398673
244000,3997696000,7.545399e+16,4.458045,4.442234,4.400305
244100,3999334400,7.548491e+16,4.447089,4.440126,4.401040
244200,4000972800,7.551583e+16,4.453659,4.441748,4.399841
244300,4002611200,7.554676e+16,4.419737,4.435060,4.396741
244400,4004249600,7.557768e+16,4.424976,4.444754,4.401912
244500,4005888000,7.560860e+16,4.441405,4.438576,4.398659
244600,4007526400,7.563953e+16,4.459341,4.436968,4.398090
244700,4009164800,7.567045e+16,4.434832,4.443079,4.401460
244800,4010803200,7.570138e+16,4.451409,4.436785,4.398171
244900,4012441600,7.573230e+16,4.442486,4.443802,4.400095
245000,4014080000,7.576322e+16,4.463314,4.438400,4.396835
245100,4015718400,7.579415e+16,4.461241,4.438409,4.396549
245200,4017356800,7.582507e+16,4.453313,4.437323,4.397273
245300,4018995200,7.585599e+16,4.445133,4.437116,4.395922
245400,4020633600,7.588692e+16,4.444938,4.439187,4.396757
245500,4022272000,7.591784e+16,4.456764,4.433046,4.393588
245600,4023910400,7.594877e+16,4.451466,4.438516,4.396307
245700,4025548800,7.597969e+16,4.435684,4.441572,4.395499
245800,4027187200,7.601061e+16,4.435078,4.436714,4.394896
245900,4028825600,7.604154e+16,4.427742,4.438997,4.396345
246000,4030464000,7.607246e+16,4.441139,4.434392,4.394590
246100,4032102400,7.610338e+16,4.453076,4.436711,4.396781
246200,4033740800,7.613431e+16,4.453261,4.439510,4.396668
246300,4035379200,7.616523e+16,4.438553,4.433629,4.394832
246400,4037017600,7.619616e+16,4.449450,4.437873,4.396939
246500,4038656000,7.622708e+16,4.440662,4.435085,4.395408
246600,4040294400,7.625800e+16,4.446980,4.432548,4.392434
246700,4041932800,7.628893e+16,4.451859,4.435339,4.396667
246800,4043571200,7.631985e+16,4.434052,4.436347,4.395274
246900,4045209600,7.635077e+16,4.446673,4.438041,4.395728
247000,4046848000,7.638170e+16,4.430534,4.436945,4.391810
247100,4048486400,7.641262e+16,4.430030,4.437250,4.392974
247200,4050124800,7.644355e+16,4.435052,4.429424,4.391977
247300,4051763200,7.647447e+16,4.426631,4.427963,4.389657
247400,4053401600,7.650539e+16,4.453045,4.431518,4.391296
247500,4055040000,7.653632e+16,4.442916,4.432641,4.391552
247600,4056678400,7.656724e+16,4.436865,4.426563,4.388412
247700,4058316800,7.659816e+16,4.420752,4.433435,4.389270
247800,4059955200,7.662909e+16,4.448113,4.432462,4.389520
247900,4061593600,7.666001e+16,4.450138,4.430731,4.389199
248000,4063232000,7.669094e+16,4.442757,4.434767,4.391135
248100,4064870400,7.672186e+16,4.431897,4.435151,4.390976
248200,4066508800,7.675278e+16,4.412968,4.435327,4.389658
248300,4068147200,7.678371e+16,4.433010,4.436205,4.387948
248400,4069785600,7.681463e+16,4.436007,4.432876,4.386984
248500,4071424000,7.684555e+16,4.421988,4.433126,4.389532
248600,4073062400,7.687648e+16,4.447985,4.434830,4.389539
248700,4074700800,7.690740e+16,4.434741,4.433761,4.389608
248800,4076339200,7.693833e+16,4.434224,4.432961,4.388578
248900,4077977600,7.696925e+16,4.418642,4.434722,4.390213
249000,4079616000,7.700017e+16,4.426882,4.434677,4.389439
249100,4081254400,7.703110e+16,4.467421,4.431305,4.389433
249200,4082892800,7.706202e+16,4.462111,4.434932,4.389571
249300,4084531200,7.709294e+16,4.438974,4.438158,4.390518
249400,4086169600,7.712387e+16,4.410049,4.434868,4.387427
249500,4087808000,7.715479e+16,4.426085,4.436747,4.390877
249600,4089446400,7.718572e+16,4.443110,4.433937,4.388710
249700,4091084800,7.721664e+16,4.448716,4.432429,4.386894
249800,4092723200,7.724756e+16,4.450040,4.437551,4.391250
249900,4094361600,7.727849e+16,4.453481,4.435802,4.390970
250000,4096000000,7.730941e+16,4.437009,4.436910,4.390266
250100,4097638400,7.734034e+16,4.447110,4.430406,4.386658
250200,4099276800,7.737126e+16,4.417864,4.435451,4.390939
250300,4100915200,7.740218e+16,4.466318,4.435031,4.388053
250400,4102553600,7.743311e+16,4.450013,4.434312,4.388138
250500,4104192000,7.746403e+16,4.431584,4.440421,4.390628
250600,4105830400,7.749495e+16,4.434619,4.434052,4.389817
250700,4107468800,7.752588e+16,4.423447,4.431108,4.389484
250800,4109107200,7.755680e+16,4.426288,4.433949,4.389102
250900,4110745600,7.758773e+16,4.423385,4.433570,4.388054
251000,4112384000,7.761865e+16,4.429436,4.435291,4.387445
251100,4114022400,7.764957e+16,4.444500,4.436855,4.388473
251200,4115660800,7.768050e+16,4.459165,4.432634,4.387938
251300,4117299200,7.771142e+16,4.431860,4.436153,4.390395
251400,4118937600,7.774234e+16,4.441387,4.432009,4.384510
251500,4120576000,7.777327e+16,4.439379,4.436282,4.386901
251600,4122214400,7.780419e+16,4.419588,4.436213,4.388097
251700,4123852800,7.783512e+16,4.435197,4.436676,4.387310
251800,4125491200,7.786604e+16,4.434780,4.430848,4.384067
251900,4127129600,7.789696e+16,4.445603,4.430957,4.385511
252000,4128768000,7.792789e+16,4.444256,4.431449,4.387013
252100,4130406400,7.795881e+16,4.413265,4.432267,4.388070
252200,4132044800,7.798973e+16,4.444994,4.437170,4.389171
252300,4133683200,7.802066e+16,4.417319,4.436551,4.387208
252400,4135321600,7.805158e+16,4.409630,4.435564,4.385363
252500,4136960000,7.808251e+16,4.425349,4.439541,4.388341
252600,4138598400,7.811343e+16,4.437279,4.431181,4.382907
252700,4140236800,7.814435e+16,4.430720,4.434032,4.383429
252800,4141875200,7.817528e+16,4.425104,4.438502,4.387975
252900,4143513600,7.820620e+16,4.434851,4.435844,4.388371
253000,4145152000,7.823712e+16,4.423975,4.437534,4.387046
253100,4146790400,7.826805e+16,4.420801,4.431801,4.387734
253200,4148428800,7.829897e+16,4.436583,4.431915,4.386131
253300,4150067200,7.832990e+16,4.439991,4.431930,4.384801
253400,4151705600,7.836082e+16,4.435472,4.431369,4.385973
253500,4153344000,7.839174e+16,4.450989,4.425601,4.380517
253600,4154982400,7.842267e+16,4.423657,4.429954,4.383466
253700,4156620800,7.845359e+16,4.436795,4.426714,4.381975
253800,4158259200,7.848451e+16,4.425497,4.427640,4.385011
253900,4159897600,7.851544e+16,4.429775,4.434406,4.385442
254000,4161536000,7.854636e+16,4.422388,4.427981,4.383770
254100,4163174400,7.857729e+16,4.432098,4.430759,4.385883
254200,4164812800,7.860821e+16,4.431800,4.429053,4.382809
254300,4166451200,7.863913e+16,4.441279,4.429955,4.383129
254400,4168089600,7.867006e+16,4.434952,4.431540,4.382820
254500,4169728000,7.870098e+16,4.428926,4.424767,4.381110
254600,4171366400,7.873190e+16,4.432138,4.429095,4.381924
254700,4173004800,7.876283e+16,4.418907,4.431653,4.384857
254800,4174643200,7.879375e+16,4.393437,4.432716,4.384249
254900,4176281600,7.882468e+16,4.416040,4.433111,4.384851
255000,4177920000,7.885560e+16,4.413705,4.431148,4.384804
255100,4179558400,7.888652e+16,4.430340,4.430096,4.385411
255200,4181196800,7.891745e+16,4.434504,4.427370,4.383319
255300,4182835200,7.894837e+16,4.409807,4.427912,4.383659
255400,4184473600,7.897929e+16,4.420454,4.426439,4.380121
255500,4186112000,7.901022e+16,4.402589,4.428110,4.379476
255600,4187750400,7.904114e+16,4.423340,4.427112,4.379584
255700,4189388800,7.907207e+16,4.427669,4.424521,4.378721
255800,4191027200,7.910299e+16,4.420922,4.425982,4.379031
255900,4192665600,7.913391e+16,4.431781,4.419956,4.376065
256000,4194304000,7.916484e+16,4.414573,4.423771,4.378561
256100,4195942400,7.919576e+16,4.427752,4.426811,4.378720
256200,4197580800,7.922668e+16,4.443180,4.425734,4.380714
256300,4199219200,7.925761e+16,4.426920,4.428734,4.380931
256400,4200857600,7.928853e+16,4.427712,4.429679,4.378869
256500,4202496000,7.931946e+16,4.415337,4.429120,4.379794
256600,4204134400,7.935038e+16,4.415446,4.427502,4.376035
256700,4205772800,7.938130e+16,4.437914,4.423099,4.374899
256800,4207411200,7.941223e+16,4.395052,4.425081,4.377806
256900,4209049600,7.944315e+16,4.423612,4.420935,4.376951
257000,4210688000,7.947407e+16,4.431763,4.419858,4.378626
257100,4212326400,7.950500e+16,4.437179,4.422134,4.378929
257200,4213964800,7.953592e+16,4.421583,4.418476,4.375730
257300,4215603200,7.956685e+16,4.421654,4.418492,4.377649
257400,4217241600,7.959777e+16,4.396524,4.418168,4.377214
257500,4218880000,7.962869e+16,4.427087,4.418454,4.378940
257600,4220518400,7.965962e+16,4.404828,4.416655,4.377332
257700,4222156800,7.969054e+16,4.421316,4.417332,4.373815
257800,4223795200,7.972146e+16,4.399430,4.416311,4.375061
257900,4225433600,7.975239e+16,4.396012,4.418607,4.375406
258000,4227072000,7.978331e+16,4.416904,4.419862,4.379595
258100,4228710400,7.981424e+16,4.415415,4.423799,4.378037
258200,4230348800,7.984516e+16,4.413990,4.416385,4.372650
258300,4231987200,7.987608e+16,4.416123,4.419633,4.373237
258400,4233625600,7.990701e+16,4.402324,4.413833,4.373614
258500,4235264000,7.993793e+16,4.421014,4.422236,4.378664
258600,4236902400,7.996886e+16,4.432859,4.421979,4.375972
258700,4238540800,7.999978e+16,4.440264,4.421628,4.377566
258800,4240179200,8.003070e+16,4.425027,4.418723,4.373206
258900,4241817600,8.006163e+16,4.422520,4.422394,4.376302
259000,4243456000,8.009255e+16,4.417999,4.419459,4.374164
259100,4245094400,8.012347e+16,4.410155,4.417747,4.375516
259200,4246732800,8.015440e+16,4.424340,4.416371,4.374561
259300,4248371200,8.018532e+16,4.448887,4.419966,4.376429
259400,4250009600,8.021625e+16,4.400409,4.418714,4.375261
259500,4251648000,8.024717e+16,4.419483,4.416806,4.375261
259600,4253286400,8.027809e+16,4.400482,4.417311,4.372943
259700,4254924800,8.030902e+16,4.418592,4.414950,4.370758
259800,4256563200,8.033994e+16,4.408810,4.419074,4.374455
259900,4258201600,8.037086e+16,4.434903,4.416716,4.372366
260000,4259840000,8.040179e+16,4.439872,4.422091,4.374203
260100,4261478400,8.043271e+16,4.412777,4.417875,4.373029
260200,4263116800,8.046364e+16,4.424368,4.425352,4.376384
260300,4264755200,8.049456e+16,4.434185,4.427698,4.375953
260400,4266393600,8.052548e+16,4.404596,4.422125,4.374424
260500,4268032000,8.055641e+16,4.425123,4.420966,4.373470
260600,4269670400,8.058733e+16,4.398345,4.420543,4.374151
260700,4271308800,8.061825e+16,4.408795,4.417251,4.371124
260800,4272947200,8.064918e+16,4.428504,4.418332,4.370997
260900,4274585600,8.068010e+16,4.396236,4.422025,4.374253
261000,4276224000,8.071103e+16,4.393474,4.419106,4.370520
261100,4277862400,8.074195e+16,4.386418,4.419903,4.371584
261200,4279500800,8.077287e+16,4.415398,4.418178,4.369897
261300,4281139200,8.080380e+16,4.422108,4.416824,4.372645
261400,4282777600,8.083472e+16,4.427223,4.415272,4.370485
261500,4284416000,8.086564e+16,4.419928,4.416819,4.370063
261600,4286054400,8.089657e+16,4.425866,4.417013,4.370824
261700,4287692800,8.092749e+16,4.413935,4.414135,4.368141
261800,4289331200,8.095842e+16,4.407149,4.415548,4.372144
261900,4290969600,8.098934e+16,4.400910,4.416209,4.371727
262000,4292608000,8.102026e+16,4.435436,4.418467,4.372335
262100,4294246400,8.105119e+16,4.428535,4.417556,4.370625
262200,4295884800,8.108211e+16,4.435699,4.411210,4.366411
262300,4297523200,8.111303e+16,4.420293,4.415343,4.368240
262400,4299161600,8.114396e+16,4.396834,4.416896,4.368967
262500,4300800000,8.117488e+16,4.418089,4.413002,4.366631
262600,4302438400,8.120581e+16,4.410425,4.416536,4.369282
262700,4304076800,8.123673e+16,4.432517,4.413753,4.367082
262800,4305715200,8.126765e+16,4.431550,4.414398,4.368949
262900,4307353600,8.129858e+16,4.417177,4.414642,4.367449
263000,4308992000,8.132950e+16,4.409193,4.418158,4.371684
263100,4310630400,8.136042e+16,4.403672,4.423483,4.370803
263200,4312268800,8.139135e+16,4.413737,4.417072,4.368729
263300,4313907200,8.142227e+16,4.414452,4.418696,4.370967
263400,4315545600,8.145320e+16,4.394716,4.419595,4.371216
263500,4317184000,8.148412e+16,4.394619,4.415421,4.368153
263600,4318822400,8.151504e+16,4.398158,4.413558,4.365027
263700,4320460800,8.154597e+16,4.421898,4.416307,4.369871
263800,4322099200,8.157689e+16,4.415222,4.414617,4.368700
263900,4323737600,8.160781e+16,4.423261,4.411663,4.368191
264000,4325376000,8.163874e+16,4.414392,4.410216,4.368303
264100,4327014400,8.166966e+16,4.434753,4.408362,4.367999
264200,4328652800,8.170059e+16,4.412029,4.406094,4.366949
264300,4330291200,8.173151e+16,4.403016,4.404733,4.366188
264400,4331929600,8.176243e+16,4.414901,4.406865,4.365686
264500,4333568000,8.179336e+16,4.430355,4.408670,4.367291
264600,4335206400,8.182428e+16,4.400731,4.409611,4.367025
264700,4336844800,8.185520e+16,4.419021,4.406814,4.364959
264800,4338483200,8.188613e+16,4.383988,4.403122,4.362699
264900,4340121600,8.191705e+16,4.412153,4.407399,4.366549
265000,4341760000,8.194798e+16,4.418616,4.407266,4.363365
265100,4343398400,8.197890e+16,4.383381,4.409241,4.365557
265200,4345036800,8.200982e+16,4.399938,4.404417,4.363568
265300,4346675200,8.204075e+16,4.403067,4.403696,4.361854
265400,4348313600,8.207167e+16,4.410819,4.408425,4.362281
265500,4349952000,8.210259e+16,4.423521,4.407845,4.363897
265600,4351590400,8.213352e+16,4.414052,4.408420,4.364417
265700,4353228800,8.216444e+16,4.410788,4.412066,4.364018
265800,4354867200,8.219537e+16,4.431323,4.411657,4.368041
265900,4356505600,8.222629e+16,4.406447,4.407754,4.365644
266000,4358144000,8.225721e+16,4.384834,4.410078,4.365524
266100,4359782400,8.228814e+16,4.397037,4.410666,4.363871
266200,4361420800,8.231906e+16,4.416778,4.408056,4.365028
266300,4363059200,8.234998e+16,4.408438,4.407860,4.367498
266400,4364697600,8.238091e+16,4.425282,4.410518,4.365419
266500,4366336000,8.241183e+16,4.429809,4.405982,4.361938
266600,4367974400,8.244276e+16,4.413762,4.407347,4.364250
266700,4369612800,8.247368e+16,4.405698,4.402282,4.359377
266800,4371251200,8.250460e+16,4.399715,4.406465,4.363269
266900,4372889600,8.253553e+16,4.414256,4.405499,4.362304
267000,4374528000,8.256645e+16,4.415930,4.404608,4.363894
267100,4376166400,8.259738e+16,4.423029,4.404045,4.360781
267200,4377804800,8.262830e+16,4.414323,4.401858,4.363822
267300,4379443200,8.265922e+16,4.397996,4.406871,4.364521
267400,4381081600,8.269015e+16,4.412510,4.401145,4.360851
267500,4382720000,8.272107e+16,4.422071,4.405837,4.362906
267600,4384358400,8.275199e+16,4.409436,4.401117,4.360780
267700,4385996800,8.278292e+16,4.428653,4.400195,4.358643
267800,4387635200,8.281384e+16,4.430529,4.400658,4.360560
267900,4389273600,8.284477e+16,4.418223,4.399017,4.358455
268000,4390912000,8.287569e+16,4.401702,4.402282,4.361438
268100,4392550400,8.290661e+16,4.409105,4.404050,4.361485
268200,4394188800,8.293754e+16,4.395329,4.402283,4.357936
268300,4395827200,8.296846e+16,4.402517,4.401199,4.357114
268400,4397465600,8.299938e+16,4.407720,4.403933,4.361113
268500,4399104000,8.303031e+16,4.398700,4.401313,4.358588
268600,4400742400,8.306123e+16,4.425978,4.401901,4.359234
268700,4402380800,8.309216e+16,4.396366,4.401826,4.357762
268800,4404019200,8.312308e+16,4.408411,4.398656,4.356166
268900,4405657600,8.315400e+16,4.374812,4.400854,4.358406
269000,4407296000,8.318493e+16,4.399748,4.398265,4.356765
269100,4408934400,8.321585e+16,4.392871,4.399434,4.356736
269200,4410572800,8.324677e+16,4.395054,4.399011,4.358469
269300,4412211200,8.327770e+16,4.411537,4.399583,4.359006
269400,4413849600,8.330862e+16,4.406165,4.398683,4.357354
269500,4415488000,8.333955e+16,4.406119,4.397256,4.358096
269600,4417126400,8.337047e+16,4.416012,4.395373,4.356369
269700,4418764800,8.340139e+16,4.394267,4.401970,4.359459
269800,4420403200,8.343232e+16,4.403643,4.399557,4.354692
269900,4422041600,8.346324e+16,4.386559,4.405280,4.358556
270000,4423680000,8.349416e+16,4.387886,4.400848,4.354840
270100,4425318400,8.352509e+16,4.420243,4.401283,4.354706
270200,4426956800,8.355601e+16,4.400660,4.400630,4.355718
270300,4428595200,8.358694e+16,4.411767,4.400001,4.355503
270400,4430233600,8.361786e+16,4.401605,4.399786,4.357413
270500,4431872000,8.364878e+16,4.402263,4.397115,4.355104
270600,4433510400,8.367971e+16,4.390102,4.394726,4.353616
270700,4435148800,8.371063e+16,4.392757,4.397560,4.353819
270800,4436787200,8.374155e+16,4.393839,4.396739,4.354192
270900,4438425600,8.377248e+16,4.407645,4.400635,4.355545
271000,4440064000,8.380340e+16,4.391068,4.404024,4.358553
271100,4441702400,8.383433e+16,4.403145,4.394475,4.354080
271200,4443340800,8.386525e+16,4.413405,4.397405,4.354881
271300,4444979200,8.389617e+16,4.399512,4.403513,4.357867
271400,4446617600,8.392710e+16,4.416755,4.400952,4.355590
271500,4448256000,8.395802e+16,4.381049,4.399270,4.357525
271600,4449894400,8.398894e+16,4.397556,4.399946,4.357284
271700,4451532800,8.401987e+16,4.393811,4.395952,4.355580
271800,4453171200,8.405079e+16,4.399189,4.395549,4.352960
271900,4454809600,8.408172e+16,4.424834,4.400120,4.356802
272000,4456448000,8.411264e+16,4.383093,4.396817,4.353697
272100,4458086400,8.414356e+16,4.399954,4.402609,4.355784
272200,4459724800,8.417449e+16,4.388352,4.401727,4.354166
272300,4461363200,8.420541e+16,4.382252,4.400790,4.356474
272400,4463001600,8.423633e+16,4.384238,4.395343,4.351858
272500,4464640000,8.426726e+16,4.382597,4.395404,4.352368
272600,4466278400,8.429818e+16,4.380372,4.397661,4.356530
272700,4467916800,8.432911e+16,4.371550,4.395407,4.353326
272800,4469555200,8.436003e+16,4.382046,4.386572,4.347846
272900,4471193600,8.439095e+16,4.415314,4.390264,4.351463
273000,4472832000,8.442188e+16,4.408262,4.387657,4.350793
273100,4474470400,8.445280e+16,4.405048,4.386289,4.347970
273200,4476108800,8.448372e+16,4.416071,4.386626,4.349487
273300,4477747200,8.451465e+16,4.403744,4.388453,4.350176
273400,4479385600,8.454557e+16,4.392053,4.390003,4.348210
273500,4481024000,8.457650e+16,4.402694,4.391044,4.348971
273600,4482662400,8.460742e+16,4.386500,4.388316,4.346738
273700,4484300800,8.463834e+16,4.412021,4.383651,4.345342
273800,4485939200,8.466927e+16,4.393380,4.390213,4.346352
273900,4487577600,8.470019e+16,4.394747,4.389246,4.349251
274000,4489216000,8.473111e+16,4.388964,4.390066,4.348593
274100,4490854400,8.476204e+16,4.384803,4.391860,4.349967
274200,4492492800,8.479296e+16,4.389639,4.394885,4.352278
274300,4494131200,8.482389e+16,4.382499,4.389810,4.350298
274400,4495769600,8.485481e+16,4.393721,4.389495,4.345710
274500,4497408000,8.488573e+16,4.382846,4.391919,4.349277
274600,4499046400,8.491666e+16,4.390296,4.391859,4.348918
274700,4500684800,8.494758e+16,4.395304,4.387882,4.346093
274800,4502323200,8.497850e+16,4.410665,4.388111,4.344952
274900,4503961600,8.500943e+16,4.388109,4.388389,4.345362
275000,4505600000,8.504035e+16,4.375005,4.391025,4.348962
275100,4507238400,8.507128e+16,4.380463,4.387818,4.346073
275200,4508876800,8.510220e+16,4.377844,4.384847,4.343294
275300,4510515200,8.513312e+16,4.397191,4.379932,4.344053
275400,4512153600,8.516405e+16,4.376180,4.383592,4.343015
275500,4513792000,8.519497e+16,4.380374,4.385061,4.344145
275600,4515430400,8.522590e+16,4.387646,4.386713,4.344510
275700,4517068800,8.525682e+16,4.381964,4.387682,4.343834
275800,4518707200,8.528774e+16,4.378788,4.386467,4.343284
275900,4520345600,8.531867e+16,4.382411,4.384367,4.342533
276000,4521984000,8.534959e+16,4.410457,4.383694,4.342905
276100,4523622400,8.538051e+16,4.403269,4.393424,4.348946
276200,4525260800,8.541144e+16,4.414782,4.385367,4.343651
276300,4526899200,8.544236e+16,4.386265,4.385930,4.344327
276400,4528537600,8.547329e+16,4.386662,4.387816,4.345219
276500,4530176000,8.550421e+16,4.394485,4.390197,4.347638
276600,4531814400,8.553513e+16,4.381930,4.386590,4.344540
276700,4533452800,8.556606e+16,4.391846,4.385993,4.343617
276800,4535091200,8.559698e+16,4.407634,4.391107,4.348315
276900,4536729600,8.562790e+16,4.398925,4.390290,4.342352
277000,4538368000,8.565883e+16,4.389055,4.392920,4.345522
277100,4540006400,8.568975e+16,4.395049,4.389045,4.345079
277200,4541644800,8.572068e+16,4.385220,4.390165,4.344287
277300,4543283200,8.575160e+16,4.392940,4.387811,4.343678
277400,4544921600,8.578252e+16,4.375634,4.390039,4.344301
277500,4546560000,8.581345e+16,4.393655,4.391518,4.345911
277600,4548198400,8.584437e+16,4.394814,4.388460,4.343435
277700,4549836800,8.587529e+16,4.390738,4.387304,4.346442
277800,4551475200,8.590622e+16,4.381596,4.388365,4.345574
277900,4553113600,8.593714e+16,4.405911,4.388448,4.344028
278000,4554752000,8.596807e+16,4.398389,4.390549,4.344144
278100,4556390400,8.599899e+16,4.381925,4.390238,4.342858
278200,4558028800,8.602991e+16,4.380983,4.395047,4.344449
278300,4559667200,8.606084e+16,4.382655,4.389959,4.343276
278400,4561305600,8.609176e+16,4.384216,4.391705,4.342909
278500,4562944000,8.612268e+16,4.394621,4.396974,4.344708
278600,4564582400,8.615361e+16,4.403890,4.396896,4.347241
278700,4566220800,8.618453e+16,4.386073,4.391893,4.342601
278800,4567859200,8.621546e+16,4.380647,4.386851,4.340682
278900,4569497600,8.624638e+16,4.385286,4.388065,4.342607
279000,4571136000,8.627730e+16,4.384676,4.388883,4.342993
279100,4572774400,8.630823e+16,4.381890,4.388882,4.344044
279200,4574412800,8.633915e+16,4.404967,4.392090,4.344042
279300,4576051200,8.637007e+16,4.390124,4.387392,4.341369
279400,4577689600,8.640100e+16,4.372540,4.387866,4.342687
279500,4579328000,8.643192e+16,4.389477,4.386651,4.341602
279600,4580966400,8.646285e+16,4.391851,4.384002,4.340185
279700,4582604800,8.649377e+16,4.389422,4.385163,4.342166
279800,4584243200,8.652469e+16,4.371269,4.387689,4.341426
279900,4585881600,8.655562e+16,4.375532,4.386141,4.339443
280000,4587520000,8.658654e+16,4.373357,4.388509,4.341493
280100,4589158400,8.661746e+16,4.382247,4.383614,4.337473
280200,4590796800,8.664839e+16,4.386400,4.386998,4.338492
280300,4592435200,8.667931e+16,4.401014,4.384995,4.339944
280400,4594073600,8.671024e+16,4.404760,4.383675,4.338099
280500,4595712000,8.674116e+16,4.367627,4.388155,4.338624
280600,4597350400,8.677208e+16,4.389884,4.388494,4.341470
280700,4598988800,8.680301e+16,4.383092,4.389255,4.340490
280800,4600627200,8.683393e+16,4.373102,4.391528,4.342356
280900,4602265600,8.686485e+16,4.371066,4.387910,4.341006
281000,4603904000,8.689578e+16,4.380960,4.385979,4.337932
281100,4605542400,8.692670e+16,4.382748,4.388910,4.342583
281200,4607180800,8.695763e+16,4.389955,4.383173,4.338117
281300,4608819200,8.698855e+16,4.386573,4.384475,4.338531
281400,4610457600,8.701947e+16,4.409254,4.384780,4.339851
281500,4612096000,8.705040e+16,4.395529,4.381033,4.337677
281600,4613734400,8.708132e+16,4.401619,4.383897,4.338077
281700,4615372800,8.711224e+16,4.381619,4.382144,4.336928
281800,4617011200,8.714317e+16,4.363871,4.381741,4.339154
281900,4618649600,8.717409e+16,4.396093,4.381915,4.337707
282000,4620288000,8.720502e+16,4.408589,4.380462,4.336211
282100,4621926400,8.723594e+16,4.395316,4.381141,4.337567
282200,4623564800,8.726686e+16,4.365455,4.381070,4.338750
282300,4625203200,8.729779e+16,4.381101,4.382824,4.338467
282400,4626841600,8.732871e+16,4.378271,4.381810,4.335791
282500,4628480000,8.735963e+16,4.392704,4.383486,4.338260
282600,4630118400,8.739056e+16,4.376161,4.385586,4.339721
282700,4631756800,8.742148e+16,4.367113,4.381841,4.337521
282800,4633395200,8.745241e+16,4.381615,4.379061,4.336236
282900,4635033600,8.748333e+16,4.377810,4.378130,4.337897
283000,4636672000,8.751425e+16,4.390277,4.374710,4.334694
283100,4638310400,8.754518e+16,4.389749,4.379151,4.337386
283200,4639948800,8.757610e+16,4.394014,4.379085,4.335346
283300,4641587200,8.760702e+16,4.372369,4.382979,4.337434
283400,4643225600,8.763795e+16,4.359581,4.380244,4.336778
283500,4644864000,8.766887e+16,4.375047,4.379334,4.337069
283600,4646502400,8.769980e+16,4.371740,4.372924,4.332102
283700,4648140800,8.773072e+16,4.389961,4.375983,4.331563
283800,4649779200,8.776164e+16,4.358059,4.379489,4.335512
283900,4651417600,8.779257e+16,4.378636,4.374431,4.332485
284000,4653056000,8.782349e+16,4.383566,4.381593,4.335680
284100,4654694400,8.785442e+16,4.364691,4.378060,4.332474
284200,4656332800,8.788534e+16,4.396293,4.378189,4.334891
284300,4657971200,8.791626e+16,4.372342,4.378808,4.335218
284400,4659609600,8.794719e+16,4.374820,4.379581,4.334696
284500,4661248000,8.797811e+16,4.381756,4.381631,4.336584
284600,4662886400,8.800903e+16,4.367333,4.385496,4.338653
284700,4664524800,8.803996e+16,4.386258,4.376972,4.333469
284800,4666163200,8.807088e+16,4.394098,4.383477,4.335848
284900,4667801600,8.810181e+16,4.355733,4.379821,4.333549
285000,4669440000,8.813273e+16,4.384182,4.379332,4.334897
285100,4671078400,8.816365e+16,4.366134,4.376112,4.332832
285200,4672716800,8.819458e+16,4.383215,4.382216,4.336958
285300,4674355200,8.822550e+16,4.388125,4.381292,4.334149
285400,4675993600,8.825642e+16,4.370064,4.376835,4.330554
285500,4677632000,8.828735e+16,4.366791,4.376607,4.333575
285600,4679270400,8.831827e+16,4.370802,4.377052,4.331798
285700,4680908800,8.834920e+16,4.381008,4.377668,4.331397
285800,4682547200,8.838012e+16,4.386408,4.377545,4.331851
285900,4684185600,8.841104e+16,4.369240,4.378078,4.330695
286000,4685824000,8.844197e+16,4.368798,4.380537,4.331721
286100,4687462400,8.847289e+16,4.355245,4.381018,4.330805
286200,4689100800,8.850381e+16,4.374145,4.381587,4.332684
286300,4690739200,8.853474e+16,4.364243,4.381835,4.332755
286400,4692377600,8.856566e+16,4.370245,4.379984,4.330637
286500,4694016000,8.859659e+16,4.358371,4.376733,4.328572
286600,4695654400,8.862751e+16,4.368381,4.380483,4.329646
286700,4697292800,8.865843e+16,4.372715,4.382543,4.331114
286800,4698931200,8.868936e+16,4.373621,4.383533,4.332936
286900,4700569600,8.872028e+16,4.374156,4.380253,4.328984
287000,4702208000,8.875120e+16,4.382863,4.379079,4.331341
287100,4703846400,8.878213e+16,4.394570,4.382061,4.331330
287200,4705484800,8.881305e+16,4.375476,4.376893,4.328322
287300,4707123200,8.884398e+16,4.383993,4.381326,4.330046
287400,4708761600,8.887490e+16,4.369583,4.380139,4.330185
287500,4710400000,8.890582e+16,4.379557,4.378971,4.330279
287600,4712038400,8.893675e+16,4.376832,4.381218,4.331723
287700,4713676800,8.896767e+16,4.366257,4.375471,4.327808
287800,4715315200,8.899859e+16,4.393587,4.380823,4.330045
287900,4716953600,8.902952e+16,4.375906,4.377886,4.329323
288000,4718592000,8.906044e+16,4.374582,4.381075,4.331088
288100,4720230400,8.909137e+16,4.383192,4.376053,4.329485
288200,4721868800,8.912229e+16,4.382154,4.374562,4.329458
288300,4723507200,8.915321e+16,4.383570,4.367996,4.325715
288400,4725145600,8.918414e+16,4.370122,4.372411,4.327218
288500,4726784000,8.921506e+16,4.363505,4.372870,4.326966
288600,4728422400,8.924598e+16,4.363341,4.375320,4.327307
288700,4730060800,8.927691e+16,4.395830,4.375598,4.326460
288800,4731699200,8.930783e+16,4.366565,4.380471,4.332077
288900,4733337600,8.933876e+16,4.382766,4.376625,4.327246
289000,4734976000,8.936968e+16,4.364799,4.373731,4.327063
289100,4736614400,8.940060e+16,4.385084,4.375842,4.328061
289200,4738252800,8.943153e+16,4.372740,4.374122,4.327895
289300,4739891200,8.946245e+16,4.366444,4.372001,4.325956
289400,4741529600,8.949337e+16,4.344056,4.375196,4.327326
289500,4743168000,8.952430e+16,4.379892,4.369847,4.324675
289600,4744806400,8.955522e+16,4.355278,4.374087,4.326605
289700,4746444800,8.958615e+16,4.361929,4.373840,4.327458
289800,4748083200,8.961707e+16,4.381577,4.376422,4.329594
289900,4749721600,8.964799e+16,4.362876,4.372537,4.324663
290000,4751360000,8.967892e+16,4.395122,4.369879,4.324421
290100,4752998400,8.970984e+16,4.374612,4.367705,4.322949
290200,4754636800,8.974076e+16,4.350089,4.371842,4.327427
290300,4756275200,8.977169e+16,4.357410,4.373199,4.326408
290400,4757913600,8.980261e+16,4.354383,4.377475,4.326303
290500,4759552000,8.983354e+16,4.375284,4.373662,4.324010
290600,4761190400,8.986446e+16,4.367079,4.372350,4.324892
290700,4762828800,8.989538e+16,4.389147,4.371760,4.322967
290800,4764467200,8.992631e+16,4.365064,4.371262,4.322064
290900,4766105600,8.995723e+16,4.367667,4.373037,4.324576
291000,4767744000,8.998815e+16,4.364222,4.371078,4.324099
291100,4769382400,9.001908e+16,4.355334,4.370086,4.324059
291200,4771020800,9.005000e+16,4.352176,4.372805,4.325914
291300,4772659200,9.008093e+16,4.364629,4.375132,4.324528
291400,4774297600,9.011185e+16,4.364274,4.370451,4.322502
291500,4775936000,9.014277e+16,4.368245,4.368263,4.319783
291600,4777574400,9.017370e+16,4.376050,4.369269,4.318159
291700,4779212800,9.020462e+16,4.368374,4.370367,4.320178
291800,4780851200,9.023554e+16,4.364791,4.370062,4.319286
291900,4782489600,9.026647e+16,4.368445,4.366789,4.317958
292000,4784128000,9.029739e+16,4.376420,4.365430,4.317769
292100,4785766400,9.032832e+16,4.372963,4.366481,4.317286
292200,4787404800,9.035924e+16,4.376095,4.365039,4.318036
292300,4789043200,9.039016e+16,4.366970,4.367254,4.318144
292400,4790681600,9.042109e+16,4.352973,4.365790,4.317804
292500,4792320000,9.045201e+16,4.382708,4.367535,4.318422
292600,4793958400,9.048294e+16,4.366999,4.363090,4.315350
292700,4795596800,9.051386e+16,4.381735,4.361052,4.318537
292800,4797235200,9.054478e+16,4.368446,4.366367,4.321437
292900,4798873600,9.057571e+16,4.352989,4.361855,4.314260
293000,4800512000,9.060663e+16,4.366828,4.361886,4.314876
293100,4802150400,9.063755e+16,4.359335,4.361959,4.316181
293200,4803788800,9.066848e+16,4.372155,4.360806,4.314717
293300,4805427200,9.069940e+16,4.366486,4.363022,4.315775
293400,4807065600,9.073033e+16,4.345979,4.369092,4.319332
293500,4808704000,9.076125e+16,4.365559,4.363486,4.316174
293600,4810342400,9.079217e+16,4.389661,4.364424,4.318331
293700,4811980800,9.082310e+16,4.345508,4.362066,4.316171
293800,4813619200,9.085402e+16,4.357884,4.357714,4.316048
293900,4815257600,9.088494e+16,4.377338,4.360734,4.317360
294000,4816896000,9.091587e+16,4.348862,4.361473,4.316164
294100,4818534400,9.094679e+16,4.349041,4.361029,4.317910
294200,4820172800,9.097772e+16,4.359405,4.359464,4.316104
294300,4821811200,9.100864e+16,4.379209,4.360673,4.314901
294400,4823449600,9.103956e+16,4.394152,4.363020,4.316629
294500,4825088000,9.107049e+16,4.367022,4.359281,4.316680
294600,4826726400,9.110141e+16,4.355904,4.357344,4.314563
294700,4828364800,9.113233e+16,4.373657,4.362378,4.318008
294800,4830003200,9.116326e+16,4.371665,4.360832,4.315838
294900,4831641600,9.119418e+16,4.372966,4.359654,4.313996
295000,4833280000,9.122511e+16,4.362920,4.359624,4.313975
295100,4834918400,9.125603e+16,4.372521,4.358364,4.315452
295200,4836556800,9.128695e+16,4.347631,4.359497,4.315027
295300,4838195200,9.131788e+16,4.376431,4.361006,4.315005
295400,4839833600,9.134880e+16,4.356529,4.357839,4.313577
295500,4841472000,9.137972e+16,4.370502,4.362816,4.316956
295600,4843110400,9.141065e+16,4.366633,4.361112,4.314474
295700,4844748800,9.144157e+16,4.361677,4.364777,4.317136
295800,4846387200,9.147250e+16,4.354732,4.358544,4.312400
295900,4848025600,9.150342e+16,4.362318,4.361488,4.312628
296000,4849664000,9.153434e+16,4.341780,4.362091,4.313728
296100,4851302400,9.156527e+16,4.341211,4.357864,4.312185
296200,4852940800,9.159619e+16,4.357750,4.360108,4.311151
296300,4854579200,9.162711e+16,4.354121,4.358656,4.308021
296400,4856217600,9.165804e+16,4.368257,4.355616,4.308407
296500,4857856000,9.168896e+16,4.351310,4.359368,4.311345
296600,4859494400,9.171989e+16,4.378003,4.361532,4.312911
296700,4861132800,9.175081e+16,4.358301,4.359240,4.313196
296800,4862771200,9.178173e+16,4.343131,4.359888,4.311222
296900,4864409600,9.181266e+16,4.345836,4.362006,4.311893
297000,4866048000,9.184358e+16,4.358029,4.357524,4.308290
297100,4867686400,9.187450e+16,4.366151,4.362074,4.312369
297200,4869324800,9.190543e+16,4.347252,4.357751,4.310563
297300,4870963200,9.193635e+16,4.372990,4.357488,4.310745
297400,4872601600,9.196728e+16,4.374013,4.359824,4.311963
297500,4874240000,9.199820e+16,4.358750,4.355736,4.306934
297600,4875878400,9.202912e+16,4.341520,4.356354,4.309630
297700,4877516800,9.206005e+16,4.352775,4.358211,4.309164
297800,4879155200,9.209097e+16,4.332834,4.361442,4.311942
297900,4880793600,9.212189e+16,4.347017,4.361672,4.309470
298000,4882432000,9.215282e+16,4.358274,4.358810,4.311548
298100,4884070400,9.218374e+16,4.351291,4.358325,4.310825
298200,4885708800,9.221467e+16,4.375904,4.355686,4.310121
298300,4887347200,9.224559e+16,4.353533,4.357677,4.308976
298400,4888985600,9.227651e+16,4.369772,4.356047,4.310072
298500,4890624000,9.230744e+16,4.357107,4.358335,4.313355
298600,4892262400,9.233836e+16,4.341951,4.355468,4.309062
298700,4893900800,9.236928e+16,4.367041,4.357673,4.311471
298800,4895539200,9.240021e+16,4.364827,4.357221,4.308735
298900,4897177600,9.243113e+16,4.353284,4.357628,4.310901
299000,4898816000,9.246206e+16,4.363451,4.353984,4.311055
299100,4900454400,9.249298e+16,4.364748,4.351436,4.308984
299200,4902092800,9.252390e+16,4.374434,4.354900,4.309444
299300,4903731200,9.255483e+16,4.362938,4.351722,4.307561
299400,4905369600,9.258575e+16,4.359936,4.352761,4.307418
299500,4907008000,9.261667e+16,4.343908,4.353772,4.307798
299600,4908646400,9.264760e+16,4.351528,4.354004,4.311336
299700,4910284800,9.267852e+16,4.336268,4.350979,4.305925
299800,4911923200,9.270945e+16,4.340614,4.353062,4.308600
299900,4913561600,9.274037e+16,4.367958,4.352160,4.307376
300000,4915200000,9.277129e+16,4.343668,4.347780,4.303535
300100,4916838400,9.280222e+16,4.364831,4.356260,4.310242
300200,4918476800,9.283314e+16,4.367891,4.352602,4.307644
300300,4920115200,9.286406e+16,4.347450,4.355743,4.309493
300400,4921753600,9.289499e+16,4.356471,4.354331,4.308660
300500,4923392000,9.292591e+16,4.374162,4.354168,4.309735
300600,4925030400,9.295684e+16,4.352227,4.353156,4.306273
300700,4926668800,9.298776e+16,4.339358,4.353399,4.308319
300800,4928307200,9.301868e+16,4.360629,4.351344,4.307524
300900,4929945600,9.304961e+16,4.367213,4.356943,4.310482
301000,4931584000,9.308053e+16,4.373968,4.356863,4.309135
301100,4933222400,9.311146e+16,4.368423,4.353967,4.307222
301200,4934860800,9.314238e+16,4.354438,4.351391,4.305338
301300,4936499200,9.317330e+16,4.337051,4.348796,4.302290
301400,4938137600,9.320423e+16,4.356750,4.352529,4.306301
301500,4939776000,9.323515e+16,4.352711,4.352934,4.306570
301600,4941414400,9.326607e+16,4.351572,4.351120,4.305745
301700,4943052800,9.329700e+16,4.354771,4.349965,4.306666
301800,4944691200,9.332792e+16,4.352624,4.347665,4.305166
301900,4946329600,9.335885e+16,4.353206,4.354426,4.307338
302000,4947968000,9.338977e+16,4.347476,4.354248,4.307867
302100,4949606400,9.342069e+16,4.339897,4.351616,4.308654
302200,4951244800,9.345162e+16,4.344795,4.349151,4.305462
302300,4952883200,9.348254e+16,4.347698,4.350367,4.306351
302400,4954521600,9.351346e+16,4.350303,4.350230,4.306085
302500,4956160000,9.354439e+16,4.340499,4.344981,4.304642
302600,4957798400,9.357531e+16,4.342274,4.345208,4.304743
302700,4959436800,9.360624e+16,4.333682,4.349864,4.304952
302800,4961075200,9.363716e+16,4.345720,4.350425,4.304211
302900,4962713600,9.366808e+16,4.364980,4.346925,4.302533
303000,4964352000,9.369901e+16,4.382182,4.345125,4.301620
303100,4965990400,9.372993e+16,4.351839,4.348916,4.302730
303200,4967628800,9.376085e+16,4.343137,4.353154,4.306650
303300,4969267200,9.379178e+16,4.341360,4.350519,4.303919
303400,4970905600,9.382270e+16,4.357471,4.347617,4.303386
303500,4972544000,9.385363e+16,4.385832,4.348343,4.305376
303600,4974182400,9.388455e+16,4.350531,4.347819,4.304900
303700,4975820800,9.391547e+16,4.340797,4.345392,4.302210
303800,4977459200,9.394640e+16,4.340549,4.352595,4.309509
303900,4979097600,9.397732e+16,4.332698,4.348125,4.303452
304000,4980736000,9.400824e+16,4.346985,4.346396,4.302837
304100,4982374400,9.403917e+16,4.356693,4.347813,4.301867
304200,4984012800,9.407009e+16,4.348936,4.353156,4.305313
304300,4985651200,9.410102e+16,4.338518,4.351032,4.305138
304400,4987289600,9.413194e+16,4.347696,4.353990,4.305964
304500,4988928000,9.416286e+16,4.356144,4.350599,4.304268
304600,4990566400,9.419379e+16,4.351980,4.347083,4.303305
304700,4992204800,9.422471e+16,4.358581,4.346816,4.303722
304800,4993843200,9.425563e+16,4.353565,4.342702,4.300357
304900,4995481600,9.428656e+16,4.347444,4.346527,4.301746
305000,4997120000,9.431748e+16,4.333363,4.346584,4.303215
305100,4998758400,9.434841e+16,4.356478,4.345303,4.300942
305200,5000396800,9.437933e+16,4.367309,4.342328,4.299237
305300,5002035200,9.441025e+16,4.339794,4.343568,4.297449
305400,5003673600,9.444118e+16,4.345626,4.347245,4.301688
305500,5005312000,9.447210e+16,4.331089,4.349661,4.302643
305600,5006950400,9.450302e+16,4.331951,4.344494,4.299085
305700,5008588800,9.453395e+16,4.341136,4.347299,4.298592
305800,5010227200,9.456487e+16,4.347806,4.348556,4.301293
305900,5011865600,9.459580e+16,4.334746,4.347750,4.301654
306000,5013504000,9.462672e+16,4.338678,4.348391,4.301012
306100,5015142400,9.465764e+16,4.331114,4.347546,4.302007
306200,5016780800,9.468857e+16,4.340753,4.344593,4.299931
306300,5018419200,9.471949e+16,4.360435,4.346633,4.301464
306400,5020057600,9.475041e+16,4.347447,4.346759,4.301271
306500,5021696000,9.478134e+16,4.344316,4.347918,4.300748
306600,5023334400,9.481226e+16,4.330390,4.351839,4.302632
306700,5024972800,9.484319e+16,4.345596,4.349418,4.301591
306800,5026611200,9.487411e+16,4.341455,4.348448,4.299575
306900,5028249600,9.490503e+16,4.346380,4.347337,4.298226
307000,5029888000,9.493596e+16,4.336023,4.350951,4.301483
307100,5031526400,9.496688e+16,4.348018,4.343444,4.297606
307200,5033164800,9.499780e+16,4.339033,4.345066,4.298288
307300,5034803200,9.502873e+16,4.346262,4.343604,4.298231
307400,5036441600,9.505965e+16,4.337567,4.344667,4.295875
307500,5038080000,9.509058e+16,4.324828,4.344424,4.300360
307600,5039718400,9.512150e+16,4.345991,4.343349,4.296289
307700,5041356800,9.515242e+16,4.341206,4.342293,4.298301
307800,5042995200,9.518335e+16,4.332237,4.344758,4.297487
307900,5044633600,9.521427e+16,4.333692,4.345258,4.297504
308000,5046272000,9.524519e+16,4.342123,4.341972,4.297785
308100,5047910400,9.527612e+16,4.348883,4.338966,4.294925
308200,5049548800,9.530704e+16,4.347289,4.340436,4.293621
308300,5051187200,9.533797e+16,4.333901,4.340499,4.296011
308400,5052825600,9.536889e+16,4.336903,4.341788,4.295584
308500,5054464000,9.539981e+16,4.348841,4.347226,4.297389
308600,5056102400,9.543074e+16,4.348107,4.341010,4.296306
308700,5057740800,9.546166e+16,4.353131,4.343715,4.296774
308800,5059379200,9.549258e+16,4.325063,4.342419,4.296939
308900,5061017600,9.552351e+16,4.318212,4.345541,4.299092
309000,5062656000,9.555443e+16,4.325183,4.343858,4.295807
309100,5064294400,9.558536e+16,4.317165,4.343513,4.296965
309200,5065932800,9.561628e+16,4.362661,4.342917,4.294503
309300,5067571200,9.564720e+16,4.345617,4.342227,4.292170
309400,5069209600,9.567813e+16,4.357131,4.346045,4.295732
309500,5070848000,9.570905e+16,4.338142,4.348783,4.296664
309600,5072486400,9.573997e+16,4.365492,4.345432,4.296236
309700,5074124800,9.577090e+16,4.350751,4.342540,4.293552
309800,5075763200,9.580182e+16,4.354300,4.342561,4.294105
309900,5077401600,9.583275e+16,4.329853,4.342143,4.294826
310000,5079040000,9.586367e+16,4.353823,4.344495,4.296370
310100,5080678400,9.589459e+16,4.355733,4.338689,4.293626
310200,5082316800,9.592552e+16,4.331335,4.341480,4.295476
310300,5083955200,9.595644e+16,4.331908,4.343404,4.296880
310400,5085593600,9.598737e+16,4.336610,4.343360,4.295110
310500,5087232000,9.601829e+16,4.330080,4.342337,4.295260
310600,5088870400,9.604921e+16,4.329998,4.341036,4.292774
310700,5090508800,9.608014e+16,4.351861,4.340659,4.293324
310800,5092147200,9.611106e+16,4.329607,4.343578,4.292196
310900,5093785600,9.614198e+16,4.324319,4.340661,4.291178
311000,5095424000,9.617291e+16,4.339122,4.341375,4.292451
311100,5097062400,9.620383e+16,4.353113,4.341673,4.291426
311200,5098700800,9.623476e+16,4.333466,4.337805,4.290607
311300,5100339200,9.626568e+16,4.323299,4.342051,4.294610
311400,5101977600,9.629660e+16,4.330084,4.340272,4.291339
311500,5103616000,9.632753e+16,4.324521,4.339031,4.291900
311600,5105254400,9.635845e+16,4.326980,4.339105,4.290962
311700,5106892800,9.638937e+16,4.326251,4.339334,4.290626
311800,5108531200,9.642030e+16,4.359983,4.337078,4.290737
311900,5110169600,9.645122e+16,4.347244,4.338566,4.292197
312000,5111808000,9.648215e+16,4.330517,4.337328,4.290686
312100,5113446400,9.651307e+16,4.337819,4.333854,4.288456
312200,5115084800,9.654399e+16,4.355799,4.338412,4.292155
312300,5116723200,9.657492e+16,4.334198,4.334610,4.287371
312400,5118361600,9.660584e+16,4.333423,4.333159,4.291407
312500,5120000000,9.663676e+16,4.327855,4.331645,4.287769
312600,5121638400,9.666769e+16,4.314305,4.330420,4.288972
312700,5123276800,9.669861e+16,4.342767,4.338265,4.292547
312800,5124915200,9.672954e+16,4.353407,4.338841,4.290857
312900,5126553600,9.676046e+16,4.318733,4.333485,4.289512
313000,5128192000,9.679138e+16,4.326937,4.337095,4.291915
313100,5129830400,9.682231e+16,4.354311,4.334944,4.288668
313200,5131468800,9.685323e+16,4.330127,4.335234,4.289275
313300,5133107200,9.688415e+16,4.342141,4.336903,4.291257
313400,5134745600,9.691508e+16,4.330945,4.336388,4.291749
313500,5136384000,9.694600e+16,4.343740,4.337713,4.291661
313600,5138022400,9.697693e+16,4.361128,4.336435,4.289636
313700,5139660800,9.700785e+16,4.316311,4.334926,4.287877
313800,5141299200,9.703877e+16,4.348848,4.335206,4.287834
313900,5142937600,9.706970e+16,4.328551,4.334424,4.287109
314000,5144576000,9.710062e+16,4.347131,4.337496,4.288804
314100,5146214400,9.713154e+16,4.326542,4.336590,4.288659
314200,5147852800,9.716247e+16,4.332104,4.337056,4.288860
314300,5149491200,9.719339e+16,4.341645,4.334280,4.287768
314400,5151129600,9.722432e+16,4.344085,4.336669,4.286500
314500,5152768000,9.725524e+16,4.349420,4.336494,4.286904
314600,5154406400,9.728616e+16,4.333026,4.335473,4.288802
314700,5156044800,9.731709e+16,4.323321,4.332811,4.286590
314800,5157683200,9.734801e+16,4.329308,4.334730,4.287063
314900,5159321600,9.737893e+16,4.326189,4.330511,4.286438
315000,5160960000,9.740986e+16,4.334775,4.333071,4.288822
315100,5162598400,9.744078e+16,4.334925,4.331802,4.287958
315200,5164236800,9.747171e+16,4.339976,4.330344,4.287248
315300,5165875200,9.750263e+16,4.311919,4.332757,4.287079
315400,5167513600,9.753355e+16,4.328855,4.330993,4.284692
315500,5169152000,9.756448e+16,4.332161,4.332335,4.287631
315600,5170790400,9.759540e+16,4.317328,4.328054,4.283550
315700,5172428800,9.762632e+16,4.327214,4.335763,4.286323
315800,5174067200,9.765725e+16,4.338370,4.334093,4.286594
315900,5175705600,9.768817e+16,4.336475,4.331770,4.285401
316000,5177344000,9.771910e+16,4.349329,4.334971,4.285806
316100,5178982400,9.775002e+16,4.310871,4.337904,4.287971
316200,5180620800,9.778094e+16,4.335875,4.331317,4.284667
316300,5182259200,9.781187e+16,4.334996,4.333070,4.284429
316400,5183897600,9.784279e+16,4.330084,4.337799,4.286367
316500,5185536000,9.787371e+16,4.330364,4.336790,4.284561
316600,5187174400,9.790464e+16,4.308733,4.337598,4.283825
316700,5188812800,9.793556e+16,4.338950,4.334285,4.283177
316800,5190451200,9.796649e+16,4.344401,4.337142,4.285247
316900,5192089600,9.799741e+16,4.326128,4.339357,4.284347
317000,5193728000,9.802833e+16,4.323672,4.335771,4.282091
317100,5195366400,9.805926e+16,4.331476,4.338431,4.285031
317200,5197004800,9.809018e+16,4.324538,4.333666,4.280431
317300,5198643200,9.812110e+16,4.339233,4.330673,4.278330
317400,5200281600,9.815203e+16,4.340145,4.334805,4.281975
317500,5201920000,9.818295e+16,4.339014,4.333190,4.282836
317600,5203558400,9.821388e+16,4.322431,4.332283,4.283072
317700,5205196800,9.824480e+16,4.331825,4.330783,4.282020
317800,5206835200,9.827572e+16,4.325460,4.333271,4.283686
317900,5208473600,9.830665e+16,4.315704,4.331111,4.283105
318000,5210112000,9.833757e+16,4.329285,4.332954,4.284623
318100,5211750400,9.836849e+16,4.335350,4.331244,4.282624
318200,5213388800,9.839942e+16,4.354716,4.327325,4.282525
318300,5215027200,9.843034e+16,4.331126,4.327550,4.282865
318400,5216665600,9.846127e+16,4.322579,4.326710,4.281019
318500,5218304000,9.849219e+16,4.321431,4.328459,4.281063
318600,5219942400,9.852311e+16,4.341537,4.327421,4.279980
318700,5221580800,9.855404e+16,4.324767,4.330792,4.281853
318800,5223219200,9.858496e+16,4.326378,4.330936,4.279741
318900,5224857600,9.861589e+16,4.332941,4.329081,4.278302
319000,5226496000,9.864681e+16,4.324057,4.326639,4.278103
319100,5228134400,9.867773e+16,4.318884,4.326525,4.278011
319200,5229772800,9.870866e+16,4.332202,4.327135,4.278163
319300,5231411200,9.873958e+16,4.329374,4.328156,4.279946
319400,5233049600,9.877050e+16,4.342998,4.332763,4.280671
319500,5234688000,9.880143e+16,4.346441,4.327049,4.277945
319600,5236326400,9.883235e+16,4.346870,4.332865,4.279087
319700,5237964800,9.886328e+16,4.322436,4.330826,4.277833
319800,5239603200,9.889420e+16,4.331682,4.330696,4.281392
319900,5241241600,9.892512e+16,4.318495,4.329673,4.280652
320000,5242880000,9.895605e+16,4.321770,4.329775,4.279263
320100,5244518400,9.898697e+16,4.339146,4.327394,4.278897
320200,5246156800,9.901789e+16,4.343577,4.331082,4.277735
320300,5247795200,9.904882e+16,4.307858,4.329420,4.279100
320400,5249433600,9.907974e+16,4.330118,4.328085,4.278279
320500,5251072000,9.911067e+16,4.320196,4.328274,4.277555
320600,5252710400,9.914159e+16,4.300877,4.328422,4.279558
320700,5254348800,9.917251e+16,4.327325,4.326452,4.278902
320800,5255987200,9.920344e+16,4.330947,4.327706,4.276745
320900,5257625600,9.923436e+16,4.336590,4.324849,4.274405
321000,5259264000,9.926528e+16,4.325617,4.325030,4.275471
321100,5260902400,9.929621e+16,4.316100,4.322099,4.276170
321200,5262540800,9.932713e+16,4.328983,4.319662,4.273513
321300,5264179200,9.935806e+16,4.309625,4.322596,4.274504
321400,5265817600,9.938898e+16,4.316083,4.321951,4.273977
321500,5267456000,9.941990e+16,4.331060,4.323286,4.275702
321600,5269094400,9.945083e+16,4.329848,4.320220,4.275177
321700,5270732800,9.948175e+16,4.326784,4.323873,4.276529
321800,5272371200,9.951267e+16,4.310600,4.319046,4.273785
321900,5274009600,9.954360e+16,4.338064,4.321764,4.276349
322000,5275648000,9.957452e+16,4.343190,4.317318,4.274599
322100,5277286400,9.960545e+16,4.330662,4.319683,4.276300
322200,5278924800,9.963637e+16,4.307450,4.322020,4.275686
322300,5280563200,9.966729e+16,4.313926,4.319698,4.274781
322400,5282201600,9.969822e+16,4.314547,4.320006,4.276142
322500,5283840000,9.972914e+16,4.331339,4.322776,4.275621
322600,5285478400,9.976006e+16,4.323508,4.319968,4.273997
322700,5287116800,9.979099e+16,4.331048,4.325290,4.275685
322800,5288755200,9.982191e+16,4.342125,4.323125,4.274632
322900,5290393600,9.985284e+16,4.323934,4.322892,4.274521
323000,5292032000,9.988376e+16,4.307268,4.321397,4.271856
323100,5293670400,9.991468e+16,4.303803,4.322029,4.272141
323200,5295308800,9.994561e+16,4.306852,4.324054,4.274253
323300,5296947200,9.997653e+16,4.327081,4.323602,4.272898
323400,5298585600,1.000075e+17,4.331517,4.321413,4.273353
323500,5300224000,1.000384e+17,4.337273,4.320467,4.272842
323600,5301862400,1.000693e+17,4.315514,4.323800,4.272403
323700,5303500800,1.001002e+17,4.308414,4.321162,4.272272
323800,5305139200,1.001311e+17,4.321625,4.323346,4.275514
323900,5306777600,1.001621e+17,4.348378,4.320752,4.270794
324000,5308416000,1.001930e+17,4.315497,4.325416,4.272130
324100,5310054400,1.002239e+17,4.296699,4.320960,4.270804
324200,5311692800,1.002548e+17,4.302237,4.322194,4.272754
324300,5313331200,1.002858e+17,4.322796,4.325551,4.273520
324400,5314969600,1.003167e+17,4.307673,4.326786,4.273966
324500,5316608000,1.003476e+17,4.322061,4.324434,4.273594
324600,5318246400,1.003785e+17,4.317020,4.323258,4.272977
324700,5319884800,1.004095e+17,4.337520,4.321488,4.271688
324800,5321523200,1.004404e+17,4.307833,4.322894,4.271249
324900,5323161600,1.004713e+17,4.328945,4.324812,4.272292
325000,5324800000,1.005022e+17,4.313202,4.325578,4.271982
325100,5326438400,1.005332e+17,4.317369,4.324503,4.273571
325200,5328076800,1.005641e+17,4.286705,4.320562,4.272421
325300,5329715200,1.005950e+17,4.293275,4.324090,4.272534
325400,5331353600,1.006259e+17,4.306650,4.321926,4.273166
325500,5332992000,1.006569e+17,4.303635,4.321976,4.273600
325600,5334630400,1.006878e+17,4.322335,4.317594,4.271072
325700,5336268800,1.007187e+17,4.307412,4.317106,4.271371
325800,5337907200,1.007496e+17,4.302812,4.319112,4.273526
325900,5339545600,1.007805e+17,4.329964,4.315685,4.270860
326000,5341184000,1.008115e+17,4.308104,4.314621,4.270594
326100,5342822400,1.008424e+17,4.320763,4.323557,4.274398
326200,5344460800,1.008733e+17,4.316883,4.320282,4.273102
326300,5346099200,1.009042e+17,4.318689,4.320376,4.272399
326400,5347737600,1.009352e+17,4.316778,4.321034,4.271802
326500,5349376000,1.009661e+17,4.311359,4.319768,4.272672
326600,5351014400,1.009970e+17,4.290171,4.319799,4.273051
326700,5352652800,1.010279e+17,4.315390,4.315060,4.268426
326800,5354291200,1.010589e+17,4.311052,4.313686,4.271151
326900,5355929600,1.010898e+17,4.313473,4.315187,4.270413
327000,5357568000,1.011207e+17,4.324269,4.313885,4.267942
327100,5359206400,1.011516e+17,4.306764,4.311815,4.268078
327200,5360844800,1.011826e+17,4.301773,4.315367,4.269766
327300,5362483200,1.012135e+17,4.321901,4.314001,4.270915
327400,5364121600,1.012444e+17,4.310767,4.315846,4.270507
327500,5365760000,1.012753e+17,4.321821,4.316358,4.269470
327600,5367398400,1.013063e+17,4.326061,4.313645,4.266034
327700,5369036800,1.013372e+17,4.301435,4.311691,4.265915
327800,5370675200,1.013681e+17,4.325198,4.316833,4.270180
327900,5372313600,1.013990e+17,4.316000,4.312805,4.267136
328000,5373952000,1.014299e+17,4.306218,4.312131,4.267811
328100,5375590400,1.014609e+17,4.318693,4.314487,4.269214
328200,5377228800,1.014918e+17,4.302268,4.318383,4.270933
328300,5378867200,1.015227e+17,4.299044,4.314635,4.269478
328400,5380505600,1.015536e+17,4.307137,4.312310,4.267751
328500,5382144000,1.015846e+17,4.316157,4.317984,4.269769
328600,5383782400,1.016155e+17,4.319277,4.315392,4.268450
328700,5385420800,1.016464e+17,4.316635,4.318050,4.269916
328800,5387059200,1.016773e+17,4.313848,4.314538,4.267235
328900,5388697600,1.017083e+17,4.295066,4.314954,4.266896
329000,5390336000,1.017392e+17,4.330755,4.315588,4.267964
329100,5391974400,1.017701e+17,4.329782,4.313198,4.267744
329200,5393612800,1.018010e+17,4.297514,4.310212,4.266205
329300,5395251200,1.018320e+17,4.320044,4.311544,4.266804
329400,5396889600,1.018629e+17,4.303584,4.307483,4.264771
329500,5398528000,1.018938e+17,4.321528,4.311581,4.265866
329600,5400166400,1.019247e+17,4.316520,4.311728,4.266772
329700,5401804800,1.019557e+17,4.291946,4.310789,4.267487
329800,5403443200,1.019866e+17,4.309981,4.311990,4.266580
329900,5405081600,1.020175e+17,4.300504,4.312913,4.267343
330000,5406720000,1.020484e+17,4.317544,4.310419,4.264300
330100,5408358400,1.020793e+17,4.318511,4.310372,4.265830
330200,5409996800,1.021103e+17,4.310604,4.310549,4.265765
330300,5411635200,1.021412e+17,4.315411,4.312524,4.264590
330400,5413273600,1.021721e+17,4.300022,4.312880,4.265453
330500,5414912000,1.022030e+17,4.319545,4.315095,4.268245
330600,5416550400,1.022340e+17,4.311779,4.313876,4.264200
330700,5418188800,1.022649e+17,4.324380,4.313085,4.266509
330800,5419827200,1.022958e+17,4.285691,4.313822,4.266008
330900,5421465600,1.023267e+17,4.302332,4.307824,4.263185
331000,5423104000,1.023577e+17,4.288589,4.313102,4.264267
331100,5424742400,1.023886e+17,4.305229,4.314327,4.264100
331200,5426380800,1.024195e+17,4.304652,4.314123,4.264833
331300,5428019200,1.024504e+17,4.325730,4.313158,4.263344
331400,5429657600,1.024814e+17,4.306851,4.312048,4.262656
331500,5431296000,1.025123e+17,4.295549,4.311217,4.260219
331600,5432934400,1.025432e+17,4.308858,4.312894,4.260865
331700,5434572800,1.025741e+17,4.303605,4.314803,4.263790
331800,5436211200,1.026051e+17,4.297074,4.313001,4.261309
331900,5437849600,1.026360e+17,4.303983,4.313725,4.260363
332000,5439488000,1.026669e+17,4.282937,4.314075,4.261462
332100,5441126400,1.026978e+17,4.298198,4.312475,4.261081
332200,5442764800,1.027287e+17,4.304681,4.309492,4.259497
332300,5444403200,1.027597e+17,4.290479,4.309455,4.258567
332400,5446041600,1.027906e+17,4.295085,4.309116,4.259967
332500,5447680000,1.028215e+17,4.318330,4.312476,4.262195
332600,5449318400,1.028524e+17,4.301150,4.313235,4.260246
332700,5450956800,1.028834e+17,4.302663,4.307681,4.259774
332800,5452595200,1.029143e+17,4.315351,4.305181,4.257495
332900,5454233600,1.029452e+17,4.317683,4.303482,4.256400
333000,5455872000,1.029761e+17,4.294636,4.306259,4.258298
333100,5457510400,1.030071e+17,4.294516,4.303721,4.256787
333200,5459148800,1.030380e+17,4.310361,4.303590,4.258818
333300,5460787200,1.030689e+17,4.322003,4.304034,4.258257
333400,5462425600,1.030998e+17,4.314395,4.306303,4.259414
333500,5464064000,1.031308e+17,4.290136,4.304811,4.257926
333600,5465702400,1.031617e+17,4.309518,4.301202,4.255348
333700,5467340800,1.031926e+17,4.304035,4.304491,4.255432
333800,5468979200,1.032235e+17,4.284856,4.305721,4.256528
333900,5470617600,1.032544e+17,4.310552,4.305060,4.256224
334000,5472256000,1.032854e+17,4.283197,4.304203,4.255149
334100,5473894400,1.033163e+17,4.282100,4.302106,4.253576
334200,5475532800,1.033472e+17,4.284089,4.300223,4.253935
334300,5477171200,1.033781e+17,4.306061,4.304103,4.254568
334400,5478809600,1.034091e+17,4.298225,4.304457,4.256486
334500,5480448000,1.034400e+17,4.325868,4.303879,4.257373
334600,5482086400,1.034709e+17,4.296535,4.304249,4.255461
334700,5483724800,1.035018e+17,4.298802,4.306154,4.257508
334800,5485363200,1.035328e+17,4.306346,4.301494,4.253726
334900,5487001600,1.035637e+17,4.305197,4.301143,4.254051
335000,5488640000,1.035946e+17,4.301492,4.301432,4.255582
335100,5490278400,1.036255e+17,4.305831,4.303540,4.256026
335200,5491916800,1.036565e+17,4.290547,4.302386,4.253922
335300,5493555200,1.036874e+17,4.295380,4.305895,4.257342
335400,5495193600,1.037183e+17,4.302456,4.302894,4.256264
335500,5496832000,1.037492e+17,4.302186,4.303317,4.256156
335600,5498470400,1.037802e+17,4.309788,4.303848,4.255490
335700,5500108800,1.038111e+17,4.284842,4.304251,4.254593
335800,5501747200,1.038420e+17,4.284863,4.304760,4.255479
335900,5503385600,1.038729e+17,4.297761,4.304190,4.256122
336000,5505024000,1.039038e+17,4.298951,4.302192,4.252278
336100,5506662400,1.039348e+17,4.311832,4.304526,4.254342
336200,5508300800,1.039657e+17,4.283484,4.305936,4.253364
336300,5509939200,1.039966e+17,4.300709,4.304725,4.255479
336400,5511577600,1.040275e+17,4.293433,4.300465,4.254898
336500,5513216000,1.040585e+17,4.291732,4.301147,4.254847
336600,5514854400,1.040894e+17,4.298390,4.303105,4.254515
336700,5516492800,1.041203e+17,4.325016,4.304351,4.256687
336800,5518131200,1.041512e+17,4.320805,4.301368,4.254707
336900,5519769600,1.041822e+17,4.286935,4.299941,4.252444
337000,5521408000,1.042131e+17,4.288810,4.301304,4.253578
337100,5523046400,1.042440e+17,4.270713,4.300636,4.252835
337200,5524684800,1.042749e+17,4.285937,4.299791,4.253469
337300,5526323200,1.043059e+17,4.325639,4.301770,4.254709
337400,5527961600,1.043368e+17,4.309495,4.300920,4.255223
337500,5529600000,1.043677e+17,4.313175,4.300003,4.253913
337600,5531238400,1.043986e+17,4.311883,4.304960,4.252869
337700,5532876800,1.044296e+17,4.302594,4.299629,4.253409
337800,5534515200,1.044605e+17,4.316542,4.300960,4.252808
337900,5536153600,1.044914e+17,4.303906,4.299865,4.252813
338000,5537792000,1.045223e+17,4.315332,4.297806,4.249209
338100,5539430400,1.045532e+17,4.295781,4.300949,4.250631
338200,5541068800,1.045842e+17,4.303017,4.299034,4.250945
338300,5542707200,1.046151e+17,4.305779,4.298467,4.252252
338400,5544345600,1.046460e+17,4.310402,4.300601,4.252152
338500,5545984000,1.046769e+17,4.273383,4.302591,4.251032
338600,5547622400,1.047079e+17,4.300575,4.306455,4.254303
338700,5549260800,1.047388e+17,4.285111,4.302060,4.253752
338800,5550899200,1.047697e+17,4.304308,4.299637,4.252139
338900,5552537600,1.048006e+17,4.293953,4.298264,4.251539
339000,5554176000,1.048316e+17,4.296329,4.298379,4.249902
339100,5555814400,1.048625e+17,4.281559,4.301900,4.253708
339200,5557452800,1.048934e+17,4.284837,4.301912,4.251743
339300,5559091200,1.049243e+17,4.304615,4.301821,4.251669
339400,5560729600,1.049553e+17,4.291708,4.297960,4.250046
339500,5562368000,1.049862e+17,4.302020,4.303748,4.253447
339600,5564006400,1.050171e+17,4.324012,4.301449,4.250590
339700,5565644800,1.050480e+17,4.297279,4.300116,4.250015
339800,5567283200,1.050790e+17,4.281120,4.301339,4.251195
339900,5568921600,1.051099e+17,4.289251,4.299581,4.249553
340000,5570560000,1.051408e+17,4.302588,4.302815,4.250340
340100,5572198400,1.051717e+17,4.314732,4.300525,4.247926
340200,5573836800,1.052026e+17,4.299257,4.298444,4.247882
340300,5575475200,1.052336e+17,4.286831,4.302101,4.250012
340400,5577113600,1.052645e+17,4.307682,4.306230,4.253507
340500,5578752000,1.052954e+17,4.319636,4.302081,4.249024
340600,5580390400,1.053263e+17,4.290067,4.300588,4.248723
340700,5582028800,1.053573e+17,4.301984,4.298204,4.245955
340800,5583667200,1.053882e+17,4.304456,4.296095,4.246612
340900,5585305600,1.054191e+17,4.295771,4.297145,4.246917
341000,5586944000,1.054500e+17,4.301062,4.294764,4.248397
341100,5588582400,1.054810e+17,4.300512,4.297759,4.249838
341200,5590220800,1.055119e+17,4.319705,4.297737,4.249367
341300,5591859200,1.055428e+17,4.327577,4.300377,4.249047
341400,5593497600,1.055737e+17,4.308331,4.302162,4.249749
341500,5595136000,1.056047e+17,4.279001,4.301341,4.248120
341600,5596774400,1.056356e+17,4.284396,4.297448,4.248601
341700,5598412800,1.056665e+17,4.299350,4.302707,4.248603
341800,5600051200,1.056974e+17,4.284325,4.295353,4.245048
341900,5601689600,1.057284e+17,4.272834,4.296557,4.246022
342000,5603328000,1.057593e+17,4.283216,4.295927,4.245031
342100,5604966400,1.057902e+17,4.287133,4.296647,4.245838
342200,5606604800,1.058211e+17,4.292034,4.296132,4.246519
342300,5608243200,1.058520e+17,4.285955,4.297438,4.247158
342400,5609881600,1.058830e+17,4.269116,4.292562,4.243946
342500,5611520000,1.059139e+17,4.296950,4.293768,4.245983
342600,5613158400,1.059448e+17,4.293322,4.294017,4.244074
342700,5614796800,1.059757e+17,4.309337,4.294514,4.244573
342800,5616435200,1.060067e+17,4.271004,4.296369,4.245899
342900,5618073600,1.060376e+17,4.298520,4.295608,4.246196
343000,5619712000,1.060685e+17,4.303238,4.293511,4.247809
343100,5621350400,1.060994e+17,4.297044,4.289586,4.245032
343200,5622988800,1.061304e+17,4.288379,4.290936,4.244419
343300,5624627200,1.061613e+17,4.289816,4.292081,4.242640
343400,5626265600,1.061922e+17,4.293668,4.291303,4.242771
343500,5627904000,1.062231e+17,4.288588,4.292605,4.245299
343600,5629542400,1.062541e+17,4.286259,4.293910,4.245337
343700,5631180800,1.062850e+17,4.286630,4.294779,4.245532
343800,5632819200,1.063159e+17,4.290720,4.291988,4.242987
343900,5634457600,1.063468e+17,4.302661,4.294645,4.244359
344000,5636096000,1.063777e+17,4.293591,4.292963,4.244705
344100,5637734400,1.064087e+17,4.276666,4.293368,4.244453
344200,5639372800,1.064396e+17,4.285594,4.293684,4.242940
344300,5641011200,1.064705e+17,4.289804,4.296180,4.246119
344400,5642649600,1.065014e+17,4.280827,4.293120,4.242944
344500,5644288000,1.065324e+17,4.281247,4.290616,4.240532
344600,5645926400,1.065633e+17,4.284147,4.290146,4.241915
344700,5647564800,1.065942e+17,4.286062,4.290373,4.242102
344800,5649203200,1.066251e+17,4.298059,4.288527,4.242793
344900,5650841600,1.066561e+17,4.282651,4.285431,4.240905
345000,5652480000,1.066870e+17,4.278480,4.284763,4.239741
345100,5654118400,1.067179e+17,4.268560,4.285802,4.241844
345200,5655756800,1.067488e+17,4.291526,4.287640,4.245960
345300,5657395200,1.067798e+17,4.275379,4.287334,4.243038
345400,5659033600,1.068107e+17,4.273349,4.290198,4.242904
345500,5660672000,1.068416e+17,4.276113,4.287864,4.242715
345600,5662310400,1.068725e+17,4.267981,4.289737,4.241559
345700,5663948800,1.069035e+17,4.268402,4.289255,4.241548
345800,5665587200,1.069344e+17,4.287327,4.291688,4.241760
345900,5667225600,1.069653e+17,4.292830,4.292330,4.243482
346000,5668864000,1.069962e+17,4.295168,4.288396,4.240635
346100,5670502400,1.070271e+17,4.296406,4.288558,4.240980
346200,5672140800,1.070581e+17,4.304693,4.290703,4.241233
346300,5673779200,1.070890e+17,4.285641,4.289073,4.240810
346400,5675417600,1.071199e+17,4.301028,4.286235,4.240040
346500,5677056000,1.071508e+17,4.274881,4.286691,4.240235
346600,5678694400,1.071818e+17,4.298625,4.285319,4.238576
346700,5680332800,1.072127e+17,4.291668,4.288525,4.240669
346800,5681971200,1.072436e+17,4.270718,4.285428,4.239143
346900,5683609600,1.072745e+17,4.290026,4.287846,4.239945
347000,5685248000,1.073055e+17,4.295928,4.286703,4.238650
347100,5686886400,1.073364e+17,4.306136,4.285414,4.237820
347200,5688524800,1.073673e+17,4.301528,4.287068,4.239638
347300,5690163200,1.073982e+17,4.292317,4.285265,4.237139
347400,5691801600,1.074292e+17,4.281997,4.285870,4.237094
347500,5693440000,1.074601e+17,4.277365,4.285121,4.237901
347600,5695078400,1.074910e+17,4.285247,4.286409,4.239543
347700,5696716800,1.075219e+17,4.278634,4.284763,4.238603
347800,5698355200,1.075529e+17,4.299540,4.279179,4.236606
347900,5699993600,1.075838e+17,4.292039,4.282351,4.235382
348000,5701632000,1.076147e+17,4.286711,4.282993,4.235885
348100,5703270400,1.076456e+17,4.301230,4.284669,4.235250
348200,5704908800,1.076765e+17,4.272813,4.280445,4.233703
348300,5706547200,1.077075e+17,4.277748,4.286028,4.237788
348400,5708185600,1.077384e+17,4.277681,4.281779,4.236333
348500,5709824000,1.077693e+17,4.280743,4.280516,4.235019
348600,5711462400,1.078002e+17,4.278327,4.279812,4.234826
348700,5713100800,1.078312e+17,4.283893,4.279653,4.234891
348800,5714739200,1.078621e+17,4.287904,4.280579,4.234985
348900,5716377600,1.078930e+17,4.268953,4.283165,4.236694
349000,5718016000,1.079239e+17,4.294899,4.278146,4.233903
349100,5719654400,1.079549e+17,4.286999,4.281983,4.236016
349200,5721292800,1.079858e+17,4.273603,4.280899,4.233947
349300,5722931200,1.080167e+17,4.287362,4.277523,4.231585
349400,5724569600,1.080476e+17,4.292853,4.285950,4.237074
349500,5726208000,1.080786e+17,4.280684,4.283228,4.236524
349600,5727846400,1.081095e+17,4.290582,4.280591,4.234508
349700,5729484800,1.081404e+17,4.272002,4.281706,4.235401
349800,5731123200,1.081713e+17,4.286622,4.283282,4.235933
349900,5732761600,1.082023e+17,4.275571,4.281373,4.233512
350000,5734400000,1.082332e+17,4.289692,4.281860,4.234923
350100,5736038400,1.082641e+17,4.273119,4.281394,4.232593
350200,5737676800,1.082950e+17,4.275298,4.283044,4.230785
350300,5739315200,1.083259e+17,4.275558,4.285644,4.233629
350400,5740953600,1.083569e+17,4.287867,4.282780,4.231526
350500,5742592000,1.083878e+17,4.297261,4.282817,4.230636
350600,5744230400,1.084187e+17,4.286470,4.282533,4.233909
350700,5745868800,1.084496e+17,4.263547,4.281375,4.229277
350800,5747507200,1.084806e+17,4.300281,4.283250,4.231124
350900,5749145600,1.085115e+17,4.267530,4.283932,4.232542
351000,5750784000,1.085424e+17,4.294970,4.284436,4.230871
351100,5752422400,1.085733e+17,4.290429,4.285519,4.230791
351200,5754060800,1.086043e+17,4.280113,4.283546,4.230513
351300,5755699200,1.086352e+17,4.281795,4.284013,4.230277
351400,5757337600,1.086661e+17,4.268663,4.287380,4.232663
351500,5758976000,1.086970e+17,4.283537,4.284308,4.231848
351600,5760614400,1.087280e+17,4.288598,4.282669,4.228753
351700,5762252800,1.087589e+17,4.294390,4.280708,4.229441
351800,5763891200,1.087898e+17,4.271277,4.281443,4.230416
351900,5765529600,1.088207e+17,4.291022,4.284957,4.230668
352000,5767168000,1.088517e+17,4.274014,4.285085,4.233045
352100,5768806400,1.088826e+17,4.281591,4.283583,4.231478
352200,5770444800,1.089135e+17,4.288188,4.282585,4.231555
352300,5772083200,1.089444e+17,4.258790,4.281128,4.230487
352400,5773721600,1.089753e+17,4.292517,4.280973,4.229201
352500,5775360000,1.090063e+17,4.272325,4.283881,4.230012
352600,5776998400,1.090372e+17,4.256794,4.281495,4.228514
352700,5778636800,1.090681e+17,4.257249,4.282791,4.229077
352800,5780275200,1.090990e+17,4.269562,4.286356,4.231180
352900,5781913600,1.091300e+17,4.284564,4.288506,4.231027
353000,5783552000,1.091609e+17,4.273281,4.287639,4.229606
353100,5785190400,1.091918e+17,4.289673,4.284222,4.229836
353200,5786828800,1.092227e+17,4.283042,4.287147,4.231948
353300,5788467200,1.092537e+17,4.272181,4.284035,4.229213
353400,5790105600,1.092846e+17,4.280226,4.282816,4.228503
353500,5791744000,1.093155e+17,4.287934,4.278864,4.227299
353600,5793382400,1.093464e+17,4.305624,4.280428,4.229087
353700,5795020800,1.093774e+17,4.288023,4.280121,4.228964
353800,5796659200,1.094083e+17,4.276855,4.279510,4.226715
353900,5798297600,1.094392e+17,4.268388,4.278610,4.227932
354000,5799936000,1.094701e+17,4.273897,4.278319,4.228514
354100,5801574400,1.095011e+17,4.251781,4.281159,4.229795
354200,5803212800,1.095320e+17,4.280097,4.279034,4.227845
354300,5804851200,1.095629e+17,4.292590,4.277655,4.225440
354400,5806489600,1.095938e+17,4.285783,4.276406,4.226028
354500,5808128000,1.096247e+17,4.292156,4.275170,4.224367
354600,5809766400,1.096557e+17,4.278962,4.275470,4.224822
354700,5811404800,1.096866e+17,4.261150,4.276229,4.226262
354800,5813043200,1.097175e+17,4.257642,4.277771,4.226244
354900,5814681600,1.097484e+17,4.283928,4.276064,4.225234
355000,5816320000,1.097794e+17,4.285831,4.274762,4.224857
355100,5817958400,1.098103e+17,4.284608,4.275980,4.224642
355200,5819596800,1.098412e+17,4.265563,4.277469,4.223547
355300,5821235200,1.098721e+17,4.254965,4.279447,4.225658
355400,5822873600,1.099031e+17,4.286072,4.275661,4.224121
355500,5824512000,1.099340e+17,4.258563,4.280485,4.226725
355600,5826150400,1.099649e+17,4.265853,4.276414,4.225034
355700,5827788800,1.099958e+17,4.280876,4.276891,4.224616
355800,5829427200,1.100268e+17,4.287789,4.273377,4.224061
355900,5831065600,1.100577e+17,4.264886,4.275432,4.223383
356000,5832704000,1.100886e+17,4.289725,4.275276,4.222105
356100,5834342400,1.101195e+17,4.267145,4.275587,4.223933
356200,5835980800,1.101504e+17,4.261713,4.276478,4.223073
356300,5837619200,1.101814e+17,4.273837,4.279846,4.225250
356400,5839257600,1.102123e+17,4.281800,4.273946,4.221659
356500,5840896000,1.102432e+17,4.268344,4.275448,4.222163
356600,5842534400,1.102741e+17,4.254348,4.273088,4.222184
356700,5844172800,1.103051e+17,4.256460,4.276206,4.222679
356800,5845811200,1.103360e+17,4.281797,4.278446,4.222831
356900,5847449600,1.103669e+17,4.265084,4.278749,4.222506
357000,5849088000,1.103978e+17,4.257762,4.277361,4.220882
357100,5850726400,1.104288e+17,4.259039,4.277769,4.222281
357200,5852364800,1.104597e+17,4.273893,4.279176,4.221975
357300,5854003200,1.104906e+17,4.262587,4.280252,4.223689
357400,5855641600,1.105215e+17,4.271879,4.279220,4.223437
357500,5857280000,1.105525e+17,4.283183,4.276648,4.220150
357600,5858918400,1.105834e+17,4.284237,4.279205,4.222086
357700,5860556800,1.106143e+17,4.266336,4.278258,4.222902
357800,5862195200,1.106452e+17,4.276186,4.275682,4.220089
357900,5863833600,1.106762e+17,4.269201,4.275738,4.219997
358000,5865472000,1.107071e+17,4.278562,4.277032,4.221387
358100,5867110400,1.107380e+17,4.264654,4.276310,4.220556
358200,5868748800,1.107689e+17,4.277563,4.276716,4.222736
358300,5870387200,1.107998e+17,4.266212,4.278193,4.224705
358400,5872025600,1.108308e+17,4.278437,4.276951,4.221275
358500,5873664000,1.108617e+17,4.268684,4.275261,4.221109
358600,5875302400,1.108926e+17,4.271158,4.275469,4.221607
358700,5876940800,1.109235e+17,4.276705,4.273913,4.220688
358800,5878579200,1.109545e+17,4.260394,4.273663,4.220961
358900,5880217600,1.109854e+17,4.268393,4.274866,4.220515
359000,5881856000,1.110163e+17,4.282514,4.273529,4.219563
359100,5883494400,1.110472e+17,4.272557,4.276361,4.221654
359200,5885132800,1.110782e+17,4.250537,4.276015,4.222162
359300,5886771200,1.111091e+17,4.280425,4.272267,4.219839
359400,5888409600,1.111400e+17,4.266451,4.277536,4.221193
359500,5890048000,1.111709e+17,4.279060,4.274838,4.222187
359600,5891686400,1.112019e+17,4.254110,4.274444,4.221552
359700,5893324800,1.112328e+17,4.256093,4.273575,4.219444
359800,5894963200,1.112637e+17,4.248056,4.271447,4.218965
359900,5896601600,1.112946e+17,4.247748,4.272009,4.220428
360000,5898240000,1.113256e+17,4.278061,4.272452,4.220958
360100,5899878400,1.113565e+17,4.260044,4.271865,4.219375
360200,5901516800,1.113874e+17,4.266816,4.274404,4.220038
360300,5903155200,1.114183e+17,4.269689,4.274943,4.222264
360400,5904793600,1.114492e+17,4.266373,4.272758,4.219516
360500,5906432000,1.114802e+17,4.262458,4.272037,4.218748
360600,5908070400,1.115111e+17,4.269989,4.271810,4.217890
360700,5909708800,1.115420e+17,4.252641,4.272221,4.217187
360800,5911347200,1.115729e+17,4.269802,4.270164,4.215535
360900,5912985600,1.116039e+17,4.270040,4.272332,4.218534
361000,5914624000,1.116348e+17,4.256259,4.266382,4.216149
361100,5916262400,1.116657e+17,4.266042,4.270233,4.218384
361200,5917900800,1.116966e+17,4.251860,4.271332,4.217679
361300,5919539200,1.117276e+17,4.246577,4.270150,4.217143
361400,5921177600,1.117585e+17,4.256247,4.267876,4.214356
361500,5922816000,1.117894e+17,4.280410,4.266245,4.214440
361600,5924454400,1.118203e+17,4.278375,4.271953,4.219215
361700,5926092800,1.118513e+17,4.247875,4.266584,4.216150
361800,5927731200,1.118822e+17,4.275307,4.266682,4.215983
361900,5929369600,1.119131e+17,4.259378,4.266447,4.216212
362000,5931008000,1.119440e+17,4.278282,4.265467,4.214272
362100,5932646400,1.119750e+17,4.239069,4.266430,4.215367
362200,5934284800,1.120059e+17,4.263823,4.267422,4.215254
362300,5935923200,1.120368e+17,4.248071,4.267475,4.216239
362400,5937561600,1.120677e+17,4.248477,4.267617,4.214523
362500,5939200000,1.120986e+17,4.262290,4.269716,4.215150
362600,5940838400,1.121296e+17,4.271276,4.269240,4.216296
362700,5942476800,1.121605e+17,4.259772,4.269207,4.217740
362800,5944115200,1.121914e+17,4.261498,4.266329,4.216592
362900,5945753600,1.122223e+17,4.262008,4.262386,4.215372
363000,5947392000,1.122533e+17,4.283029,4.263300,4.215140
363100,5949030400,1.122842e+17,4.260171,4.265300,4.216013
363200,5950668800,1.123151e+17,4.255424,4.267294,4.217205
363300,5952307200,1.123460e+17,4.262846,4.263125,4.214559
363400,5953945600,1.123770e+17,4.277977,4.267198,4.216052
363500,5955584000,1.124079e+17,4.257437,4.266090,4.213988
363600,5957222400,1.124388e+17,4.253184,4.263084,4.213808
363700,5958860800,1.124697e+17,4.273635,4.266968,4.213572
363800,5960499200,1.125007e+17,4.285785,4.262847,4.212218
363900,5962137600,1.125316e+17,4.264243,4.262404,4.211452
364000,5963776000,1.125625e+17,4.266554,4.267488,4.214600
364100,5965414400,1.125934e+17,4.252227,4.264286,4.211849
364200,5967052800,1.126244e+17,4.274301,4.260303,4.212280
364300,5968691200,1.126553e+17,4.264655,4.265612,4.215263
364400,5970329600,1.126862e+17,4.268855,4.264429,4.215172
364500,5971968000,1.127171e+17,4.272212,4.263693,4.213292
364600,5973606400,1.127480e+17,4.274102,4.262057,4.213272
364700,5975244800,1.127790e+17,4.257782,4.260489,4.212730
364800,5976883200,1.128099e+17,4.247572,4.262244,4.214237
364900,5978521600,1.128408e+17,4.261499,4.260715,4.213301
365000,5980160000,1.128717e+17,4.257985,4.259981,4.213592
365100,5981798400,1.129027e+17,4.271438,4.259047,4.211103
365200,5983436800,1.129336e+17,4.259969,4.260406,4.212801
365300,5985075200,1.129645e+17,4.239843,4.265757,4.214958
365400,5986713600,1.129954e+17,4.239186,4.264978,4.213170
365500,5988352000,1.130264e+17,4.271804,4.265345,4.213012
365600,5989990400,1.130573e+17,4.259233,4.266445,4.214074
365700,5991628800,1.130882e+17,4.264339,4.265807,4.214770
365800,5993267200,1.131191e+17,4.246804,4.264099,4.211443
365900,5994905600,1.131501e+17,4.241575,4.266375,4.212687
366000,5996544000,1.131810e+17,4.255218,4.264543,4.213698
366100,5998182400,1.132119e+17,4.260480,4.264228,4.209330
366200,5999820800,1.132428e+17,4.258605,4.262854,4.210457
366300,6001459200,1.132737e+17,4.260466,4.262703,4.210060
366400,6003097600,1.133047e+17,4.263489,4.263808,4.210657
366500,6004736000,1.133356e+17,4.244691,4.260532,4.210290
366600,6006374400,1.133665e+17,4.250053,4.258318,4.207598
366700,6008012800,1.133974e+17,4.262272,4.260550,4.208958
366800,6009651200,1.134284e+17,4.260677,4.264076,4.209816
366900,6011289600,1.134593e+17,4.239069,4.259950,4.210360
367000,6012928000,1.134902e+17,4.248447,4.262540,4.210656
367100,6014566400,1.135211e+17,4.267708,4.261216,4.210030
367200,6016204800,1.135521e+17,4.276541,4.258933,4.208709
367300,6017843200,1.135830e+17,4.242436,4.257292,4.208559
367400,6019481600,1.136139e+17,4.235767,4.254819,4.208233
367500,6021120000,1.136448e+17,4.267677,4.255127,4.208590
367600,6022758400,1.136758e+17,4.268402,4.257594,4.207281
367700,6024396800,1.137067e+17,4.254960,4.259661,4.208915
367800,6026035200,1.137376e+17,4.264444,4.259388,4.206497
367900,6027673600,1.137685e+17,4.258282,4.258392,4.207529
368000,6029312000,1.137995e+17,4.272472,4.260017,4.208467
368100,6030950400,1.138304e+17,4.249158,4.261053,4.209257
368200,6032588800,1.138613e+17,4.276387,4.256506,4.205798
368300,6034227200,1.138922e+17,4.256453,4.255343,4.206452
368400,6035865600,1.139231e+17,4.246090,4.257423,4.205900
368500,6037504000,1.139541e+17,4.249508,4.258368,4.207906
368600,6039142400,1.139850e+17,4.250483,4.262459,4.208185
368700,6040780800,1.140159e+17,4.259084,4.261341,4.208600
368800,6042419200,1.140468e+17,4.251906,4.258787,4.207507
368900,6044057600,1.140778e+17,4.234457,4.255611,4.206627
369000,6045696000,1.141087e+17,4.258805,4.255682,4.207959
369100,6047334400,1.141396e+17,4.248260,4.258217,4.207542
369200,6048972800,1.141705e+17,4.251758,4.259984,4.208252
369300,6050611200,1.142015e+17,4.259520,4.254862,4.206301
369400,6052249600,1.142324e+17,4.240575,4.252978,4.204245
369500,6053888000,1.142633e+17,4.253647,4.254764,4.205351
369600,6055526400,1.142942e+17,4.281712,4.254503,4.205538
369700,6057164800,1.143252e+17,4.255501,4.254909,4.204952
369800,6058803200,1.143561e+17,4.243711,4.249553,4.202761
369900,6060441600,1.143870e+17,4.241365,4.253906,4.206975
370000,6062080000,1.144179e+17,4.281092,4.254833,4.205381
370100,6063718400,1.144489e+17,4.245934,4.253358,4.205393
370200,6065356800,1.144798e+17,4.239919,4.250465,4.204712
370300,6066995200,1.145107e+17,4.254806,4.253830,4.205342
370400,6068633600,1.145416e+17,4.256566,4.250965,4.203934
370500,6070272000,1.145725e+17,4.246411,4.254261,4.204527
370600,6071910400,1.146035e+17,4.245647,4.252055,4.203878
370700,6073548800,1.146344e+17,4.281836,4.254257,4.203801
370800,6075187200,1.146653e+17,4.246723,4.252984,4.201767
370900,6076825600,1.146962e+17,4.261117,4.259270,4.206967
371000,6078464000,1.147272e+17,4.242856,4.258600,4.205661
371100,6080102400,1.147581e+17,4.258727,4.256176,4.205200
371200,6081740800,1.147890e+17,4.240982,4.257155,4.207485
371300,6083379200,1.148199e+17,4.276613,4.255378,4.205825
371400,6085017600,1.148509e+17,4.275081,4.255175,4.203512
371500,6086656000,1.148818e+17,4.262492,4.254392,4.204894
371600,6088294400,1.149127e+17,4.245587,4.254509,4.203074
371700,6089932800,1.149436e+17,4.257283,4.255865,4.203322
371800,6091571200,1.149746e+17,4.242232,4.253844,4.202657
371900,6093209600,1.150055e+17,4.236170,4.253370,4.203108
372000,6094848000,1.150364e+17,4.251669,4.256347,4.204552
372100,6096486400,1.150673e+17,4.233655,4.256784,4.203205
372200,6098124800,1.150983e+17,4.242766,4.256241,4.203483
372300,6099763200,1.151292e+17,4.263825,4.255736,4.201086
372400,6101401600,1.151601e+17,4.239100,4.254760,4.202482
372500,6103040000,1.151910e+17,4.236183,4.251908,4.200403
372600,6104678400,1.152219e+17,4.241989,4.257442,4.204882
372700,6106316800,1.152529e+17,4.241289,4.255863,4.202846
372800,6107955200,1.152838e+17,4.257582,4.257099,4.205691
372900,6109593600,1.153147e+17,4.263264,4.255928,4.203488
373000,6111232000,1.153456e+17,4.256643,4.258864,4.203116
373100,6112870400,1.153766e+17,4.255213,4.254225,4.201383
373200,6114508800,1.154075e+17,4.278606,4.252148,4.201093
373300,6116147200,1.154384e+17,4.249010,4.255012,4.201620
373400,6117785600,1.154693e+17,4.261119,4.254600,4.201172
373500,6119424000,1.155003e+17,4.267656,4.255049,4.203873
373600,6121062400,1.155312e+17,4.257730,4.252646,4.201113
373700,6122700800,1.155621e+17,4.244295,4.255691,4.203078
373800,6124339200,1.155930e+17,4.264397,4.251856,4.200395
373900,6125977600,1.156240e+17,4.241949,4.250732,4.199170
374000,6127616000,1.156549e+17,4.237224,4.253961,4.200556
374100,6129254400,1.156858e+17,4.245251,4.255081,4.200003
374200,6130892800,1.157167e+17,4.242285,4.255024,4.201044
374300,6132531200,1.157477e+17,4.277664,4.254236,4.201020
374400,6134169600,1.157786e+17,4.245594,4.254844,4.202340
374500,6135808000,1.158095e+17,4.246512,4.250828,4.198030
374600,6137446400,1.158404e+17,4.252462,4.250779,4.199834
374700,6139084800,1.158713e+17,4.250623,4.246536,4.199241
374800,6140723200,1.159023e+17,4.255810,4.249344,4.198411
374900,6142361600,1.159332e+17,4.234187,4.250554,4.199171
375000,6144000000,1.159641e+17,4.233093,4.245555,4.196983
375100,6145638400,1.159950e+17,4.249951,4.243765,4.196965
375200,6147276800,1.160260e+17,4.243199,4.242909,4.196099
375300,6148915200,1.160569e+17,4.241596,4.245057,4.196571
375400,6150553600,1.160878e+17,4.243567,4.248162,4.199630
375500,6152192000,1.161187e+17,4.264304,4.244438,4.198684
375600,6153830400,1.161497e+17,4.247136,4.247843,4.199276
375700,6155468800,1.161806e+17,4.251194,4.245818,4.198614
375800,6157107200,1.162115e+17,4.242332,4.243927,4.198709
375900,6158745600,1.162424e+17,4.233073,4.244291,4.198489
376000,6160384000,1.162734e+17,4.236121,4.246475,4.197643
376100,6162022400,1.163043e+17,4.232378,4.248323,4.196334
376200,6163660800,1.163352e+17,4.270288,4.247795,4.197687
376300,6165299200,1.163661e+17,4.243916,4.242831,4.196168
376400,6166937600,1.163970e+17,4.237933,4.241980,4.195912
376500,6168576000,1.164280e+17,4.228588,4.242961,4.196203
376600,6170214400,1.164589e+17,4.241389,4.243268,4.195909
376700,6171852800,1.164898e+17,4.257367,4.243284,4.193694
376800,6173491200,1.165207e+17,4.224758,4.246216,4.195932
376900,6175129600,1.165517e+17,4.238334,4.244354,4.194945
377000,6176768000,1.165826e+17,4.241331,4.242971,4.194394
377100,6178406400,1.166135e+17,4.249108,4.247572,4.196799
377200,6180044800,1.166444e+17,4.251436,4.248104,4.195058
377300,6181683200,1.166754e+17,4.248395,4.251525,4.195083
377400,6183321600,1.167063e+17,4.246125,4.249417,4.194653
377500,6184960000,1.167372e+17,4.230813,4.247670,4.194599
377600,6186598400,1.167681e+17,4.238445,4.247690,4.195378
377700,6188236800,1.167991e+17,4.255364,4.246146,4.195640
377800,6189875200,1.168300e+17,4.248213,4.246249,4.197729
377900,6191513600,1.168609e+17,4.235385,4.241685,4.194565
378000,6193152000,1.168918e+17,4.258132,4.244039,4.196265
378100,6194790400,1.169228e+17,4.232431,4.242205,4.193860
378200,6196428800,1.169537e+17,4.231728,4.245850,4.195720
378300,6198067200,1.169846e+17,4.239846,4.244384,4.195628
378400,6199705600,1.170155e+17,4.232307,4.244745,4.195674
378500,6201344000,1.170464e+17,4.264181,4.245188,4.195528
378600,6202982400,1.170774e+17,4.246930,4.246502,4.193571
378700,6204620800,1.171083e+17,4.245015,4.245891,4.193419
378800,6206259200,1.171392e+17,4.239059,4.248260,4.196605
378900,6207897600,1.171701e+17,4.243257,4.246805,4.194491
379000,6209536000,1.172011e+17,4.227037,4.247719,4.195534
379100,6211174400,1.172320e+17,4.244779,4.245288,4.195118
379200,6212812800,1.172629e+17,4.247799,4.245817,4.195296
379300,6214451200,1.172938e+17,4.251812,4.245739,4.195368
379400,6216089600,1.173248e+17,4.247298,4.244948,4.195070
379500,6217728000,1.173557e+17,4.219444,4.247995,4.196153
379600,6219366400,1.173866e+17,4.249957,4.248448,4.196146
379700,6221004800,1.174175e+17,4.234800,4.251829,4.197170
379800,6222643200,1.174485e+17,4.248346,4.246914,4.193946
379900,6224281600,1.174794e+17,4.236785,4.244837,4.192003
380000,6225920000,1.175103e+17,4.249792,4.245597,4.194458
380100,6227558400,1.175412e+17,4.253727,4.244685,4.193950
380200,6229196800,1.175722e+17,4.230573,4.241929,4.191215
380300,6230835200,1.176031e+17,4.239482,4.246239,4.195065
380400,6232473600,1.176340e+17,4.242437,4.246480,4.195524
380500,6234112000,1.176649e+17,4.245254,4.243254,4.193903
380600,6235750400,1.176958e+17,4.243377,4.242911,4.193505
380700,6237388800,1.177268e+17,4.223771,4.243497,4.191693
380800,6239027200,1.177577e+17,4.236644,4.240439,4.190876
380900,6240665600,1.177886e+17,4.237342,4.240865,4.190408
381000,6242304000,1.178195e+17,4.237241,4.244789,4.193270
381100,6243942400,1.178505e+17,4.226776,4.242802,4.191267
381200,6245580800,1.178814e+17,4.217469,4.243581,4.193348
381300,6247219200,1.179123e+17,4.252905,4.241548,4.190112
381400,6248857600,1.179432e+17,4.235994,4.241683,4.190043
381500,6250496000,1.179742e+17,4.248439,4.239294,4.189013
381600,6252134400,1.180051e+17,4.249560,4.242489,4.190560
381700,6253772800,1.180360e+17,4.244256,4.241698,4.189857
381800,6255411200,1.180669e+17,4.219061,4.239613,4.188841
381900,6257049600,1.180979e+17,4.234805,4.242415,4.191801
382000,6258688000,1.181288e+17,4.225350,4.237517,4.188238
382100,6260326400,1.181597e+17,4.245410,4.238004,4.189757
382200,6261964800,1.181906e+17,4.241650,4.238398,4.189102
382300,6263603200,1.182216e+17,4.253472,4.238207,4.191389
382400,6265241600,1.182525e+17,4.240192,4.238319,4.189055
382500,6266880000,1.182834e+17,4.243990,4.236109,4.188507
382600,6268518400,1.183143e+17,4.242486,4.234465,4.186171
382700,6270156800,1.183452e+17,4.240149,4.234560,4.186366
382800,6271795200,1.183762e+17,4.222925,4.234039,4.187827
382900,6273433600,1.184071e+17,4.247202,4.235543,4.187525
383000,6275072000,1.184380e+17,4.254828,4.234756,4.187132
383100,6276710400,1.184689e+17,4.229900,4.235362,4.187785
383200,6278348800,1.184999e+17,4.223289,4.235741,4.187589
383300,6279987200,1.185308e+17,4.247695,4.234288,4.188293
383400,6281625600,1.185617e+17,4.217411,4.238448,4.187592
383500,6283264000,1.185926e+17,4.224822,4.238814,4.188619
383600,6284902400,1.186236e+17,4.232917,4.238324,4.188444
383700,6286540800,1.186545e+17,4.246244,4.236766,4.187548
383800,6288179200,1.186854e+17,4.210108,4.236010,4.186931
383900,6289817600,1.187163e+17,4.238881,4.234408,4.185717
384000,6291456000,1.187473e+17,4.223039,4.240086,4.188303
384100,6293094400,1.187782e+17,4.228826,4.238082,4.187360
384200,6294732800,1.188091e+17,4.242066,4.240325,4.189028
384300,6296371200,1.188400e+17,4.252605,4.237789,4.188786
384400,6298009600,1.188710e+17,4.254558,4.237713,4.188556
384500,6299648000,1.189019e+17,4.251317,4.239030,4.188353
384600,6301286400,1.189328e+17,4.226160,4.239103,4.188853
384700,6302924800,1.189637e+17,4.211616,4.235686,4.187495
384800,6304563200,1.189946e+17,4.228264,4.236922,4.186208
384900,6306201600,1.190256e+17,4.239102,4.237981,4.186555
385000,6307840000,1.190565e+17,4.231435,4.237845,4.187806
385100,6309478400,1.190874e+17,4.232379,4.237682,4.185241
385200,6311116800,1.191183e+17,4.232042,4.240008,4.188214
385300,6312755200,1.191493e+17,4.224004,4.242090,4.187836
385400,6314393600,1.191802e+17,4.242080,4.240470,4.187987
385500,6316032000,1.192111e+17,4.223494,4.239445,4.187455
385600,6317670400,1.192420e+17,4.240709,4.239352,4.187190
385700,6319308800,1.192730e+17,4.221689,4.240970,4.188079
385800,6320947200,1.193039e+17,4.232436,4.240072,4.186174
385900,6322585600,1.193348e+17,4.213930,4.240861,4.187449
386000,6324224000,1.193657e+17,4.237267,4.241020,4.186831
386100,6325862400,1.193967e+17,4.225610,4.240225,4.186762
386200,6327500800,1.194276e+17,4.221475,4.242419,4.188158
386300,6329139200,1.194585e+17,4.226040,4.239758,4.185226
386400,6330777600,1.194894e+17,4.219186,4.242410,4.186532
386500,6332416000,1.195203e+17,4.216139,4.239635,4.185724
386600,6334054400,1.195513e+17,4.221531,4.237585,4.183959
386700,6335692800,1.195822e+17,4.224057,4.236561,4.184368
386800,6337331200,1.196131e+17,4.228754,4.237945,4.183958
386900,6338969600,1.196440e+17,4.227334,4.235874,4.181541
387000,6340608000,1.196750e+17,4.213512,4.234773,4.181951
387100,6342246400,1.197059e+17,4.215274,4.235665,4.183541
387200,6343884800,1.197368e+17,4.241203,4.235021,4.184235
387300,6345523200,1.197677e+17,4.229575,4.232190,4.181157
387400,6347161600,1.197987e+17,4.231387,4.234759,4.183775
387500,6348800000,1.198296e+17,4.217938,4.236651,4.183890
387600,6350438400,1.198605e+17,4.217584,4.236765,4.184072
387700,6352076800,1.198914e+17,4.205999,4.235700,4.183076
387800,6353715200,1.199224e+17,4.236795,4.235506,4.181931
387900,6355353600,1.199533e+17,4.242517,4.237435,4.184118
388000,6356992000,1.199842e+17,4.230381,4.235531,4.180946
388100,6358630400,1.200151e+17,4.227316,4.234625,4.181644
388200,6360268800,1.200461e+17,4.207947,4.235809,4.181671
388300,6361907200,1.200770e+17,4.230745,4.235677,4.182533
388400,6363545600,1.201079e+17,4.235234,4.232799,4.180114
388500,6365184000,1.201388e+17,4.221362,4.229074,4.179616
388600,6366822400,1.201697e+17,4.227345,4.233145,4.181433
388700,6368460800,1.202007e+17,4.229477,4.232184,4.180631
388800,6370099200,1.202316e+17,4.239653,4.233301,4.182241
388900,6371737600,1.202625e+17,4.237411,4.237065,4.182352
389000,6373376000,1.202934e+17,4.211883,4.231479,4.180103
389100,6375014400,1.203244e+17,4.225423,4.232899,4.182763
389200,6376652800,1.203553e+17,4.228257,4.231645,4.178767
389300,6378291200,1.203862e+17,4.230668,4.231318,4.179877
389400,6379929600,1.204171e+17,4.235574,4.229695,4.180292
389500,6381568000,1.204481e+17,4.230700,4.234182,4.181716
389600,6383206400,1.204790e+17,4.235579,4.232598,4.181265
389700,6384844800,1.205099e+17,4.220034,4.230205,4.179449
389800,6386483200,1.205408e+17,4.228196,4.228165,4.178031
389900,6388121600,1.205718e+17,4.233681,4.230095,4.178936
390000,6389760000,1.206027e+17,4.229310,4.229733,4.179729
390100,6391398400,1.206336e+17,4.210879,4.228173,4.180219
390200,6393036800,1.206645e+17,4.237337,4.228477,4.179873
390300,6394675200,1.206955e+17,4.209034,4.229171,4.179389
390400,6396313600,1.207264e+17,4.216810,4.228690,4.178359
390500,6397952000,1.207573e+17,4.221072,4.229629,4.179228
390600,6399590400,1.207882e+17,4.229590,4.228051,4.178862
390700,6401228800,1.208191e+17,4.219294,4.228996,4.178585
390800,6402867200,1.208501e+17,4.206803,4.225579,4.175523
390900,6404505600,1.208810e+17,4.220284,4.226469,4.176157
391000,6406144000,1.209119e+17,4.210765,4.228357,4.176179
391100,6407782400,1.209428e+17,4.229702,4.229658,4.177367
391200,6409420800,1.209738e+17,4.234579,4.229121,4.176682
391300,6411059200,1.210047e+17,4.229851,4.229960,4.176908
391400,6412697600,1.210356e+17,4.224116,4.230387,4.176277
391500,6414336000,1.210665e+17,4.225479,4.227595,4.175871
391600,6415974400,1.210975e+17,4.238917,4.225413,4.175726
391700,6417612800,1.211284e+17,4.241640,4.227444,4.176732
391800,6419251200,1.211593e+17,4.239751,4.230126,4.179390
391900,6420889600,1.211902e+17,4.239903,4.227036,4.177547
392000,6422528000,1.212212e+17,4.231023,4.228763,4.175767
392100,6424166400,1.212521e+17,4.242376,4.226256,4.175469
392200,6425804800,1.212830e+17,4.201336,4.224043,4.174087
392300,6427443200,1.213139e+17,4.234542,4.225146,4.174569
392400,6429081600,1.213449e+17,4.235316,4.227257,4.175745
392500,6430720000,1.213758e+17,4.228638,4.227293,4.173816
392600,6432358400,1.214067e+17,4.202412,4.227575,4.174105
392700,6433996800,1.214376e+17,4.219487,4.229594,4.175537
392800,6435635200,1.214685e+17,4.217360,4.224925,4.173542
392900,6437273600,1.214995e+17,4.215577,4.229637,4.178223
393000,6438912000,1.215304e+17,4.211263,4.228871,4.176887
393100,6440550400,1.215613e+17,4.205760,4.230172,4.177925
393200,6442188800,1.215922e+17,4.235085,4.225760,4.175005
393300,6443827200,1.216232e+17,4.206887,4.224852,4.173021
393400,6445465600,1.216541e+17,4.228660,4.224537,4.173858
393500,6447104000,1.216850e+17,4.225755,4.227915,4.177218
393600,6448742400,1.217159e+17,4.226258,4.224191,4.175496
393700,6450380800,1.217469e+17,4.228738,4.225903,4.175949
393800,6452019200,1.217778e+17,4.240568,4.225587,4.174857
393900,6453657600,1.218087e+17,4.228722,4.227206,4.175533
394000,6455296000,1.218396e+17,4.218822,4.226557,4.174895
394100,6456934400,1.218706e+17,4.222626,4.227043,4.174481
394200,6458572800,1.219015e+17,4.239767,4.226741,4.174013
394300,6460211200,1.219324e+17,4.206158,4.221217,4.171952
394400,6461849600,1.219633e+17,4.194479,4.225585,4.174262
394500,6463488000,1.219943e+17,4.214697,4.222249,4.171915
394600,6465126400,1.220252e+17,4.242588,4.226925,4.176986
394700,6466764800,1.220561e+17,4.231842,4.224235,4.173151
394800,6468403200,1.220870e+17,4.226493,4.223217,4.172836
394900,6470041600,1.221179e+17,4.222108,4.221779,4.172975
395000,6471680000,1.221489e+17,4.233698,4.223128,4.173100
395100,6473318400,1.221798e+17,4.230811,4.221964,4.172379
395200,6474956800,1.222107e+17,4.217506,4.221337,4.171970
395300,6476595200,1.222416e+17,4.219101,4.223133,4.172198
395400,6478233600,1.222726e+17,4.229767,4.221784,4.171432
395500,6479872000,1.223035e+17,4.217993,4.220591,4.171040
395600,6481510400,1.223344e+17,4.237057,4.219406,4.169463
395700,6483148800,1.223653e+17,4.235044,4.216590,4.169927
395800,6484787200,1.223963e+17,4.228274,4.221772,4.172685
395900,6486425600,1.224272e+17,4.225452,4.221212,4.173006
396000,6488064000,1.224581e+17,4.219239,4.220531,4.172143
396100,6489702400,1.224890e+17,4.230917,4.222009,4.172810
396200,6491340800,1.225200e+17,4.220406,4.224025,4.174645
396300,6492979200,1.225509e+17,4.222981,4.219111,4.170829
396400,6494617600,1.225818e+17,4.226728,4.222654,4.171768
396500,6496256000,1.226127e+17,4.228069,4.224498,4.172614
396600,6497894400,1.226437e+17,4.221518,4.219563,4.170328
396700,6499532800,1.226746e+17,4.226180,4.221031,4.171795
396800,6501171200,1.227055e+17,4.205602,4.222760,4.172617
396900,6502809600,1.227364e+17,4.216099,4.221815,4.170659
397000,6504448000,1.227673e+17,4.194528,4.221284,4.171816
397100,6506086400,1.227983e+17,4.225990,4.219635,4.170743
397200,6507724800,1.228292e+17,4.200187,4.217754,4.170988
397300,6509363200,1.228601e+17,4.238605,4.216597,4.171316
397400,6511001600,1.228910e+17,4.220811,4.219945,4.171464
397500,6512640000,1.229220e+17,4.225230,4.217463,4.170142
397600,6514278400,1.229529e+17,4.221217,4.220645,4.169790
397700,6515916800,1.229838e+17,4.221354,4.217784,4.167544
397800,6517555200,1.230147e+17,4.216371,4.221614,4.171366
397900,6519193600,1.230457e+17,4.219307,4.222473,4.172093
398000,6520832000,1.230766e+17,4.206465,4.219842,4.170706
398100,6522470400,1.231075e+17,4.202448,4.220278,4.170045
398200,6524108800,1.231384e+17,4.243744,4.218512,4.168217
398300,6525747200,1.231694e+17,4.223850,4.219424,4.167924
398400,6527385600,1.232003e+17,4.208410,4.218317,4.169168
398500,6529024000,1.232312e+17,4.220077,4.221904,4.169328
398600,6530662400,1.232621e+17,4.229828,4.224045,4.169038
398700,6532300800,1.232930e+17,4.226532,4.219414,4.166429
398800,6533939200,1.233240e+17,4.220502,4.220800,4.167580
398900,6535577600,1.233549e+17,4.252766,4.218466,4.166727
399000,6537216000,1.233858e+17,4.231003,4.215703,4.166733
399100,6538854400,1.234167e+17,4.224947,4.217621,4.167140
399200,6540492800,1.234477e+17,4.225505,4.216425,4.166611
399300,6542131200,1.234786e+17,4.194005,4.218002,4.167767
399400,6543769600,1.235095e+17,4.198873,4.216889,4.167034
399500,6545408000,1.235404e+17,4.220112,4.215641,4.166717
399600,6547046400,1.235714e+17,4.204505,4.214613,4.166601
399700,6548684800,1.236023e+17,4.201533,4.215671,4.165053
399800,6550323200,1.236332e+17,4.230388,4.215537,4.166699
399900,6551961600,1.236641e+17,4.222088,4.215396,4.166165
400000,6553600000,1.236951e+17,4.223086,4.217866,4.165829
400100,6555238400,1.237260e+17,4.223073,4.220219,4.167455
400200,6556876800,1.237569e+17,4.193249,4.216138,4.167619
400300,6558515200,1.237878e+17,4.198318,4.216219,4.165929
400400,6560153600,1.238188e+17,4.210530,4.215722,4.165917
400500,6561792000,1.238497e+17,4.197413,4.217873,4.167114
400600,6563430400,1.238806e+17,4.202822,4.216203,4.167226
400700,6565068800,1.239115e+17,4.218258,4.217577,4.166698
400800,6566707200,1.239424e+17,4.214346,4.213192,4.163261
400900,6568345600,1.239734e+17,4.216667,4.216070,4.165291
401000,6569984000,1.240043e+17,4.220973,4.218608,4.165813
401100,6571622400,1.240352e+17,4.191068,4.215045,4.164937
401200,6573260800,1.240661e+17,4.227497,4.216098,4.164162
401300,6574899200,1.240971e+17,4.210612,4.216075,4.165776
401400,6576537600,1.241280e+17,4.212103,4.216437,4.166117
401500,6578176000,1.241589e+17,4.236065,4.215598,4.164811
401600,6579814400,1.241898e+17,4.222990,4.215503,4.164649
401700,6581452800,1.242208e+17,4.215302,4.212906,4.164189
401800,6583091200,1.242517e+17,4.230515,4.217258,4.164285
401900,6584729600,1.242826e+17,4.211648,4.215474,4.162252
402000,6586368000,1.243135e+17,4.205841,4.215764,4.163678
402100,6588006400,1.243445e+17,4.224394,4.217739,4.163509
402200,6589644800,1.243754e+17,4.208988,4.218225,4.163416
402300,6591283200,1.244063e+17,4.222022,4.217903,4.163001
402400,6592921600,1.244372e+17,4.202003,4.215343,4.162501
402500,6594560000,1.244682e+17,4.202403,4.215452,4.164414
402600,6596198400,1.244991e+17,4.197146,4.214071,4.161299
402700,6597836800,1.245300e+17,4.191940,4.216394,4.163216
402800,6599475200,1.245609e+17,4.206356,4.216035,4.162401
402900,6601113600,1.245918e+17,4.210083,4.218434,4.163902
403000,6602752000,1.246228e+17,4.216039,4.219750,4.164496
403100,6604390400,1.246537e+17,4.221503,4.214880,4.162025
403200,6606028800,1.246846e+17,4.214223,4.215283,4.162462
403300,6607667200,1.247155e+17,4.232019,4.211456,4.159464
403400,6609305600,1.247465e+17,4.207140,4.216446,4.162141
403500,6610944000,1.247774e+17,4.226739,4.215170,4.161293
403600,6612582400,1.248083e+17,4.222000,4.213846,4.161462
403700,6614220800,1.248392e+17,4.221114,4.214930,4.161187
403800,6615859200,1.248702e+17,4.208290,4.216648,4.161131
403900,6617497600,1.249011e+17,4.202642,4.216812,4.161214
404000,6619136000,1.249320e+17,4.218903,4.214705,4.160715
404100,6620774400,1.249629e+17,4.204535,4.216856,4.160263
404200,6622412800,1.249939e+17,4.216660,4.211712,4.159226
404300,6624051200,1.250248e+17,4.209077,4.212997,4.159274
404400,6625689600,1.250557e+17,4.217000,4.214466,4.161037
404500,6627328000,1.250866e+17,4.199552,4.212075,4.160212
404600,6628966400,1.251176e+17,4.207808,4.211657,4.159872
404700,6630604800,1.251485e+17,4.207182,4.211568,4.158986
404800,6632243200,1.251794e+17,4.196387,4.210107,4.157511
404900,6633881600,1.252103e+17,4.206507,4.207669,4.157714
405000,6635520000,1.252412e+17,4.204217,4.211622,4.159920
405100,6637158400,1.252722e+17,4.198679,4.208077,4.157198
405200,6638796800,1.253031e+17,4.197392,4.211452,4.160705
405300,6640435200,1.253340e+17,4.211918,4.213352,4.159616
405400,6642073600,1.253649e+17,4.205858,4.214236,4.160740
405500,6643712000,1.253959e+17,4.193238,4.212970,4.160863
405600,6645350400,1.254268e+17,4.192605,4.213094,4.160138
405700,6646988800,1.254577e+17,4.216035,4.209182,4.158024
405800,6648627200,1.254886e+17,4.220849,4.209273,4.157751
405900,6650265600,1.255196e+17,4.205164,4.208930,4.158220
406000,6651904000,1.255505e+17,4.234639,4.208159,4.157689
406100,6653542400,1.255814e+17,4.199975,4.210289,4.159318
406200,6655180800,1.256123e+17,4.198877,4.207682,4.158126
406300,6656819200,1.256433e+17,4.192719,4.208934,4.158441
406400,6658457600,1.256742e+17,4.206187,4.207437,4.157704
406500,6660096000,1.257051e+17,4.228807,4.209500,4.159682
406600,6661734400,1.257360e+17,4.217163,4.206306,4.158515
406700,6663372800,1.257670e+17,4.198768,4.209554,4.157386
406800,6665011200,1.257979e+17,4.211255,4.209394,4.157843
406900,6666649600,1.258288e+17,4.228548,4.209026,4.158337
407000,6668288000,1.258597e+17,4.201276,4.209984,4.159689
407100,6669926400,1.258906e+17,4.204591,4.206915,4.156747
407200,6671564800,1.259216e+17,4.205292,4.207342,4.157615
407300,6673203200,1.259525e+17,4.198816,4.203058,4.156054
407400,6674841600,1.259834e+17,4.195482,4.206238,4.156266
407500,6676480000,1.260143e+17,4.214238,4.204165,4.155567
407600,6678118400,1.260453e+17,4.221047,4.207217,4.156357
407700,6679756800,1.260762e+17,4.196952,4.207145,4.156169
407800,6681395200,1.261071e+17,4.204445,4.209634,4.156870
407900,6683033600,1.261380e+17,4.201046,4.209439,4.157698
408000,6684672000,1.261690e+17,4.206529,4.210098,4.157865
408100,6686310400,1.261999e+17,4.217110,4.208441,4.158207
408200,6687948800,1.262308e+17,4.214203,4.206097,4.156038
408300,6689587200,1.262617e+17,4.190729,4.207018,4.155790
408400,6691225600,1.262927e+17,4.192344,4.206490,4.154557
408500,6692864000,1.263236e+17,4.220777,4.204324,4.154227
408600,6694502400,1.263545e+17,4.211797,4.207515,4.155201
408700,6696140800,1.263854e+17,4.211970,4.205215,4.155356
408800,6697779200,1.264163e+17,4.200292,4.207924,4.157437
408900,6699417600,1.264473e+17,4.184500,4.208811,4.156561
409000,6701056000,1.264782e+17,4.225152,4.207727,4.156593
409100,6702694400,1.265091e+17,4.206111,4.202413,4.152188
409200,6704332800,1.265400e+17,4.204345,4.205844,4.154438
409300,6705971200,1.265710e+17,4.210052,4.206337,4.155601
409400,6707609600,1.266019e+17,4.230526,4.206986,4.156612
409500,6709248000,1.266328e+17,4.196776,4.206708,4.155286
409600,6710886400,1.266637e+17,4.205527,4.205369,4.155290
409700,6712524800,1.266947e+17,4.170090,4.204041,4.154789
409800,6714163200,1.267256e+17,4.206180,4.204924,4.154003
409900,6715801600,1.267565e+17,4.213008,4.205137,4.154338
410000,6717440000,1.267874e+17,4.215206,4.204338,4.154472
410100,6719078400,1.268184e+17,4.198321,4.202999,4.153220
410200,6720716800,1.268493e+17,4.178745,4.204436,4.153749
410300,6722355200,1.268802e+17,4.196542,4.205487,4.155443
410400,6723993600,1.269111e+17,4.197872,4.204001,4.154135
410500,6725632000,1.269421e+17,4.190498,4.200889,4.152590
410600,6727270400,1.269730e+17,4.202092,4.203227,4.153301
410700,6728908800,1.270039e+17,4.207010,4.202365,4.152056
410800,6730547200,1.270348e+17,4.186306,4.201679,4.152467
410900,6732185600,1.270657e+17,4.184665,4.204061,4.153938
411000,6733824000,1.270967e+17,4.203341,4.198748,4.151653
411100,6735462400,1.271276e+17,4.198732,4.202757,4.152754
411200,6737100800,1.271585e+17,4.197123,4.201803,4.151981
411300,6738739200,1.271894e+17,4.201005,4.203091,4.154433
411400,6740377600,1.272204e+17,4.208911,4.202425,4.152872
411500,6742016000,1.272513e+17,4.185189,4.204639,4.152336
411600,6743654400,1.272822e+17,4.201905,4.204852,4.153448
411700,6745292800,1.273131e+17,4.199595,4.202000,4.152286
411800,6746931200,1.273441e+17,4.215785,4.202462,4.152039
411900,6748569600,1.273750e+17,4.190675,4.200087,4.150613
412000,6750208000,1.274059e+17,4.198052,4.199125,4.149490
412100,6751846400,1.274368e+17,4.212055,4.199178,4.151216
412200,6753484800,1.274678e+17,4.184186,4.196629,4.149163
412300,6755123200,1.274987e+17,4.179216,4.196912,4.150122
412400,6756761600,1.275296e+17,4.224509,4.197769,4.150809
412500,6758400000,1.275605e+17,4.195197,4.199982,4.151635
412600,6760038400,1.275915e+17,4.194851,4.199465,4.150438
412700,6761676800,1.276224e+17,4.204000,4.201004,4.150493
412800,6763315200,1.276533e+17,4.198731,4.200690,4.149455
412900,6764953600,1.276842e+17,4.204435,4.201186,4.149491
413000,6766592000,1.277151e+17,4.186237,4.198905,4.149797
413100,6768230400,1.277461e+17,4.183603,4.201432,4.150167
413200,6769868800,1.277770e+17,4.207860,4.201971,4.149986
413300,6771507200,1.278079e+17,4.183702,4.204004,4.149687
413400,6773145600,1.278388e+17,4.187045,4.202299,4.149533
413500,6774784000,1.278698e+17,4.194707,4.200524,4.148943
413600,6776422400,1.279007e+17,4.204497,4.200419,4.149008
413700,6778060800,1.279316e+17,4.199496,4.202423,4.149161
413800,6779699200,1.279625e+17,4.188960,4.200087,4.149521
413900,6781337600,1.279935e+17,4.215669,4.200824,4.151957
414000,6782976000,1.280244e+17,4.201878,4.199035,4.149677
414100,6784614400,1.280553e+17,4.211116,4.201230,4.151721
414200,6786252800,1.280862e+17,4.187913,4.200903,4.150476
414300,6787891200,1.281172e+17,4.178954,4.198382,4.149848
414400,6789529600,1.281481e+17,4.178992,4.200842,4.149627
414500,6791168000,1.281790e+17,4.197623,4.197941,4.148710
414600,6792806400,1.282099e+17,4.189789,4.197334,4.149048
414700,6794444800,1.282409e+17,4.209710,4.197454,4.150070
414800,6796083200,1.282718e+17,4.208437,4.196438,4.148303
414900,6797721600,1.283027e+17,4.190143,4.200837,4.150684
415000,6799360000,1.283336e+17,4.188114,4.198872,4.148819
415100,6800998400,1.283645e+17,4.204074,4.197736,4.146776
415200,6802636800,1.283955e+17,4.200698,4.200346,4.149940
415300,6804275200,1.284264e+17,4.207644,4.199119,4.149147
415400,6805913600,1.284573e+17,4.216928,4.198629,4.148758
415500,6807552000,1.284882e+17,4.204758,4.197510,4.149792
415600,6809190400,1.285192e+17,4.226282,4.196102,4.148802
415700,6810828800,1.285501e+17,4.215087,4.195116,4.147543
415800,6812467200,1.285810e+17,4.192276,4.195864,4.147740
415900,6814105600,1.286119e+17,4.186480,4.196178,4.147473
416000,6815744000,1.286429e+17,4.206933,4.195794,4.148407
416100,6817382400,1.286738e+17,4.217762,4.195596,4.148035
416200,6819020800,1.287047e+17,4.181823,4.196536,4.147897
416300,6820659200,1.287356e+17,4.191574,4.192848,4.146274
416400,6822297600,1.287666e+17,4.184040,4.193871,4.145771
416500,6823936000,1.287975e+17,4.192765,4.192179,4.147552
416600,6825574400,1.288284e+17,4.201204,4.191264,4.145716
416700,6827212800,1.288593e+17,4.178249,4.192882,4.145397
416800,6828851200,1.288903e+17,4.175484,4.196885,4.146653
416900,6830489600,1.289212e+17,4.194170,4.196795,4.146731
417000,6832128000,1.289521e+17,4.194243,4.195739,4.146390
417100,6833766400,1.289830e+17,4.194680,4.194517,4.145711
417200,6835404800,1.290139e+17,4.192947,4.192543,4.144595
417300,6837043200,1.290449e+17,4.200863,4.194505,4.147039
417400,6838681600,1.290758e+17,4.197631,4.193434,4.145796
417500,6840320000,1.291067e+17,4.190783,4.191897,4.144282
417600,6841958400,1.291376e+17,4.198712,4.191279,4.143892
417700,6843596800,1.291686e+17,4.194561,4.190829,4.144451
417800,6845235200,1.291995e+17,4.184525,4.193129,4.146030
417900,6846873600,1.292304e+17,4.217093,4.193789,4.146441
418000,6848512000,1.292613e+17,4.175967,4.192590,4.144695
418100,6850150400,1.292923e+17,4.176911,4.195743,4.145658
418200,6851788800,1.293232e+17,4.207392,4.195976,4.146169
418300,6853427200,1.293541e+17,4.198667,4.190492,4.143307
418400,6855065600,1.293850e+17,4.195225,4.192523,4.144567
418500,6856704000,1.294160e+17,4.204768,4.190383,4.144349
418600,6858342400,1.294469e+17,4.175526,4.190410,4.144036
418700,6859980800,1.294778e+17,4.200506,4.188413,4.143225
418800,6861619200,1.295087e+17,4.212173,4.189574,4.143944
418900,6863257600,1.295396e+17,4.220518,4.190445,4.144250
419000,6864896000,1.295706e+17,4.188399,4.189543,4.142975
419100,6866534400,1.296015e+17,4.189984,4.190394,4.144022
419200,6868172800,1.296324e+17,4.197567,4.190254,4.144351
419300,6869811200,1.296633e+17,4.200270,4.187987,4.143037
419400,6871449600,1.296943e+17,4.198411,4.186025,4.142155
419500,6873088000,1.297252e+17,4.215183,4.188154,4.143195
419600,6874726400,1.297561e+17,4.195092,4.185128,4.141241
419700,6876364800,1.297870e+17,4.195859,4.186666,4.141285
419800,6878003200,1.298180e+17,4.210871,4.189907,4.141677
419900,6879641600,1.298489e+17,4.195838,4.188292,4.140560
420000,6881280000,1.298798e+17,4.168103,4.189874,4.142603
420100,6882918400,1.299107e+17,4.184091,4.188152,4.140397
420200,6884556800,1.299417e+17,4.170264,4.188246,4.139733
420300,6886195200,1.299726e+17,4.182497,4.188454,4.140583
420400,6887833600,1.300035e+17,4.197891,4.187929,4.141325
420500,6889472000,1.300344e+17,4.182899,4.186824,4.141066
420600,6891110400,1.300654e+17,4.198453,4.186181,4.139429
420700,6892748800,1.300963e+17,4.164393,4.187516,4.140345
420800,6894387200,1.301272e+17,4.181567,4.188742,4.141129
420900,6896025600,1.301581e+17,4.182246,4.187273,4.140027
421000,6897664000,1.301890e+17,4.212742,4.188003,4.141527
421100,6899302400,1.302200e+17,4.195520,4.191783,4.143822
421200,6900940800,1.302509e+17,4.197437,4.185978,4.139679
421300,6902579200,1.302818e+17,4.179916,4.190309,4.142025
421400,6904217600,1.303127e+17,4.191253,4.191077,4.142000
421500,6905856000,1.303437e+17,4.188285,4.187803,4.140202
421600,6907494400,1.303746e+17,4.202230,4.187477,4.140407
421700,6909132800,1.304055e+17,4.173173,4.188543,4.141380
421800,6910771200,1.304364e+17,4.194642,4.187583,4.139740
421900,6912409600,1.304674e+17,4.187372,4.188562,4.139827
422000,6914048000,1.304983e+17,4.175215,4.189188,4.139187
422100,6915686400,1.305292e+17,4.192255,4.187884,4.140387
422200,6917324800,1.305601e+17,4.195161,4.186227,4.138942
422300,6918963200,1.305911e+17,4.190375,4.186567,4.139230
422400,6920601600,1.306220e+17,4.204740,4.186167,4.140170
422500,6922240000,1.306529e+17,4.184156,4.187784,4.140164
422600,6923878400,1.306838e+17,4.190623,4.187301,4.140473
422700,6925516800,1.307148e+17,4.185221,4.185107,4.138365
422800,6927155200,1.307457e+17,4.195331,4.186637,4.138597
422900,6928793600,1.307766e+17,4.175668,4.186711,4.138194
423000,6930432000,1.308075e+17,4.189277,4.186870,4.138923
423100,6932070400,1.308384e+17,4.213431,4.183944,4.137269
423200,6933708800,1.308694e+17,4.189242,4.186121,4.137440
423300,6935347200,1.309003e+17,4.198644,4.185560,4.138080
423400,6936985600,1.309312e+17,4.186838,4.184197,4.137264
423500,6938624000,1.309621e+17,4.179491,4.183474,4.136820
423600,6940262400,1.309931e+17,4.182383,4.184288,4.137581
423700,6941900800,1.310240e+17,4.187492,4.182644,4.137549
423800,6943539200,1.310549e+17,4.193443,4.182804,4.136618
423900,6945177600,1.310858e+17,4.176154,4.182333,4.136254
424000,6946816000,1.311168e+17,4.176402,4.182696,4.136985
424100,6948454400,1.311477e+17,4.210257,4.183182,4.136486
424200,6950092800,1.311786e+17,4.196065,4.185548,4.136780
424300,6951731200,1.312095e+17,4.191558,4.182602,4.134886
424400,6953369600,1.312405e+17,4.196561,4.184785,4.138413
424500,6955008000,1.312714e+17,4.186347,4.187370,4.138361
424600,6956646400,1.313023e+17,4.181410,4.185672,4.138546
424700,6958284800,1.313332e+17,4.195409,4.185988,4.136155
424800,6959923200,1.313642e+17,4.186776,4.185328,4.137735
424900,6961561600,1.313951e+17,4.194773,4.186380,4.137518
425000,6963200000,1.314260e+17,4.206102,4.186333,4.139185
425100,6964838400,1.314569e+17,4.170989,4.187246,4.137514
425200,6966476800,1.314878e+17,4.183173,4.185692,4.136219
425300,6968115200,1.315188e+17,4.196645,4.187300,4.137995
425400,6969753600,1.315497e+17,4.194583,4.183938,4.136983
425500,6971392000,1.315806e+17,4.194201,4.184317,4.136893
425600,6973030400,1.316115e+17,4.172406,4.183888,4.136285
425700,6974668800,1.316425e+17,4.172837,4.184710,4.135146
425800,6976307200,1.316734e+17,4.169766,4.184240,4.134428
425900,6977945600,1.317043e+17,4.202641,4.184798,4.135762
426000,6979584000,1.317352e+17,4.200630,4.187710,4.137127
426100,6981222400,1.317662e+17,4.175314,4.185550,4.136673
426200,6982860800,1.317971e+17,4.206104,4.181794,4.135591
426300,6984499200,1.318280e+17,4.199451,4.183846,4.134746
426400,6986137600,1.318589e+17,4.181527,4.185883,4.135920
426500,6987776000,1.318899e+17,4.190714,4.186760,4.136747
426600,6989414400,1.319208e+17,4.192618,4.187071,4.136862
426700,6991052800,1.319517e+17,4.207252,4.182949,4.134987
426800,6992691200,1.319826e+17,4.164148,4.182614,4.134640
426900,6994329600,1.320136e+17,4.176981,4.182455,4.134568
427000,6995968000,1.320445e+17,4.181012,4.181224,4.133762
427100,6997606400,1.320754e+17,4.191694,4.182778,4.134513
427200,6999244800,1.321063e+17,4.181734,4.184848,4.134395
427300,7000883200,1.321372e+17,4.193248,4.185095,4.134466
427400,7002521600,1.321682e+17,4.180133,4.187452,4.135619
427500,7004160000,1.321991e+17,4.174686,4.186101,4.134492
427600,7005798400,1.322300e+17,4.168110,4.182267,4.133171
427700,7007436800,1.322609e+17,4.159197,4.184886,4.133544
427800,7009075200,1.322919e+17,4.174078,4.185088,4.135347
427900,7010713600,1.323228e+17,4.170489,4.181044,4.132295
428000,7012352000,1.323537e+17,4.171475,4.186041,4.135262
428100,7013990400,1.323846e+17,4.179295,4.184079,4.133501
428200,7015628800,1.324156e+17,4.200974,4.185364,4.135665
428300,7017267200,1.324465e+17,4.186316,4.184593,4.136167
428400,7018905600,1.324774e+17,4.169426,4.181962,4.133993
428500,7020544000,1.325083e+17,4.174364,4.180810,4.133417
428600,7022182400,1.325393e+17,4.193749,4.181290,4.133040
428700,7023820800,1.325702e+17,4.192281,4.182971,4.132790
428800,7025459200,1.326011e+17,4.190218,4.181650,4.133829
428900,7027097600,1.326320e+17,4.198499,4.180803,4.133937
429000,7028736000,1.326629e+17,4.170988,4.184108,4.134222
429100,7030374400,1.326939e+17,4.177404,4.185448,4.135215
429200,7032012800,1.327248e+17,4.187366,4.182372,4.132894
429300,7033651200,1.327557e+17,4.193597,4.183511,4.134136
429400,7035289600,1.327866e+17,4.216052,4.182419,4.132879
429500,7036928000,1.328176e+17,4.193378,4.182821,4.133043
429600,7038566400,1.328485e+17,4.202334,4.185590,4.133830
429700,7040204800,1.328794e+17,4.180232,4.182515,4.132392
429800,7041843200,1.329103e+17,4.179484,4.180150,4.130029
429900,7043481600,1.329413e+17,4.167274,4.183669,4.131658
430000,7045120000,1.329722e+17,4.161017,4.183977,4.132256
430100,7046758400,1.330031e+17,4.183219,4.185785,4.132296
430200,7048396800,1.330340e+17,4.194117,4.183024,4.131757
430300,7050035200,1.330650e+17,4.197028,4.183705,4.132364
430400,7051673600,1.330959e+17,4.178119,4.183571,4.131568
430500,7053312000,1.331268e+17,4.175181,4.184972,4.132668
430600,7054950400,1.331577e+17,4.192469,4.187642,4.134729
430700,7056588800,1.331887e+17,4.191101,4.185426,4.132690
430800,7058227200,1.332196e+17,4.194667,4.184224,4.131448
430900,7059865600,1.332505e+17,4.185441,4.185240,4.131839
431000,7061504000,1.332814e+17,4.168177,4.186062,4.131859
431100,7063142400,1.333123e+17,4.172385,4.184242,4.131854
431200,7064780800,1.333433e+17,4.166266,4.184639,4.131655
431300,7066419200,1.333742e+17,4.180150,4.182227,4.130976
431400,7068057600,1.334051e+17,4.203521,4.182891,4.132283
431500,7069696000,1.334360e+17,4.165313,4.180519,4.130731
431600,7071334400,1.334670e+17,4.200175,4.181044,4.130911
431700,7072972800,1.334979e+17,4.180391,4.182232,4.131226
431800,7074611200,1.335288e+17,4.180871,4.181691,4.129853
431900,7076249600,1.335597e+17,4.158635,4.181220,4.131135
432000,7077888000,1.335907e+17,4.183981,4.181223,4.130419
432100,7079526400,1.336216e+17,4.190419,4.180353,4.129907
432200,7081164800,1.336525e+17,4.186055,4.180742,4.130030
432300,7082803200,1.336834e+17,4.178444,4.180839,4.131594
432400,7084441600,1.337144e+17,4.183482,4.179850,4.131223
432500,7086080000,1.337453e+17,4.156170,4.178884,4.129848
432600,7087718400,1.337762e+17,4.172600,4.179468,4.129848
432700,7089356800,1.338071e+17,4.174896,4.177553,4.128339
432800,7090995200,1.338381e+17,4.182147,4.178014,4.128991
432900,7092633600,1.338690e+17,4.177447,4.180535,4.129531
433000,7094272000,1.338999e+17,4.180785,4.177669,4.128154
433100,7095910400,1.339308e+17,4.170164,4.176541,4.128834
433200,7097548800,1.339617e+17,4.192274,4.180789,4.129902
433300,7099187200,1.339927e+17,4.167668,4.178577,4.128179
433400,7100825600,1.340236e+17,4.179950,4.176906,4.127082
433500,7102464000,1.340545e+17,4.178077,4.174844,4.126933
433600,7104102400,1.340854e+17,4.157543,4.175918,4.127221
433700,7105740800,1.341164e+17,4.184258,4.175227,4.128152
433800,7107379200,1.341473e+17,4.192317,4.176450,4.127009
433900,7109017600,1.341782e+17,4.184150,4.177895,4.127731
434000,7110656000,1.342091e+17,4.180004,4.177018,4.126943
434100,7112294400,1.342401e+17,4.193095,4.177606,4.127684
434200,7113932800,1.342710e+17,4.170175,4.176535,4.127724
434300,7115571200,1.343019e+17,4.193767,4.176268,4.129926
434400,7117209600,1.343328e+17,4.175942,4.175835,4.127664
434500,7118848000,1.343638e+17,4.164942,4.176350,4.127335
434600,7120486400,1.343947e+17,4.162113,4.178713,4.128267
434700,7122124800,1.344256e+17,4.182138,4.177818,4.128564
434800,7123763200,1.344565e+17,4.175681,4.178726,4.128778
434900,7125401600,1.344875e+17,4.170478,4.178912,4.128345
435000,7127040000,1.345184e+17,4.169650,4.176810,4.126684
435100,7128678400,1.345493e+17,4.178864,4.175661,4.127391
435200,7130316800,1.345802e+17,4.172384,4.176557,4.128407
435300,7131955200,1.346111e+17,4.170283,4.177255,4.128418
435400,7133593600,1.346421e+17,4.162407,4.175809,4.127643
435500,7135232000,1.346730e+17,4.165992,4.177142,4.127556
435600,7136870400,1.347039e+17,4.196266,4.178705,4.128426
435700,7138508800,1.347348e+17,4.183805,4.177339,4.127142
435800,7140147200,1.347658e+17,4.173657,4.181030,4.128525
435900,7141785600,1.347967e+17,4.175501,4.177653,4.126265
436000,7143424000,1.348276e+17,4.182790,4.176838,4.125972
436100,7145062400,1.348585e+17,4.194969,4.177941,4.128623
436200,7146700800,1.348895e+17,4.154771,4.178111,4.128679
436300,7148339200,1.349204e+17,4.183889,4.176161,4.127051
436400,7149977600,1.349513e+17,4.189492,4.175693,4.126311
436500,7151616000,1.349822e+17,4.196620,4.174297,4.125738
436600,7153254400,1.350132e+17,4.167161,4.174099,4.126607
436700,7154892800,1.350441e+17,4.174594,4.173680,4.126133
436800,7156531200,1.350750e+17,4.184452,4.175084,4.126872
436900,7158169600,1.351059e+17,4.173289,4.175357,4.127408
437000,7159808000,1.351369e+17,4.173563,4.173837,4.125548
437100,7161446400,1.351678e+17,4.171699,4.176532,4.127887
437200,7163084800,1.351987e+17,4.165261,4.176018,4.126895
437300,7164723200,1.352296e+17,4.201861,4.175105,4.126113
437400,7166361600,1.352605e+17,4.182155,4.172496,4.124422
437500,7168000000,1.352915e+17,4.169959,4.172148,4.123291
437600,7169638400,1.353224e+17,4.171514,4.171947,4.123836
437700,7171276800,1.353533e+17,4.181415,4.169511,4.123216
437800,7172915200,1.353842e+17,4.178197,4.170937,4.123959
437900,7174553600,1.354152e+17,4.153780,4.170178,4.123966
438000,7176192000,1.354461e+17,4.152423,4.169531,4.123416
438100,7177830400,1.354770e+17,4.167752,4.171874,4.125207
438200,7179468800,1.355079e+17,4.162480,4.170290,4.123830
438300,7181107200,1.355389e+17,4.186595,4.173816,4.125695
438400,7182745600,1.355698e+17,4.167668,4.173567,4.124536
438500,7184384000,1.356007e+17,4.176624,4.172949,4.124038
438600,7186022400,1.356316e+17,4.163146,4.172910,4.123630
438700,7187660800,1.356626e+17,4.161900,4.173658,4.123823
438800,7189299200,1.356935e+17,4.168520,4.172958,4.124722
438900,7190937600,1.357244e+17,4.167736,4.173550,4.123387
439000,7192576000,1.357553e+17,4.183298,4.173521,4.124261
439100,7194214400,1.357863e+17,4.169001,4.170140,4.121783
439200,7195852800,1.358172e+17,4.160187,4.171060,4.122393
439300,7197491200,1.358481e+17,4.165852,4.172167,4.121217
439400,7199129600,1.358790e+17,4.172419,4.172837,4.121548
439500,7200768000,1.359099e+17,4.163951,4.172407,4.121216
439600,7202406400,1.359409e+17,4.178917,4.173826,4.122456
439700,7204044800,1.359718e+17,4.166837,4.176798,4.122948
439800,7205683200,1.360027e+17,4.169763,4.174886,4.122963
439900,7207321600,1.360336e+17,4.181165,4.173889,4.122429
440000,7208960000,1.360646e+17,4.186701,4.171896,4.120620
440100,7210598400,1.360955e+17,4.168315,4.174966,4.121021
440200,7212236800,1.361264e+17,4.151349,4.172976,4.120381
440300,7213875200,1.361573e+17,4.153440,4.173709,4.122389
440400,7215513600,1.361883e+17,4.175848,4.171434,4.121182
440500,7217152000,1.362192e+17,4.164150,4.171632,4.122533
440600,7218790400,1.362501e+17,4.181567,4.170028,4.120793
440700,7220428800,1.362810e+17,4.179749,4.170077,4.120988
440800,7222067200,1.363120e+17,4.179138,4.170083,4.120895
440900,7223705600,1.363429e+17,4.182045,4.170786,4.120802
441000,7225344000,1.363738e+17,4.154015,4.169271,4.119898
441100,7226982400,1.364047e+17,4.165372,4.169654,4.121379
441200,7228620800,1.364356e+17,4.169662,4.168163,4.120341
441300,7230259200,1.364666e+17,4.166116,4.168415,4.119519
441400,7231897600,1.364975e+17,4.165593,4.169523,4.120650
441500,7233536000,1.365284e+17,4.176930,4.170256,4.121081
441600,7235174400,1.365593e+17,4.189532,4.169642,4.119417
441700,7236812800,1.365903e+17,4.171289,4.168607,4.120204
441800,7238451200,1.366212e+17,4.164581,4.167497,4.119418
441900,7240089600,1.366521e+17,4.165944,4.170092,4.121243
442000,7241728000,1.366830e+17,4.168256,4.169184,4.119739
442100,7243366400,1.367140e+17,4.159342,4.170514,4.120760
442200,7245004800,1.367449e+17,4.153210,4.171323,4.119942
442300,7246643200,1.367758e+17,4.166092,4.170698,4.120538
442400,7248281600,1.368067e+17,4.141393,4.172331,4.121042
442500,7249920000,1.368377e+17,4.169617,4.170740,4.120196
442600,7251558400,1.368686e+17,4.159733,4.169263,4.119102
442700,7253196800,1.368995e+17,4.169752,4.169715,4.118673
442800,7254835200,1.369304e+17,4.174870,4.172385,4.120374
442900,7256473600,1.369614e+17,4.175082,4.171213,4.119569
443000,7258112000,1.369923e+17,4.160185,4.168664,4.117521
443100,7259750400,1.370232e+17,4.183019,4.168334,4.117247
443200,7261388800,1.370541e+17,4.167588,4.169548,4.118727
443300,7263027200,1.370850e+17,4.175343,4.169537,4.118895
443400,7264665600,1.371160e+17,4.169879,4.168438,4.119539
443500,7266304000,1.371469e+17,4.173940,4.168190,4.118741
443600,7267942400,1.371778e+17,4.176261,4.167342,4.118126
443700,7269580800,1.372087e+17,4.172415,4.169497,4.118659
443800,7271219200,1.372397e+17,4.180449,4.169008,4.117818
443900,7272857600,1.372706e+17,4.171097,4.167839,4.119201
444000,7274496000,1.373015e+17,4.171498,4.169311,4.119522
444100,7276134400,1.373324e+17,4.163882,4.168016,4.118240
444200,7277772800,1.373634e+17,4.157380,4.170288,4.118842
444300,7279411200,1.373943e+17,4.160009,4.166048,4.118170
444400,7281049600,1.374252e+17,4.174633,4.167060,4.119059
444500,7282688000,1.374561e+17,4.154110,4.168654,4.118588
444600,7284326400,1.374871e+17,4.177951,4.167212,4.117323
444700,7285964800,1.375180e+17,4.173289,4.166711,4.118560
444800,7287603200,1.375489e+17,4.158775,4.168097,4.118730
444900,7289241600,1.375798e+17,4.166080,4.172219,4.120428
445000,7290880000,1.376108e+17,4.158566,4.168901,4.118505
445100,7292518400,1.376417e+17,4.181303,4.167350,4.118484
445200,7294156800,1.376726e+17,4.166072,4.167884,4.118775
445300,7295795200,1.377035e+17,4.157774,4.167108,4.117852
445400,7297433600,1.377344e+17,4.164650,4.169142,4.118028
445500,7299072000,1.377654e+17,4.159120,4.168842,4.118097
445600,7300710400,1.377963e+17,4.170177,4.167703,4.118685
445700,7302348800,1.378272e+17,4.167230,4.167833,4.119335
445800,7303987200,1.378581e+17,4.162525,4.167967,4.119315
445900,7305625600,1.378891e+17,4.161834,4.167751,4.118195
446000,7307264000,1.379200e+17,4.162617,4.167486,4.118126
446100,7308902400,1.379509e+17,4.148297,4.166153,4.117830
446200,7310540800,1.379818e+17,4.161020,4.166380,4.117585
446300,7312179200,1.380128e+17,4.176557,4.166190,4.117541
446400,7313817600,1.380437e+17,4.172128,4.165465,4.116960
446500,7315456000,1.380746e+17,4.170524,4.166677,4.116697
446600,7317094400,1.381055e+17,4.167273,4.165015,4.117012
446700,7318732800,1.381365e+17,4.162625,4.165489,4.116618
446800,7320371200,1.381674e+17,4.158778,4.164336,4.117208
446900,7322009600,1.381983e+17,4.168196,4.163211,4.115870
447000,7323648000,1.382292e+17,4.164052,4.164276,4.117266
447100,7325286400,1.382602e+17,4.149374,4.161801,4.116813
447200,7326924800,1.382911e+17,4.152494,4.163542,4.117921
447300,7328563200,1.383220e+17,4.156586,4.164080,4.116835
447400,7330201600,1.383529e+17,4.159196,4.162344,4.114567
447500,7331840000,1.383838e+17,4.174489,4.164820,4.117110
447600,7333478400,1.384148e+17,4.170906,4.165589,4.116938
447700,7335116800,1.384457e+17,4.163286,4.164498,4.116486
447800,7336755200,1.384766e+17,4.163113,4.167228,4.118104
447900,7338393600,1.385075e+17,4.164901,4.166199,4.117756
448000,7340032000,1.385385e+17,4.176291,4.167746,4.117978
448100,7341670400,1.385694e+17,4.175117,4.164909,4.116844
448200,7343308800,1.386003e+17,4.150216,4.165690,4.116715
448300,7344947200,1.386312e+17,4.175025,4.164359,4.116328
448400,7346585600,1.386622e+17,4.175823,4.167099,4.116541
448500,7348224000,1.386931e+17,4.171662,4.162850,4.115623
448600,7349862400,1.387240e+17,4.169410,4.166271,4.116301
448700,7351500800,1.387549e+17,4.158630,4.164221,4.116045
448800,7353139200,1.387859e+17,4.159659,4.165079,4.116181
448900,7354777600,1.388168e+17,4.170408,4.166459,4.116823
449000,7356416000,1.388477e+17,4.165450,4.166042,4.115990
449100,7358054400,1.388786e+17,4.166091,4.165114,4.116091
449200,7359692800,1.389096e+17,4.173321,4.163714,4.115719
449300,7361331200,1.389405e+17,4.177189,4.164889,4.113779
449400,7362969600,1.389714e+17,4.148389,4.164680,4.115706
449500,7364608000,1.390023e+17,4.157720,4.164175,4.115081
449600,7366246400,1.390332e+17,4.171354,4.165682,4.116457
449700,7367884800,1.390642e+17,4.179427,4.164673,4.115344
449800,7369523200,1.390951e+17,4.178543,4.166163,4.115456
449900,7371161600,1.391260e+17,4.156980,4.165109,4.114149
450000,7372800000,1.391569e+17,4.170949,4.166857,4.114341
450100,7374438400,1.391879e+17,4.136698,4.167712,4.114612
450200,7376076800,1.392188e+17,4.142568,4.167552,4.115492
450300,7377715200,1.392497e+17,4.161909,4.165392,4.115385
450400,7379353600,1.392806e+17,4.159574,4.166636,4.116586
450500,7380992000,1.393116e+17,4.162293,4.166939,4.115171
450600,7382630400,1.393425e+17,4.154046,4.165756,4.115000
450700,7384268800,1.393734e+17,4.168996,4.164235,4.114720
450800,7385907200,1.394043e+17,4.152695,4.164356,4.114541
450900,7387545600,1.394353e+17,4.161632,4.166086,4.115583
451000,7389184000,1.394662e+17,4.174923,4.164954,4.114217
451100,7390822400,1.394971e+17,4.168136,4.165585,4.115026
451200,7392460800,1.395280e+17,4.138161,4.164851,4.115377
451300,7394099200,1.395589e+17,4.162993,4.163465,4.115936
451400,7395737600,1.395899e+17,4.184325,4.163413,4.115695
451500,7397376000,1.396208e+17,4.154646,4.160933,4.114377
451600,7399014400,1.396517e+17,4.153482,4.159308,4.113784
451700,7400652800,1.396826e+17,4.162776,4.161619,4.114508
451800,7402291200,1.397136e+17,4.168810,4.160297,4.113362
451900,7403929600,1.397445e+17,4.167226,4.162627,4.114282
452000,7405568000,1.397754e+17,4.152133,4.162608,4.115480
452100,7407206400,1.398063e+17,4.168023,4.160657,4.112845
452200,7408844800,1.398373e+17,4.173357,4.159614,4.113319
452300,7410483200,1.398682e+17,4.175799,4.160487,4.112744
452400,7412121600,1.398991e+17,4.157967,4.161052,4.113523
452500,7413760000,1.399300e+17,4.163220,4.161320,4.113985
452600,7415398400,1.399610e+17,4.160923,4.160763,4.113510
452700,7417036800,1.399919e+17,4.154781,4.162907,4.114417
452800,7418675200,1.400228e+17,4.159082,4.159318,4.112241
452900,7420313600,1.400537e+17,4.163931,4.161828,4.114677
453000,7421952000,1.400847e+17,4.171142,4.161675,4.114676
453100,7423590400,1.401156e+17,4.159864,4.160263,4.113033
453200,7425228800,1.401465e+17,4.147301,4.161573,4.112389
453300,7426867200,1.401774e+17,4.157166,4.162436,4.113586
453400,7428505600,1.402083e+17,4.151012,4.160263,4.111313
453500,7430144000,1.402393e+17,4.160240,4.160415,4.111698
453600,7431782400,1.402702e+17,4.178232,4.161139,4.112588
453700,7433420800,1.403011e+17,4.153626,4.159284,4.111694
453800,7435059200,1.403320e+17,4.180179,4.159159,4.112181
453900,7436697600,1.403630e+17,4.151846,4.156443,4.110978
454000,7438336000,1.403939e+17,4.176655,4.158543,4.111606
454100,7439974400,1.404248e+17,4.150992,4.159176,4.112481
454200,7441612800,1.404557e+17,4.166313,4.160053,4.111330
454300,7443251200,1.404867e+17,4.163191,4.159076,4.110722
454400,7444889600,1.405176e+17,4.162451,4.161349,4.111894
454500,7446528000,1.405485e+17,4.157806,4.162037,4.113166
454600,7448166400,1.405794e+17,4.136822,4.160255,4.111784
454700,7449804800,1.406104e+17,4.157863,4.159572,4.111572
454800,7451443200,1.406413e+17,4.161593,4.162015,4.112100
454900,7453081600,1.406722e+17,4.173056,4.160660,4.111903
455000,7454720000,1.407031e+17,4.161264,4.162780,4.111286
455100,7456358400,1.407341e+17,4.174934,4.161447,4.110841
455200,7457996800,1.407650e+17,4.192569,4.159340,4.110761
455300,7459635200,1.407959e+17,4.154066,4.161094,4.111193
455400,7461273600,1.408268e+17,4.152459,4.160237,4.111421
455500,7462912000,1.408577e+17,4.140834,4.160761,4.110269
455600,7464550400,1.408887e+17,4.162979,4.158957,4.111067
455700,7466188800,1.409196e+17,4.171539,4.159431,4.112052
455800,7467827200,1.409505e+17,4.168481,4.160404,4.111742
455900,7469465600,1.409814e+17,4.165071,4.159204,4.111384
456000,7471104000,1.410124e+17,4.182804,4.162621,4.111991
456100,7472742400,1.410433e+17,4.156373,4.161584,4.111301
456200,7474380800,1.410742e+17,4.141793,4.162880,4.113295
456300,7476019200,1.411051e+17,4.149118,4.161689,4.110141
456400,7477657600,1.411361e+17,4.146922,4.160352,4.110667
456500,7479296000,1.411670e+17,4.158669,4.161334,4.111684
456600,7480934400,1.411979e+17,4.139509,4.160102,4.110099
456700,7482572800,1.412288e+17,4.150054,4.158705,4.109692
456800,7484211200,1.412598e+17,4.148498,4.160516,4.109367
456900,7485849600,1.412907e+17,4.156812,4.161922,4.109896
457000,7487488000,1.413216e+17,4.162573,4.158678,4.109331
457100,7489126400,1.413525e+17,4.150092,4.159508,4.109248
457200,7490764800,1.413835e+17,4.141529,4.159798,4.109086
457300,7492403200,1.414144e+17,4.153595,4.157008,4.108607
457400,7494041600,1.414453e+17,4.144063,4.158988,4.109087
457500,7495680000,1.414762e+17,4.157846,4.159183,4.109410
457600,7497318400,1.415071e+17,4.160762,4.159316,4.108772
457700,7498956800,1.415381e+17,4.154668,4.157643,4.107556
457800,7500595200,1.415690e+17,4.141492,4.158262,4.108329
457900,7502233600,1.415999e+17,4.159626,4.160866,4.109800
458000,7503872000,1.416308e+17,4.160408,4.159726,4.108861
458100,7505510400,1.416618e+17,4.176099,4.160929,4.108014
458200,7507148800,1.416927e+17,4.149244,4.160246,4.108883
458300,7508787200,1.417236e+17,4.153198,4.162059,4.109851
458400,7510425600,1.417545e+17,4.159583,4.159646,4.109543
458500,7512064000,1.417855e+17,4.151576,4.160735,4.110053
458600,7513702400,1.418164e+17,4.170681,4.160524,4.110660
458700,7515340800,1.418473e+17,4.160781,4.158920,4.109964
458800,7516979200,1.418782e+17,4.129604,4.158894,4.109270
458900,7518617600,1.419092e+17,4.168279,4.160761,4.110039
459000,7520256000,1.419401e+17,4.147611,4.157550,4.108171
459100,7521894400,1.419710e+17,4.144869,4.158443,4.108639
459200,7523532800,1.420019e+17,4.144235,4.158294,4.109861
459300,7525171200,1.420329e+17,4.154285,4.156222,4.108258
459400,7526809600,1.420638e+17,4.139724,4.156250,4.107627
459500,7528448000,1.420947e+17,4.142852,4.158219,4.109682
459600,7530086400,1.421256e+17,4.148283,4.156041,4.107564
459700,7531724800,1.421565e+17,4.170813,4.158114,4.108430
459800,7533363200,1.421875e+17,4.154437,4.159520,4.108574
459900,7535001600,1.422184e+17,4.153453,4.159306,4.108828
460000,7536640000,1.422493e+17,4.153664,4.155114,4.106706
460100,7538278400,1.422802e+17,4.188472,4.157330,4.108663
460200,7539916800,1.423112e+17,4.158638,4.159453,4.109241
460300,7541555200,1.423421e+17,4.151327,4.157223,4.107834
460400,7543193600,1.423730e+17,4.151064,4.156426,4.108331
460500,7544832000,1.424039e+17,4.155348,4.155932,4.107422
460600,7546470400,1.424349e+17,4.150516,4.155973,4.107913
460700,7548108800,1.424658e+17,4.160924,4.156228,4.107331
460800,7549747200,1.424967e+17,4.155612,4.153811,4.106162
460900,7551385600,1.425276e+17,4.185744,4.158110,4.106686
461000,7553024000,1.425586e+17,4.140380,4.157108,4.107286
461100,7554662400,1.425895e+17,4.141191,4.158880,4.108641
461200,7556300800,1.426204e+17,4.160790,4.155794,4.106490
461300,7557939200,1.426513e+17,4.143407,4.156735,4.107409
461400,7559577600,1.426822e+17,4.143584,4.153443,4.104968
461500,7561216000,1.427132e+17,4.161473,4.154518,4.106936
461600,7562854400,1.427441e+17,4.151605,4.154087,4.105995
461700,7564492800,1.427750e+17,4.169302,4.154613,4.107164
461800,7566131200,1.428059e+17,4.153410,4.154784,4.106825
461900,7567769600,1.428369e+17,4.149333,4.155472,4.108141
462000,7569408000,1.428678e+17,4.138757,4.155353,4.106973
462100,7571046400,1.428987e+17,4.154592,4.153603,4.105345
462200,7572684800,1.429296e+17,4.137326,4.154618,4.105845
462300,7574323200,1.429606e+17,4.167420,4.155124,4.106260
462400,7575961600,1.429915e+17,4.161596,4.155758,4.106721
462500,7577600000,1.430224e+17,4.149046,4.154017,4.105981
462600,7579238400,1.430533e+17,4.161992,4.154377,4.105130
462700,7580876800,1.430843e+17,4.146754,4.154266,4.105896
462800,7582515200,1.431152e+17,4.163592,4.156595,4.107411
462900,7584153600,1.431461e+17,4.189019,4.153490,4.106380
463000,7585792000,1.431770e+17,4.175402,4.153723,4.105745
463100,7587430400,1.432080e+17,4.159629,4.153055,4.104949
463200,7589068800,1.432389e+17,4.151995,4.152253,4.104767
463300,7590707200,1.432698e+17,4.133527,4.152425,4.105450
463400,7592345600,1.433007e+17,4.158618,4.150645,4.103647
463500,7593984000,1.433316e+17,4.152688,4.151878,4.104067
463600,7595622400,1.433626e+17,4.151325,4.149145,4.103032
463700,7597260800,1.433935e+17,4.141211,4.149194,4.102492
463800,7598899200,1.434244e+17,4.130057,4.150250,4.103188
463900,7600537600,1.434553e+17,4.141313,4.150880,4.103476
464000,7602176000,1.434863e+17,4.154850,4.151970,4.102255
464100,7603814400,1.435172e+17,4.145145,4.150781,4.102774
464200,7605452800,1.435481e+17,4.162252,4.152902,4.104050
464300,7607091200,1.435790e+17,4.143248,4.152281,4.105226
464400,7608729600,1.436100e+17,4.136695,4.152278,4.103812
464500,7610368000,1.436409e+17,4.162081,4.149903,4.101709
464600,7612006400,1.436718e+17,4.148023,4.151028,4.103224
464700,7613644800,1.437027e+17,4.136934,4.148336,4.102141
464800,7615283200,1.437337e+17,4.170590,4.150638,4.102592
464900,7616921600,1.437646e+17,4.164430,4.149482,4.102567
465000,7618560000,1.437955e+17,4.154263,4.147501,4.101587
465100,7620198400,1.438264e+17,4.141391,4.148474,4.101653
465200,7621836800,1.438574e+17,4.143017,4.149221,4.103526
465300,7623475200,1.438883e+17,4.151963,4.150250,4.103693
465400,7625113600,1.439192e+17,4.150283,4.152391,4.103908
465500,7626752000,1.439501e+17,4.140937,4.152609,4.103362
465600,7628390400,1.439810e+17,4.130243,4.151826,4.103671
465700,7630028800,1.440120e+17,4.140433,4.151110,4.103555
465800,7631667200,1.440429e+17,4.141881,4.151573,4.103105
465900,7633305600,1.440738e+17,4.158870,4.151678,4.103315
466000,7634944000,1.441047e+17,4.155683,4.151329,4.104340
466100,7636582400,1.441357e+17,4.139154,4.151473,4.102852
466200,7638220800,1.441666e+17,4.167657,4.151322,4.102558
466300,7639859200,1.441975e+17,4.155589,4.151275,4.103912
466400,7641497600,1.442284e+17,4.152914,4.150886,4.102066
466500,7643136000,1.442594e+17,4.165431,4.150237,4.102660
466600,7644774400,1.442903e+17,4.156956,4.151362,4.103066
466700,7646412800,1.443212e+17,4.148347,4.151843,4.102840
466800,7648051200,1.443521e+17,4.136929,4.150712,4.101249
466900,7649689600,1.443831e+17,4.140067,4.153200,4.102897
467000,7651328000,1.444140e+17,4.151731,4.150747,4.101587
467100,7652966400,1.444449e+17,4.155642,4.151234,4.101064
467200,7654604800,1.444758e+17,4.168290,4.149667,4.101405
467300,7656243200,1.445068e+17,4.156223,4.149440,4.101288
467400,7657881600,1.445377e+17,4.146190,4.149772,4.102117
467500,7659520000,1.445686e+17,4.159541,4.151102,4.103417
467600,7661158400,1.445995e+17,4.136179,4.148478,4.101015
467700,7662796800,1.446304e+17,4.154053,4.149477,4.102445
467800,7664435200,1.446614e+17,4.149481,4.150646,4.103571
467900,7666073600,1.446923e+17,4.169711,4.150428,4.103155
468000,7667712000,1.447232e+17,4.168453,4.147509,4.100984
468100,7669350400,1.447541e+17,4.174116,4.147201,4.101450
468200,7670988800,1.447851e+17,4.143294,4.147616,4.101622
468300,7672627200,1.448160e+17,4.139304,4.149792,4.102189
468400,7674265600,1.448469e+17,4.144988,4.147860,4.101740
468500,7675904000,1.448778e+17,4.156914,4.147222,4.100136
468600,7677542400,1.449088e+17,4.161356,4.147736,4.100970
468700,7679180800,1.449397e+17,4.171044,4.148051,4.101655
468800,7680819200,1.449706e+17,4.161905,4.147448,4.100874
468900,7682457600,1.450015e+17,4.156601,4.149249,4.100964
469000,7684096000,1.450325e+17,4.143624,4.150183,4.100941
469100,7685734400,1.450634e+17,4.142665,4.149566,4.102532
469200,7687372800,1.450943e+17,4.143638,4.147961,4.100551
469300,7689011200,1.451252e+17,4.133216,4.149824,4.101700
469400,7690649600,1.451562e+17,4.137237,4.149614,4.102047
469500,7692288000,1.451871e+17,4.152979,4.149647,4.101693
469600,7693926400,1.452180e+17,4.133660,4.150799,4.101367
469700,7695564800,1.452489e+17,4.160456,4.149864,4.101422
469800,7697203200,1.452798e+17,4.150426,4.151358,4.102231
469900,7698841600,1.453108e+17,4.157642,4.149959,4.102420
470000,7700480000,1.453417e+17,4.157709,4.149690,4.101380
470100,7702118400,1.453726e+17,4.153265,4.151880,4.102940
470200,7703756800,1.454035e+17,4.147047,4.151747,4.102843
470300,7705395200,1.454345e+17,4.138879,4.151942,4.103025
470400,7707033600,1.454654e+17,4.148867,4.149977,4.101550
470500,7708672000,1.454963e+17,4.131642,4.149672,4.101499
470600,7710310400,1.455272e+17,4.160469,4.149067,4.100790
470700,7711948800,1.455582e+17,4.150872,4.149847,4.101144
470800,7713587200,1.455891e+17,4.146081,4.150108,4.102283
470900,7715225600,1.456200e+17,4.153358,4.150078,4.100385
471000,7716864000,1.456509e+17,4.148747,4.151574,4.101596
471100,7718502400,1.456819e+17,4.162062,4.151600,4.101014
471200,7720140800,1.457128e+17,4.151155,4.149493,4.100163
471300,7721779200,1.457437e+17,4.156352,4.148946,4.100359
471400,7723417600,1.457746e+17,4.140649,4.148624,4.100351
471500,7725056000,1.458055e+17,4.135611,4.151003,4.100712
471600,7726694400,1.458365e+17,4.155716,4.149217,4.099918
471700,7728332800,1.458674e+17,4.166817,4.149975,4.101311
471800,7729971200,1.458983e+17,4.171357,4.147729,4.100141
471900,7731609600,1.459292e+17,4.162732,4.150016,4.100199
472000,7733248000,1.459602e+17,4.148368,4.150119,4.102160
472100,7734886400,1.459911e+17,4.153395,4.149325,4.100199
472200,7736524800,1.460220e+17,4.127062,4.151667,4.102035
472300,7738163200,1.460529e+17,4.137545,4.149925,4.099630
472400,7739801600,1.460839e+17,4.137646,4.150648,4.101029
472500,7741440000,1.461148e+17,4.142890,4.150840,4.100688
472600,7743078400,1.461457e+17,4.151726,4.151837,4.101040
472700,7744716800,1.461766e+17,4.152103,4.150472,4.099842
472800,7746355200,1.462076e+17,4.158818,4.150471,4.100314
472900,7747993600,1.462385e+17,4.149037,4.150993,4.101033
473000,7749632000,1.462694e+17,4.143630,4.148910,4.100224
473100,7751270400,1.463003e+17,4.153763,4.148549,4.099423
473200,7752908800,1.463313e+17,4.122532,4.148941,4.100158
473300,7754547200,1.463622e+17,4.132632,4.149056,4.100769
473400,7756185600,1.463931e+17,4.153249,4.149779,4.100548
473500,7757824000,1.464240e+17,4.150579,4.149511,4.100146
473600,7759462400,1.464549e+17,4.136539,4.148204,4.100222
473700,7761100800,1.464859e+17,4.156481,4.148848,4.099757
473800,7762739200,1.465168e+17,4.166695,4.145884,4.099442
473900,7764377600,1.465477e+17,4.145209,4.148013,4.101222
474000,7766016000,1.465786e+17,4.148376,4.146597,4.099862
474100,7767654400,1.466096e+17,4.135980,4.146878,4.099325
474200,7769292800,1.466405e+17,4.147095,4.148940,4.100819
474300,7770931200,1.466714e+17,4.133821,4.149272,4.100687
474400,7772569600,1.467023e+17,4.163313,4.148315,4.098887
474500,7774208000,1.467333e+17,4.133420,4.147984,4.099082
474600,7775846400,1.467642e+17,4.145261,4.147291,4.098992
474700,7777484800,1.467951e+17,4.148686,4.147408,4.098843
474800,7779123200,1.468260e+17,4.135917,4.150235,4.099807
474900,7780761600,1.468570e+17,4.149098,4.149188,4.099559
475000,7782400000,1.468879e+17,4.145363,4.146519,4.099166
475100,7784038400,1.469188e+17,4.161192,4.146515,4.097894
475200,7785676800,1.469497e+17,4.128470,4.147822,4.098046
475300,7787315200,1.469807e+17,4.139160,4.147960,4.098709
475400,7788953600,1.470116e+17,4.140641,4.145299,4.097864
475500,7790592000,1.470425e+17,4.159017,4.145673,4.097748
475600,7792230400,1.470734e+17,4.144910,4.145159,4.098714
475700,7793868800,1.471043e+17,4.130599,4.144235,4.099301
475800,7795507200,1.471353e+17,4.128267,4.145965,4.098979
475900,7797145600,1.471662e+17,4.148465,4.144072,4.097765
476000,7798784000,1.471971e+17,4.123101,4.146529,4.098194
476100,7800422400,1.472280e+17,4.144402,4.147260,4.099762
476200,7802060800,1.472590e+17,4.159352,4.146229,4.098013
476300,7803699200,1.472899e+17,4.152664,4.147612,4.099630
476400,7805337600,1.473208e+17,4.171056,4.148144,4.098878
476500,7806976000,1.473517e+17,4.174071,4.149639,4.098773
476600,7808614400,1.473827e+17,4.150565,4.148105,4.098658
476700,7810252800,1.474136e+17,4.142914,4.149503,4.098894
476800,7811891200,1.474445e+17,4.147376,4.149957,4.100658
476900,7813529600,1.474754e+17,4.154286,4.149728,4.099124
477000,7815168000,1.475064e+17,4.130622,4.148277,4.098296
477100,7816806400,1.475373e+17,4.141413,4.148072,4.097872
477200,7818444800,1.475682e+17,4.142572,4.147895,4.098487
477300,7820083200,1.475991e+17,4.157886,4.146889,4.097373
477400,7821721600,1.476301e+17,4.117415,4.148551,4.098444
477500,7823360000,1.476610e+17,4.165927,4.147139,4.097533
477600,7824998400,1.476919e+17,4.155629,4.152740,4.098806
477700,7826636800,1.477228e+17,4.137778,4.151525,4.098713
477800,7828275200,1.477537e+17,4.143741,4.151527,4.099725
477900,7829913600,1.477847e+17,4.150342,4.150712,4.099155
478000,7831552000,1.478156e+17,4.154190,4.152336,4.099080
478100,7833190400,1.478465e+17,4.150928,4.152093,4.098306
478200,7834828800,1.478774e+17,4.152432,4.150616,4.098308
478300,7836467200,1.479084e+17,4.134728,4.149305,4.098024
478400,7838105600,1.479393e+17,4.125527,4.151372,4.098729
478500,7839744000,1.479702e+17,4.140972,4.148988,4.096834
478600,7841382400,1.480011e+17,4.156971,4.150312,4.099426
478700,7843020800,1.480321e+17,4.142332,4.148824,4.099302
478800,7844659200,1.480630e+17,4.136399,4.149050,4.099547
478900,7846297600,1.480939e+17,4.154990,4.146947,4.097133
479000,7847936000,1.481248e+17,4.149875,4.151361,4.099533
479100,7849574400,1.481558e+17,4.141651,4.150147,4.098013
479200,7851212800,1.481867e+17,4.143220,4.152624,4.099336
479300,7852851200,1.482176e+17,4.141615,4.151159,4.098231
479400,7854489600,1.482485e+17,4.136115,4.150420,4.098078
479500,7856128000,1.482795e+17,4.145958,4.150403,4.097879
479600,7857766400,1.483104e+17,4.157012,4.150635,4.097823
479700,7859404800,1.483413e+17,4.148434,4.151857,4.098350
479800,7861043200,1.483722e+17,4.157051,4.153422,4.099148
479900,7862681600,1.484031e+17,4.135565,4.150247,4.097868
480000,7864320000,1.484341e+17,4.156144,4.153051,4.100778
480100,7865958400,1.484650e+17,4.146643,4.151772,4.098256
480200,7867596800,1.484959e+17,4.153384,4.151814,4.098626
480300,7869235200,1.485268e+17,4.159343,4.153137,4.099415
480400,7870873600,1.485578e+17,4.149534,4.151243,4.098705
480500,7872512000,1.485887e+17,4.159424,4.147243,4.096296
480600,7874150400,1.486196e+17,4.153566,4.149188,4.098164
480700,7875788800,1.486505e+17,4.151863,4.148321,4.098043
480800,7877427200,1.486815e+17,4.148576,4.148391,4.096735
480900,7879065600,1.487124e+17,4.144946,4.148807,4.096813
481000,7880704000,1.487433e+17,4.134392,4.147106,4.096405
481100,7882342400,1.487742e+17,4.142722,4.147460,4.096495
481200,7883980800,1.488052e+17,4.140009,4.148230,4.095976
481300,7885619200,1.488361e+17,4.134591,4.148000,4.096380
481400,7887257600,1.488670e+17,4.147011,4.148657,4.096686
481500,7888896000,1.488979e+17,4.126686,4.148152,4.096281
481600,7890534400,1.489288e+17,4.127955,4.148701,4.098265
481700,7892172800,1.489598e+17,4.146091,4.147010,4.097151
481800,7893811200,1.489907e+17,4.137755,4.144943,4.095834
481900,7895449600,1.490216e+17,4.161925,4.145931,4.097084
482000,7897088000,1.490525e+17,4.145099,4.145671,4.096506
482100,7898726400,1.490835e+17,4.162097,4.147547,4.096880
482200,7900364800,1.491144e+17,4.138911,4.144944,4.096785
482300,7902003200,1.491453e+17,4.157633,4.145317,4.095183
482400,7903641600,1.491762e+17,4.150249,4.147997,4.097185
482500,7905280000,1.492072e+17,4.146466,4.145375,4.096499
482600,7906918400,1.492381e+17,4.124862,4.145390,4.096853
482700,7908556800,1.492690e+17,4.146854,4.144545,4.095940
482800,7910195200,1.492999e+17,4.142185,4.145099,4.095712
482900,7911833600,1.493309e+17,4.133777,4.145563,4.095482
483000,7913472000,1.493618e+17,4.137408,4.144940,4.095211
483100,7915110400,1.493927e+17,4.122793,4.143434,4.094639
483200,7916748800,1.494236e+17,4.151776,4.144793,4.096104
483300,7918387200,1.494546e+17,4.149469,4.146097,4.095956
483400,7920025600,1.494855e+17,4.137420,4.147413,4.096472
483500,7921664000,1.495164e+17,4.136233,4.149005,4.097992
483600,7923302400,1.495473e+17,4.148376,4.145886,4.096043
483700,7924940800,1.495782e+17,4.160962,4.146492,4.096043
483800,7926579200,1.496092e+17,4.139714,4.145022,4.094550
483900,7928217600,1.496401e+17,4.165900,4.143480,4.093305
484000,7929856000,1.496710e+17,4.138896,4.146148,4.094825
484100,7931494400,1.497019e+17,4.153863,4.148950,4.096415
484200,7933132800,1.497329e+17,4.145197,4.148298,4.095056
484300,7934771200,1.497638e+17,4.136426,4.149520,4.094865
484400,7936409600,1.497947e+17,4.150986,4.147198,4.095444
484500,7938048000,1.498256e+17,4.159545,4.144799,4.094566
484600,7939686400,1.498566e+17,4.129636,4.144987,4.094469
484700,7941324800,1.498875e+17,4.138655,4.143974,4.094682
484800,7942963200,1.499184e+17,4.135585,4.143077,4.094196
484900,7944601600,1.499493e+17,4.112958,4.145737,4.095254
485000,7946240000,1.499803e+17,4.133183,4.144407,4.095534
485100,7947878400,1.500112e+17,4.141758,4.143692,4.094703
485200,7949516800,1.500421e+17,4.129314,4.144032,4.094598
485300,7951155200,1.500730e+17,4.131263,4.143576,4.094433
485400,7952793600,1.501040e+17,4.120080,4.143508,4.093264
485500,7954432000,1.501349e+17,4.127670,4.143259,4.091962
485600,7956070400,1.501658e+17,4.164966,4.142565,4.093049
485700,7957708800,1.501967e+17,4.134219,4.141566,4.092483
485800,7959347200,1.502276e+17,4.122316,4.140645,4.092542
485900,7960985600,1.502586e+17,4.125091,4.143503,4.093759
486000,7962624000,1.502895e+17,4.157300,4.140318,4.093097
486100,7964262400,1.503204e+17,4.142511,4.141137,4.093051
486200,7965900800,1.503513e+17,4.161282,4.144022,4.094239
486300,7967539200,1.503823e+17,4.150579,4.142913,4.092324
486400,7969177600,1.504132e+17,4.138983,4.145616,4.093592
486500,7970816000,1.504441e+17,4.149736,4.145839,4.094725
486600,7972454400,1.504750e+17,4.141356,4.144871,4.094383
486700,7974092800,1.505060e+17,4.151095,4.143673,4.093686
486800,7975731200,1.505369e+17,4.161074,4.143455,4.093409
486900,7977369600,1.505678e+17,4.160544,4.144040,4.093948
487000,7979008000,1.505987e+17,4.141184,4.143866,4.093653
487100,7980646400,1.506297e+17,4.127359,4.140982,4.092045
487200,7982284800,1.506606e+17,4.119076,4.142080,4.093073
487300,7983923200,1.506915e+17,4.138418,4.141520,4.093175
487400,7985561600,1.507224e+17,4.118555,4.142457,4.093839
487500,7987200000,1.507534e+17,4.147643,4.141753,4.092570
487600,7988838400,1.507843e+17,4.159208,4.141115,4.092906
487700,7990476800,1.508152e+17,4.138284,4.142500,4.093018
487800,7992115200,1.508461e+17,4.133415,4.139856,4.091749
487900,7993753600,1.508770e+17,4.137337,4.140730,4.092307
488000,7995392000,1.509080e+17,4.150065,4.141673,4.093360
488100,7997030400,1.509389e+17,4.141981,4.140844,4.092173
488200,7998668800,1.509698e+17,4.147243,4.138980,4.091507
488300,8000307200,1.510007e+17,4.160264,4.138683,4.091763
488400,8001945600,1.510317e+17,4.142157,4.140963,4.091609
488500,8003584000,1.510626e+17,4.145658,4.140399,4.092518
488600,8005222400,1.510935e+17,4.141269,4.139224,4.090325
488700,8006860800,1.511244e+17,4.142032,4.138491,4.090064
488800,8008499200,1.511554e+17,4.137553,4.139411,4.090220
488900,8010137600,1.511863e+17,4.134897,4.138589,4.089628
489000,8011776000,1.512172e+17,4.164345,4.139707,4.091246
489100,8013414400,1.512481e+17,4.166416,4.140176,4.091053
489200,8015052800,1.512791e+17,4.152418,4.138633,4.091304
489300,8016691200,1.513100e+17,4.162667,4.140045,4.091477
489400,8018329600,1.513409e+17,4.168212,4.140347,4.091494
489500,8019968000,1.513718e+17,4.151072,4.140825,4.091360
489600,8021606400,1.514028e+17,4.132042,4.137431,4.088941
489700,8023244800,1.514337e+17,4.152598,4.138218,4.089615
489800,8024883200,1.514646e+17,4.122182,4.139457,4.090851
489900,8026521600,1.514955e+17,4.112173,4.141594,4.092447
490000,8028160000,1.515264e+17,4.142472,4.138837,4.091379
490100,8029798400,1.515574e+17,4.127211,4.137691,4.089761
490200,8031436800,1.515883e+17,4.156438,4.137849,4.089975
490300,8033075200,1.516192e+17,4.142078,4.140574,4.091579
490400,8034713600,1.516501e+17,4.145180,4.138634,4.090710
490500,8036352000,1.516811e+17,4.136462,4.138350,4.091251
490600,8037990400,1.517120e+17,4.140804,4.139819,4.091592
490700,8039628800,1.517429e+17,4.148101,4.139329,4.091574
490800,8041267200,1.517738e+17,4.150644,4.140495,4.092070
490900,8042905600,1.518048e+17,4.147832,4.139792,4.092270
491000,8044544000,1.518357e+17,4.151968,4.137234,4.091070
491100,8046182400,1.518666e+17,4.153051,4.138519,4.092140
491200,8047820800,1.518975e+17,4.153416,4.138347,4.092616
491300,8049459200,1.519285e+17,4.159151,4.138079,4.091348
491400,8051097600,1.519594e+17,4.132848,4.139437,4.091804
491500,8052736000,1.519903e+17,4.144666,4.138995,4.091706
491600,8054374400,1.520212e+17,4.149444,4.137698,4.090441
491700,8056012800,1.520522e+17,4.141119,4.138644,4.091829
491800,8057651200,1.520831e+17,4.145957,4.137415,4.090650
491900,8059289600,1.521140e+17,4.143637,4.136349,4.090642
492000,8060928000,1.521449e+17,4.143889,4.138958,4.091726
492100,8062566400,1.521758e+17,4.162038,4.138026,4.090797
492200,8064204800,1.522068e+17,4.122244,4.139127,4.090326
492300,8065843200,1.522377e+17,4.120884,4.141027,4.090638
492400,8067481600,1.522686e+17,4.139281,4.138142,4.089248
492500,8069120000,1.522995e+17,4.116467,4.141174,4.091153
492600,8070758400,1.523305e+17,4.140027,4.139757,4.090285
492700,8072396800,1.523614e+17,4.166901,4.137650,4.091318
492800,8074035200,1.523923e+17,4.136706,4.139572,4.091062
492900,8075673600,1.524232e+17,4.124204,4.140813,4.089451
493000,8077312000,1.524542e+17,4.154538,4.141883,4.092317
493100,8078950400,1.524851e+17,4.133553,4.139988,4.089567
493200,8080588800,1.525160e+17,4.129292,4.139000,4.089995
493300,8082227200,1.525469e+17,4.148547,4.138639,4.090542
493400,8083865600,1.525779e+17,4.142496,4.139123,4.089632
493500,8085504000,1.526088e+17,4.146195,4.137997,4.089966
493600,8087142400,1.526397e+17,4.137414,4.138467,4.091073
493700,8088780800,1.526706e+17,4.120404,4.136834,4.089267
493800,8090419200,1.527015e+17,4.112259,4.140896,4.090898
493900,8092057600,1.527325e+17,4.125374,4.142451,4.091675
494000,8093696000,1.527634e+17,4.127085,4.140098,4.090712
494100,8095334400,1.527943e+17,4.121917,4.138889,4.090956
494200,8096972800,1.528252e+17,4.156409,4.140273,4.090389
494300,8098611200,1.528562e+17,4.131604,4.140959,4.091933
494400,8100249600,1.528871e+17,4.145169,4.138086,4.090154
494500,8101888000,1.529180e+17,4.138444,4.140175,4.090764
494600,8103526400,1.529489e+17,4.140293,4.139129,4.089927
494700,8105164800,1.529799e+17,4.136883,4.138094,4.089444
494800,8106803200,1.530108e+17,4.116810,4.139953,4.091047
494900,8108441600,1.530417e+17,4.150453,4.140673,4.090490
495000,8110080000,1.530726e+17,4.137372,4.139244,4.090004
495100,8111718400,1.531036e+17,4.121470,4.139747,4.088483
495200,8113356800,1.531345e+17,4.144992,4.140608,4.089296
495300,8114995200,1.531654e+17,4.149873,4.139699,4.088378
495400,8116633600,1.531963e+17,4.139762,4.139750,4.088872
495500,8118272000,1.532273e+17,4.141670,4.137886,4.088902
495600,8119910400,1.532582e+17,4.153022,4.137520,4.088374
495700,8121548800,1.532891e+17,4.127159,4.139127,4.089828
495800,8123187200,1.533200e+17,4.133229,4.138973,4.089441
495900,8124825600,1.533509e+17,4.137695,4.139421,4.090635
496000,8126464000,1.533819e+17,4.127135,4.139222,4.091102
496100,8128102400,1.534128e+17,4.144401,4.139598,4.090410
496200,8129740800,1.534437e+17,4.137638,4.140277,4.090320
496300,8131379200,1.534746e+17,4.132090,4.139234,4.090337
496400,8133017600,1.535056e+17,4.116186,4.140606,4.090519
496500,8134656000,1.535365e+17,4.136930,4.137878,4.089252
496600,8136294400,1.535674e+17,4.154780,4.140863,4.089721
496700,8137932800,1.535983e+17,4.122703,4.140787,4.090999
496800,8139571200,1.536293e+17,4.132372,4.142809,4.092367
496900,8141209600,1.536602e+17,4.156327,4.139751,4.090433
497000,8142848000,1.536911e+17,4.153994,4.140943,4.089782
497071,8144011264,1.537131e+17,4.153994,4.156052,4.127307
